{
    "function": "bin.ensemble.main",
    "config": {
        "seeds": [
            10,
            11,
            12,
            13,
            14
        ],
        "data": {
            "path": "data/regression-num-medium-0-pol"
        }
    },
    "single_model_function": "bin.model.main",
    "prediction_type": "labels",
    "metrics": {
        "train": {
            "rmse": 1.0310778040605997,
            "mae": 0.48572754859924316,
            "r2": 0.9993825183188522,
            "score": -1.0310778040605997
        },
        "val": {
            "rmse": 2.1170905397179016,
            "mae": 0.8696241974830627,
            "r2": 0.9974844865168864,
            "score": -2.1170905397179016
        },
        "test": {
            "rmse": 2.2967884280958613,
            "mae": 0.8784461617469788,
            "r2": 0.9970313205566259,
            "score": -2.2967884280958613
        }
    }
}