{
    "function": "bin.model.main",
    "gpus": [
        "NVIDIA GeForce RTX 4090"
    ],
    "config": {
        "seed": 8,
        "batch_size": 256,
        "patience": 16,
        "n_epochs": -1,
        "gradient_clipping_norm": 1.0,
        "amp": true,
        "data": {
            "cache": true,
            "path": "data/classif-num-medium-0-credit",
            "num_policy": "noisy-quantile"
        },
        "optimizer": {
            "type": "AdamW",
            "lr": 5.9928482743153055e-05,
            "weight_decay": 0.015883751145899922
        },
        "model": {
            "arch_type": "tabrmv2-mini",
            "sample_rate": 0.150009542165448,
            "k": 80,
            "backbone": {
                "n_blocks": 3,
                "d_block": 416,
                "dropout": 0.47056043501631023
            },
            "num_embeddings": {
                "type": "PeriodicEmbeddings",
                "n_frequencies": 88,
                "d_embedding": 32,
                "frequency_init_scale": 0.017733431247573983,
                "lite": false
            }
        }
    },
    "n_parameters": 2818672,
    "prediction_type": "probs",
    "epoch_size": 40,
    "best_step": 720,
    "metrics": {
        "train": {
            "0": {
                "precision": 0.8018747337025991,
                "recall": 0.7480127186009539,
                "f1-score": 0.7740078141065186,
                "support": 5032.0
            },
            "1": {
                "precision": 0.7610252544289483,
                "recall": 0.8128019323671497,
                "f1-score": 0.786061903834923,
                "support": 4968.0
            },
            "accuracy": 0.7802,
            "macro avg": {
                "precision": 0.7814499940657738,
                "recall": 0.7804073254840518,
                "f1-score": 0.7800348589707209,
                "support": 10000.0
            },
            "weighted avg": {
                "precision": 0.7815807123994494,
                "recall": 0.7802,
                "f1-score": 0.7799962858835899,
                "support": 10000.0
            },
            "cross-entropy": 0.4649197305291213,
            "roc-auc": 0.8626541543141607,
            "score": 0.7802
        },
        "val": {
            "0": {
                "precision": 0.8067940552016986,
                "recall": 0.7661290322580645,
                "f1-score": 0.7859358841778697,
                "support": 992.0
            },
            "1": {
                "precision": 0.7835820895522388,
                "recall": 0.821917808219178,
                "f1-score": 0.8022922636103152,
                "support": 1022.0
            },
            "accuracy": 0.7944389275074478,
            "macro avg": {
                "precision": 0.7951880723769686,
                "recall": 0.7940234202386213,
                "f1-score": 0.7941140738940925,
                "support": 2014.0
            },
            "weighted avg": {
                "precision": 0.7950151927916946,
                "recall": 0.7944389275074478,
                "f1-score": 0.7942358939991009,
                "support": 2014.0
            },
            "cross-entropy": 0.4641739525441958,
            "roc-auc": 0.8627168029164825,
            "score": 0.7944389275074478
        },
        "test": {
            "0": {
                "precision": 0.7802346570397112,
                "recall": 0.7411058722674668,
                "f1-score": 0.7601670696856453,
                "support": 2333.0
            },
            "1": {
                "precision": 0.7568438003220612,
                "recall": 0.7942543303760033,
                "f1-score": 0.7750979179550608,
                "support": 2367.0
            },
            "accuracy": 0.7678723404255319,
            "macro avg": {
                "precision": 0.7685392286808862,
                "recall": 0.7676801013217351,
                "f1-score": 0.767632493820353,
                "support": 4700.0
            },
            "weighted avg": {
                "precision": 0.7684546234544607,
                "recall": 0.7678723404255319,
                "f1-score": 0.7676864990162211,
                "support": 4700.0
            },
            "cross-entropy": 0.4820351631534417,
            "roc-auc": 0.8515255936435606,
            "score": 0.7678723404255319
        }
    },
    "time": "0:00:29.201846",
    "chunk_size": null,
    "eval_batch_size": 32768
}