{
    "function": "bin.model.main",
    "gpus": [
        "NVIDIA GeForce RTX 4090"
    ],
    "config": {
        "seed": 4,
        "batch_size": 256,
        "patience": 16,
        "n_epochs": -1,
        "gradient_clipping_norm": 1.0,
        "amp": true,
        "data": {
            "cache": true,
            "path": "data/classif-num-medium-1-bank-marketing",
            "num_policy": "noisy-quantile"
        },
        "optimizer": {
            "type": "AdamW",
            "lr": 0.00012271122330079348,
            "weight_decay": 0.0010675509577013065
        },
        "model": {
            "arch_type": "tabrmv2",
            "sample_rate": 0.15180164210535818,
            "k": 48,
            "backbone": {
                "n_blocks": 1,
                "d_block": 144,
                "dropout": 0.0
            },
            "num_embeddings": {
                "type": "PiecewiseLinearEmbeddingsV2",
                "d_embedding": 12
            }
        },
        "bins": {
            "n_bins": 95
        }
    },
    "n_parameters": 214800,
    "prediction_type": "probs",
    "epoch_size": 29,
    "best_step": 145,
    "metrics": {
        "train": {
            "0": {
                "precision": 0.809322033898305,
                "recall": 0.7827868852459017,
                "f1-score": 0.7958333333333334,
                "support": 3660.0
            },
            "1": {
                "precision": 0.7942546583850931,
                "recall": 0.8197115384615384,
                "f1-score": 0.8067823343848581,
                "support": 3744.0
            },
            "accuracy": 0.8014586709886548,
            "macro avg": {
                "precision": 0.801788346141699,
                "recall": 0.80124921185372,
                "f1-score": 0.8013078338590958,
                "support": 7404.0
            },
            "weighted avg": {
                "precision": 0.8017028748057247,
                "recall": 0.8014586709886548,
                "f1-score": 0.8013699432653848,
                "support": 7404.0
            },
            "cross-entropy": 0.4355595976333511,
            "roc-auc": 0.8791315649666059,
            "score": 0.8014586709886548
        },
        "val": {
            "0": {
                "precision": 0.8577235772357723,
                "recall": 0.8210116731517509,
                "f1-score": 0.8389662027833001,
                "support": 514.0
            },
            "1": {
                "precision": 0.8,
                "recall": 0.8401826484018264,
                "f1-score": 0.8195991091314032,
                "support": 438.0
            },
            "accuracy": 0.8298319327731093,
            "macro avg": {
                "precision": 0.8288617886178862,
                "recall": 0.8305971607767887,
                "f1-score": 0.8292826559573516,
                "support": 952.0
            },
            "weighted avg": {
                "precision": 0.831165880986541,
                "recall": 0.8298319327731093,
                "f1-score": 0.830055712216566,
                "support": 952.0
            },
            "cross-entropy": 0.41831733903174206,
            "roc-auc": 0.8918656610344153,
            "score": 0.8298319327731093
        },
        "test": {
            "0": {
                "precision": 0.7905027932960894,
                "recall": 0.7614349775784753,
                "f1-score": 0.7756966651439013,
                "support": 1115.0
            },
            "1": {
                "precision": 0.7682926829268293,
                "recall": 0.7967479674796748,
                "f1-score": 0.7822616407982262,
                "support": 1107.0
            },
            "accuracy": 0.779027902790279,
            "macro avg": {
                "precision": 0.7793977381114594,
                "recall": 0.7790914725290751,
                "f1-score": 0.7789791529710638,
                "support": 2222.0
            },
            "weighted avg": {
                "precision": 0.7794377203083438,
                "recall": 0.779027902790279,
                "f1-score": 0.7789673348330721,
                "support": 2222.0
            },
            "cross-entropy": 0.4688372982560958,
            "roc-auc": 0.8571345818091963,
            "score": 0.779027902790279
        }
    },
    "time": "0:00:11.840141",
    "chunk_size": null,
    "eval_batch_size": 32768,
    "heads": [
        4
    ],
    "head_selection_time": "0:00:00.280270"
}