{
    "function": "bin.model.main",
    "gpus": [
        "NVIDIA GeForce RTX 4090"
    ],
    "config": {
        "seed": 0,
        "batch_size": 256,
        "patience": 16,
        "n_epochs": -1,
        "gradient_clipping_norm": 1.0,
        "amp": true,
        "data": {
            "cache": true,
            "path": "data/sberbank-housing",
            "num_policy": "noisy-quantile",
            "cat_policy": "ordinal"
        },
        "optimizer": {
            "type": "AdamW",
            "lr": 0.00021039257452791743,
            "weight_decay": 0.00020896045288148357
        },
        "model": {
            "arch_type": "tabrmv2-mini",
            "sample_rate": 0.5131188585109978,
            "k": 48,
            "backbone": {
                "n_blocks": 1,
                "d_block": 272,
                "dropout": 0.0
            },
            "num_embeddings": {
                "type": "PeriodicEmbeddings",
                "n_frequencies": 96,
                "d_embedding": 20,
                "frequency_init_scale": 0.6081356704186623,
                "lite": false
            }
        }
    },
    "n_parameters": 3981204,
    "prediction_type": "labels",
    "epoch_size": 74,
    "best_step": 222,
    "metrics": {
        "train": {
            "rmse": 0.24661671611718966,
            "mae": 0.12916800379753113,
            "r2": 0.6114392955655624,
            "score": -0.24661671611718966
        },
        "val": {
            "rmse": 0.2420795030682067,
            "mae": 0.13486593961715698,
            "r2": 0.6085581372239179,
            "score": -0.2420795030682067
        },
        "test": {
            "rmse": 0.25015008414852474,
            "mae": 0.17139039933681488,
            "r2": 0.5723968423032101,
            "score": -0.25015008414852474
        }
    },
    "time": "0:01:44.329008",
    "chunk_size": null,
    "eval_batch_size": 32768
}