{
    "function": "bin.model.main",
    "gpus": [
        "NVIDIA GeForce RTX 4090"
    ],
    "config": {
        "seed": 13,
        "batch_size": 128,
        "patience": 16,
        "n_epochs": -1,
        "gradient_clipping_norm": 1.0,
        "amp": true,
        "data": {
            "cache": true,
            "path": "data/regression-num-medium-1-wine_quality",
            "num_policy": "noisy-quantile"
        },
        "optimizer": {
            "type": "AdamW",
            "lr": 0.0029326342349442255,
            "weight_decay": 0.00014597458706911676
        },
        "model": {
            "arch_type": "taba",
            "k": 128,
            "share_training_batches": false,
            "backbone": {
                "type": "MLP",
                "n_blocks": 3,
                "d_block": 816,
                "dropout": 0.15771843080911316
            },
            "num_embeddings": {
                "type": "PiecewiseLinearEmbeddingsV2",
                "d_embedding": 24
            }
        },
        "bins": {
            "n_bins": 9
        }
    },
    "n_parameters": 878672,
    "prediction_type": "labels",
    "epoch_size": 36,
    "best_step": 3456,
    "metrics": {
        "train": {
            "rmse": 0.20852947637889024,
            "mae": 0.16414551436901093,
            "r2": 0.9437941487685354,
            "score": -0.20852947637889024
        },
        "val": {
            "rmse": 0.6069672038929605,
            "mae": 0.4462233781814575,
            "r2": 0.4910347635410134,
            "score": -0.6069672038929605
        },
        "test": {
            "rmse": 0.6265591961400166,
            "mae": 0.46190130710601807,
            "r2": 0.4693141011130776,
            "score": -0.6265591961400166
        }
    },
    "time": "0:00:34.082743",
    "chunk_size": null,
    "eval_batch_size": 32768,
    "heads": [
        124,
        33,
        71,
        31,
        57,
        86,
        3,
        48
    ],
    "head_selection_time": "0:00:00.659599"
}