{
    "function": "bin.model.main",
    "gpus": [
        "NVIDIA GeForce RTX 4090"
    ],
    "config": {
        "seed": 9,
        "batch_size": 512,
        "patience": 16,
        "n_epochs": -1,
        "gradient_clipping_norm": 1.0,
        "amp": true,
        "data": {
            "cache": true,
            "path": "data/regression-num-large-0-year",
            "num_policy": "noisy-quantile"
        },
        "optimizer": {
            "type": "AdamW",
            "lr": 0.00010858571633873863,
            "weight_decay": 0.0
        },
        "model": {
            "arch_type": "taba-moe",
            "k": 32,
            "share_training_batches": false,
            "backbone": {
                "type": "MLP",
                "n_blocks": 2,
                "d_block": 128,
                "dropout": 0.0
            },
            "num_embeddings": {
                "type": "PiecewiseLinearEmbeddingsV2",
                "d_embedding": 12
            }
        },
        "bins": {
            "n_bins": 97
        }
    },
    "n_parameters": 319632,
    "prediction_type": "labels",
    "epoch_size": 98,
    "best_step": 490,
    "metrics": {
        "train": {
            "rmse": 8.789956117765668,
            "mae": 6.136021137237549,
            "r2": 0.36042149725184625,
            "score": -8.789956117765668
        },
        "val": {
            "rmse": 8.983817917511463,
            "mae": 6.327866554260254,
            "r2": 0.30083087855281465,
            "score": -8.983817917511463
        },
        "test": {
            "rmse": 9.083642750174237,
            "mae": 6.333589553833008,
            "r2": 0.30521451901405583,
            "score": -9.083642750174237
        }
    },
    "time": "0:00:24.049814",
    "chunk_size": null,
    "eval_batch_size": 32768,
    "heads": [
        0,
        4,
        3,
        27
    ],
    "head_selection_time": "0:00:00.177721"
}