{
    "function": "bin.ensemble.main",
    "config": {
        "seeds": [
            0,
            1,
            2,
            3,
            4
        ],
        "data": {
            "path": "data/adult"
        }
    },
    "single_model_function": "bin.model.main",
    "prediction_type": "probs",
    "metrics": {
        "train": {
            "0": {
                "precision": 0.8922907909820404,
                "recall": 0.944677623261694,
                "f1-score": 0.9177372208985286,
                "support": 19775.0
            },
            "1": {
                "precision": 0.7859937402190923,
                "recall": 0.6405228758169934,
                "f1-score": 0.7058410188844971,
                "support": 6273.0
            },
            "accuracy": 0.8714296683046683,
            "macro avg": {
                "precision": 0.8391422656005664,
                "recall": 0.7926002495393437,
                "f1-score": 0.8117891198915128,
                "support": 26048.0
            },
            "weighted avg": {
                "precision": 0.8666918429078707,
                "recall": 0.8714296683046683,
                "f1-score": 0.8667073961429228,
                "support": 26048.0
            },
            "cross-entropy": 0.27753469284060756,
            "roc-auc": 0.9289626825620529,
            "score": 0.8714296683046683
        },
        "val": {
            "0": {
                "precision": 0.8859866539561487,
                "recall": 0.939737108190091,
                "f1-score": 0.9120706575073602,
                "support": 4945.0
            },
            "1": {
                "precision": 0.7649842271293376,
                "recall": 0.6186224489795918,
                "f1-score": 0.6840620592383638,
                "support": 1568.0
            },
            "accuracy": 0.8624289881774911,
            "macro avg": {
                "precision": 0.8254854405427432,
                "recall": 0.7791797785848414,
                "f1-score": 0.798066358372862,
                "support": 6513.0
            },
            "weighted avg": {
                "precision": 0.8568554079459476,
                "recall": 0.8624289881774911,
                "f1-score": 0.8571777537631889,
                "support": 6513.0
            },
            "cross-entropy": 0.2934676384771603,
            "roc-auc": 0.9194163863725471,
            "score": 0.8624289881774911
        },
        "test": {
            "0": {
                "precision": 0.8884829108624496,
                "recall": 0.9386409328508243,
                "f1-score": 0.9128734553417801,
                "support": 12435.0
            },
            "1": {
                "precision": 0.7573155216284987,
                "recall": 0.6190847633905356,
                "f1-score": 0.6812589413447782,
                "support": 3846.0
            },
            "accuracy": 0.8631533689576807,
            "macro avg": {
                "precision": 0.8228992162454741,
                "recall": 0.77886284812068,
                "f1-score": 0.7970661983432792,
                "support": 16281.0
            },
            "weighted avg": {
                "precision": 0.8574977269674938,
                "recall": 0.8631533689576807,
                "f1-score": 0.8581600212264021,
                "support": 16281.0
            },
            "cross-entropy": 0.2975238978184015,
            "roc-auc": 0.9154475242137954,
            "score": 0.8631533689576807
        }
    }
}