{
    "function": "bin.model.main",
    "gpus": [
        "NVIDIA GeForce RTX 4090"
    ],
    "config": {
        "seed": 14,
        "batch_size": 128,
        "patience": 16,
        "n_epochs": -1,
        "amp": true,
        "data": {
            "cache": true,
            "path": "data/regression-num-medium-2-wine_quality",
            "num_policy": "noisy-quantile"
        },
        "optimizer": {
            "type": "AdamW",
            "lr": 0.0001505443082848256,
            "weight_decay": 3.421598647361585e-05
        },
        "model": {
            "arch_type": "tabr-pln",
            "k": 32,
            "context_size": 96,
            "d_main": 225,
            "context_dropout": 0.0,
            "d_multiplier": 2.0,
            "encoder_n_blocks": 1,
            "predictor_n_blocks": 1,
            "mixer_normalization": "auto",
            "dropout0": 0.49720029675653066,
            "dropout1": 0.0,
            "normalization": "LayerNorm",
            "activation": "ReLU",
            "num_embeddings": {
                "type": "PeriodicEmbeddings",
                "n_frequencies": 85,
                "frequency_init_scale": 0.152195211852033,
                "d_embedding": 54,
                "lite": true
            }
        }
    },
    "n_parameters": 820170,
    "prediction_type": "labels",
    "epoch_size": 36,
    "best_step": 720,
    "metrics": {
        "train": {
            "rmse": 0.5898986689787775,
            "mae": 0.43009981513023376,
            "r2": 0.5483572184822538,
            "score": -0.5898986689787775
        },
        "val": {
            "rmse": 0.5897680827736538,
            "mae": 0.4392926096916199,
            "r2": 0.5342303662408534,
            "score": -0.5897680827736538
        },
        "test": {
            "rmse": 0.6293689613090468,
            "mae": 0.4522717595100403,
            "r2": 0.46493581047933696,
            "score": -0.6293689613090468
        }
    },
    "time": "0:00:22.496524",
    "chunk_size": null,
    "eval_batch_size": 32768
}