{
    "function": "bin.model.main",
    "gpus": [
        "NVIDIA GeForce RTX 4090"
    ],
    "config": {
        "seed": 12,
        "batch_size": 256,
        "patience": 16,
        "n_epochs": -1,
        "gradient_clipping_norm": 1.0,
        "amp": true,
        "data": {
            "cache": true,
            "path": "data/regression-num-medium-1-Ailerons",
            "num_policy": "noisy-quantile"
        },
        "optimizer": {
            "type": "AdamW",
            "lr": 4.2189555014780356e-05,
            "weight_decay": 0.0
        },
        "model": {
            "arch_type": "tabrmv2-mini",
            "sample_rate": 0.530468099204791,
            "k": 32,
            "backbone": {
                "n_blocks": 4,
                "d_block": 304,
                "dropout": 0.0
            },
            "num_embeddings": {
                "type": "PeriodicEmbeddings",
                "n_frequencies": 44,
                "d_embedding": 16,
                "frequency_init_scale": 0.0451815308777426,
                "lite": false
            }
        }
    },
    "n_parameters": 1915948,
    "prediction_type": "labels",
    "epoch_size": 38,
    "best_step": 1558,
    "metrics": {
        "train": {
            "rmse": 0.0001559265823699343,
            "mae": 0.00011511137563502416,
            "r2": 0.8533355581215938,
            "score": -0.0001559265823699343
        },
        "val": {
            "rmse": 0.00015196151290508978,
            "mae": 0.00011277827434241772,
            "r2": 0.8582380885777211,
            "score": -0.00015196151290508978
        },
        "test": {
            "rmse": 0.00016567824293541974,
            "mae": 0.00011902837286470458,
            "r2": 0.838003779254773,
            "score": -0.00016567824293541974
        }
    },
    "time": "0:00:40.495476",
    "chunk_size": null,
    "eval_batch_size": 32768
}