{
    "function": "bin.reformer.main",
    "gpus": [
        "NVIDIA GeForce RTX 4090"
    ],
    "config": {
        "seed": 4,
        "batch_size": 256,
        "patience": 16,
        "n_epochs": -1,
        "amp": true,
        "data": {
            "cache": true,
            "path": "data/regression-cat-medium-0-OnlineNewsPopularity",
            "num_policy": "noisy-quantile"
        },
        "optimizer": {
            "type": "AdamW",
            "lr": 5.961032304934791e-05,
            "weight_decay": 2.3845569025781402e-05
        },
        "model": {
            "momentum": 0.999,
            "use_aux_loss": true,
            "predictor_n_blocks": 1,
            "context_size": 32,
            "encoder_n_blocks": 1,
            "multi_output_head": false,
            "queue_ratio": 64,
            "arch_type": "retransformer",
            "d_main": 110,
            "d_multiplier": 2.0,
            "mixer_normalization": "auto",
            "dropout0": 0.0,
            "dropout1": 0.0,
            "normalization": "LayerNorm",
            "activation": "ReLU",
            "num_embeddings": {
                "type": "PeriodicEmbeddings",
                "n_frequencies": 86,
                "frequency_init_scale": 0.04719306999541731,
                "d_embedding": 54,
                "lite": true
            }
        }
    },
    "n_parameters": 394693,
    "prediction_type": "labels",
    "epoch_size": 40,
    "best_step": 1720,
    "metrics": {
        "train": {
            "rmse": 0.7867558066193522,
            "mae": 0.5800590515136719,
            "r2": 0.2850383033373154,
            "score": -0.7867558066193522
        },
        "val": {
            "rmse": 0.8521021261839836,
            "mae": 0.630942702293396,
            "r2": 0.13890913606520372,
            "score": -0.8521021261839836
        },
        "test": {
            "rmse": 0.8708687051102334,
            "mae": 0.6398424506187439,
            "r2": 0.13083532122607666,
            "score": -0.8708687051102334
        }
    },
    "time": "0:00:43.264289",
    "chunk_size": null,
    "eval_batch_size": 32768,
    "heads": [
        1
    ],
    "head_selection_time": "0:00:00.001908"
}