{
    "function": "bin.model.main",
    "gpus": [
        "NVIDIA GeForce RTX 4090"
    ],
    "config": {
        "seed": 13,
        "batch_size": 256,
        "patience": 16,
        "n_epochs": -1,
        "amp": true,
        "data": {
            "cache": true,
            "path": "data/regression-num-medium-0-pol",
            "num_policy": "noisy-quantile"
        },
        "optimizer": {
            "type": "AdamW",
            "lr": 0.0007185595514305006,
            "weight_decay": 0.0
        },
        "model": {
            "arch_type": "tabr",
            "k": 1,
            "context_size": 96,
            "d_main": 78,
            "context_dropout": 0.0,
            "d_multiplier": 2.0,
            "encoder_n_blocks": 0,
            "predictor_n_blocks": 2,
            "mixer_normalization": "auto",
            "dropout0": 0.034386771682023344,
            "dropout1": 0.0,
            "normalization": "LayerNorm",
            "activation": "ReLU",
            "num_embeddings": {
                "type": "PeriodicEmbeddings",
                "n_frequencies": 61,
                "frequency_init_scale": 0.05925193627625698,
                "d_embedding": 32,
                "lite": true
            }
        }
    },
    "n_parameters": 150993,
    "prediction_type": "labels",
    "epoch_size": 40,
    "best_step": 2600,
    "metrics": {
        "train": {
            "rmse": 2.137008061602198,
            "mae": 1.0011167526245117,
            "r2": 0.9973475111010085,
            "score": -2.137008061602198
        },
        "val": {
            "rmse": 2.8209182215604787,
            "mae": 1.2027226686477661,
            "r2": 0.9955338964043693,
            "score": -2.8209182215604787
        },
        "test": {
            "rmse": 3.3561973979670943,
            "mae": 1.2475996017456055,
            "r2": 0.9936610647061354,
            "score": -3.3561973979670943
        }
    },
    "time": "0:00:50.596955",
    "chunk_size": null,
    "eval_batch_size": 32768
}