{
    "function": "bin.qreformer.main",
    "gpus": [
        "NVIDIA GeForce RTX 4090"
    ],
    "config": {
        "seed": 13,
        "batch_size": 1024,
        "patience": 16,
        "n_epochs": -1,
        "amp": true,
        "data": {
            "cache": true,
            "path": "data/ecom-offers",
            "num_policy": "noisy-quantile"
        },
        "optimizer": {
            "type": "AdamW",
            "lr": 0.00015183386732847115,
            "weight_decay": 0.0
        },
        "model": {
            "predictor_n_blocks": 3,
            "k": 1,
            "context_size": 128,
            "encoder_n_blocks": 1,
            "predictor_type": "mqa",
            "use_adapter": false,
            "num_heads": 4,
            "momentum": 0.999,
            "use_aux_loss": false,
            "multi_output_head": false,
            "queue_ratio": 64,
            "arch_type": "retransformer",
            "d_main": 1024,
            "d_multiplier": 2.0,
            "mixer_normalization": "auto",
            "dropout0": 0.360025856255497,
            "dropout1": 0.0,
            "normalization": "LayerNorm",
            "activation": "ReLU",
            "num_embeddings": {
                "type": "PeriodicEmbeddings",
                "n_frequencies": 16,
                "frequency_init_scale": 0.05623279756924138,
                "d_embedding": 24,
                "lite": true
            }
        }
    },
    "n_parameters": 27251098,
    "prediction_type": "probs",
    "epoch_size": 107,
    "best_step": 428,
    "metrics": {
        "train": {
            "0": {
                "precision": 0.7706484203969846,
                "recall": 0.9994654248684351,
                "f1-score": 0.8702676982911994,
                "support": 84179.0
            },
            "1": {
                "precision": 0.7321428571428571,
                "recall": 0.004888323662665925,
                "f1-score": 0.009711804184761152,
                "support": 25162.0
            },
            "accuracy": 0.7705892574606049,
            "macro avg": {
                "precision": 0.7513956387699208,
                "recall": 0.5021768742655506,
                "f1-score": 0.4399897512379803,
                "support": 109341.0
            },
            "weighted avg": {
                "precision": 0.7617873620327812,
                "recall": 0.7705892574606049,
                "f1-score": 0.6722330415064052,
                "support": 109341.0
            },
            "cross-entropy": 0.5031623505423457,
            "roc-auc": 0.676313858923715,
            "score": 0.676313858923715
        },
        "val": {
            "0": {
                "precision": 0.6396958552006281,
                "recall": 0.997551230828715,
                "f1-score": 0.7795150691139814,
                "support": 15518.0
            },
            "1": {
                "precision": 0.3870967741935484,
                "recall": 0.0027450531854054674,
                "f1-score": 0.00545144804088586,
                "support": 8743.0
            },
            "accuracy": 0.6390503276864102,
            "macro avg": {
                "precision": 0.5133963146970882,
                "recall": 0.5001481420070603,
                "f1-score": 0.3924832585774336,
                "support": 24261.0
            },
            "weighted avg": {
                "precision": 0.5486660639618128,
                "recall": 0.6390503276864102,
                "f1-score": 0.5005637382108005,
                "support": 24261.0
            },
            "cross-entropy": 0.6709069489591258,
            "roc-auc": 0.624583783168158,
            "score": 0.624583783168158
        },
        "test": {
            "0": {
                "precision": 0.6399046104928457,
                "recall": 0.9989953906157665,
                "f1-score": 0.7801107521919705,
                "support": 16922.0
            },
            "1": {
                "precision": 0.5405405405405406,
                "recall": 0.0020979754536871917,
                "f1-score": 0.004179728317659352,
                "support": 9533.0
            },
            "accuracy": 0.6397656397656397,
            "macro avg": {
                "precision": 0.5902225755166932,
                "recall": 0.5005466830347268,
                "f1-score": 0.3921452402548149,
                "support": 26455.0
            },
            "weighted avg": {
                "precision": 0.6040989904264944,
                "recall": 0.6397656397656397,
                "f1-score": 0.5005057455545179,
                "support": 26455.0
            },
            "cross-entropy": 0.7183168243007725,
            "roc-auc": 0.5780495003682987,
            "score": 0.5780495003682987
        }
    },
    "time": "0:02:14.200670",
    "chunk_size": null,
    "eval_batch_size": 8192
}