{
    "function": "bin.ensemble.main",
    "config": {
        "seeds": [
            5,
            6,
            7,
            8,
            9
        ],
        "data": {
            "path": "data/classif-num-medium-0-credit"
        }
    },
    "single_model_function": "bin.qtabformer.main",
    "prediction_type": "probs",
    "metrics": {
        "train": {
            "0": {
                "precision": 0.7889376996805112,
                "recall": 0.785174880763116,
                "f1-score": 0.7870517928286852,
                "support": 5032.0
            },
            "1": {
                "precision": 0.7834535256410257,
                "recall": 0.7872383252818036,
                "f1-score": 0.7853413654618474,
                "support": 4968.0
            },
            "accuracy": 0.7862,
            "macro avg": {
                "precision": 0.7861956126607684,
                "recall": 0.7862066030224598,
                "f1-score": 0.7861965791452663,
                "support": 10000.0
            },
            "weighted avg": {
                "precision": 0.7862131620176948,
                "recall": 0.7862,
                "f1-score": 0.7862020525128401,
                "support": 10000.0
            },
            "cross-entropy": 0.4579289724331311,
            "roc-auc": 0.8667810633523549,
            "score": 0.7862
        },
        "val": {
            "0": {
                "precision": 0.7909547738693468,
                "recall": 0.7933467741935484,
                "f1-score": 0.7921489682939105,
                "support": 992.0
            },
            "1": {
                "precision": 0.7988223748773308,
                "recall": 0.7964774951076321,
                "f1-score": 0.7976482116609505,
                "support": 1022.0
            },
            "accuracy": 0.79493545183714,
            "macro avg": {
                "precision": 0.7948885743733387,
                "recall": 0.7949121346505903,
                "f1-score": 0.7948985899774305,
                "support": 2014.0
            },
            "weighted avg": {
                "precision": 0.7949471712030903,
                "recall": 0.79493545183714,
                "f1-score": 0.7949395475993299,
                "support": 2014.0
            },
            "cross-entropy": 0.461420657583149,
            "roc-auc": 0.8642407360646425,
            "score": 0.79493545183714
        },
        "test": {
            "0": {
                "precision": 0.7651804670912952,
                "recall": 0.7723960565795114,
                "f1-score": 0.7687713310580205,
                "support": 2333.0
            },
            "1": {
                "precision": 0.7735607675906183,
                "recall": 0.7663709336713139,
                "f1-score": 0.7699490662139219,
                "support": 2367.0
            },
            "accuracy": 0.7693617021276595,
            "macro avg": {
                "precision": 0.7693706173409567,
                "recall": 0.7693834951254126,
                "f1-score": 0.7693601986359713,
                "support": 4700.0
            },
            "weighted avg": {
                "precision": 0.7694009290661671,
                "recall": 0.7693617021276595,
                "f1-score": 0.7693644585290883,
                "support": 4700.0
            },
            "cross-entropy": 0.4790749227952004,
            "roc-auc": 0.8526237045270455,
            "score": 0.7693617021276595
        }
    }
}