{
    "function": "bin.model.main",
    "gpus": [
        "NVIDIA GeForce RTX 4090"
    ],
    "config": {
        "seed": 10,
        "batch_size": 64,
        "patience": 16,
        "n_epochs": -1,
        "gradient_clipping_norm": 1.0,
        "amp": true,
        "data": {
            "cache": true,
            "path": "data/classif-cat-medium-0-KDDCup09_upselling",
            "num_policy": "noisy-quantile",
            "cat_policy": "ordinal"
        },
        "optimizer": {
            "type": "AdamW",
            "lr": 0.001710252203586124,
            "weight_decay": 0.0
        },
        "model": {
            "arch_type": "taba",
            "k": 128,
            "share_training_batches": false,
            "backbone": {
                "type": "MLP",
                "n_blocks": 9,
                "d_block": 592,
                "dropout": 0.16526710888710974
            },
            "num_embeddings": {
                "type": "PiecewiseLinearEmbeddingsV2",
                "d_embedding": 12
            }
        },
        "bins": {
            "n_bins": 106
        }
    },
    "n_parameters": 1825656,
    "prediction_type": "probs",
    "epoch_size": 57,
    "best_step": 1368,
    "metrics": {
        "train": {
            "0": {
                "precision": 0.8148483476686283,
                "recall": 0.9966777408637874,
                "f1-score": 0.896637608966376,
                "support": 1806.0
            },
            "1": {
                "precision": 0.9956521739130435,
                "recall": 0.770611329220415,
                "f1-score": 0.8687954473601012,
                "support": 1783.0
            },
            "accuracy": 0.8843689049874617,
            "macro avg": {
                "precision": 0.9052502607908359,
                "recall": 0.8836445350421012,
                "f1-score": 0.8827165281632385,
                "support": 3589.0
            },
            "weighted avg": {
                "precision": 0.9046709228131791,
                "recall": 0.8843689049874617,
                "f1-score": 0.8828057409964712,
                "support": 3589.0
            },
            "cross-entropy": 0.22169255394903145,
            "roc-auc": 0.9875544160457228,
            "score": 0.8843689049874617
        },
        "val": {
            "0": {
                "precision": 0.7624521072796935,
                "recall": 0.9567307692307693,
                "f1-score": 0.8486140724946695,
                "support": 208.0
            },
            "1": {
                "precision": 0.9545454545454546,
                "recall": 0.7529880478087649,
                "f1-score": 0.8418708240534521,
                "support": 251.0
            },
            "accuracy": 0.8453159041394336,
            "macro avg": {
                "precision": 0.858498780912574,
                "recall": 0.8548594085197672,
                "f1-score": 0.8452424482740608,
                "support": 459.0
            },
            "weighted avg": {
                "precision": 0.8674966174402731,
                "recall": 0.8453159041394336,
                "f1-score": 0.8449265880529582,
                "support": 459.0
            },
            "cross-entropy": 0.45309426217148385,
            "roc-auc": 0.901930738584125,
            "score": 0.8453159041394336
        },
        "test": {
            "0": {
                "precision": 0.7400881057268722,
                "recall": 0.9197080291970803,
                "f1-score": 0.8201790073230268,
                "support": 548.0
            },
            "1": {
                "precision": 0.8886075949367088,
                "recall": 0.6647727272727273,
                "f1-score": 0.76056338028169,
                "support": 528.0
            },
            "accuracy": 0.7946096654275093,
            "macro avg": {
                "precision": 0.8143478503317905,
                "recall": 0.7922403782349038,
                "f1-score": 0.7903711938023584,
                "support": 1076.0
            },
            "weighted avg": {
                "precision": 0.8129675576811415,
                "recall": 0.7946096654275093,
                "f1-score": 0.7909252423808095,
                "support": 1076.0
            },
            "cross-entropy": 0.49398454583567997,
            "roc-auc": 0.8866021068347711,
            "score": 0.7946096654275093
        }
    },
    "time": "0:00:36.506147",
    "chunk_size": null,
    "eval_batch_size": 32768,
    "heads": [
        27,
        55,
        57
    ],
    "head_selection_time": "0:00:02.854465"
}