{
    "function": "bin.ensemble.main",
    "config": {
        "seeds": [
            10,
            11,
            12,
            13,
            14
        ],
        "data": {
            "path": "data/classif-num-medium-0-credit"
        }
    },
    "single_model_function": "bin.qreformer.main",
    "prediction_type": "probs",
    "metrics": {
        "train": {
            "0": {
                "precision": 0.7894736842105263,
                "recall": 0.7988871224165341,
                "f1-score": 0.7941525088897669,
                "support": 5032.0
            },
            "1": {
                "precision": 0.7938060309698451,
                "recall": 0.784219001610306,
                "f1-score": 0.7889833940866747,
                "support": 4968.0
            },
            "accuracy": 0.7916,
            "macro avg": {
                "precision": 0.7916398575901857,
                "recall": 0.7915530620134201,
                "f1-score": 0.7915679514882208,
                "support": 10000.0
            },
            "weighted avg": {
                "precision": 0.7916259940805559,
                "recall": 0.7916,
                "f1-score": 0.7915844926555906,
                "support": 10000.0
            },
            "cross-entropy": 0.44985854439123896,
            "roc-auc": 0.8740739020670285,
            "score": 0.7916
        },
        "val": {
            "0": {
                "precision": 0.788,
                "recall": 0.7943548387096774,
                "f1-score": 0.7911646586345381,
                "support": 992.0
            },
            "1": {
                "precision": 0.7988165680473372,
                "recall": 0.7925636007827789,
                "f1-score": 0.7956777996070727,
                "support": 1022.0
            },
            "accuracy": 0.7934458788480635,
            "macro avg": {
                "precision": 0.7934082840236687,
                "recall": 0.7934592197462281,
                "f1-score": 0.7934212291208054,
                "support": 2014.0
            },
            "weighted avg": {
                "precision": 0.7934888443616578,
                "recall": 0.7934458788480635,
                "f1-score": 0.7934548423852484,
                "support": 2014.0
            },
            "cross-entropy": 0.46398990223160685,
            "roc-auc": 0.8629140758159207,
            "score": 0.7934458788480635
        },
        "test": {
            "0": {
                "precision": 0.7613636363636364,
                "recall": 0.7753964852121732,
                "f1-score": 0.7683159906561903,
                "support": 2333.0
            },
            "1": {
                "precision": 0.774526678141136,
                "recall": 0.7604562737642585,
                "f1-score": 0.7674269878490727,
                "support": 2367.0
            },
            "accuracy": 0.7678723404255319,
            "macro avg": {
                "precision": 0.7679451572523861,
                "recall": 0.7679263794882158,
                "f1-score": 0.7678714892526315,
                "support": 4700.0
            },
            "weighted avg": {
                "precision": 0.7679927682545601,
                "recall": 0.7678723404255319,
                "f1-score": 0.7678682737105632,
                "support": 4700.0
            },
            "cross-entropy": 0.48403635228654335,
            "roc-auc": 0.8496195636131978,
            "score": 0.7678723404255319
        }
    }
}