{
    "function": "bin.model.main",
    "gpus": [
        "NVIDIA GeForce RTX 4090"
    ],
    "config": {
        "seed": 1,
        "batch_size": 32,
        "patience": 16,
        "n_epochs": -1,
        "gradient_clipping_norm": 1.0,
        "amp": true,
        "data": {
            "cache": true,
            "path": "data/classif-num-medium-0-wine",
            "num_policy": "noisy-quantile"
        },
        "optimizer": {
            "type": "AdamW",
            "lr": 0.0028696454418523478,
            "weight_decay": 0.021862750667354606
        },
        "model": {
            "arch_type": "tabpln-mini",
            "k": 32,
            "share_training_batches": false,
            "backbone": {
                "type": "MLP",
                "n_blocks": 3,
                "d_block": 480,
                "dropout": 0.031225289336164364
            },
            "num_embeddings": {
                "type": "PiecewiseLinearEmbeddingsV2",
                "d_embedding": 16
            }
        },
        "bins": {
            "n_bins": 3
        }
    },
    "n_parameters": 589472,
    "prediction_type": "probs",
    "epoch_size": 56,
    "best_step": 1400,
    "metrics": {
        "train": {
            "0": {
                "precision": 0.9933259176863182,
                "recall": 0.9966517857142857,
                "f1-score": 0.9949860724233983,
                "support": 896.0
            },
            "1": {
                "precision": 0.9966216216216216,
                "recall": 0.9932659932659933,
                "f1-score": 0.9949409780775715,
                "support": 891.0
            },
            "accuracy": 0.9949636261891438,
            "macro avg": {
                "precision": 0.9949737696539699,
                "recall": 0.9949588894901396,
                "f1-score": 0.9949635252504849,
                "support": 1787.0
            },
            "weighted avg": {
                "precision": 0.9949691589881399,
                "recall": 0.9949636261891438,
                "f1-score": 0.9949635883371467,
                "support": 1787.0
            },
            "cross-entropy": 0.11633294274644378,
            "roc-auc": 0.9996467652717652,
            "score": 0.9949636261891438
        },
        "val": {
            "0": {
                "precision": 0.8425925925925926,
                "recall": 0.8348623853211009,
                "f1-score": 0.8387096774193548,
                "support": 109.0
            },
            "1": {
                "precision": 0.8524590163934426,
                "recall": 0.859504132231405,
                "f1-score": 0.8559670781893004,
                "support": 121.0
            },
            "accuracy": 0.8478260869565217,
            "macro avg": {
                "precision": 0.8475258044930176,
                "recall": 0.8471832587762529,
                "f1-score": 0.8473383778043275,
                "support": 230.0
            },
            "weighted avg": {
                "precision": 0.8477831894617354,
                "recall": 0.8478260869565217,
                "f1-score": 0.8477885708678914,
                "support": 230.0
            },
            "cross-entropy": 0.35394154381862686,
            "roc-auc": 0.92668132534688,
            "score": 0.8478260869565217
        },
        "test": {
            "0": {
                "precision": 0.8149606299212598,
                "recall": 0.7610294117647058,
                "f1-score": 0.7870722433460076,
                "support": 272.0
            },
            "1": {
                "precision": 0.7703180212014135,
                "recall": 0.8226415094339623,
                "f1-score": 0.7956204379562045,
                "support": 265.0
            },
            "accuracy": 0.7914338919925512,
            "macro avg": {
                "precision": 0.7926393255613366,
                "recall": 0.7918354605993341,
                "f1-score": 0.7913463406511061,
                "support": 537.0
            },
            "weighted avg": {
                "precision": 0.7929302922848366,
                "recall": 0.7914338919925512,
                "f1-score": 0.7912906261610954,
                "support": 537.0
            },
            "cross-entropy": 0.4551453177975525,
            "roc-auc": 0.8820338512763597,
            "score": 0.7914338919925512
        }
    },
    "time": "0:00:24.343422",
    "chunk_size": null,
    "eval_batch_size": 32768
}