{
    "function": "bin.qtab.main",
    "gpus": [
        "NVIDIA GeForce RTX 4090"
    ],
    "config": {
        "seed": 9,
        "batch_size": 1024,
        "patience": 16,
        "n_epochs": -1,
        "amp": true,
        "data": {
            "cache": true,
            "path": "data/ecom-offers",
            "num_policy": "noisy-quantile"
        },
        "optimizer": {
            "type": "AdamW",
            "lr": 0.00034059745623324963,
            "weight_decay": 4.259541808861916e-06
        },
        "model": {
            "distance_metric": "cossim",
            "encoder_n_blocks": 1,
            "temperature": 0.01,
            "momentum": 0.999,
            "queue_ratio": 64,
            "d_main": 128,
            "d_multiplier": 2.0,
            "mixer_normalization": "auto",
            "dropout0": 0.0,
            "dropout1": 0.0,
            "normalization": "LayerNorm",
            "activation": "ReLU",
            "num_embeddings": {
                "type": "PeriodicEmbeddings",
                "n_frequencies": 80,
                "frequency_init_scale": 0.013560958513088302,
                "d_embedding": 51,
                "lite": true
            }
        }
    },
    "n_parameters": 763283,
    "prediction_type": "probs",
    "epoch_size": 107,
    "best_step": 3103,
    "metrics": {
        "train": {
            "0": {
                "precision": 0.7745875354370962,
                "recall": 0.9899618669739484,
                "f1-score": 0.8691308066164661,
                "support": 84179.0
            },
            "1": {
                "precision": 0.5187927107061503,
                "recall": 0.03620538907876957,
                "f1-score": 0.06768704955791664,
                "support": 25162.0
            },
            "accuracy": 0.770479509058816,
            "macro avg": {
                "precision": 0.6466901230716233,
                "recall": 0.513083628026359,
                "f1-score": 0.46840892808719137,
                "support": 109341.0
            },
            "weighted avg": {
                "precision": 0.7157229797820349,
                "recall": 0.770479509058816,
                "f1-score": 0.6846992775916061,
                "support": 109341.0
            },
            "cross-entropy": 0.52682753791229,
            "roc-auc": 0.6358183890991773,
            "score": 0.6358183890991773
        },
        "val": {
            "0": {
                "precision": 0.6961179361179362,
                "recall": 0.9128753705374404,
                "f1-score": 0.7898962863834058,
                "support": 15518.0
            },
            "1": {
                "precision": 0.6543083610329838,
                "recall": 0.29269129589385795,
                "f1-score": 0.404457088667615,
                "support": 8743.0
            },
            "accuracy": 0.6893780140966984,
            "macro avg": {
                "precision": 0.67521314857546,
                "recall": 0.6027833332156491,
                "f1-score": 0.5971766875255105,
                "support": 24261.0
            },
            "weighted avg": {
                "precision": 0.6810509102341004,
                "recall": 0.6893780140966984,
                "f1-score": 0.6509945549778925,
                "support": 24261.0
            },
            "cross-entropy": 0.7364006629290043,
            "roc-auc": 0.6246808099546122,
            "score": 0.6246808099546122
        },
        "test": {
            "0": {
                "precision": 0.673333051456598,
                "recall": 0.9410826143481857,
                "f1-score": 0.7850048061518743,
                "support": 16922.0
            },
            "1": {
                "precision": 0.6444365192582026,
                "recall": 0.1895520822406378,
                "f1-score": 0.2929399367755532,
                "support": 9533.0
            },
            "accuracy": 0.6702702702702703,
            "macro avg": {
                "precision": 0.6588847853574002,
                "recall": 0.5653173482944118,
                "f1-score": 0.5389723714637138,
                "support": 26455.0
            },
            "weighted avg": {
                "precision": 0.6629202507970893,
                "recall": 0.6702702702702703,
                "f1-score": 0.6076903325263038,
                "support": 26455.0
            },
            "cross-entropy": 0.8205855007140064,
            "roc-auc": 0.5866698337971249,
            "score": 0.5866698337971249
        }
    },
    "time": "0:01:30.398587",
    "chunk_size": null,
    "eval_batch_size": 8192
}