{
    "function": "bin.model.main",
    "gpus": [
        "NVIDIA GeForce RTX 4090"
    ],
    "config": {
        "seed": 12,
        "batch_size": 64,
        "patience": 16,
        "n_epochs": -1,
        "gradient_clipping_norm": 1.0,
        "amp": true,
        "data": {
            "cache": true,
            "path": "data/classif-cat-medium-0-KDDCup09_upselling",
            "num_policy": "noisy-quantile",
            "cat_policy": "ordinal"
        },
        "optimizer": {
            "type": "AdamW",
            "lr": 0.0004772691916033534,
            "weight_decay": 0.0
        },
        "model": {
            "arch_type": "taba-moe",
            "k": 32,
            "share_training_batches": false,
            "backbone": {
                "type": "MLP",
                "n_blocks": 6,
                "d_block": 224,
                "dropout": 0.49990211471977786
            },
            "num_embeddings": {
                "type": "PiecewiseLinearEmbeddingsV2",
                "d_embedding": 32
            }
        },
        "bins": {
            "n_bins": 8
        }
    },
    "n_parameters": 721280,
    "prediction_type": "probs",
    "epoch_size": 57,
    "best_step": 171,
    "metrics": {
        "train": {
            "0": {
                "precision": 0.725,
                "recall": 0.9795127353266888,
                "f1-score": 0.833254828073481,
                "support": 1806.0
            },
            "1": {
                "precision": 0.9677980852915579,
                "recall": 0.6236679753224902,
                "f1-score": 0.7585266030013642,
                "support": 1783.0
            },
            "accuracy": 0.8027305656171636,
            "macro avg": {
                "precision": 0.8463990426457789,
                "recall": 0.8015903553245896,
                "f1-score": 0.7958907155374226,
                "support": 3589.0
            },
            "weighted avg": {
                "precision": 0.8456210604833791,
                "recall": 0.8027305656171636,
                "f1-score": 0.796130162343867,
                "support": 3589.0
            },
            "cross-entropy": 0.4244548593099812,
            "roc-auc": 0.8706095280329977,
            "score": 0.8027305656171636
        },
        "val": {
            "0": {
                "precision": 0.717391304347826,
                "recall": 0.9519230769230769,
                "f1-score": 0.8181818181818182,
                "support": 208.0
            },
            "1": {
                "precision": 0.9453551912568307,
                "recall": 0.6892430278884463,
                "f1-score": 0.7972350230414746,
                "support": 251.0
            },
            "accuracy": 0.8082788671023965,
            "macro avg": {
                "precision": 0.8313732478023284,
                "recall": 0.8205830524057616,
                "f1-score": 0.8077084206116465,
                "support": 459.0
            },
            "weighted avg": {
                "precision": 0.8420512947926194,
                "recall": 0.8082788671023965,
                "f1-score": 0.8067272526475563,
                "support": 459.0
            },
            "cross-entropy": 0.4275882237777423,
            "roc-auc": 0.8887239503524365,
            "score": 0.8082788671023965
        },
        "test": {
            "0": {
                "precision": 0.7209302325581395,
                "recall": 0.9616788321167883,
                "f1-score": 0.8240813135261922,
                "support": 548.0
            },
            "1": {
                "precision": 0.9391304347826087,
                "recall": 0.6136363636363636,
                "f1-score": 0.7422680412371134,
                "support": 528.0
            },
            "accuracy": 0.7908921933085502,
            "macro avg": {
                "precision": 0.830030333670374,
                "recall": 0.787657597876576,
                "f1-score": 0.7831746773816528,
                "support": 1076.0
            },
            "weighted avg": {
                "precision": 0.8280024507500724,
                "recall": 0.7908921933085502,
                "f1-score": 0.7839350237783914,
                "support": 1076.0
            },
            "cross-entropy": 0.5576783397478167,
            "roc-auc": 0.8563301813758017,
            "score": 0.7908921933085502
        }
    },
    "time": "0:00:25.241086",
    "chunk_size": null,
    "eval_batch_size": 32768
}