{
    "function": "bin.model.main",
    "gpus": [
        "NVIDIA GeForce RTX 4090"
    ],
    "config": {
        "seed": 13,
        "batch_size": 256,
        "patience": 16,
        "n_epochs": -1,
        "amp": true,
        "data": {
            "cache": true,
            "path": "data/adult",
            "num_policy": "noisy-quantile",
            "cat_policy": "ordinal"
        },
        "optimizer": {
            "type": "AdamW",
            "lr": 0.00032018869009894105,
            "weight_decay": 0.0
        },
        "model": {
            "arch_type": "tabr-pln",
            "k": 32,
            "context_size": 96,
            "d_main": 261,
            "context_dropout": 0.5377003775025173,
            "d_multiplier": 2.0,
            "encoder_n_blocks": 1,
            "predictor_n_blocks": 1,
            "mixer_normalization": "auto",
            "dropout0": 0.0,
            "dropout1": 0.0,
            "normalization": "LayerNorm",
            "activation": "ReLU",
            "num_embeddings": {
                "type": "PeriodicEmbeddings",
                "n_frequencies": 81,
                "frequency_init_scale": 35.32996943687034,
                "d_embedding": 26,
                "lite": true
            }
        }
    },
    "n_parameters": 979039,
    "prediction_type": "probs",
    "epoch_size": 102,
    "best_step": 204,
    "metrics": {
        "train": {
            "0": {
                "precision": 0.8912042530972611,
                "recall": 0.9494310998735778,
                "f1-score": 0.9193966994760295,
                "support": 19775.0
            },
            "1": {
                "precision": 0.7992371009837382,
                "recall": 0.6346245815399331,
                "f1-score": 0.7074817842544874,
                "support": 6273.0
            },
            "accuracy": 0.8736179361179361,
            "macro avg": {
                "precision": 0.8452206770404997,
                "recall": 0.7920278407067554,
                "f1-score": 0.8134392418652585,
                "support": 26048.0
            },
            "weighted avg": {
                "precision": 0.8690562975840498,
                "recall": 0.8736179361179361,
                "f1-score": 0.8683623681191218,
                "support": 26048.0
            },
            "cross-entropy": 0.2852137339898823,
            "roc-auc": 0.9292077438213217,
            "score": 0.8736179361179361
        },
        "val": {
            "0": {
                "precision": 0.8895227229511314,
                "recall": 0.9460060667340748,
                "f1-score": 0.9168953351626814,
                "support": 4945.0
            },
            "1": {
                "precision": 0.7870813397129187,
                "recall": 0.6294642857142857,
                "f1-score": 0.6995038979447201,
                "support": 1568.0
            },
            "accuracy": 0.8697988638108398,
            "macro avg": {
                "precision": 0.8383020313320251,
                "recall": 0.7877351762241802,
                "f1-score": 0.8081996165537008,
                "support": 6513.0
            },
            "weighted avg": {
                "precision": 0.8648600346481193,
                "recall": 0.8697988638108398,
                "f1-score": 0.8645585051983389,
                "support": 6513.0
            },
            "cross-entropy": 0.2911589010772533,
            "roc-auc": 0.923663358164297,
            "score": 0.8697988638108398
        },
        "test": {
            "0": {
                "precision": 0.8903352758646788,
                "recall": 0.9460394049055086,
                "f1-score": 0.9173424828446662,
                "support": 12435.0
            },
            "1": {
                "precision": 0.7812907431551499,
                "recall": 0.6232449297971919,
                "f1-score": 0.6933757593288978,
                "support": 3846.0
            },
            "accuracy": 0.8697868681284934,
            "macro avg": {
                "precision": 0.8358130095099143,
                "recall": 0.7846421673513503,
                "f1-score": 0.8053591210867821,
                "support": 16281.0
            },
            "weighted avg": {
                "precision": 0.8645760919815728,
                "recall": 0.8697868681284934,
                "f1-score": 0.8644356577945068,
                "support": 16281.0
            },
            "cross-entropy": 0.29151400816004,
            "roc-auc": 0.92196726148097,
            "score": 0.8697868681284934
        }
    },
    "time": "0:00:37.064741",
    "chunk_size": null,
    "eval_batch_size": 32768,
    "heads": [
        19,
        4,
        14
    ],
    "head_selection_time": "0:00:02.301225"
}