{
    "function": "bin.model.main",
    "gpus": [
        "NVIDIA GeForce RTX 4090"
    ],
    "config": {
        "seed": 13,
        "batch_size": 256,
        "patience": 16,
        "n_epochs": -1,
        "gradient_clipping_norm": 1.0,
        "amp": true,
        "data": {
            "cache": true,
            "path": "data/regression-cat-medium-0-Brazilian_houses",
            "num_policy": "noisy-quantile",
            "cat_policy": "ordinal"
        },
        "optimizer": {
            "type": "AdamW",
            "lr": 0.0001193654645530035,
            "weight_decay": 0.00039112978268873825
        },
        "model": {
            "arch_type": "tabrmv2",
            "sample_rate": 0.549233044285209,
            "k": 32,
            "backbone": {
                "n_blocks": 1,
                "d_block": 192,
                "dropout": 0.0
            },
            "num_embeddings": {
                "type": "PiecewiseLinearEmbeddingsV2",
                "d_embedding": 32
            }
        },
        "bins": {
            "n_bins": 128
        }
    },
    "n_parameters": 349472,
    "prediction_type": "labels",
    "epoch_size": 30,
    "best_step": 1680,
    "metrics": {
        "train": {
            "rmse": 0.10179538344390561,
            "mae": 0.04002863168716431,
            "r2": 0.9839040051409667,
            "score": -0.10179538344390561
        },
        "val": {
            "rmse": 0.1481596517170332,
            "mae": 0.04460269212722778,
            "r2": 0.9659840006170476,
            "score": -0.1481596517170332
        },
        "test": {
            "rmse": 0.058972418596433554,
            "mae": 0.039237745106220245,
            "r2": 0.9943100351254794,
            "score": -0.058972418596433554
        }
    },
    "time": "0:00:42.121053",
    "chunk_size": null,
    "eval_batch_size": 32768,
    "heads": [
        7,
        15,
        18
    ],
    "head_selection_time": "0:00:00.104531"
}