{
    "function": "bin.model.main",
    "gpus": [
        "NVIDIA GeForce RTX 4090"
    ],
    "config": {
        "seed": 9,
        "batch_size": 256,
        "patience": 16,
        "n_epochs": -1,
        "gradient_clipping_norm": 1.0,
        "amp": true,
        "data": {
            "cache": true,
            "path": "data/classif-num-medium-0-credit",
            "num_policy": "noisy-quantile"
        },
        "optimizer": {
            "type": "AdamW",
            "lr": 7.021165116973262e-05,
            "weight_decay": 0.0
        },
        "model": {
            "arch_type": "tabrmv2",
            "sample_rate": 0.12423942458442626,
            "k": 64,
            "backbone": {
                "n_blocks": 2,
                "d_block": 480,
                "dropout": 0.47939926156364393
            },
            "num_embeddings": {
                "type": "PeriodicEmbeddings",
                "n_frequencies": 96,
                "d_embedding": 32,
                "frequency_init_scale": 0.01017682856503596,
                "lite": false
            }
        }
    },
    "n_parameters": 3015328,
    "prediction_type": "probs",
    "epoch_size": 40,
    "best_step": 320,
    "metrics": {
        "train": {
            "0": {
                "precision": 0.7818831942789034,
                "recall": 0.7821939586645469,
                "f1-score": 0.7820385455990463,
                "support": 5032.0
            },
            "1": {
                "precision": 0.779299234796617,
                "recall": 0.7789855072463768,
                "f1-score": 0.7791423394403061,
                "support": 4968.0
            },
            "accuracy": 0.7806,
            "macro avg": {
                "precision": 0.7805912145377603,
                "recall": 0.7805897329554619,
                "f1-score": 0.7805904425196761,
                "support": 10000.0
            },
            "weighted avg": {
                "precision": 0.7805994832081035,
                "recall": 0.7806,
                "f1-score": 0.7805997103793841,
                "support": 10000.0
            },
            "cross-entropy": 0.46738143687483497,
            "roc-auc": 0.8599373630343898,
            "score": 0.7806
        },
        "val": {
            "0": {
                "precision": 0.7885771543086172,
                "recall": 0.7933467741935484,
                "f1-score": 0.7909547738693467,
                "support": 992.0
            },
            "1": {
                "precision": 0.7982283464566929,
                "recall": 0.7935420743639922,
                "f1-score": 0.7958783120706575,
                "support": 1022.0
            },
            "accuracy": 0.7934458788480635,
            "macro avg": {
                "precision": 0.7934027503826551,
                "recall": 0.7934444242787703,
                "f1-score": 0.7934165429700021,
                "support": 2014.0
            },
            "weighted avg": {
                "precision": 0.7934746311583358,
                "recall": 0.7934458788480635,
                "f1-score": 0.7934532128175789,
                "support": 2014.0
            },
            "cross-entropy": 0.46520708734363475,
            "roc-auc": 0.8615918542074363,
            "score": 0.7934458788480635
        },
        "test": {
            "0": {
                "precision": 0.7639358108108109,
                "recall": 0.7753964852121732,
                "f1-score": 0.7696234843650287,
                "support": 2333.0
            },
            "1": {
                "precision": 0.7753001715265866,
                "recall": 0.7638360794254331,
                "f1-score": 0.7695254309427537,
                "support": 2367.0
            },
            "accuracy": 0.7695744680851064,
            "macro avg": {
                "precision": 0.7696179911686987,
                "recall": 0.7696162823188031,
                "f1-score": 0.7695744576538912,
                "support": 4700.0
            },
            "weighted avg": {
                "precision": 0.7696590963032025,
                "recall": 0.7695744680851064,
                "f1-score": 0.7695741029925766,
                "support": 4700.0
            },
            "cross-entropy": 0.48203429903983935,
            "roc-auc": 0.8509791639616813,
            "score": 0.7695744680851064
        }
    },
    "time": "0:00:20.184458",
    "chunk_size": null,
    "eval_batch_size": 32768,
    "heads": [
        20,
        28
    ],
    "head_selection_time": "0:00:01.237712"
}