{
    "function": "bin.model.main",
    "gpus": [
        "NVIDIA GeForce RTX 4090"
    ],
    "config": {
        "seed": 5,
        "batch_size": 256,
        "patience": 16,
        "n_epochs": -1,
        "gradient_clipping_norm": 1.0,
        "amp": true,
        "data": {
            "cache": true,
            "path": "data/churn",
            "num_policy": "noisy-quantile",
            "cat_policy": "ordinal"
        },
        "optimizer": {
            "type": "AdamW",
            "lr": 0.0008340727632430616,
            "weight_decay": 0.03343446214414004
        },
        "model": {
            "arch_type": "tabrmv2",
            "sample_rate": 0.2685540178762542,
            "k": 80,
            "backbone": {
                "n_blocks": 2,
                "d_block": 256,
                "dropout": 0.04883024205865249
            },
            "num_embeddings": {
                "type": "PeriodicEmbeddings",
                "n_frequencies": 92,
                "d_embedding": 16,
                "frequency_init_scale": 0.13471969770755313,
                "lite": false
            }
        }
    },
    "n_parameters": 1037332,
    "prediction_type": "probs",
    "epoch_size": 25,
    "best_step": 250,
    "metrics": {
        "train": {
            "0": {
                "precision": 0.8910837259876767,
                "recall": 0.9648744113029827,
                "f1-score": 0.9265121537591858,
                "support": 5096.0
            },
            "1": {
                "precision": 0.7970521541950113,
                "recall": 0.5391104294478528,
                "f1-score": 0.6431838975297347,
                "support": 1304.0
            },
            "accuracy": 0.878125,
            "macro avg": {
                "precision": 0.844067940091344,
                "recall": 0.7519924203754178,
                "f1-score": 0.7848480256444603,
                "support": 6400.0
            },
            "weighted avg": {
                "precision": 0.8719247932349212,
                "recall": 0.878125,
                "f1-score": 0.8687840215524352,
                "support": 6400.0
            },
            "cross-entropy": 0.29686576252600916,
            "roc-auc": 0.8994247563348132,
            "score": 0.878125
        },
        "val": {
            "0": {
                "precision": 0.8847262247838616,
                "recall": 0.9638932496075353,
                "f1-score": 0.9226145755071374,
                "support": 1274.0
            },
            "1": {
                "precision": 0.7830188679245284,
                "recall": 0.50920245398773,
                "f1-score": 0.6171003717472119,
                "support": 326.0
            },
            "accuracy": 0.87125,
            "macro avg": {
                "precision": 0.8338725463541949,
                "recall": 0.7365478517976327,
                "f1-score": 0.7698574736271746,
                "support": 1600.0
            },
            "weighted avg": {
                "precision": 0.8640033508237726,
                "recall": 0.87125,
                "f1-score": 0.8603660564910526,
                "support": 1600.0
            },
            "cross-entropy": 0.3370513414764643,
            "roc-auc": 0.8631550307711571,
            "score": 0.87125
        },
        "test": {
            "0": {
                "precision": 0.8760045924225028,
                "recall": 0.9579409918392969,
                "f1-score": 0.9151424287856071,
                "support": 1593.0
            },
            "1": {
                "precision": 0.7403100775193798,
                "recall": 0.4692874692874693,
                "f1-score": 0.5744360902255639,
                "support": 407.0
            },
            "accuracy": 0.8585,
            "macro avg": {
                "precision": 0.8081573349709413,
                "recall": 0.7136142305633831,
                "f1-score": 0.7447892595055855,
                "support": 2000.0
            },
            "weighted avg": {
                "precision": 0.8483907586397174,
                "recall": 0.8585,
                "f1-score": 0.8458086888886384,
                "support": 2000.0
            },
            "cross-entropy": 0.3518804772522615,
            "roc-auc": 0.853596277325091,
            "score": 0.8585
        }
    },
    "time": "0:00:13.979038",
    "chunk_size": null,
    "eval_batch_size": 32768
}