{
    "function": "bin.model.main",
    "gpus": [
        "NVIDIA GeForce RTX 4090"
    ],
    "config": {
        "seed": 14,
        "batch_size": 256,
        "patience": 16,
        "n_epochs": -1,
        "gradient_clipping_norm": 1.0,
        "amp": true,
        "data": {
            "cache": true,
            "path": "data/house",
            "num_policy": "noisy-quantile"
        },
        "optimizer": {
            "type": "AdamW",
            "lr": 0.00015504188258112144,
            "weight_decay": 0.010787369853443342
        },
        "model": {
            "arch_type": "moe-sparse",
            "backbone": {
                "k": 4,
                "n_blocks": 2,
                "d_block": 720,
                "dropout": 0.08513851634543684,
                "moe_ratio": 1.0,
                "num_experts": 8
            }
        }
    },
    "n_parameters": 16613281,
    "prediction_type": "labels",
    "epoch_size": 57,
    "best_step": 1311,
    "metrics": {
        "train": {
            "rmse": 18832.610015608563,
            "mae": 11041.412109375,
            "r2": 0.8693930284112154,
            "score": -18832.610015608563
        },
        "val": {
            "rmse": 28924.57280583414,
            "mae": 14448.95703125,
            "r2": 0.719249533375198,
            "score": -28924.57280583414
        },
        "test": {
            "rmse": 31445.164970150818,
            "mae": 14991.2275390625,
            "r2": 0.6574881442018252,
            "score": -31445.164970150818
        }
    },
    "time": "0:00:27.878382",
    "chunk_size": null,
    "eval_batch_size": 32768
}