{
    "function": "bin.model.main",
    "gpus": [
        "NVIDIA GeForce RTX 4090"
    ],
    "config": {
        "seed": 0,
        "batch_size": 256,
        "patience": 16,
        "n_epochs": -1,
        "gradient_clipping_norm": 1.0,
        "amp": true,
        "data": {
            "cache": true,
            "path": "data/churn",
            "num_policy": "noisy-quantile",
            "cat_policy": "ordinal"
        },
        "optimizer": {
            "type": "AdamW",
            "lr": 0.0010165558775187275,
            "weight_decay": 0.012384930898256409
        },
        "model": {
            "arch_type": "taba",
            "k": 128,
            "share_training_batches": false,
            "backbone": {
                "type": "MLP",
                "n_blocks": 1,
                "d_block": 704,
                "dropout": 0.0
            },
            "num_embeddings": {
                "type": "PiecewiseLinearEmbeddingsV2",
                "d_embedding": 8
            }
        },
        "bins": {
            "n_bins": 42
        }
    },
    "n_parameters": 327080,
    "prediction_type": "probs",
    "epoch_size": 25,
    "best_step": 650,
    "metrics": {
        "train": {
            "0": {
                "precision": 0.8875473058208686,
                "recall": 0.9664442700156985,
                "f1-score": 0.9253170502583373,
                "support": 5096.0
            },
            "1": {
                "precision": 0.799059929494712,
                "recall": 0.5214723926380368,
                "f1-score": 0.6310904872389791,
                "support": 1304.0
            },
            "accuracy": 0.87578125,
            "macro avg": {
                "precision": 0.8433036176577904,
                "recall": 0.7439583313268676,
                "f1-score": 0.7782037687486583,
                "support": 6400.0
            },
            "weighted avg": {
                "precision": 0.8695180028944143,
                "recall": 0.87578125,
                "f1-score": 0.8653683880431431,
                "support": 6400.0
            },
            "cross-entropy": 0.30358395838126206,
            "roc-auc": 0.8938823966349164,
            "score": 0.87578125
        },
        "val": {
            "0": {
                "precision": 0.8880114860014358,
                "recall": 0.9709576138147566,
                "f1-score": 0.927634045744282,
                "support": 1274.0
            },
            "1": {
                "precision": 0.821256038647343,
                "recall": 0.5214723926380368,
                "f1-score": 0.6378986866791745,
                "support": 326.0
            },
            "accuracy": 0.879375,
            "macro avg": {
                "precision": 0.8546337623243894,
                "recall": 0.7462150032263968,
                "f1-score": 0.7827663662117282,
                "support": 1600.0
            },
            "weighted avg": {
                "precision": 0.8744100636030393,
                "recall": 0.879375,
                "f1-score": 0.8686004663347663,
                "support": 1600.0
            },
            "cross-entropy": 0.333163539021361,
            "roc-auc": 0.8621413643324248,
            "score": 0.879375
        },
        "test": {
            "0": {
                "precision": 0.8757159221076747,
                "recall": 0.9598242310106717,
                "f1-score": 0.915843066786463,
                "support": 1593.0
            },
            "1": {
                "precision": 0.7480314960629921,
                "recall": 0.4668304668304668,
                "f1-score": 0.5748865355521936,
                "support": 407.0
            },
            "accuracy": 0.8595,
            "macro avg": {
                "precision": 0.8118737090853334,
                "recall": 0.7133273489205693,
                "f1-score": 0.7453648011693284,
                "support": 2000.0
            },
            "weighted avg": {
                "precision": 0.8497321414075818,
                "recall": 0.8595,
                "f1-score": 0.8464584126802891,
                "support": 2000.0
            },
            "cross-entropy": 0.3487184311362159,
            "roc-auc": 0.8490401032773914,
            "score": 0.8595
        }
    },
    "time": "0:00:12.293001",
    "chunk_size": null,
    "eval_batch_size": 32768,
    "heads": [
        79,
        74,
        37,
        5
    ],
    "head_selection_time": "0:00:05.389893"
}