{
    "function": "bin.model.main",
    "gpus": [
        "NVIDIA GeForce RTX 4090"
    ],
    "config": {
        "seed": 5,
        "batch_size": 256,
        "patience": 16,
        "n_epochs": -1,
        "gradient_clipping_norm": 1.0,
        "amp": true,
        "data": {
            "cache": true,
            "path": "data/classif-num-medium-1-bank-marketing",
            "num_policy": "noisy-quantile"
        },
        "optimizer": {
            "type": "AdamW",
            "lr": 0.0003556852417306976,
            "weight_decay": 0.0
        },
        "model": {
            "arch_type": "tabrmv3",
            "sample_rate": 0.527782070076665,
            "k": 4,
            "backbone": {
                "embed_type": "tabr",
                "ensemble_type": "shared-resnet",
                "context_shuffle": false,
                "context_size": 192,
                "encoder_n_blocks": 0,
                "n_blocks": 2,
                "d_block": 800,
                "dropout": 0.0
            },
            "num_embeddings": {
                "type": "PeriodicEmbeddings",
                "n_frequencies": 20,
                "d_embedding": 28,
                "frequency_init_scale": 0.25216653130029776,
                "lite": false
            }
        }
    },
    "n_parameters": 4020984,
    "prediction_type": "probs",
    "epoch_size": 29,
    "best_step": 580,
    "metrics": {
        "train": {
            "0": {
                "precision": 0.8104539202200826,
                "recall": 0.8049180327868852,
                "f1-score": 0.8076764907470871,
                "support": 3660.0
            },
            "1": {
                "precision": 0.8105598301936854,
                "recall": 0.8159722222222222,
                "f1-score": 0.813257021163317,
                "support": 3744.0
            },
            "accuracy": 0.8105078336034576,
            "macro avg": {
                "precision": 0.810506875206884,
                "recall": 0.8104451275045537,
                "f1-score": 0.8104667559552021,
                "support": 7404.0
            },
            "weighted avg": {
                "precision": 0.8105074759927959,
                "recall": 0.8105078336034576,
                "f1-score": 0.8104984121244999,
                "support": 7404.0
            },
            "cross-entropy": 0.4178273011402989,
            "roc-auc": 0.8903916941058334,
            "score": 0.8105078336034576
        },
        "val": {
            "0": {
                "precision": 0.852760736196319,
                "recall": 0.811284046692607,
                "f1-score": 0.8315054835493519,
                "support": 514.0
            },
            "1": {
                "precision": 0.7904967602591793,
                "recall": 0.8356164383561644,
                "f1-score": 0.8124306326304107,
                "support": 438.0
            },
            "accuracy": 0.8224789915966386,
            "macro avg": {
                "precision": 0.8216287482277491,
                "recall": 0.8234502425243857,
                "f1-score": 0.8219680580898814,
                "support": 952.0
            },
            "weighted avg": {
                "precision": 0.8241140749983492,
                "recall": 0.8224789915966386,
                "f1-score": 0.8227294491979904,
                "support": 952.0
            },
            "cross-entropy": 0.41536658139444094,
            "roc-auc": 0.8941243359451344,
            "score": 0.8224789915966386
        },
        "test": {
            "0": {
                "precision": 0.7916666666666666,
                "recall": 0.7838565022421524,
                "f1-score": 0.7877422262280307,
                "support": 1115.0
            },
            "1": {
                "precision": 0.7844364937388193,
                "recall": 0.7922312556458898,
                "f1-score": 0.788314606741573,
                "support": 1107.0
            },
            "accuracy": 0.788028802880288,
            "macro avg": {
                "precision": 0.788051580202743,
                "recall": 0.7880438789440212,
                "f1-score": 0.7880284164848019,
                "support": 2222.0
            },
            "weighted avg": {
                "precision": 0.7880645958155744,
                "recall": 0.788028802880288,
                "f1-score": 0.7880273860968388,
                "support": 2222.0
            },
            "cross-entropy": 0.45594184083911166,
            "roc-auc": 0.8673156148601845,
            "score": 0.788028802880288
        }
    },
    "time": "0:00:25.614602",
    "chunk_size": null,
    "eval_batch_size": 32768
}