{
    "function": "bin.model.main",
    "gpus": [
        "NVIDIA GeForce RTX 4090"
    ],
    "config": {
        "seed": 5,
        "batch_size": 256,
        "patience": 16,
        "n_epochs": -1,
        "gradient_clipping_norm": 1.0,
        "amp": true,
        "data": {
            "cache": true,
            "path": "data/regression-num-medium-1-pol",
            "num_policy": "noisy-quantile"
        },
        "optimizer": {
            "type": "AdamW",
            "lr": 0.00034155193386488706,
            "weight_decay": 0.00011001201626147528
        },
        "model": {
            "arch_type": "tabm-mini",
            "k": 32,
            "share_training_batches": false,
            "backbone": {
                "type": "MLP",
                "n_blocks": 3,
                "d_block": 416,
                "dropout": 0.22689898419466498
            },
            "num_embeddings": {
                "type": "PiecewiseLinearEmbeddingsV2",
                "d_embedding": 8
            }
        },
        "bins": {
            "n_bins": 56
        }
    },
    "n_parameters": 465536,
    "prediction_type": "labels",
    "epoch_size": 40,
    "best_step": 6920,
    "metrics": {
        "train": {
            "rmse": 1.5413927745665088,
            "mae": 0.7170833945274353,
            "r2": 0.9986238588848579,
            "score": -1.5413927745665088
        },
        "val": {
            "rmse": 2.204534742441939,
            "mae": 0.9889436960220337,
            "r2": 0.9972946221453517,
            "score": -2.204534742441939
        },
        "test": {
            "rmse": 2.3017818431870314,
            "mae": 1.0292530059814453,
            "r2": 0.9969831810664741,
            "score": -2.3017818431870314
        }
    },
    "time": "0:01:31.020118",
    "chunk_size": null,
    "eval_batch_size": 32768,
    "heads": [
        12,
        27,
        13,
        26,
        28,
        18,
        10,
        6,
        23,
        16
    ],
    "head_selection_time": "0:00:00.237484"
}