{
    "function": "bin.model.main",
    "gpus": [
        "NVIDIA GeForce RTX 4090"
    ],
    "config": {
        "seed": 4,
        "batch_size": 32,
        "patience": 16,
        "n_epochs": -1,
        "amp": true,
        "data": {
            "cache": true,
            "path": "data/classif-num-medium-2-wine",
            "num_policy": "noisy-quantile"
        },
        "optimizer": {
            "type": "AdamW",
            "lr": 0.00011921612105225374,
            "weight_decay": 2.271854392152337e-05
        },
        "model": {
            "arch_type": "tabr-pln",
            "k": 32,
            "context_size": 96,
            "d_main": 318,
            "context_dropout": 0.0,
            "d_multiplier": 2.0,
            "encoder_n_blocks": 1,
            "predictor_n_blocks": 2,
            "mixer_normalization": "auto",
            "dropout0": 0.0,
            "dropout1": 0.0,
            "normalization": "LayerNorm",
            "activation": "ReLU",
            "num_embeddings": {
                "type": "PeriodicEmbeddings",
                "n_frequencies": 40,
                "frequency_init_scale": 0.039643675405699894,
                "d_embedding": 44,
                "lite": true
            }
        }
    },
    "n_parameters": 1924408,
    "prediction_type": "probs",
    "epoch_size": 56,
    "best_step": 1008,
    "metrics": {
        "train": {
            "0": {
                "precision": 0.8300438596491229,
                "recall": 0.8309549945115258,
                "f1-score": 0.8304991771804717,
                "support": 911.0
            },
            "1": {
                "precision": 0.824,
                "recall": 0.8230593607305936,
                "f1-score": 0.8235294117647058,
                "support": 876.0
            },
            "accuracy": 0.8270844991606043,
            "macro avg": {
                "precision": 0.8270219298245614,
                "recall": 0.8270071776210597,
                "f1-score": 0.8270142944725888,
                "support": 1787.0
            },
            "weighted avg": {
                "precision": 0.8270811170343317,
                "recall": 0.8270844991606043,
                "f1-score": 0.8270825490303816,
                "support": 1787.0
            },
            "cross-entropy": 0.3565833987273728,
            "roc-auc": 0.9187204587261728,
            "score": 0.8270844991606043
        },
        "val": {
            "0": {
                "precision": 0.865979381443299,
                "recall": 0.8,
                "f1-score": 0.8316831683168318,
                "support": 105.0
            },
            "1": {
                "precision": 0.8421052631578947,
                "recall": 0.896,
                "f1-score": 0.868217054263566,
                "support": 125.0
            },
            "accuracy": 0.8521739130434782,
            "macro avg": {
                "precision": 0.8540423223005968,
                "recall": 0.8480000000000001,
                "f1-score": 0.8499501112901988,
                "support": 230.0
            },
            "weighted avg": {
                "precision": 0.8530043171577533,
                "recall": 0.8521739130434782,
                "f1-score": 0.8515385411139699,
                "support": 230.0
            },
            "cross-entropy": 0.3647526952998524,
            "roc-auc": 0.9180190476190476,
            "score": 0.8521739130434782
        },
        "test": {
            "0": {
                "precision": 0.7886792452830189,
                "recall": 0.8007662835249042,
                "f1-score": 0.7946768060836501,
                "support": 261.0
            },
            "1": {
                "precision": 0.8088235294117647,
                "recall": 0.7971014492753623,
                "f1-score": 0.8029197080291971,
                "support": 276.0
            },
            "accuracy": 0.7988826815642458,
            "macro avg": {
                "precision": 0.7987513873473918,
                "recall": 0.7989338664001333,
                "f1-score": 0.7987982570564236,
                "support": 537.0
            },
            "weighted avg": {
                "precision": 0.7990327320977932,
                "recall": 0.7988826815642458,
                "f1-score": 0.798913381385272,
                "support": 537.0
            },
            "cross-entropy": 0.44583855472955347,
            "roc-auc": 0.8811149980565274,
            "score": 0.7988826815642458
        }
    },
    "time": "0:00:36.908999",
    "chunk_size": null,
    "eval_batch_size": 32768
}