{
    "function": "bin.ensemble.main",
    "config": {
        "seeds": [
            10,
            11,
            12,
            13,
            14
        ],
        "data": {
            "path": "data/churn"
        }
    },
    "single_model_function": "bin.reformer.main",
    "prediction_type": "probs",
    "metrics": {
        "train": {
            "0": {
                "precision": 0.8887877684746996,
                "recall": 0.9582025117739403,
                "f1-score": 0.92219074598678,
                "support": 5096.0
            },
            "1": {
                "precision": 0.7649006622516556,
                "recall": 0.531441717791411,
                "f1-score": 0.6271493212669683,
                "support": 1304.0
            },
            "accuracy": 0.87125,
            "macro avg": {
                "precision": 0.8268442153631776,
                "recall": 0.7448221147826757,
                "f1-score": 0.7746700336268741,
                "support": 6400.0
            },
            "weighted avg": {
                "precision": 0.8635457705817545,
                "recall": 0.87125,
                "f1-score": 0.8620760557001184,
                "support": 6400.0
            },
            "cross-entropy": 0.31977539840456504,
            "roc-auc": 0.8803530496672478,
            "score": 0.87125
        },
        "val": {
            "0": {
                "precision": 0.8831168831168831,
                "recall": 0.9607535321821036,
                "f1-score": 0.9203007518796993,
                "support": 1274.0
            },
            "1": {
                "precision": 0.7663551401869159,
                "recall": 0.5030674846625767,
                "f1-score": 0.6074074074074073,
                "support": 326.0
            },
            "accuracy": 0.8675,
            "macro avg": {
                "precision": 0.8247360116518995,
                "recall": 0.7319105084223401,
                "f1-score": 0.7638540796435533,
                "support": 1600.0
            },
            "weighted avg": {
                "precision": 0.8593266779949021,
                "recall": 0.8675,
                "f1-score": 0.8565487329434699,
                "support": 1600.0
            },
            "cross-entropy": 0.33684056060908324,
            "roc-auc": 0.8594157814140285,
            "score": 0.8675
        },
        "test": {
            "0": {
                "precision": 0.8788052843193567,
                "recall": 0.96045197740113,
                "f1-score": 0.9178164367126576,
                "support": 1593.0
            },
            "1": {
                "precision": 0.7567567567567568,
                "recall": 0.48157248157248156,
                "f1-score": 0.5885885885885886,
                "support": 407.0
            },
            "accuracy": 0.863,
            "macro avg": {
                "precision": 0.8177810205380567,
                "recall": 0.7210122294868058,
                "f1-score": 0.7532025126506231,
                "support": 2000.0
            },
            "weighted avg": {
                "precision": 0.8539684089603676,
                "recall": 0.863,
                "f1-score": 0.8508185696194096,
                "support": 2000.0
            },
            "cross-entropy": 0.345793716394968,
            "roc-auc": 0.852823547738802,
            "score": 0.863
        }
    }
}