{
    "function": "bin.ensemble.main",
    "config": {
        "seeds": [
            0,
            1,
            2,
            3,
            4
        ],
        "data": {
            "path": "data/classif-num-medium-2-wine"
        }
    },
    "single_model_function": "bin.model.main",
    "prediction_type": "probs",
    "metrics": {
        "train": {
            "0": {
                "precision": 0.9922394678492239,
                "recall": 0.9824368825466521,
                "f1-score": 0.9873138444567016,
                "support": 911.0
            },
            "1": {
                "precision": 0.9819209039548022,
                "recall": 0.9920091324200914,
                "f1-score": 0.9869392390687111,
                "support": 876.0
            },
            "accuracy": 0.987129266927812,
            "macro avg": {
                "precision": 0.9870801859020131,
                "recall": 0.9872230074833717,
                "f1-score": 0.9871265417627063,
                "support": 1787.0
            },
            "weighted avg": {
                "precision": 0.9871812350727754,
                "recall": 0.987129266927812,
                "f1-score": 0.9871302102541948,
                "support": 1787.0
            },
            "cross-entropy": 0.14568382638755398,
            "roc-auc": 0.9993032895759089,
            "score": 0.987129266927812
        },
        "val": {
            "0": {
                "precision": 0.8494623655913979,
                "recall": 0.7523809523809524,
                "f1-score": 0.7979797979797979,
                "support": 105.0
            },
            "1": {
                "precision": 0.8102189781021898,
                "recall": 0.888,
                "f1-score": 0.8473282442748092,
                "support": 125.0
            },
            "accuracy": 0.8260869565217391,
            "macro avg": {
                "precision": 0.8298406718467939,
                "recall": 0.8201904761904761,
                "f1-score": 0.8226540211273036,
                "support": 230.0
            },
            "weighted avg": {
                "precision": 0.8281344376081325,
                "recall": 0.8260869565217391,
                "f1-score": 0.8247996057488258,
                "support": 230.0
            },
            "cross-entropy": 0.4394395738781173,
            "roc-auc": 0.870095238095238,
            "score": 0.8260869565217391
        },
        "test": {
            "0": {
                "precision": 0.8170731707317073,
                "recall": 0.7701149425287356,
                "f1-score": 0.7928994082840236,
                "support": 261.0
            },
            "1": {
                "precision": 0.7938144329896907,
                "recall": 0.8369565217391305,
                "f1-score": 0.8148148148148148,
                "support": 276.0
            },
            "accuracy": 0.8044692737430168,
            "macro avg": {
                "precision": 0.805443801860699,
                "recall": 0.803535732133933,
                "f1-score": 0.8038571115494192,
                "support": 537.0
            },
            "weighted avg": {
                "precision": 0.8051189591548049,
                "recall": 0.8044692737430168,
                "f1-score": 0.8041631926462179,
                "support": 537.0
            },
            "cross-entropy": 0.43528026953986165,
            "roc-auc": 0.8805874840357599,
            "score": 0.8044692737430168
        }
    }
}