{
    "function": "bin.model.main",
    "gpus": [
        "NVIDIA GeForce RTX 4090"
    ],
    "config": {
        "seed": 5,
        "batch_size": 32,
        "patience": 16,
        "n_epochs": -1,
        "gradient_clipping_norm": 1.0,
        "amp": true,
        "data": {
            "cache": true,
            "path": "data/classif-num-medium-4-wine",
            "num_policy": "noisy-quantile"
        },
        "optimizer": {
            "type": "AdamW",
            "lr": 0.001361756760668657,
            "weight_decay": 0.00017138625556847642
        },
        "model": {
            "arch_type": "taba",
            "k": 128,
            "share_training_batches": false,
            "backbone": {
                "type": "MLP",
                "n_blocks": 2,
                "d_block": 640,
                "dropout": 0.0
            },
            "num_embeddings": {
                "type": "PiecewiseLinearEmbeddingsV2",
                "d_embedding": 32
            }
        },
        "bins": {
            "n_bins": 6
        }
    },
    "n_parameters": 682656,
    "prediction_type": "probs",
    "epoch_size": 56,
    "best_step": 1344,
    "metrics": {
        "train": {
            "0": {
                "precision": 0.9448356807511737,
                "recall": 0.8954393770856507,
                "f1-score": 0.9194745859508853,
                "support": 899.0
            },
            "1": {
                "precision": 0.8994652406417112,
                "recall": 0.9470720720720721,
                "f1-score": 0.922654964344487,
                "support": 888.0
            },
            "accuracy": 0.9210968102965864,
            "macro avg": {
                "precision": 0.9221504606964425,
                "recall": 0.9212557245788614,
                "f1-score": 0.9210647751476861,
                "support": 1787.0
            },
            "weighted avg": {
                "precision": 0.9222901011108813,
                "recall": 0.9210968102965864,
                "f1-score": 0.9210549866299667,
                "support": 1787.0
            },
            "cross-entropy": 0.24469378407374862,
            "roc-auc": 0.9758139674713645,
            "score": 0.9210968102965864
        },
        "val": {
            "0": {
                "precision": 0.8508771929824561,
                "recall": 0.8016528925619835,
                "f1-score": 0.8255319148936171,
                "support": 121.0
            },
            "1": {
                "precision": 0.7931034482758621,
                "recall": 0.8440366972477065,
                "f1-score": 0.8177777777777778,
                "support": 109.0
            },
            "accuracy": 0.8217391304347826,
            "macro avg": {
                "precision": 0.8219903206291591,
                "recall": 0.822844794904845,
                "f1-score": 0.8216548463356974,
                "support": 230.0
            },
            "weighted avg": {
                "precision": 0.823497461795418,
                "recall": 0.8217391304347826,
                "f1-score": 0.821857128173502,
                "support": 230.0
            },
            "cross-entropy": 0.5027741267152228,
            "roc-auc": 0.8560163772841004,
            "score": 0.8217391304347826
        },
        "test": {
            "0": {
                "precision": 0.8083333333333333,
                "recall": 0.754863813229572,
                "f1-score": 0.7806841046277667,
                "support": 257.0
            },
            "1": {
                "precision": 0.7878787878787878,
                "recall": 0.8357142857142857,
                "f1-score": 0.8110918544194108,
                "support": 280.0
            },
            "accuracy": 0.7970204841713222,
            "macro avg": {
                "precision": 0.7981060606060606,
                "recall": 0.7952890494719289,
                "f1-score": 0.7958879795235887,
                "support": 537.0
            },
            "weighted avg": {
                "precision": 0.7976680209920434,
                "recall": 0.7970204841713222,
                "f1-score": 0.7965391696960354,
                "support": 537.0
            },
            "cross-entropy": 0.4796671490233102,
            "roc-auc": 0.8557948860478045,
            "score": 0.7970204841713222
        }
    },
    "time": "0:00:16.076867",
    "chunk_size": null,
    "eval_batch_size": 32768
}