{
    "function": "bin.model.main",
    "gpus": [
        "NVIDIA GeForce RTX 4090"
    ],
    "config": {
        "seed": 12,
        "batch_size": 32,
        "patience": 16,
        "n_epochs": -1,
        "gradient_clipping_norm": 1.0,
        "amp": true,
        "data": {
            "cache": true,
            "path": "data/classif-num-medium-2-phoneme",
            "num_policy": "noisy-quantile"
        },
        "optimizer": {
            "type": "AdamW",
            "lr": 0.0024339491532310463,
            "weight_decay": 0.0
        },
        "model": {
            "arch_type": "taba-moe",
            "k": 32,
            "share_training_batches": false,
            "backbone": {
                "type": "MLP",
                "n_blocks": 8,
                "d_block": 784,
                "dropout": 0.0026485973680867667
            },
            "num_embeddings": {
                "type": "PiecewiseLinearEmbeddingsV2",
                "d_embedding": 32
            }
        },
        "bins": {
            "n_bins": 24
        }
    },
    "n_parameters": 5214944,
    "prediction_type": "probs",
    "epoch_size": 70,
    "best_step": 70,
    "metrics": {
        "train": {
            "0": {
                "precision": 0.9195893926432849,
                "recall": 0.9421560035056967,
                "f1-score": 0.9307359307359306,
                "support": 1141.0
            },
            "1": {
                "precision": 0.9372026641294006,
                "recall": 0.9128822984244671,
                "f1-score": 0.9248826291079814,
                "support": 1079.0
            },
            "accuracy": 0.9279279279279279,
            "macro avg": {
                "precision": 0.9283960283863427,
                "recall": 0.927519150965082,
                "f1-score": 0.9278092799219559,
                "support": 2220.0
            },
            "weighted avg": {
                "precision": 0.9281500772980231,
                "recall": 0.9279279279279279,
                "f1-score": 0.9278910152149589,
                "support": 2220.0
            },
            "cross-entropy": 0.1906112063463523,
            "roc-auc": 0.9800753611086968,
            "score": 0.9279279279279279
        },
        "val": {
            "0": {
                "precision": 0.8333333333333334,
                "recall": 0.948905109489051,
                "f1-score": 0.8873720136518771,
                "support": 137.0
            },
            "1": {
                "precision": 0.9457364341085271,
                "recall": 0.8243243243243243,
                "f1-score": 0.8808664259927798,
                "support": 148.0
            },
            "accuracy": 0.8842105263157894,
            "macro avg": {
                "precision": 0.8895348837209303,
                "recall": 0.8866147169066877,
                "f1-score": 0.8841192198223284,
                "support": 285.0
            },
            "weighted avg": {
                "precision": 0.8917040663674691,
                "recall": 0.8842105263157894,
                "f1-score": 0.8839936733938196,
                "support": 285.0
            },
            "cross-entropy": 0.35407331222432886,
            "roc-auc": 0.9453047938449397,
            "score": 0.8842105263157894
        },
        "test": {
            "0": {
                "precision": 0.8333333333333334,
                "recall": 0.8928571428571429,
                "f1-score": 0.8620689655172413,
                "support": 308.0
            },
            "1": {
                "precision": 0.9020771513353115,
                "recall": 0.8467966573816156,
                "f1-score": 0.8735632183908045,
                "support": 359.0
            },
            "accuracy": 0.8680659670164917,
            "macro avg": {
                "precision": 0.8677052423343224,
                "recall": 0.8698269001193792,
                "f1-score": 0.867816091954023,
                "support": 667.0
            },
            "weighted avg": {
                "precision": 0.8703333793044131,
                "recall": 0.8680659670164917,
                "f1-score": 0.8682555274087094,
                "support": 667.0
            },
            "cross-entropy": 0.3828168074394512,
            "roc-auc": 0.9377600115761676,
            "score": 0.8680659670164917
        }
    },
    "time": "0:00:27.192906",
    "chunk_size": null,
    "eval_batch_size": 32768,
    "heads": [
        21,
        23
    ],
    "head_selection_time": "0:00:00.544895"
}