{
    "function": "bin.ensemble.main",
    "config": {
        "seeds": [
            0,
            1,
            2,
            3,
            4
        ],
        "data": {
            "path": "data/classif-num-medium-1-credit"
        }
    },
    "single_model_function": "bin.model.main",
    "prediction_type": "probs",
    "metrics": {
        "train": {
            "0": {
                "precision": 0.7717411459299092,
                "recall": 0.8254660848869496,
                "f1-score": 0.7977000479156684,
                "support": 5042.0
            },
            "1": {
                "precision": 0.8089863251573692,
                "recall": 0.7517144009681324,
                "f1-score": 0.7792995295347622,
                "support": 4958.0
            },
            "accuracy": 0.7889,
            "macro avg": {
                "precision": 0.7903637355436393,
                "recall": 0.788590242927541,
                "f1-score": 0.7884997887252153,
                "support": 10000.0
            },
            "weighted avg": {
                "precision": 0.7902073057908838,
                "recall": 0.7889,
                "f1-score": 0.7885770709024151,
                "support": 10000.0
            },
            "cross-entropy": 0.4535833281765721,
            "roc-auc": 0.8710075382919019,
            "score": 0.7889
        },
        "val": {
            "0": {
                "precision": 0.7528089887640449,
                "recall": 0.7936821322803553,
                "f1-score": 0.7727054300816913,
                "support": 1013.0
            },
            "1": {
                "precision": 0.7790697674418605,
                "recall": 0.7362637362637363,
                "f1-score": 0.7570621468926554,
                "support": 1001.0
            },
            "accuracy": 0.7651439920556107,
            "macro avg": {
                "precision": 0.7659393781029527,
                "recall": 0.7649729342720458,
                "f1-score": 0.7648837884871733,
                "support": 2014.0
            },
            "weighted avg": {
                "precision": 0.7658611434097715,
                "recall": 0.7651439920556107,
                "f1-score": 0.764930392111371,
                "support": 2014.0
            },
            "cross-entropy": 0.4833009821262895,
            "roc-auc": 0.8472169488951324,
            "score": 0.7651439920556107
        },
        "test": {
            "0": {
                "precision": 0.7490923759580476,
                "recall": 0.8066898349261512,
                "f1-score": 0.7768249320225894,
                "support": 2302.0
            },
            "1": {
                "precision": 0.7996398018910401,
                "recall": 0.7406171809841534,
                "f1-score": 0.7689976185321499,
                "support": 2398.0
            },
            "accuracy": 0.7729787234042553,
            "macro avg": {
                "precision": 0.7743660889245438,
                "recall": 0.7736535079551523,
                "f1-score": 0.7729112752773697,
                "support": 4700.0
            },
            "weighted avg": {
                "precision": 0.7748823179553489,
                "recall": 0.7729787234042553,
                "f1-score": 0.7728313367566162,
                "support": 4700.0
            },
            "cross-entropy": 0.4788283543310863,
            "roc-auc": 0.8528412759257099,
            "score": 0.7729787234042553
        }
    }
}