{
    "function": "bin.model.main",
    "gpus": [
        "NVIDIA GeForce RTX 4090"
    ],
    "config": {
        "seed": 12,
        "batch_size": 128,
        "patience": 16,
        "n_epochs": -1,
        "gradient_clipping_norm": 1.0,
        "amp": true,
        "data": {
            "cache": true,
            "path": "data/regression-num-medium-1-cpu_act",
            "num_policy": "noisy-quantile"
        },
        "optimizer": {
            "type": "AdamW",
            "lr": 0.00040973773756855373,
            "weight_decay": 0.0023358825194833557
        },
        "model": {
            "arch_type": "taba-moe",
            "k": 32,
            "share_training_batches": false,
            "backbone": {
                "type": "MLP",
                "n_blocks": 6,
                "d_block": 80,
                "dropout": 0.0
            },
            "num_embeddings": {
                "type": "PiecewiseLinearEmbeddingsV2",
                "d_embedding": 24
            }
        },
        "bins": {
            "n_bins": 121
        }
    },
    "n_parameters": 206288,
    "prediction_type": "labels",
    "epoch_size": 45,
    "best_step": 1665,
    "metrics": {
        "train": {
            "rmse": 1.8604821507234086,
            "mae": 1.3755978345870972,
            "r2": 0.9891923659942652,
            "score": -1.8604821507234086
        },
        "val": {
            "rmse": 2.207971531242167,
            "mae": 1.605778455734253,
            "r2": 0.9891265096255573,
            "score": -2.207971531242167
        },
        "test": {
            "rmse": 2.321300565942258,
            "mae": 1.670731782913208,
            "r2": 0.9846824409411874,
            "score": -2.321300565942258
        }
    },
    "time": "0:00:48.651265",
    "chunk_size": null,
    "eval_batch_size": 32768
}