{
    "function": "bin.model.main",
    "gpus": [
        "NVIDIA GeForce RTX 4090"
    ],
    "config": {
        "seed": 4,
        "batch_size": 32,
        "patience": 16,
        "n_epochs": -1,
        "amp": true,
        "data": {
            "cache": true,
            "path": "data/classif-num-medium-3-phoneme",
            "num_policy": "noisy-quantile"
        },
        "optimizer": {
            "type": "AdamW",
            "lr": 0.00023164913230846828,
            "weight_decay": 0.0
        },
        "model": {
            "arch_type": "tabr-pln",
            "k": 32,
            "context_size": 96,
            "d_main": 148,
            "context_dropout": 0.5624631919776238,
            "d_multiplier": 2.0,
            "encoder_n_blocks": 1,
            "predictor_n_blocks": 1,
            "mixer_normalization": "auto",
            "dropout0": 0.0,
            "dropout1": 0.0,
            "normalization": "LayerNorm",
            "activation": "ReLU",
            "num_embeddings": {
                "type": "PeriodicEmbeddings",
                "n_frequencies": 49,
                "frequency_init_scale": 0.4364104553251908,
                "d_embedding": 17,
                "lite": true
            }
        }
    },
    "n_parameters": 311398,
    "prediction_type": "probs",
    "epoch_size": 70,
    "best_step": 70,
    "metrics": {
        "train": {
            "0": {
                "precision": 0.9066293183940243,
                "recall": 0.8487762237762237,
                "f1-score": 0.8767494356659142,
                "support": 1144.0
            },
            "1": {
                "precision": 0.8494342906875544,
                "recall": 0.9070631970260223,
                "f1-score": 0.8773033707865169,
                "support": 1076.0
            },
            "accuracy": 0.8770270270270271,
            "macro avg": {
                "precision": 0.8780318045407893,
                "recall": 0.877919710401123,
                "f1-score": 0.8770264032262156,
                "support": 2220.0
            },
            "weighted avg": {
                "precision": 0.8789077644245821,
                "recall": 0.8770270270270271,
                "f1-score": 0.8770179195351793,
                "support": 2220.0
            },
            "cross-entropy": 0.32367477938652894,
            "roc-auc": 0.9418003580991499,
            "score": 0.8770270270270271
        },
        "val": {
            "0": {
                "precision": 0.9076923076923077,
                "recall": 0.8939393939393939,
                "f1-score": 0.900763358778626,
                "support": 132.0
            },
            "1": {
                "precision": 0.9096774193548387,
                "recall": 0.9215686274509803,
                "f1-score": 0.9155844155844156,
                "support": 153.0
            },
            "accuracy": 0.9087719298245615,
            "macro avg": {
                "precision": 0.9086848635235731,
                "recall": 0.9077540106951871,
                "f1-score": 0.9081738871815208,
                "support": 285.0
            },
            "weighted avg": {
                "precision": 0.9087579992164033,
                "recall": 0.9087719298245615,
                "f1-score": 0.908719926116471,
                "support": 285.0
            },
            "cross-entropy": 0.280553610187449,
            "roc-auc": 0.9516488413547237,
            "score": 0.9087719298245615
        },
        "test": {
            "0": {
                "precision": 0.8865979381443299,
                "recall": 0.832258064516129,
                "f1-score": 0.8585690515806988,
                "support": 310.0
            },
            "1": {
                "precision": 0.8617021276595744,
                "recall": 0.907563025210084,
                "f1-score": 0.8840381991814461,
                "support": 357.0
            },
            "accuracy": 0.8725637181409296,
            "macro avg": {
                "precision": 0.8741500329019521,
                "recall": 0.8699105448631066,
                "f1-score": 0.8713036253810724,
                "support": 667.0
            },
            "weighted avg": {
                "precision": 0.8732728941517396,
                "recall": 0.8725637181409296,
                "f1-score": 0.872200964164607,
                "support": 667.0
            },
            "cross-entropy": 0.3404659363901144,
            "roc-auc": 0.9293846570886419,
            "score": 0.8725637181409296
        }
    },
    "time": "0:00:18.779281",
    "chunk_size": null,
    "eval_batch_size": 32768,
    "heads": [
        9
    ],
    "head_selection_time": "0:00:00.376798"
}