{
    "function": "bin.model.main",
    "gpus": [
        "NVIDIA GeForce RTX 4090"
    ],
    "config": {
        "seed": 14,
        "batch_size": 32,
        "patience": 16,
        "n_epochs": -1,
        "gradient_clipping_norm": 1.0,
        "amp": true,
        "data": {
            "cache": true,
            "path": "data/classif-num-medium-4-phoneme",
            "num_policy": "noisy-quantile"
        },
        "optimizer": {
            "type": "AdamW",
            "lr": 0.0017800583016253026,
            "weight_decay": 0.09711988921911442
        },
        "model": {
            "arch_type": "tabm-mini",
            "k": 32,
            "share_training_batches": false,
            "backbone": {
                "type": "MLP",
                "n_blocks": 4,
                "d_block": 416,
                "dropout": 0.24948702089446143
            },
            "num_embeddings": {
                "type": "PiecewiseLinearEmbeddingsV2",
                "d_embedding": 28
            }
        },
        "bins": {
            "n_bins": 6
        }
    },
    "n_parameters": 611220,
    "prediction_type": "probs",
    "epoch_size": 70,
    "best_step": 2450,
    "metrics": {
        "train": {
            "0": {
                "precision": 0.9273693534100974,
                "recall": 0.9440937781785392,
                "f1-score": 0.935656836461126,
                "support": 1109.0
            },
            "1": {
                "precision": 0.9431714023831348,
                "recall": 0.9261926192619262,
                "f1-score": 0.9346049046321527,
                "support": 1111.0
            },
            "accuracy": 0.9351351351351351,
            "macro avg": {
                "precision": 0.935270377896616,
                "recall": 0.9351431987202328,
                "f1-score": 0.9351308705466393,
                "support": 2220.0
            },
            "weighted avg": {
                "precision": 0.9352774959366941,
                "recall": 0.9351351351351351,
                "f1-score": 0.935130396703473,
                "support": 2220.0
            },
            "cross-entropy": 0.17036481036811488,
            "roc-auc": 0.9850060749988434,
            "score": 0.9351351351351351
        },
        "val": {
            "0": {
                "precision": 0.9517241379310345,
                "recall": 0.9261744966442953,
                "f1-score": 0.9387755102040818,
                "support": 149.0
            },
            "1": {
                "precision": 0.9214285714285714,
                "recall": 0.9485294117647058,
                "f1-score": 0.934782608695652,
                "support": 136.0
            },
            "accuracy": 0.9368421052631579,
            "macro avg": {
                "precision": 0.9365763546798029,
                "recall": 0.9373519542045006,
                "f1-score": 0.9367790594498668,
                "support": 285.0
            },
            "weighted avg": {
                "precision": 0.9372673061965258,
                "recall": 0.9368421052631579,
                "f1-score": 0.9368701256246206,
                "support": 285.0
            },
            "cross-entropy": 0.22012303866939706,
            "roc-auc": 0.9701934465061193,
            "score": 0.9368421052631579
        },
        "test": {
            "0": {
                "precision": 0.878419452887538,
                "recall": 0.8810975609756098,
                "f1-score": 0.8797564687975648,
                "support": 328.0
            },
            "1": {
                "precision": 0.8846153846153846,
                "recall": 0.8820058997050148,
                "f1-score": 0.8833087149187592,
                "support": 339.0
            },
            "accuracy": 0.881559220389805,
            "macro avg": {
                "precision": 0.8815174187514613,
                "recall": 0.8815517303403122,
                "f1-score": 0.881532591858162,
                "support": 667.0
            },
            "weighted avg": {
                "precision": 0.8815685096427703,
                "recall": 0.881559220389805,
                "f1-score": 0.8815618832429695,
                "support": 667.0
            },
            "cross-entropy": 0.29008014376454916,
            "roc-auc": 0.9516736815598245,
            "score": 0.881559220389805
        }
    },
    "time": "0:00:31.805447",
    "chunk_size": null,
    "eval_batch_size": 32768,
    "heads": [
        8
    ],
    "head_selection_time": "0:00:00.190711"
}