{
    "function": "bin.model.main",
    "gpus": [
        "NVIDIA GeForce RTX 4090"
    ],
    "config": {
        "seed": 0,
        "batch_size": 256,
        "patience": 16,
        "n_epochs": -1,
        "gradient_clipping_norm": 1.0,
        "amp": true,
        "data": {
            "cache": true,
            "path": "data/classif-num-medium-0-bank-marketing",
            "num_policy": "noisy-quantile"
        },
        "optimizer": {
            "type": "AdamW",
            "lr": 0.00021093796336158437,
            "weight_decay": 0.0
        },
        "model": {
            "arch_type": "tabrmv2-mini",
            "sample_rate": 0.3517531571762772,
            "k": 80,
            "backbone": {
                "n_blocks": 5,
                "d_block": 208,
                "dropout": 0.0
            },
            "num_embeddings": {
                "type": "PeriodicEmbeddings",
                "n_frequencies": 24,
                "d_embedding": 32,
                "frequency_init_scale": 0.18534563051916642,
                "lite": false
            }
        }
    },
    "n_parameters": 1113080,
    "prediction_type": "probs",
    "epoch_size": 29,
    "best_step": 493,
    "metrics": {
        "train": {
            "0": {
                "precision": 0.8484257453329618,
                "recall": 0.8159163987138264,
                "f1-score": 0.8318535719164049,
                "support": 3732.0
            },
            "1": {
                "precision": 0.8199213630406291,
                "recall": 0.8518518518518519,
                "f1-score": 0.8355816749031655,
                "support": 3672.0
            },
            "accuracy": 0.8337385197190708,
            "macro avg": {
                "precision": 0.8341735541867954,
                "recall": 0.8338841252828391,
                "f1-score": 0.8337176234097852,
                "support": 7404.0
            },
            "weighted avg": {
                "precision": 0.8342890500631825,
                "recall": 0.8337385197190708,
                "f1-score": 0.8337025176440365,
                "support": 7404.0
            },
            "cross-entropy": 0.3752910679046226,
            "roc-auc": 0.912768033109397,
            "score": 0.8337385197190708
        },
        "val": {
            "0": {
                "precision": 0.8585131894484412,
                "recall": 0.7850877192982456,
                "f1-score": 0.820160366552119,
                "support": 456.0
            },
            "1": {
                "precision": 0.8168224299065421,
                "recall": 0.8810483870967742,
                "f1-score": 0.8477206595538312,
                "support": 496.0
            },
            "accuracy": 0.8350840336134454,
            "macro avg": {
                "precision": 0.8376678096774917,
                "recall": 0.8330680531975099,
                "f1-score": 0.8339405130529751,
                "support": 952.0
            },
            "weighted avg": {
                "precision": 0.8367919533845948,
                "recall": 0.8350840336134454,
                "f1-score": 0.8345195108051119,
                "support": 952.0
            },
            "cross-entropy": 0.4126997255727487,
            "roc-auc": 0.893556345500849,
            "score": 0.8350840336134454
        },
        "test": {
            "0": {
                "precision": 0.8068391866913124,
                "recall": 0.7929155313351499,
                "f1-score": 0.799816765918461,
                "support": 1101.0
            },
            "1": {
                "precision": 0.8,
                "recall": 0.8135593220338984,
                "f1-score": 0.8067226890756303,
                "support": 1121.0
            },
            "accuracy": 0.8033303330333034,
            "macro avg": {
                "precision": 0.8034195933456563,
                "recall": 0.8032374266845241,
                "f1-score": 0.8032697274970456,
                "support": 2222.0
            },
            "weighted avg": {
                "precision": 0.8033888139276035,
                "recall": 0.8033303330333034,
                "f1-score": 0.803300807259229,
                "support": 2222.0
            },
            "cross-entropy": 0.44493133049668576,
            "roc-auc": 0.8806680489150648,
            "score": 0.8033303330333034
        }
    },
    "time": "0:00:20.761101",
    "chunk_size": null,
    "eval_batch_size": 32768,
    "heads": [
        71
    ],
    "head_selection_time": "0:00:00.457951"
}