{
    "function": "bin.ensemble.main",
    "config": {
        "seeds": [
            0,
            1,
            2,
            3,
            4
        ],
        "data": {
            "path": "data/regression-num-medium-0-fifa"
        }
    },
    "single_model_function": "bin.model.main",
    "prediction_type": "labels",
    "metrics": {
        "train": {
            "rmse": 0.7417249744154915,
            "mae": 0.5486548542976379,
            "r2": 0.7018544946889579,
            "score": -0.7417249744154915
        },
        "val": {
            "rmse": 0.7608535547970987,
            "mae": 0.565697431564331,
            "r2": 0.6919152706234235,
            "score": -0.7608535547970987
        },
        "test": {
            "rmse": 0.7994265751310287,
            "mae": 0.5894454717636108,
            "r2": 0.6539500908600762,
            "score": -0.7994265751310287
        }
    }
}