{
    "function": "bin.ensemble.main",
    "config": {
        "seeds": [
            5,
            6,
            7,
            8,
            9
        ],
        "data": {
            "path": "data/regression-num-medium-2-wine_quality"
        }
    },
    "single_model_function": "bin.model.main",
    "prediction_type": "labels",
    "metrics": {
        "train": {
            "rmse": 0.5710736512536484,
            "mae": 0.41313648223876953,
            "r2": 0.5767231959643428,
            "score": -0.5710736512536484
        },
        "val": {
            "rmse": 0.5772578721449304,
            "mae": 0.4326091408729553,
            "r2": 0.5537806603149824,
            "score": -0.5772578721449304
        },
        "test": {
            "rmse": 0.6226282178056206,
            "mae": 0.44270047545433044,
            "r2": 0.476335883256122,
            "score": -0.6226282178056206
        }
    }
}