{
    "function": "bin.qtab.main",
    "gpus": [
        "NVIDIA GeForce RTX 4090"
    ],
    "config": {
        "seed": 9,
        "batch_size": 256,
        "patience": 16,
        "n_epochs": -1,
        "amp": true,
        "data": {
            "cache": true,
            "path": "data/sberbank-housing",
            "num_policy": "noisy-quantile",
            "cat_policy": "ordinal"
        },
        "optimizer": {
            "type": "AdamW",
            "lr": 0.0009277657330477261,
            "weight_decay": 0.0
        },
        "model": {
            "distance_metric": "cossim",
            "encoder_n_blocks": 1,
            "temperature": 0.01,
            "momentum": 0.999,
            "queue_ratio": 64,
            "d_main": 1024,
            "d_multiplier": 2.0,
            "mixer_normalization": "auto",
            "dropout0": 0.08601197244542784,
            "dropout1": 0.0,
            "normalization": "LayerNorm",
            "activation": "ReLU",
            "num_embeddings": {
                "type": "PeriodicEmbeddings",
                "n_frequencies": 92,
                "frequency_init_scale": 1.2229065947034368,
                "d_embedding": 36,
                "lite": true
            }
        }
    },
    "n_parameters": 17895728,
    "prediction_type": "labels",
    "epoch_size": 74,
    "best_step": 370,
    "metrics": {
        "train": {
            "rmse": 0.2525633733130604,
            "mae": 0.1284668892621994,
            "r2": 0.592474698291309,
            "score": -0.2525633733130604
        },
        "val": {
            "rmse": 0.24658518874158022,
            "mae": 0.14073070883750916,
            "r2": 0.5938511737079625,
            "score": -0.24658518874158022
        },
        "test": {
            "rmse": 0.2727168395700132,
            "mae": 0.19094951450824738,
            "r2": 0.49176621709877366,
            "score": -0.2727168395700132
        }
    },
    "time": "0:00:24.820807",
    "chunk_size": null,
    "eval_batch_size": 32768
}