{
    "function": "bin.model.main",
    "gpus": [
        "NVIDIA GeForce RTX 4090"
    ],
    "config": {
        "seed": 7,
        "batch_size": 256,
        "patience": 16,
        "n_epochs": -1,
        "amp": true,
        "data": {
            "cache": true,
            "path": "data/classif-num-medium-0-MagicTelescope",
            "num_policy": "noisy-quantile"
        },
        "optimizer": {
            "type": "AdamW",
            "lr": 0.0007116049293777392,
            "weight_decay": 1.5598376860141254e-05
        },
        "model": {
            "aux_loss_weight": 0.9964265600079641,
            "arch_type": "retransformer",
            "k": 1,
            "context_size": 96,
            "d_main": 343,
            "context_dropout": 0.0,
            "d_multiplier": 2.0,
            "encoder_n_blocks": 1,
            "predictor_n_blocks": 2,
            "mixer_normalization": "auto",
            "dropout0": 0.5340909767505507,
            "dropout1": 0.0,
            "normalization": "LayerNorm",
            "activation": "ReLU",
            "num_embeddings": {
                "type": "PeriodicEmbeddings",
                "n_frequencies": 55,
                "frequency_init_scale": 0.01860890429504746,
                "d_embedding": 56,
                "lite": true
            }
        }
    },
    "n_parameters": 3155510,
    "prediction_type": "probs",
    "epoch_size": 37,
    "best_step": 851,
    "metrics": {
        "train": {
            "0": {
                "precision": 0.8430579626420182,
                "recall": 0.9287229529062367,
                "f1-score": 0.883819521550419,
                "support": 4714.0
            },
            "1": {
                "precision": 0.9194244604316547,
                "recall": 0.8246934824693483,
                "f1-score": 0.8694863363193106,
                "support": 4649.0
            },
            "accuracy": 0.8770693153903664,
            "macro avg": {
                "precision": 0.8812412115368364,
                "recall": 0.8767082176877925,
                "f1-score": 0.8766529289348648,
                "support": 9363.0
            },
            "weighted avg": {
                "precision": 0.8809761350465916,
                "recall": 0.8770693153903664,
                "f1-score": 0.876702680992967,
                "support": 9363.0
            },
            "cross-entropy": 0.27981524316403916,
            "roc-auc": 0.9501784499711756,
            "score": 0.8770693153903664
        },
        "val": {
            "0": {
                "precision": 0.8375,
                "recall": 0.9225473321858864,
                "f1-score": 0.8779688779688779,
                "support": 581.0
            },
            "1": {
                "precision": 0.9200710479573713,
                "recall": 0.8327974276527331,
                "f1-score": 0.8742616033755274,
                "support": 622.0
            },
            "accuracy": 0.8761429758935994,
            "macro avg": {
                "precision": 0.8787855239786857,
                "recall": 0.8776723799193098,
                "f1-score": 0.8761152406722026,
                "support": 1203.0
            },
            "weighted avg": {
                "precision": 0.8801925950369783,
                "recall": 0.8761429758935994,
                "f1-score": 0.8760520660012435,
                "support": 1203.0
            },
            "cross-entropy": 0.30681128795531676,
            "roc-auc": 0.9395348965914184,
            "score": 0.8761429758935994
        },
        "test": {
            "0": {
                "precision": 0.817363344051447,
                "recall": 0.9124192390524049,
                "f1-score": 0.8622795115332428,
                "support": 1393.0
            },
            "1": {
                "precision": 0.902788844621514,
                "recall": 0.799576570218772,
                "f1-score": 0.8480538922155688,
                "support": 1417.0
            },
            "accuracy": 0.8555160142348754,
            "macro avg": {
                "precision": 0.8600760943364805,
                "recall": 0.8559979046355884,
                "f1-score": 0.8551667018744058,
                "support": 2810.0
            },
            "weighted avg": {
                "precision": 0.8604409007446088,
                "recall": 0.8555160142348754,
                "f1-score": 0.855105951898672,
                "support": 2810.0
            },
            "cross-entropy": 0.332572810196902,
            "roc-auc": 0.9307726757590756,
            "score": 0.8555160142348754
        }
    },
    "time": "0:02:02.299363",
    "chunk_size": null,
    "eval_batch_size": 32768
}