{
    "function": "bin.model.main",
    "gpus": [
        "NVIDIA GeForce RTX 4090"
    ],
    "config": {
        "seed": 8,
        "batch_size": 256,
        "patience": 16,
        "n_epochs": -1,
        "gradient_clipping_norm": 1.0,
        "amp": true,
        "data": {
            "cache": true,
            "path": "data/sberbank-housing",
            "num_policy": "noisy-quantile",
            "cat_policy": "ordinal"
        },
        "optimizer": {
            "type": "AdamW",
            "lr": 3.03137955498814e-05,
            "weight_decay": 0.044361224949735344
        },
        "model": {
            "arch_type": "tabrmv3",
            "sample_rate": 0.47909985495762053,
            "k": 4,
            "backbone": {
                "ensemble_type": "mini",
                "context_size": 64,
                "n_blocks": 1,
                "d_block": 544,
                "dropout": 0.0020779615874243606
            },
            "num_embeddings": {
                "type": "PeriodicEmbeddings",
                "n_frequencies": 96,
                "d_embedding": 28,
                "frequency_init_scale": 0.017059077007511598,
                "lite": false
            }
        }
    },
    "n_parameters": 9163280,
    "prediction_type": "labels",
    "epoch_size": 74,
    "best_step": 1036,
    "metrics": {
        "train": {
            "rmse": 0.2695375110064885,
            "mae": 0.13958723843097687,
            "r2": 0.5358565123668997,
            "score": -0.2695375110064885
        },
        "val": {
            "rmse": 0.25598623319485914,
            "mae": 0.15422452986240387,
            "r2": 0.5622919931101512,
            "score": -0.25598623319485914
        },
        "test": {
            "rmse": 0.2595305849419328,
            "mae": 0.16767281293869019,
            "r2": 0.5397257451371267,
            "score": -0.2595305849419328
        }
    },
    "time": "0:06:27.306759",
    "chunk_size": null,
    "eval_batch_size": 32768,
    "heads": [
        0
    ],
    "head_selection_time": "0:00:00.003193"
}