{
    "function": "bin.model.main",
    "gpus": [
        "NVIDIA GeForce RTX 4090"
    ],
    "config": {
        "seed": 14,
        "batch_size": 128,
        "patience": 16,
        "n_epochs": -1,
        "amp": true,
        "data": {
            "cache": true,
            "path": "data/regression-num-medium-0-cpu_act",
            "num_policy": "noisy-quantile"
        },
        "optimizer": {
            "type": "AdamW",
            "lr": 0.00018163062035007248,
            "weight_decay": 2.0018309776762446e-05
        },
        "model": {
            "arch_type": "tabr-pln",
            "k": 32,
            "context_size": 96,
            "d_main": 245,
            "context_dropout": 0.0,
            "d_multiplier": 2.0,
            "encoder_n_blocks": 1,
            "predictor_n_blocks": 1,
            "mixer_normalization": "auto",
            "dropout0": 0.3507300700597178,
            "dropout1": 0.0,
            "normalization": "LayerNorm",
            "activation": "ReLU",
            "num_embeddings": {
                "type": "PeriodicEmbeddings",
                "n_frequencies": 89,
                "frequency_init_scale": 0.026156754909120453,
                "d_embedding": 24,
                "lite": true
            }
        }
    },
    "n_parameters": 929816,
    "prediction_type": "labels",
    "epoch_size": 45,
    "best_step": 990,
    "metrics": {
        "train": {
            "rmse": 2.45886210773147,
            "mae": 1.808716058731079,
            "r2": 0.9818448222083777,
            "score": -2.45886210773147
        },
        "val": {
            "rmse": 2.456699464165828,
            "mae": 1.8079502582550049,
            "r2": 0.9821728221398992,
            "score": -2.456699464165828
        },
        "test": {
            "rmse": 2.4736493904892565,
            "mae": 1.8002657890319824,
            "r2": 0.9828657006093049,
            "score": -2.4736493904892565
        }
    },
    "time": "0:00:29.362587",
    "chunk_size": null,
    "eval_batch_size": 32768
}