{
    "function": "bin.model.main",
    "gpus": [
        "NVIDIA GeForce RTX 4090"
    ],
    "config": {
        "seed": 2,
        "batch_size": 256,
        "patience": 16,
        "n_epochs": -1,
        "gradient_clipping_norm": 1.0,
        "amp": true,
        "data": {
            "cache": true,
            "path": "data/house",
            "num_policy": "noisy-quantile"
        },
        "optimizer": {
            "type": "AdamW",
            "lr": 0.0003333991503448506,
            "weight_decay": 0.0
        },
        "model": {
            "p": 23,
            "arch_type": "tabm-rankp",
            "k": 32,
            "share_training_batches": false,
            "backbone": {
                "type": "MLP",
                "n_blocks": 4,
                "d_block": 800,
                "dropout": 0.0
            },
            "num_embeddings": {
                "type": "PiecewiseLinearEmbeddingsV2",
                "d_embedding": 8
            }
        },
        "bins": {
            "n_bins": 2
        }
    },
    "n_parameters": 4527520,
    "prediction_type": "labels",
    "epoch_size": 57,
    "best_step": 12198,
    "metrics": {
        "train": {
            "rmse": 11726.724350815108,
            "mae": 7953.658203125,
            "r2": 0.9493594053691881,
            "score": -11726.724350815108
        },
        "val": {
            "rmse": 28863.637470007136,
            "mae": 14433.9306640625,
            "r2": 0.7204312119590738,
            "score": -28863.637470007136
        },
        "test": {
            "rmse": 30646.621738782236,
            "mae": 14755.0458984375,
            "r2": 0.6746632968767994,
            "score": -30646.621738782236
        }
    },
    "time": "0:03:16.435199",
    "chunk_size": null,
    "eval_batch_size": 32768
}