{
    "function": "bin.model.main",
    "gpus": [
        "NVIDIA GeForce RTX 4090"
    ],
    "config": {
        "seed": 3,
        "batch_size": 64,
        "patience": 16,
        "n_epochs": -1,
        "gradient_clipping_norm": 1.0,
        "amp": true,
        "data": {
            "cache": true,
            "path": "data/classif-cat-medium-2-KDDCup09_upselling",
            "num_policy": "noisy-quantile",
            "cat_policy": "ordinal"
        },
        "optimizer": {
            "type": "AdamW",
            "lr": 0.00011922061412268883,
            "weight_decay": 0.0002689074242379583
        },
        "model": {
            "arch_type": "tabrmv3",
            "sample_rate": 0.4751006867674446,
            "k": 8,
            "backbone": {
                "embed_type": "tabr",
                "ensemble_type": "mini-resnet",
                "context_shuffle": false,
                "context_size": 192,
                "encoder_n_blocks": 1,
                "n_blocks": 1,
                "d_block": 96,
                "dropout": 0.0
            },
            "num_embeddings": {
                "type": "PeriodicEmbeddings",
                "n_frequencies": 88,
                "d_embedding": 16,
                "frequency_init_scale": 7.283242467148728,
                "lite": false
            }
        }
    },
    "n_parameters": 216800,
    "prediction_type": "probs",
    "epoch_size": 57,
    "best_step": 114,
    "metrics": {
        "train": {
            "0": {
                "precision": 0.7049250535331906,
                "recall": 0.922645739910314,
                "f1-score": 0.7992231124059237,
                "support": 1784.0
            },
            "1": {
                "precision": 0.8899521531100478,
                "recall": 0.6182825484764543,
                "f1-score": 0.7296502124877411,
                "support": 1805.0
            },
            "accuracy": 0.7695736974087489,
            "macro avg": {
                "precision": 0.7974386033216192,
                "recall": 0.7704641441933842,
                "f1-score": 0.7644366624468324,
                "support": 3589.0
            },
            "weighted avg": {
                "precision": 0.7979799197177063,
                "recall": 0.7695736974087489,
                "f1-score": 0.7642331195521149,
                "support": 3589.0
            },
            "cross-entropy": 0.6148399540495184,
            "roc-auc": 0.8386474727649902,
            "score": 0.7695736974087489
        },
        "val": {
            "0": {
                "precision": 0.7301587301587301,
                "recall": 0.9311740890688259,
                "f1-score": 0.8185053380782917,
                "support": 247.0
            },
            "1": {
                "precision": 0.8827586206896552,
                "recall": 0.6009389671361502,
                "f1-score": 0.7150837988826815,
                "support": 213.0
            },
            "accuracy": 0.7782608695652173,
            "macro avg": {
                "precision": 0.8064586754241927,
                "recall": 0.766056528102488,
                "f1-score": 0.7667945684804867,
                "support": 460.0
            },
            "weighted avg": {
                "precision": 0.8008191142523976,
                "recall": 0.7782608695652173,
                "f1-score": 0.7706166688420635,
                "support": 460.0
            },
            "cross-entropy": 0.6137156620024954,
            "roc-auc": 0.8281633118549352,
            "score": 0.7782608695652173
        },
        "test": {
            "0": {
                "precision": 0.7043478260869566,
                "recall": 0.9152542372881356,
                "f1-score": 0.7960687960687961,
                "support": 531.0
            },
            "1": {
                "precision": 0.8837209302325582,
                "recall": 0.6263736263736264,
                "f1-score": 0.7331189710610931,
                "support": 546.0
            },
            "accuracy": 0.7688022284122563,
            "macro avg": {
                "precision": 0.7940343781597574,
                "recall": 0.770813931830881,
                "f1-score": 0.7645938835649446,
                "support": 1077.0
            },
            "weighted avg": {
                "precision": 0.7952834944838911,
                "recall": 0.7688022284122563,
                "f1-score": 0.7641555143100164,
                "support": 1077.0
            },
            "cross-entropy": 0.6145077448227124,
            "roc-auc": 0.848402695860323,
            "score": 0.7688022284122563
        }
    },
    "time": "0:00:21.625465",
    "chunk_size": null,
    "eval_batch_size": 32768,
    "heads": [
        3
    ],
    "head_selection_time": "0:00:00.059728"
}