{
    "function": "bin.model.main",
    "gpus": [
        "NVIDIA GeForce RTX 4090"
    ],
    "config": {
        "seed": 12,
        "batch_size": 128,
        "patience": 16,
        "n_epochs": -1,
        "amp": true,
        "data": {
            "cache": true,
            "path": "data/regression-num-medium-1-wine_quality",
            "num_policy": "noisy-quantile"
        },
        "optimizer": {
            "type": "AdamW",
            "lr": 4.8089365858342414e-05,
            "weight_decay": 2.4088354508657446e-05
        },
        "model": {
            "arch_type": "tabr-pln",
            "k": 32,
            "context_size": 96,
            "d_main": 238,
            "context_dropout": 0.0,
            "d_multiplier": 2.0,
            "encoder_n_blocks": 1,
            "predictor_n_blocks": 2,
            "mixer_normalization": "auto",
            "dropout0": 0.0,
            "dropout1": 0.0,
            "normalization": "LayerNorm",
            "activation": "ReLU",
            "num_embeddings": {
                "type": "PeriodicEmbeddings",
                "n_frequencies": 38,
                "frequency_init_scale": 0.10358110005034273,
                "d_embedding": 39,
                "lite": true
            }
        }
    },
    "n_parameters": 1103696,
    "prediction_type": "labels",
    "epoch_size": 36,
    "best_step": 828,
    "metrics": {
        "train": {
            "rmse": 0.5697398772987086,
            "mae": 0.41064032912254333,
            "r2": 0.5804344141031383,
            "score": -0.5697398772987086
        },
        "val": {
            "rmse": 0.5902225465428743,
            "mae": 0.43892061710357666,
            "r2": 0.5187294774512741,
            "score": -0.5902225465428743
        },
        "test": {
            "rmse": 0.6125290503716616,
            "mae": 0.44292303919792175,
            "r2": 0.4928146660543372,
            "score": -0.6125290503716616
        }
    },
    "time": "0:00:26.932445",
    "chunk_size": null,
    "eval_batch_size": 32768
}