{
    "function": "bin.ensemble.main",
    "config": {
        "seeds": [
            0,
            1,
            2,
            3,
            4
        ],
        "data": {
            "path": "data/regression-num-medium-1-wine_quality"
        }
    },
    "single_model_function": "bin.model.main",
    "prediction_type": "labels",
    "metrics": {
        "train": {
            "rmse": 0.5343208754049612,
            "mae": 0.40005868673324585,
            "r2": 0.6309791674543547,
            "score": -0.5343208754049612
        },
        "val": {
            "rmse": 0.6025397302262178,
            "mae": 0.45970532298088074,
            "r2": 0.4984329260966449,
            "score": -0.6025397302262178
        },
        "test": {
            "rmse": 0.6323514601093905,
            "mae": 0.4680841267108917,
            "r2": 0.4594568159214458,
            "score": -0.6323514601093905
        }
    }
}