{
    "function": "bin.model.main",
    "gpus": [
        "NVIDIA GeForce RTX 4090"
    ],
    "config": {
        "seed": 1,
        "batch_size": 256,
        "patience": 16,
        "n_epochs": -1,
        "gradient_clipping_norm": 1.0,
        "amp": true,
        "data": {
            "cache": true,
            "path": "data/classif-num-medium-2-MagicTelescope",
            "num_policy": "noisy-quantile"
        },
        "optimizer": {
            "type": "AdamW",
            "lr": 0.0009076073307843169,
            "weight_decay": 0.012395767515047637
        },
        "model": {
            "arch_type": "tabrmv2",
            "sample_rate": 0.25234696716071336,
            "k": 128,
            "backbone": {
                "n_blocks": 2,
                "d_block": 176,
                "dropout": 0.2210610447453998
            },
            "num_embeddings": {
                "type": "PeriodicEmbeddings",
                "n_frequencies": 48,
                "d_embedding": 24,
                "frequency_init_scale": 0.05870158855170163,
                "lite": false
            }
        }
    },
    "n_parameters": 737696,
    "prediction_type": "probs",
    "epoch_size": 37,
    "best_step": 703,
    "metrics": {
        "train": {
            "0": {
                "precision": 0.8640900403482693,
                "recall": 0.8720531504500643,
                "f1-score": 0.8680533333333333,
                "support": 4666.0
            },
            "1": {
                "precision": 0.8717232488182208,
                "recall": 0.8637428145624867,
                "f1-score": 0.8677146829216126,
                "support": 4697.0
            },
            "accuracy": 0.8678842251415144,
            "macro avg": {
                "precision": 0.8679066445832451,
                "recall": 0.8678979825062755,
                "f1-score": 0.867884008127473,
                "support": 9363.0
            },
            "weighted avg": {
                "precision": 0.8679192809958569,
                "recall": 0.8678842251415144,
                "f1-score": 0.8678834475078657,
                "support": 9363.0
            },
            "cross-entropy": 0.30309655267007096,
            "roc-auc": 0.9430063657927592,
            "score": 0.8678842251415144
        },
        "val": {
            "0": {
                "precision": 0.8601973684210527,
                "recall": 0.8716666666666667,
                "f1-score": 0.8658940397350995,
                "support": 600.0
            },
            "1": {
                "precision": 0.8705882352941177,
                "recall": 0.8590381426202321,
                "f1-score": 0.8647746243739567,
                "support": 603.0
            },
            "accuracy": 0.8653366583541147,
            "macro avg": {
                "precision": 0.8653928018575852,
                "recall": 0.8653524046434494,
                "f1-score": 0.8653343320545281,
                "support": 1203.0
            },
            "weighted avg": {
                "precision": 0.8654057580506938,
                "recall": 0.8653366583541147,
                "f1-score": 0.8653329362747759,
                "support": 1203.0
            },
            "cross-entropy": 0.35292300750902356,
            "roc-auc": 0.928032061912659,
            "score": 0.8653366583541147
        },
        "test": {
            "0": {
                "precision": 0.8467302452316077,
                "recall": 0.8741209563994374,
                "f1-score": 0.8602076124567475,
                "support": 1422.0
            },
            "1": {
                "precision": 0.8666169895678092,
                "recall": 0.8378962536023055,
                "f1-score": 0.8520146520146519,
                "support": 1388.0
            },
            "accuracy": 0.8562277580071175,
            "macro avg": {
                "precision": 0.8566736173997085,
                "recall": 0.8560086050008715,
                "f1-score": 0.8561111322356997,
                "support": 2810.0
            },
            "weighted avg": {
                "precision": 0.856553306135041,
                "recall": 0.8562277580071175,
                "f1-score": 0.8561606981885522,
                "support": 2810.0
            },
            "cross-entropy": 0.3268685150374365,
            "roc-auc": 0.934362042340009,
            "score": 0.8562277580071175
        }
    },
    "time": "0:00:28.810349",
    "chunk_size": null,
    "eval_batch_size": 32768
}