{
    "function": "bin.model.main",
    "gpus": [
        "NVIDIA GeForce RTX 4090"
    ],
    "config": {
        "seed": 11,
        "batch_size": 256,
        "patience": 16,
        "n_epochs": -1,
        "gradient_clipping_norm": 1.0,
        "amp": true,
        "data": {
            "cache": true,
            "path": "data/regression-cat-medium-0-OnlineNewsPopularity",
            "num_policy": "noisy-quantile"
        },
        "optimizer": {
            "type": "AdamW",
            "lr": 0.0003877158024443358,
            "weight_decay": 0.00032273210576423504
        },
        "model": {
            "arch_type": "tabm-mini",
            "k": 32,
            "share_training_batches": false,
            "backbone": {
                "type": "MLP",
                "n_blocks": 1,
                "d_block": 640,
                "dropout": 0.2924753371729045
            },
            "num_embeddings": {
                "type": "PiecewiseLinearEmbeddingsV2",
                "d_embedding": 24
            }
        },
        "bins": {
            "n_bins": 13
        }
    },
    "n_parameters": 780848,
    "prediction_type": "labels",
    "epoch_size": 40,
    "best_step": 1320,
    "metrics": {
        "train": {
            "rmse": 0.7937277933453597,
            "mae": 0.5783970355987549,
            "r2": 0.2723105854218405,
            "score": -0.7937277933453597
        },
        "val": {
            "rmse": 0.8466768363719837,
            "mae": 0.6210264563560486,
            "r2": 0.1498391881269292,
            "score": -0.8466768363719837
        },
        "test": {
            "rmse": 0.8665236260285332,
            "mae": 0.6304913759231567,
            "r2": 0.13948688302988643,
            "score": -0.8665236260285332
        }
    },
    "time": "0:00:27.637819",
    "chunk_size": null,
    "eval_batch_size": 32768,
    "heads": [
        23
    ],
    "head_selection_time": "0:00:00.037656"
}