{
    "function": "bin.model.main",
    "gpus": [
        "NVIDIA GeForce RTX 4090"
    ],
    "config": {
        "seed": 14,
        "batch_size": 128,
        "patience": 16,
        "n_epochs": -1,
        "gradient_clipping_norm": 1.0,
        "amp": true,
        "data": {
            "cache": true,
            "path": "data/regression-num-medium-1-cpu_act",
            "num_policy": "noisy-quantile"
        },
        "optimizer": {
            "type": "AdamW",
            "lr": 0.00040973773756855373,
            "weight_decay": 0.0023358825194833557
        },
        "model": {
            "arch_type": "taba-moe",
            "k": 32,
            "share_training_batches": false,
            "backbone": {
                "type": "MLP",
                "n_blocks": 6,
                "d_block": 80,
                "dropout": 0.0
            },
            "num_embeddings": {
                "type": "PiecewiseLinearEmbeddingsV2",
                "d_embedding": 24
            }
        },
        "bins": {
            "n_bins": 121
        }
    },
    "n_parameters": 206288,
    "prediction_type": "labels",
    "epoch_size": 45,
    "best_step": 2025,
    "metrics": {
        "train": {
            "rmse": 2.003460631914586,
            "mae": 1.4707953929901123,
            "r2": 0.9874673986445973,
            "score": -2.003460631914586
        },
        "val": {
            "rmse": 2.2499114125084443,
            "mae": 1.6398333311080933,
            "r2": 0.9887095078451531,
            "score": -2.2499114125084443
        },
        "test": {
            "rmse": 2.329964953965304,
            "mae": 1.6681407690048218,
            "r2": 0.984567880722519,
            "score": -2.329964953965304
        }
    },
    "time": "0:00:55.763229",
    "chunk_size": null,
    "eval_batch_size": 32768
}