{
    "function": "bin.model.main",
    "gpus": [
        "NVIDIA GeForce RTX 4090"
    ],
    "config": {
        "seed": 12,
        "batch_size": 256,
        "patience": 16,
        "n_epochs": -1,
        "gradient_clipping_norm": 1.0,
        "amp": true,
        "data": {
            "cache": true,
            "path": "data/regression-cat-medium-0-Brazilian_houses",
            "num_policy": "noisy-quantile",
            "cat_policy": "ordinal"
        },
        "optimizer": {
            "type": "AdamW",
            "lr": 0.0029463071894834203,
            "weight_decay": 0.0
        },
        "model": {
            "arch_type": "tabm-mini",
            "k": 32,
            "share_training_batches": false,
            "backbone": {
                "type": "MLP",
                "n_blocks": 3,
                "d_block": 880,
                "dropout": 0.2617895663708326
            },
            "num_embeddings": {
                "type": "PiecewiseLinearEmbeddingsV2",
                "d_embedding": 28
            }
        },
        "bins": {
            "n_bins": 41
        }
    },
    "n_parameters": 1801536,
    "prediction_type": "labels",
    "epoch_size": 30,
    "best_step": 450,
    "metrics": {
        "train": {
            "rmse": 0.04502392145459731,
            "mae": 0.014951884746551514,
            "r2": 0.9968511767755385,
            "score": -0.04502392145459731
        },
        "val": {
            "rmse": 0.07529183175382545,
            "mae": 0.017199084162712097,
            "r2": 0.991215458770379,
            "score": -0.07529183175382545
        },
        "test": {
            "rmse": 0.02565916467007416,
            "mae": 0.014926683157682419,
            "r2": 0.9989227990313198,
            "score": -0.02565916467007416
        }
    },
    "time": "0:00:09.903009",
    "chunk_size": null,
    "eval_batch_size": 32768
}