{
    "function": "bin.model.main",
    "gpus": [
        "NVIDIA GeForce RTX 4090"
    ],
    "config": {
        "seed": 3,
        "batch_size": 256,
        "patience": 16,
        "n_epochs": -1,
        "gradient_clipping_norm": 1.0,
        "amp": true,
        "data": {
            "cache": true,
            "path": "data/classif-num-medium-0-credit",
            "num_policy": "noisy-quantile"
        },
        "optimizer": {
            "type": "AdamW",
            "lr": 0.00011273067902286243,
            "weight_decay": 0.0
        },
        "model": {
            "arch_type": "tabrmv3",
            "sample_rate": 0.21685406639804033,
            "k": 8,
            "backbone": {
                "ensemble_type": "mini",
                "context_size": 64,
                "n_blocks": 1,
                "d_block": 368,
                "dropout": 0.0
            },
            "num_embeddings": {
                "type": "PeriodicEmbeddings",
                "n_frequencies": 36,
                "d_embedding": 28,
                "frequency_init_scale": 0.08341380022144985,
                "lite": false
            }
        }
    },
    "n_parameters": 813856,
    "prediction_type": "probs",
    "epoch_size": 40,
    "best_step": 640,
    "metrics": {
        "train": {
            "0": {
                "precision": 0.7390659747961453,
                "recall": 0.7925278219395866,
                "f1-score": 0.7648638281549672,
                "support": 5032.0
            },
            "1": {
                "precision": 0.7732406602953953,
                "recall": 0.71658615136876,
                "f1-score": 0.7438361888842456,
                "support": 4968.0
            },
            "accuracy": 0.7548,
            "macro avg": {
                "precision": 0.7561533175457703,
                "recall": 0.7545569866541733,
                "f1-score": 0.7543500085196064,
                "support": 10000.0
            },
            "weighted avg": {
                "precision": 0.7560439585521728,
                "recall": 0.7548,
                "f1-score": 0.7544172969652727,
                "support": 10000.0
            },
            "cross-entropy": 0.5063182283612401,
            "roc-auc": 0.8326464051967568,
            "score": 0.7548
        },
        "val": {
            "0": {
                "precision": 0.7465309898242368,
                "recall": 0.813508064516129,
                "f1-score": 0.7785817655571636,
                "support": 992.0
            },
            "1": {
                "precision": 0.8017148981779206,
                "recall": 0.7318982387475538,
                "f1-score": 0.7652173913043477,
                "support": 1022.0
            },
            "accuracy": 0.7720953326713009,
            "macro avg": {
                "precision": 0.7741229440010787,
                "recall": 0.7727031516318414,
                "f1-score": 0.7718995784307556,
                "support": 2014.0
            },
            "weighted avg": {
                "precision": 0.7745339462976554,
                "recall": 0.7720953326713009,
                "f1-score": 0.7718000423762411,
                "support": 2014.0
            },
            "cross-entropy": 0.506011439920872,
            "roc-auc": 0.8355251996401742,
            "score": 0.7720953326713009
        },
        "test": {
            "0": {
                "precision": 0.7231193383221741,
                "recall": 0.7869695670810116,
                "f1-score": 0.7536945812807881,
                "support": 2333.0
            },
            "1": {
                "precision": 0.7700138824618232,
                "recall": 0.7029995775242923,
                "f1-score": 0.734982332155477,
                "support": 2367.0
            },
            "accuracy": 0.7446808510638298,
            "macro avg": {
                "precision": 0.7465666103919987,
                "recall": 0.744984572302652,
                "f1-score": 0.7443384567181326,
                "support": 4700.0
            },
            "weighted avg": {
                "precision": 0.7467362289559081,
                "recall": 0.7446808510638298,
                "f1-score": 0.7442707741149134,
                "support": 4700.0
            },
            "cross-entropy": 0.5189580100992925,
            "roc-auc": 0.822910062654252,
            "score": 0.7446808510638298
        }
    },
    "time": "0:01:24.464124",
    "chunk_size": null,
    "eval_batch_size": 32768,
    "heads": [
        0,
        2
    ],
    "head_selection_time": "0:00:00.163727"
}