{
    "function": "bin.model.main",
    "gpus": [
        "NVIDIA GeForce RTX 4090"
    ],
    "config": {
        "seed": 8,
        "batch_size": 512,
        "patience": 16,
        "n_epochs": -1,
        "gradient_clipping_norm": 1.0,
        "amp": true,
        "data": {
            "cache": true,
            "path": "data/higgs-small",
            "num_policy": "noisy-quantile"
        },
        "optimizer": {
            "type": "AdamW",
            "lr": 0.00031035948423689333,
            "weight_decay": 0.0067847794243947965
        },
        "model": {
            "arch_type": "tabrm",
            "sample_rate": 0.08588328571063344,
            "k": 64,
            "backbone": {
                "n_blocks": 4,
                "d_block": 160,
                "dropout": 0.4516596286308666
            },
            "num_embeddings": {
                "type": "PiecewiseLinearEmbeddingsV2",
                "d_embedding": 8
            }
        },
        "bins": {
            "n_bins": 3
        }
    },
    "n_parameters": 541024,
    "prediction_type": "probs",
    "epoch_size": 123,
    "best_step": 7995,
    "metrics": {
        "train": {
            "0": {
                "precision": 0.7411841038118411,
                "recall": 0.772327766885268,
                "f1-score": 0.7564355124406112,
                "support": 29582.0
            },
            "1": {
                "precision": 0.7890434128923135,
                "recall": 0.7594742078446742,
                "f1-score": 0.7739764958906215,
                "support": 33169.0
            },
            "accuracy": 0.7655336169941515,
            "macro avg": {
                "precision": 0.7651137583520773,
                "recall": 0.7659009873649711,
                "f1-score": 0.7652060041656163,
                "support": 62751.0
            },
            "weighted avg": {
                "precision": 0.7664816356900611,
                "recall": 0.7655336169941515,
                "f1-score": 0.7657073468345394,
                "support": 62751.0
            },
            "cross-entropy": 0.5214433508094621,
            "roc-auc": 0.8541738170981328,
            "score": 0.7655336169941515
        },
        "val": {
            "0": {
                "precision": 0.7137771918259723,
                "recall": 0.7320173066522444,
                "f1-score": 0.7227821907749816,
                "support": 7396.0
            },
            "1": {
                "precision": 0.7553992348512897,
                "recall": 0.7381813796430294,
                "f1-score": 0.746691064348887,
                "support": 8292.0
            },
            "accuracy": 0.7352753697093319,
            "macro avg": {
                "precision": 0.734588213338631,
                "recall": 0.7350993431476369,
                "f1-score": 0.7347366275619343,
                "support": 15688.0
            },
            "weighted avg": {
                "precision": 0.7357768081420057,
                "recall": 0.7352753697093319,
                "f1-score": 0.7354193898873492,
                "support": 15688.0
            },
            "cross-entropy": 0.5523214712383947,
            "roc-auc": 0.810100176377265,
            "score": 0.7352753697093319
        },
        "test": {
            "0": {
                "precision": 0.6924666735558541,
                "recall": 0.7248242293131423,
                "f1-score": 0.7082760807525632,
                "support": 9245.0
            },
            "1": {
                "precision": 0.7438840229537904,
                "recall": 0.7128798842257598,
                "f1-score": 0.7280520248300325,
                "support": 10365.0
            },
            "accuracy": 0.7185109637939827,
            "macro avg": {
                "precision": 0.7181753482548223,
                "recall": 0.718852056769451,
                "f1-score": 0.7181640527912978,
                "support": 19610.0
            },
            "weighted avg": {
                "precision": 0.7196436662386491,
                "recall": 0.7185109637939827,
                "f1-score": 0.7187287916328778,
                "support": 19610.0
            },
            "cross-entropy": 0.5606629696752099,
            "roc-auc": 0.7992558995266602,
            "score": 0.7185109637939827
        }
    },
    "time": "0:04:18.451487",
    "chunk_size": null,
    "eval_batch_size": 32768,
    "heads": [
        3
    ],
    "head_selection_time": "0:00:00.857532"
}