{
    "function": "bin.qtabformer.main",
    "gpus": [
        "NVIDIA GeForce RTX 4090"
    ],
    "config": {
        "seed": 2,
        "batch_size": 256,
        "patience": 16,
        "n_epochs": -1,
        "amp": true,
        "data": {
            "cache": true,
            "path": "data/churn",
            "num_policy": "noisy-quantile",
            "cat_policy": "ordinal"
        },
        "optimizer": {
            "type": "AdamW",
            "lr": 0.000729403237984478,
            "weight_decay": 1.9591491791782875e-06
        },
        "model": {
            "num_heads": 4,
            "predictor_n_blocks": 2,
            "encoder_n_blocks": 1,
            "use_multi_output_head": false,
            "dropout1": 0.2300922010090329,
            "use_mlp_head": false,
            "query_expansion_ratio": 4,
            "attention_type": "mqa",
            "use_key_as_value": true,
            "momentum": 0.999,
            "queue_ratio": 64,
            "d_main": 128,
            "d_multiplier": 2.0,
            "mixer_normalization": "auto",
            "dropout0": 0.5566288312727549,
            "num_embeddings": {
                "type": "PeriodicEmbeddings",
                "n_frequencies": 81,
                "frequency_init_scale": 0.055783419248478426,
                "d_embedding": 54,
                "lite": true
            }
        }
    },
    "n_parameters": 423451,
    "prediction_type": "probs",
    "epoch_size": 25,
    "best_step": 275,
    "metrics": {
        "train": {
            "0": {
                "precision": 0.8746031746031746,
                "recall": 0.973116169544741,
                "f1-score": 0.9212335129110162,
                "support": 5096.0
            },
            "1": {
                "precision": 0.8123287671232877,
                "recall": 0.45475460122699385,
                "f1-score": 0.583087512291052,
                "support": 1304.0
            },
            "accuracy": 0.8675,
            "macro avg": {
                "precision": 0.8434659708632312,
                "recall": 0.7139353853858674,
                "f1-score": 0.7521605126010341,
                "support": 6400.0
            },
            "weighted avg": {
                "precision": 0.8619147640791476,
                "recall": 0.8675,
                "f1-score": 0.8523362652846985,
                "support": 6400.0
            },
            "cross-entropy": 0.3178831520237837,
            "roc-auc": 0.8855779614228891,
            "score": 0.8675
        },
        "val": {
            "0": {
                "precision": 0.8742138364779874,
                "recall": 0.9819466248037677,
                "f1-score": 0.9249537892791129,
                "support": 1274.0
            },
            "1": {
                "precision": 0.863905325443787,
                "recall": 0.44785276073619634,
                "f1-score": 0.5898989898989899,
                "support": 326.0
            },
            "accuracy": 0.873125,
            "macro avg": {
                "precision": 0.8690595809608872,
                "recall": 0.714899692769982,
                "f1-score": 0.7574263895890514,
                "support": 1600.0
            },
            "weighted avg": {
                "precision": 0.8721134773547692,
                "recall": 0.873125,
                "f1-score": 0.8566863739054129,
                "support": 1600.0
            },
            "cross-entropy": 0.33878092953873945,
            "roc-auc": 0.8600658762797238,
            "score": 0.873125
        },
        "test": {
            "0": {
                "precision": 0.8668523676880223,
                "recall": 0.9767733835530445,
                "f1-score": 0.9185360094451003,
                "support": 1593.0
            },
            "1": {
                "precision": 0.8195121951219512,
                "recall": 0.41277641277641275,
                "f1-score": 0.5490196078431372,
                "support": 407.0
            },
            "accuracy": 0.862,
            "macro avg": {
                "precision": 0.8431822814049867,
                "recall": 0.6947748981647286,
                "f1-score": 0.7337778086441187,
                "support": 2000.0
            },
            "weighted avg": {
                "precision": 0.8572186425708269,
                "recall": 0.862,
                "f1-score": 0.8433394217191009,
                "support": 2000.0
            },
            "cross-entropy": 0.3487342773825405,
            "roc-auc": 0.8543983120254306,
            "score": 0.862
        }
    },
    "time": "0:00:16.731329",
    "chunk_size": null,
    "eval_batch_size": 32768
}