{
    "function": "bin.ensemble.main",
    "config": {
        "seeds": [
            10,
            11,
            12,
            13,
            14
        ],
        "data": {
            "path": "data/classif-num-medium-3-wine"
        }
    },
    "single_model_function": "bin.model.main",
    "prediction_type": "probs",
    "metrics": {
        "train": {
            "0": {
                "precision": 1.0,
                "recall": 1.0,
                "f1-score": 1.0,
                "support": 901.0
            },
            "1": {
                "precision": 1.0,
                "recall": 1.0,
                "f1-score": 1.0,
                "support": 886.0
            },
            "accuracy": 1.0,
            "macro avg": {
                "precision": 1.0,
                "recall": 1.0,
                "f1-score": 1.0,
                "support": 1787.0
            },
            "weighted avg": {
                "precision": 1.0,
                "recall": 1.0,
                "f1-score": 1.0,
                "support": 1787.0
            },
            "cross-entropy": 0.07382385326133063,
            "roc-auc": 1.0,
            "score": 1.0
        },
        "val": {
            "0": {
                "precision": 0.8333333333333334,
                "recall": 0.7964601769911505,
                "f1-score": 0.8144796380090498,
                "support": 113.0
            },
            "1": {
                "precision": 0.8114754098360656,
                "recall": 0.8461538461538461,
                "f1-score": 0.8284518828451883,
                "support": 117.0
            },
            "accuracy": 0.8217391304347826,
            "macro avg": {
                "precision": 0.8224043715846995,
                "recall": 0.8213070115724983,
                "f1-score": 0.821465760427119,
                "support": 230.0
            },
            "weighted avg": {
                "precision": 0.8222143026847233,
                "recall": 0.8217391304347826,
                "f1-score": 0.8215872582083029,
                "support": 230.0
            },
            "cross-entropy": 0.48282224574553045,
            "roc-auc": 0.869374479993949,
            "score": 0.8217391304347826
        },
        "test": {
            "0": {
                "precision": 0.8232758620689655,
                "recall": 0.7262357414448669,
                "f1-score": 0.7717171717171717,
                "support": 263.0
            },
            "1": {
                "precision": 0.7639344262295082,
                "recall": 0.8503649635036497,
                "f1-score": 0.8048359240069085,
                "support": 274.0
            },
            "accuracy": 0.7895716945996276,
            "macro avg": {
                "precision": 0.7936051441492369,
                "recall": 0.7883003524742582,
                "f1-score": 0.7882765478620402,
                "support": 537.0
            },
            "weighted avg": {
                "precision": 0.7929973640801177,
                "recall": 0.7895716945996276,
                "f1-score": 0.7886157529599797,
                "support": 537.0
            },
            "cross-entropy": 0.5601724546330128,
            "roc-auc": 0.8464655435597125,
            "score": 0.7895716945996276
        }
    }
}