{
    "function": "bin.model.main",
    "gpus": [
        "NVIDIA GeForce RTX 4090"
    ],
    "config": {
        "seed": 10,
        "batch_size": 32,
        "patience": 16,
        "n_epochs": -1,
        "gradient_clipping_norm": 1.0,
        "amp": true,
        "data": {
            "cache": true,
            "path": "data/classif-num-medium-1-wine",
            "num_policy": "noisy-quantile"
        },
        "optimizer": {
            "type": "AdamW",
            "lr": 0.002400317401391972,
            "weight_decay": 0.0
        },
        "model": {
            "arch_type": "taba-moe",
            "k": 32,
            "share_training_batches": false,
            "backbone": {
                "type": "MLP",
                "n_blocks": 8,
                "d_block": 928,
                "dropout": 0.0
            },
            "num_embeddings": {
                "type": "PiecewiseLinearEmbeddingsV2",
                "d_embedding": 8
            }
        },
        "bins": {
            "n_bins": 2
        }
    },
    "n_parameters": 7033672,
    "prediction_type": "probs",
    "epoch_size": 56,
    "best_step": 1288,
    "metrics": {
        "train": {
            "0": {
                "precision": 0.987885462555066,
                "recall": 1.0,
                "f1-score": 0.9939058171745152,
                "support": 897.0
            },
            "1": {
                "precision": 1.0,
                "recall": 0.9876404494382023,
                "f1-score": 0.9937817976257773,
                "support": 890.0
            },
            "accuracy": 0.9938444320089536,
            "macro avg": {
                "precision": 0.9939427312775331,
                "recall": 0.9938202247191011,
                "f1-score": 0.9938438074001463,
                "support": 1787.0
            },
            "weighted avg": {
                "precision": 0.9939190038678758,
                "recall": 0.9938444320089536,
                "f1-score": 0.9938440503035714,
                "support": 1787.0
            },
            "cross-entropy": 0.018793112600540295,
            "roc-auc": 0.9999536532511619,
            "score": 0.9938444320089536
        },
        "val": {
            "0": {
                "precision": 0.7819548872180451,
                "recall": 0.859504132231405,
                "f1-score": 0.8188976377952756,
                "support": 121.0
            },
            "1": {
                "precision": 0.8247422680412371,
                "recall": 0.7339449541284404,
                "f1-score": 0.7766990291262136,
                "support": 109.0
            },
            "accuracy": 0.8,
            "macro avg": {
                "precision": 0.8033485776296411,
                "recall": 0.7967245431799227,
                "f1-score": 0.7977983334607446,
                "support": 230.0
            },
            "weighted avg": {
                "precision": 0.8022323850864272,
                "recall": 0.8,
                "f1-score": 0.7988991667303723,
                "support": 230.0
            },
            "cross-entropy": 1.823407935983047,
            "roc-auc": 0.8318674653120024,
            "score": 0.8
        },
        "test": {
            "0": {
                "precision": 0.752895752895753,
                "recall": 0.752895752895753,
                "f1-score": 0.752895752895753,
                "support": 259.0
            },
            "1": {
                "precision": 0.7697841726618705,
                "recall": 0.7697841726618705,
                "f1-score": 0.7697841726618704,
                "support": 278.0
            },
            "accuracy": 0.7616387337057728,
            "macro avg": {
                "precision": 0.7613399627788118,
                "recall": 0.7613399627788118,
                "f1-score": 0.7613399627788117,
                "support": 537.0
            },
            "weighted avg": {
                "precision": 0.7616387337057728,
                "recall": 0.7616387337057728,
                "f1-score": 0.7616387337057728,
                "support": 537.0
            },
            "cross-entropy": 1.996975179812629,
            "roc-auc": 0.8106997027860336,
            "score": 0.7616387337057728
        }
    },
    "time": "0:00:48.557414",
    "chunk_size": null,
    "eval_batch_size": 32768,
    "heads": [
        4
    ],
    "head_selection_time": "0:00:00.181086"
}