{
    "function": "bin.model.main",
    "gpus": [
        "NVIDIA GeForce RTX 4090"
    ],
    "config": {
        "seed": 1,
        "batch_size": 32,
        "patience": 16,
        "n_epochs": -1,
        "gradient_clipping_norm": 1.0,
        "amp": true,
        "data": {
            "cache": true,
            "path": "data/classif-num-medium-4-phoneme",
            "num_policy": "noisy-quantile"
        },
        "optimizer": {
            "type": "AdamW",
            "lr": 0.0008658460890432967,
            "weight_decay": 0.0
        },
        "model": {
            "arch_type": "taba",
            "k": 128,
            "share_training_batches": false,
            "backbone": {
                "type": "MLP",
                "n_blocks": 3,
                "d_block": 512,
                "dropout": 0.0
            },
            "num_embeddings": {
                "type": "PiecewiseLinearEmbeddingsV2",
                "d_embedding": 32
            }
        },
        "bins": {
            "n_bins": 28
        }
    },
    "n_parameters": 566048,
    "prediction_type": "probs",
    "epoch_size": 70,
    "best_step": 2870,
    "metrics": {
        "train": {
            "0": {
                "precision": 0.9917203311867525,
                "recall": 0.9720468890892696,
                "f1-score": 0.9817850637522768,
                "support": 1109.0
            },
            "1": {
                "precision": 0.9726390114739629,
                "recall": 0.991899189918992,
                "f1-score": 0.982174688057041,
                "support": 1111.0
            },
            "accuracy": 0.9819819819819819,
            "macro avg": {
                "precision": 0.9821796713303577,
                "recall": 0.9819730395041308,
                "f1-score": 0.981979875904659,
                "support": 2220.0
            },
            "weighted avg": {
                "precision": 0.982171076141298,
                "recall": 0.9819819819819819,
                "f1-score": 0.9819800514111026,
                "support": 2220.0
            },
            "cross-entropy": 0.06575085282278781,
            "roc-auc": 0.9988925402909994,
            "score": 0.9819819819819819
        },
        "val": {
            "0": {
                "precision": 0.950354609929078,
                "recall": 0.8993288590604027,
                "f1-score": 0.9241379310344828,
                "support": 149.0
            },
            "1": {
                "precision": 0.8958333333333334,
                "recall": 0.9485294117647058,
                "f1-score": 0.9214285714285715,
                "support": 136.0
            },
            "accuracy": 0.9228070175438596,
            "macro avg": {
                "precision": 0.9230939716312057,
                "recall": 0.9239291354125543,
                "f1-score": 0.9227832512315272,
                "support": 285.0
            },
            "weighted avg": {
                "precision": 0.9243374393430386,
                "recall": 0.9228070175438596,
                "f1-score": 0.9228450436435918,
                "support": 285.0
            },
            "cross-entropy": 0.3154944559853737,
            "roc-auc": 0.9557343071456771,
            "score": 0.9228070175438596
        },
        "test": {
            "0": {
                "precision": 0.89171974522293,
                "recall": 0.8536585365853658,
                "f1-score": 0.8722741433021806,
                "support": 328.0
            },
            "1": {
                "precision": 0.8640226628895185,
                "recall": 0.8997050147492626,
                "f1-score": 0.8815028901734104,
                "support": 339.0
            },
            "accuracy": 0.8770614692653673,
            "macro avg": {
                "precision": 0.8778712040562242,
                "recall": 0.8766817756673142,
                "f1-score": 0.8768885167377956,
                "support": 667.0
            },
            "weighted avg": {
                "precision": 0.8776428173203414,
                "recall": 0.8770614692653673,
                "f1-score": 0.8769646158499271,
                "support": 667.0
            },
            "cross-entropy": 0.36556850387180195,
            "roc-auc": 0.9466688250953306,
            "score": 0.8770614692653673
        }
    },
    "time": "0:00:32.795475",
    "chunk_size": null,
    "eval_batch_size": 32768,
    "heads": [
        12
    ],
    "head_selection_time": "0:00:00.682301"
}