{
    "function": "bin.model.main",
    "gpus": [
        "NVIDIA GeForce RTX 4090"
    ],
    "config": {
        "seed": 7,
        "batch_size": 64,
        "patience": 16,
        "n_epochs": -1,
        "gradient_clipping_norm": 1.0,
        "amp": true,
        "data": {
            "cache": true,
            "path": "data/classif-num-medium-0-kdd_ipums_la_97-small",
            "num_policy": "noisy-quantile"
        },
        "optimizer": {
            "type": "AdamW",
            "lr": 0.0007737603893952773,
            "weight_decay": 0.04069259404796941
        },
        "model": {
            "arch_type": "taba",
            "k": 128,
            "share_training_batches": false,
            "backbone": {
                "type": "MLP",
                "n_blocks": 7,
                "d_block": 480,
                "dropout": 0.0
            },
            "num_embeddings": {
                "type": "PiecewiseLinearEmbeddingsV2",
                "d_embedding": 16
            }
        },
        "bins": {
            "n_bins": 7
        }
    },
    "n_parameters": 1118976,
    "prediction_type": "probs",
    "epoch_size": 57,
    "best_step": 1425,
    "metrics": {
        "train": {
            "0": {
                "precision": 0.9558282208588957,
                "recall": 0.8513661202185793,
                "f1-score": 0.9005780346820809,
                "support": 1830.0
            },
            "1": {
                "precision": 0.8640679660169915,
                "recall": 0.9600222098833981,
                "f1-score": 0.9095213045765386,
                "support": 1801.0
            },
            "accuracy": 0.9052602588818507,
            "macro avg": {
                "precision": 0.9099480934379436,
                "recall": 0.9056941650509887,
                "f1-score": 0.9050496696293098,
                "support": 3631.0
            },
            "weighted avg": {
                "precision": 0.9103145279450237,
                "recall": 0.9052602588818507,
                "f1-score": 0.9050139556625045,
                "support": 3631.0
            },
            "cross-entropy": 0.22541100245624668,
            "roc-auc": 0.9623889885097229,
            "score": 0.9052602588818507
        },
        "val": {
            "0": {
                "precision": 0.9553571428571429,
                "recall": 0.8842975206611571,
                "f1-score": 0.9184549356223176,
                "support": 242.0
            },
            "1": {
                "precision": 0.8847736625514403,
                "recall": 0.9555555555555556,
                "f1-score": 0.9188034188034189,
                "support": 225.0
            },
            "accuracy": 0.9186295503211992,
            "macro avg": {
                "precision": 0.9200654027042916,
                "recall": 0.9199265381083563,
                "f1-score": 0.9186291772128683,
                "support": 467.0
            },
            "weighted avg": {
                "precision": 0.9213501127312691,
                "recall": 0.9186295503211992,
                "f1-score": 0.9186228343712423,
                "support": 467.0
            },
            "cross-entropy": 0.2438095037900054,
            "roc-auc": 0.9566758494031221,
            "score": 0.9186295503211992
        },
        "test": {
            "0": {
                "precision": 0.907563025210084,
                "recall": 0.8275862068965517,
                "f1-score": 0.8657314629258517,
                "support": 522.0
            },
            "1": {
                "precision": 0.8534201954397395,
                "recall": 0.9225352112676056,
                "f1-score": 0.8866328257191202,
                "support": 568.0
            },
            "accuracy": 0.8770642201834863,
            "macro avg": {
                "precision": 0.8804916103249117,
                "recall": 0.8750607090820787,
                "f1-score": 0.876182144322486,
                "support": 1090.0
            },
            "weighted avg": {
                "precision": 0.8793491469444366,
                "recall": 0.8770642201834863,
                "f1-score": 0.8766231822529861,
                "support": 1090.0
            },
            "cross-entropy": 0.28443456858666727,
            "roc-auc": 0.9402690086881441,
            "score": 0.8770642201834863
        }
    },
    "time": "0:00:28.001161",
    "chunk_size": null,
    "eval_batch_size": 32768,
    "heads": [
        86,
        11
    ],
    "head_selection_time": "0:00:02.231018"
}