{
    "function": "bin.model.main",
    "gpus": [
        "NVIDIA GeForce RTX 4090"
    ],
    "config": {
        "seed": 7,
        "batch_size": 256,
        "patience": 16,
        "n_epochs": -1,
        "gradient_clipping_norm": 1.0,
        "amp": true,
        "data": {
            "cache": true,
            "path": "data/adult",
            "num_policy": "noisy-quantile",
            "cat_policy": "ordinal"
        },
        "optimizer": {
            "type": "AdamW",
            "lr": 0.0029624431128488977,
            "weight_decay": 0.00030702995613389033
        },
        "model": {
            "arch_type": "tabrmv2-mini",
            "sample_rate": 0.3942587854208995,
            "k": 128,
            "backbone": {
                "n_blocks": 2,
                "d_block": 512,
                "dropout": 0.0
            },
            "num_embeddings": {
                "type": "PeriodicEmbeddings",
                "n_frequencies": 84,
                "d_embedding": 28,
                "frequency_init_scale": 1.9810319701357246,
                "lite": false
            }
        }
    },
    "n_parameters": 3187680,
    "prediction_type": "probs",
    "epoch_size": 102,
    "best_step": 1734,
    "metrics": {
        "train": {
            "0": {
                "precision": 0.8985981983717906,
                "recall": 0.9433122629582806,
                "f1-score": 0.9204124932155721,
                "support": 19775.0
            },
            "1": {
                "precision": 0.7880506712043864,
                "recall": 0.664434879642914,
                "f1-score": 0.7209825289742259,
                "support": 6273.0
            },
            "accuracy": 0.8761517199017199,
            "macro avg": {
                "precision": 0.8433244347880885,
                "recall": 0.8038735713005973,
                "f1-score": 0.820697511094899,
                "support": 26048.0
            },
            "weighted avg": {
                "precision": 0.8719756308840322,
                "recall": 0.8761517199017199,
                "f1-score": 0.8723848455771368,
                "support": 26048.0
            },
            "cross-entropy": 0.2661006136190269,
            "roc-auc": 0.9371227077779813,
            "score": 0.8761517199017199
        },
        "val": {
            "0": {
                "precision": 0.8926161557740505,
                "recall": 0.9362992922143579,
                "f1-score": 0.9139360442163442,
                "support": 4945.0
            },
            "1": {
                "precision": 0.7624434389140271,
                "recall": 0.6447704081632653,
                "f1-score": 0.6986869384934347,
                "support": 1568.0
            },
            "accuracy": 0.8661139259941655,
            "macro avg": {
                "precision": 0.8275297973440388,
                "recall": 0.7905348501888116,
                "f1-score": 0.8063114913548894,
                "support": 6513.0
            },
            "weighted avg": {
                "precision": 0.8612771691263433,
                "recall": 0.8661139259941655,
                "f1-score": 0.8621149789970103,
                "support": 6513.0
            },
            "cross-entropy": 0.2881669582443423,
            "roc-auc": 0.9232079661996244,
            "score": 0.8661139259941655
        },
        "test": {
            "0": {
                "precision": 0.8952497889647762,
                "recall": 0.9381584238037797,
                "f1-score": 0.9162019948166181,
                "support": 12435.0
            },
            "1": {
                "precision": 0.7633846153846154,
                "recall": 0.6450858034321373,
                "f1-score": 0.6992671927846674,
                "support": 3846.0
            },
            "accuracy": 0.8689269700878325,
            "macro avg": {
                "precision": 0.8293172021746958,
                "recall": 0.7916221136179584,
                "f1-score": 0.8077345938006428,
                "support": 16281.0
            },
            "weighted avg": {
                "precision": 0.8640997700722453,
                "recall": 0.8689269700878325,
                "f1-score": 0.864956294391897,
                "support": 16281.0
            },
            "cross-entropy": 0.2884289198686979,
            "roc-auc": 0.9210969741564089,
            "score": 0.8689269700878325
        }
    },
    "time": "0:01:20.874571",
    "chunk_size": null,
    "eval_batch_size": 8192
}