{
    "function": "bin.model.main",
    "gpus": [
        "NVIDIA GeForce RTX 4090"
    ],
    "config": {
        "seed": 7,
        "batch_size": 256,
        "patience": 16,
        "n_epochs": -1,
        "amp": true,
        "data": {
            "cache": true,
            "path": "data/classif-num-medium-0-MagicTelescope",
            "num_policy": "noisy-quantile"
        },
        "optimizer": {
            "type": "AdamW",
            "lr": 0.00010021028767708867,
            "weight_decay": 0.0
        },
        "model": {
            "is_multihead": true,
            "arch_type": "tabr-pln",
            "k": 32,
            "context_size": 96,
            "d_main": 297,
            "context_dropout": 0.20408649641509718,
            "d_multiplier": 2.0,
            "encoder_n_blocks": 0,
            "predictor_n_blocks": 2,
            "mixer_normalization": "auto",
            "dropout0": 0.0,
            "dropout1": 0.0,
            "normalization": "LayerNorm",
            "activation": "ReLU",
            "num_embeddings": {
                "type": "PeriodicEmbeddings",
                "n_frequencies": 70,
                "frequency_init_scale": 0.10904185081296933,
                "d_embedding": 35,
                "lite": true
            }
        }
    },
    "n_parameters": 1335962,
    "prediction_type": "probs",
    "epoch_size": 37,
    "best_step": 1221,
    "metrics": {
        "train": {
            "0": {
                "precision": 0.8577864838393732,
                "recall": 0.9289350869749682,
                "f1-score": 0.8919441898360322,
                "support": 4714.0
            },
            "1": {
                "precision": 0.9213245655237201,
                "recall": 0.8438373843837385,
                "f1-score": 0.8808802065790952,
                "support": 4649.0
            },
            "accuracy": 0.8866816191391648,
            "macro avg": {
                "precision": 0.8895555246815466,
                "recall": 0.8863862356793533,
                "f1-score": 0.8864121982075637,
                "support": 9363.0
            },
            "weighted avg": {
                "precision": 0.8893349770307145,
                "recall": 0.8866816191391648,
                "f1-score": 0.8864506025070246,
                "support": 9363.0
            },
            "cross-entropy": 0.2661896179273226,
            "roc-auc": 0.9546405434063538,
            "score": 0.8866816191391648
        },
        "val": {
            "0": {
                "precision": 0.8346333853354134,
                "recall": 0.9208261617900172,
                "f1-score": 0.8756137479541736,
                "support": 581.0
            },
            "1": {
                "precision": 0.9181494661921709,
                "recall": 0.8295819935691319,
                "f1-score": 0.8716216216216216,
                "support": 622.0
            },
            "accuracy": 0.8736492103075644,
            "macro avg": {
                "precision": 0.8763914257637921,
                "recall": 0.8752040776795745,
                "f1-score": 0.8736176847878976,
                "support": 1203.0
            },
            "weighted avg": {
                "precision": 0.8778146008739861,
                "recall": 0.8736492103075644,
                "f1-score": 0.8735496560349322,
                "support": 1203.0
            },
            "cross-entropy": 0.3183106583537009,
            "roc-auc": 0.9393744016027361,
            "score": 0.8736492103075644
        },
        "test": {
            "0": {
                "precision": 0.8241830065359477,
                "recall": 0.905240488155061,
                "f1-score": 0.8628121792678753,
                "support": 1393.0
            },
            "1": {
                "precision": 0.896875,
                "recall": 0.8101623147494708,
                "f1-score": 0.8513162773451984,
                "support": 1417.0
            },
            "accuracy": 0.8572953736654805,
            "macro avg": {
                "precision": 0.8605290032679738,
                "recall": 0.8577014014522659,
                "f1-score": 0.8570642283065368,
                "support": 2810.0
            },
            "weighted avg": {
                "precision": 0.8608394317098131,
                "recall": 0.8572953736654805,
                "f1-score": 0.8570151354869384,
                "support": 2810.0
            },
            "cross-entropy": 0.34371061819073934,
            "roc-auc": 0.9305343128587792,
            "score": 0.8572953736654805
        }
    },
    "time": "0:00:36.473179",
    "chunk_size": null,
    "eval_batch_size": 32768
}