{
    "function": "bin.model.main",
    "gpus": [
        "NVIDIA GeForce RTX 4090"
    ],
    "config": {
        "seed": 12,
        "batch_size": 64,
        "patience": 16,
        "n_epochs": -1,
        "gradient_clipping_norm": 1.0,
        "amp": true,
        "data": {
            "cache": true,
            "path": "data/classif-cat-medium-0-KDDCup09_upselling",
            "num_policy": "noisy-quantile",
            "cat_policy": "ordinal"
        },
        "optimizer": {
            "type": "AdamW",
            "lr": 0.0018346400185866374,
            "weight_decay": 0.00022052914442978835
        },
        "model": {
            "p": 54,
            "arch_type": "tabm-rankp",
            "k": 32,
            "share_training_batches": false,
            "backbone": {
                "type": "MLP",
                "n_blocks": 4,
                "d_block": 304,
                "dropout": 0.3619693233115676
            },
            "num_embeddings": {
                "type": "PiecewiseLinearEmbeddingsV2",
                "d_embedding": 24
            }
        },
        "bins": {
            "n_bins": 5
        }
    },
    "n_parameters": 5362688,
    "prediction_type": "probs",
    "epoch_size": 57,
    "best_step": 285,
    "metrics": {
        "train": {
            "0": {
                "precision": 0.7385537013264869,
                "recall": 0.955703211517165,
                "f1-score": 0.8332126478397296,
                "support": 1806.0
            },
            "1": {
                "precision": 0.9361022364217252,
                "recall": 0.6573191250701066,
                "f1-score": 0.7723228995057662,
                "support": 1783.0
            },
            "accuracy": 0.8074672610755085,
            "macro avg": {
                "precision": 0.837327968874106,
                "recall": 0.8065111682936358,
                "f1-score": 0.8027677736727479,
                "support": 3589.0
            },
            "weighted avg": {
                "precision": 0.8366949769115551,
                "recall": 0.8074672610755085,
                "f1-score": 0.8029628787454256,
                "support": 3589.0
            },
            "cross-entropy": 0.3593404700580619,
            "roc-auc": 0.9140693854659081,
            "score": 0.8074672610755085
        },
        "val": {
            "0": {
                "precision": 0.7471698113207547,
                "recall": 0.9519230769230769,
                "f1-score": 0.8372093023255812,
                "support": 208.0
            },
            "1": {
                "precision": 0.9484536082474226,
                "recall": 0.7330677290836654,
                "f1-score": 0.8269662921348314,
                "support": 251.0
            },
            "accuracy": 0.8322440087145969,
            "macro avg": {
                "precision": 0.8478117097840887,
                "recall": 0.8424954030033711,
                "f1-score": 0.8320877972302063,
                "support": 459.0
            },
            "weighted avg": {
                "precision": 0.8572400357839217,
                "recall": 0.8322440087145969,
                "f1-score": 0.8316080048138641,
                "support": 459.0
            },
            "cross-entropy": 0.33836550682121924,
            "roc-auc": 0.9294552558994791,
            "score": 0.8322440087145969
        },
        "test": {
            "0": {
                "precision": 0.7431457431457431,
                "recall": 0.9397810218978102,
                "f1-score": 0.8299758259468171,
                "support": 548.0
            },
            "1": {
                "precision": 0.9138381201044387,
                "recall": 0.6628787878787878,
                "f1-score": 0.7683863885839736,
                "support": 528.0
            },
            "accuracy": 0.8039033457249071,
            "macro avg": {
                "precision": 0.8284919316250909,
                "recall": 0.801329904888299,
                "f1-score": 0.7991811072653954,
                "support": 1076.0
            },
            "weighted avg": {
                "precision": 0.826905571244434,
                "recall": 0.8039033457249071,
                "f1-score": 0.7997534998059422,
                "support": 1076.0
            },
            "cross-entropy": 0.4343838673169782,
            "roc-auc": 0.8946064200398143,
            "score": 0.8039033457249071
        }
    },
    "time": "0:00:22.060365",
    "chunk_size": null,
    "eval_batch_size": 32768,
    "heads": [
        15,
        7
    ],
    "head_selection_time": "0:00:00.537117"
}