{
    "function": "bin.ensemble.main",
    "config": {
        "seeds": [
            0,
            1,
            2,
            3,
            4
        ],
        "data": {
            "path": "data/covtype2"
        }
    },
    "single_model_function": "bin.model.main",
    "prediction_type": "probs",
    "metrics": {
        "train": {
            "0": {
                "precision": 0.9937270490531465,
                "recall": 0.9920046025166325,
                "f1-score": 0.9928650787498938,
                "support": 135578.0
            },
            "1": {
                "precision": 0.9941529491510479,
                "recall": 0.9949589657606778,
                "f1-score": 0.994555794151131,
                "support": 181312.0
            },
            "2": {
                "precision": 0.9979885434430888,
                "recall": 0.9974215540599598,
                "f1-score": 0.9977049681974165,
                "support": 22882.0
            },
            "3": {
                "precision": 0.9926303854875284,
                "recall": 0.9954519613416714,
                "f1-score": 0.9940391711609423,
                "support": 1759.0
            },
            "4": {
                "precision": 0.9845901639344262,
                "recall": 0.988641975308642,
                "f1-score": 0.986611909650924,
                "support": 6075.0
            },
            "5": {
                "precision": 0.9954173780213855,
                "recall": 0.9966711650922178,
                "f1-score": 0.9960438770005394,
                "support": 11115.0
            },
            "6": {
                "precision": 0.9911249336266403,
                "recall": 0.995428919701356,
                "f1-score": 0.9932722642441749,
                "support": 13126.0
            },
            "accuracy": 0.9940002205208056,
            "macro avg": {
                "precision": 0.9928044861024662,
                "recall": 0.9943684491115939,
                "f1-score": 0.9935847233078603,
                "support": 371847.0
            },
            "weighted avg": {
                "precision": 0.9940011654081712,
                "recall": 0.9940002205208056,
                "f1-score": 0.9940000821969996,
                "support": 371847.0
            },
            "cross-entropy": 0.025722324101440024,
            "score": 0.9940002205208056
        },
        "val": {
            "0": {
                "precision": 0.9704978124630483,
                "recall": 0.9686080132176786,
                "f1-score": 0.9695519919671598,
                "support": 33894.0
            },
            "1": {
                "precision": 0.974402467232074,
                "recall": 0.975842746205436,
                "f1-score": 0.9751220748872942,
                "support": 45328.0
            },
            "2": {
                "precision": 0.9736244541484717,
                "recall": 0.9743051914001049,
                "f1-score": 0.9739647038266642,
                "support": 5721.0
            },
            "3": {
                "precision": 0.9195402298850575,
                "recall": 0.9111617312072893,
                "f1-score": 0.9153318077803203,
                "support": 439.0
            },
            "4": {
                "precision": 0.914822266934943,
                "recall": 0.8979591836734694,
                "f1-score": 0.906312292358804,
                "support": 1519.0
            },
            "5": {
                "precision": 0.9493038200642627,
                "recall": 0.9568189996401584,
                "f1-score": 0.9530465949820789,
                "support": 2779.0
            },
            "6": {
                "precision": 0.9680559780955278,
                "recall": 0.9695307739183425,
                "f1-score": 0.9687928147358806,
                "support": 3282.0
            },
            "accuracy": 0.9707407327725307,
            "macro avg": {
                "precision": 0.9528924326890549,
                "recall": 0.9506038056089255,
                "f1-score": 0.9517317543626004,
                "support": 92962.0
            },
            "weighted avg": {
                "precision": 0.9707239690729894,
                "recall": 0.9707407327725307,
                "f1-score": 0.9707299137060892,
                "support": 92962.0
            },
            "cross-entropy": 0.08128305007424008,
            "score": 0.9707407327725307
        },
        "test": {
            "0": {
                "precision": 0.9706384188824115,
                "recall": 0.9667437688821753,
                "f1-score": 0.9686871792446137,
                "support": 42368.0
            },
            "1": {
                "precision": 0.9724533413076747,
                "recall": 0.9756799209332698,
                "f1-score": 0.9740639591225443,
                "support": 56661.0
            },
            "2": {
                "precision": 0.9672701949860725,
                "recall": 0.9711928401622151,
                "f1-score": 0.9692275486707139,
                "support": 7151.0
            },
            "3": {
                "precision": 0.9165120593692022,
                "recall": 0.8998178506375227,
                "f1-score": 0.9080882352941176,
                "support": 549.0
            },
            "4": {
                "precision": 0.9145021645021645,
                "recall": 0.889942074776198,
                "f1-score": 0.9020549773151854,
                "support": 1899.0
            },
            "5": {
                "precision": 0.9482163406214039,
                "recall": 0.9490354160668011,
                "f1-score": 0.94862570153979,
                "support": 3473.0
            },
            "6": {
                "precision": 0.9686360320933625,
                "recall": 0.9712335446123842,
                "f1-score": 0.969933049300061,
                "support": 4102.0
            },
            "accuracy": 0.9694328029396831,
            "macro avg": {
                "precision": 0.9511755073946132,
                "recall": 0.9462350594386523,
                "f1-score": 0.9486686643552894,
                "support": 116203.0
            },
            "weighted avg": {
                "precision": 0.9694021802621102,
                "recall": 0.9694328029396831,
                "f1-score": 0.9694113566035051,
                "support": 116203.0
            },
            "cross-entropy": 0.0833783969701182,
            "score": 0.9694328029396831
        }
    }
}