{
    "function": "bin.model.main",
    "gpus": [
        "NVIDIA GeForce RTX 4090"
    ],
    "config": {
        "seed": 14,
        "batch_size": 256,
        "patience": 16,
        "n_epochs": -1,
        "gradient_clipping_norm": 1.0,
        "amp": true,
        "data": {
            "cache": true,
            "path": "data/churn",
            "num_policy": "noisy-quantile",
            "cat_policy": "ordinal"
        },
        "optimizer": {
            "type": "AdamW",
            "lr": 0.0005806080031247033,
            "weight_decay": 0.010697843735210063
        },
        "model": {
            "arch_type": "tabrmv3",
            "sample_rate": 0.5506419750064422,
            "k": 32,
            "backbone": {
                "ensemble_type": "moe",
                "context_size": 64,
                "num_experts": 24,
                "moe_ratio": 0.25,
                "n_blocks": 2,
                "d_block": 160,
                "dropout": 0.0
            },
            "num_embeddings": {
                "type": "PeriodicEmbeddings",
                "n_frequencies": 48,
                "d_embedding": 16,
                "frequency_init_scale": 0.9808443572255844,
                "lite": false
            }
        }
    },
    "n_parameters": 776592,
    "prediction_type": "probs",
    "epoch_size": 25,
    "best_step": 500,
    "metrics": {
        "train": {
            "0": {
                "precision": 0.8260064005389928,
                "recall": 0.9623233908948194,
                "f1-score": 0.8889694552705519,
                "support": 5096.0
            },
            "1": {
                "precision": 0.5853131749460043,
                "recall": 0.20782208588957055,
                "f1-score": 0.3067345783814375,
                "support": 1304.0
            },
            "accuracy": 0.80859375,
            "macro avg": {
                "precision": 0.7056597877424986,
                "recall": 0.585072738392195,
                "f1-score": 0.5978520168259946,
                "support": 6400.0
            },
            "weighted avg": {
                "precision": 0.7769651558244213,
                "recall": 0.80859375,
                "f1-score": 0.7703390991043949,
                "support": 6400.0
            },
            "cross-entropy": 0.41139381568778033,
            "roc-auc": 0.7964683897390952,
            "score": 0.80859375
        },
        "val": {
            "0": {
                "precision": 0.8292029470864032,
                "recall": 0.9717425431711146,
                "f1-score": 0.8948319479580774,
                "support": 1274.0
            },
            "1": {
                "precision": 0.6635514018691588,
                "recall": 0.21779141104294478,
                "f1-score": 0.3279445727482679,
                "support": 326.0
            },
            "accuracy": 0.818125,
            "macro avg": {
                "precision": 0.746377174477781,
                "recall": 0.5947669771070297,
                "f1-score": 0.6113882603531726,
                "support": 1600.0
            },
            "weighted avg": {
                "precision": 0.7954514447483896,
                "recall": 0.818125,
                "f1-score": 0.7793286452590787,
                "support": 1600.0
            },
            "cross-entropy": 0.4087997350583899,
            "roc-auc": 0.8020834336566152,
            "score": 0.818125
        },
        "test": {
            "0": {
                "precision": 0.8224852071005917,
                "recall": 0.9598242310106717,
                "f1-score": 0.8858632676709154,
                "support": 1593.0
            },
            "1": {
                "precision": 0.5460992907801419,
                "recall": 0.1891891891891892,
                "f1-score": 0.28102189781021897,
                "support": 407.0
            },
            "accuracy": 0.803,
            "macro avg": {
                "precision": 0.6842922489403668,
                "recall": 0.5745067100999305,
                "f1-score": 0.5834425827405672,
                "support": 2000.0
            },
            "weighted avg": {
                "precision": 0.7662406731293802,
                "recall": 0.803,
                "f1-score": 0.7627780489042636,
                "support": 2000.0
            },
            "cross-entropy": 0.4154487784320535,
            "roc-auc": 0.7931436829741915,
            "score": 0.803
        }
    },
    "time": "0:02:27.603564",
    "chunk_size": null,
    "eval_batch_size": 32768,
    "heads": [
        9,
        18
    ],
    "head_selection_time": "0:00:00.813761"
}