{
    "function": "bin.model.main",
    "gpus": [
        "NVIDIA GeForce RTX 4090"
    ],
    "config": {
        "seed": 9,
        "batch_size": 256,
        "patience": 16,
        "n_epochs": -1,
        "gradient_clipping_norm": 1.0,
        "amp": true,
        "data": {
            "cache": true,
            "path": "data/classif-num-medium-0-bank-marketing",
            "num_policy": "noisy-quantile"
        },
        "optimizer": {
            "type": "AdamW",
            "lr": 0.0009257676078558769,
            "weight_decay": 0.0
        },
        "model": {
            "p": 4,
            "arch_type": "tabm-rankp",
            "k": 32,
            "share_training_batches": false,
            "backbone": {
                "type": "MLP",
                "n_blocks": 2,
                "d_block": 320,
                "dropout": 0.0
            },
            "num_embeddings": {
                "type": "PiecewiseLinearEmbeddingsV2",
                "d_embedding": 28
            }
        },
        "bins": {
            "n_bins": 55
        }
    },
    "n_parameters": 236960,
    "prediction_type": "probs",
    "epoch_size": 29,
    "best_step": 319,
    "metrics": {
        "train": {
            "0": {
                "precision": 0.8234138124649073,
                "recall": 0.7859056806002144,
                "f1-score": 0.8042226487523991,
                "support": 3732.0
            },
            "1": {
                "precision": 0.7920353982300885,
                "recall": 0.8287037037037037,
                "f1-score": 0.8099547511312217,
                "support": 3672.0
            },
            "accuracy": 0.807131280388979,
            "macro avg": {
                "precision": 0.8077246053474979,
                "recall": 0.8073046921519591,
                "f1-score": 0.8070886999418104,
                "support": 7404.0
            },
            "weighted avg": {
                "precision": 0.8078517464100377,
                "recall": 0.807131280388979,
                "f1-score": 0.8070654742433548,
                "support": 7404.0
            },
            "cross-entropy": 0.4257273119078364,
            "roc-auc": 0.8853015169983679,
            "score": 0.807131280388979
        },
        "val": {
            "0": {
                "precision": 0.8520286396181385,
                "recall": 0.7828947368421053,
                "f1-score": 0.8160000000000001,
                "support": 456.0
            },
            "1": {
                "precision": 0.8142589118198874,
                "recall": 0.875,
                "f1-score": 0.8435374149659864,
                "support": 496.0
            },
            "accuracy": 0.8308823529411765,
            "macro avg": {
                "precision": 0.833143775719013,
                "recall": 0.8289473684210527,
                "f1-score": 0.8297687074829933,
                "support": 952.0
            },
            "weighted avg": {
                "precision": 0.8323502940425791,
                "recall": 0.8308823529411765,
                "f1-score": 0.8303472246041274,
                "support": 952.0
            },
            "cross-entropy": 0.4164812741228268,
            "roc-auc": 0.8866457979626486,
            "score": 0.8308823529411765
        },
        "test": {
            "0": {
                "precision": 0.7990783410138249,
                "recall": 0.7874659400544959,
                "f1-score": 0.7932296431838974,
                "support": 1101.0
            },
            "1": {
                "precision": 0.7941952506596306,
                "recall": 0.8055307760927743,
                "f1-score": 0.7998228520814881,
                "support": 1121.0
            },
            "accuracy": 0.7965796579657966,
            "macro avg": {
                "precision": 0.7966367958367278,
                "recall": 0.7964983580736351,
                "f1-score": 0.7965262476326928,
                "support": 2222.0
            },
            "weighted avg": {
                "precision": 0.7966148197325233,
                "recall": 0.7965796579657966,
                "f1-score": 0.7965559200399726,
                "support": 2222.0
            },
            "cross-entropy": 0.43774163144933,
            "roc-auc": 0.8783224398223657,
            "score": 0.7965796579657966
        }
    },
    "time": "0:00:09.229083",
    "chunk_size": null,
    "eval_batch_size": 32768
}