{
    "function": "bin.model.main",
    "gpus": [
        "NVIDIA GeForce RTX 4090"
    ],
    "config": {
        "seed": 8,
        "batch_size": 256,
        "patience": 16,
        "n_epochs": -1,
        "amp": true,
        "data": {
            "cache": true,
            "path": "data/classif-num-medium-0-credit",
            "num_policy": "noisy-quantile"
        },
        "optimizer": {
            "type": "AdamW",
            "lr": 0.00016616462575150674,
            "weight_decay": 0.0
        },
        "model": {
            "arch_type": "tabr",
            "k": 1,
            "context_size": 96,
            "d_main": 223,
            "context_dropout": 0.20396387153702478,
            "d_multiplier": 2.0,
            "encoder_n_blocks": 1,
            "predictor_n_blocks": 1,
            "mixer_normalization": "auto",
            "dropout0": 0.0,
            "dropout1": 0.0,
            "normalization": "LayerNorm",
            "activation": "ReLU",
            "num_embeddings": {
                "type": "PeriodicEmbeddings",
                "n_frequencies": 20,
                "frequency_init_scale": 0.01640872489727707,
                "d_embedding": 51,
                "lite": true
            }
        }
    },
    "n_parameters": 766960,
    "prediction_type": "probs",
    "epoch_size": 40,
    "best_step": 440,
    "metrics": {
        "train": {
            "0": {
                "precision": 0.7747050860568555,
                "recall": 0.7961049284578696,
                "f1-score": 0.7852592374791728,
                "support": 5032.0
            },
            "1": {
                "precision": 0.7875336508593912,
                "recall": 0.7654991948470209,
                "f1-score": 0.7763601102378279,
                "support": 4968.0
            },
            "accuracy": 0.7809,
            "macro avg": {
                "precision": 0.7811193684581234,
                "recall": 0.7808020616524453,
                "f1-score": 0.7808096738585004,
                "support": 10000.0
            },
            "weighted avg": {
                "precision": 0.7810783170507554,
                "recall": 0.7809,
                "f1-score": 0.7808381510656727,
                "support": 10000.0
            },
            "cross-entropy": 0.46833118942369995,
            "roc-auc": 0.8586455301209137,
            "score": 0.7809
        },
        "val": {
            "0": {
                "precision": 0.7850834151128557,
                "recall": 0.8064516129032258,
                "f1-score": 0.7956240676280458,
                "support": 992.0
            },
            "1": {
                "precision": 0.807035175879397,
                "recall": 0.7857142857142857,
                "f1-score": 0.7962320277640059,
                "support": 1022.0
            },
            "accuracy": 0.7959285004965243,
            "macro avg": {
                "precision": 0.7960592954961263,
                "recall": 0.7960829493087558,
                "f1-score": 0.7959280476960259,
                "support": 2014.0
            },
            "weighted avg": {
                "precision": 0.796222789245629,
                "recall": 0.7959285004965243,
                "f1-score": 0.7959325757010106,
                "support": 2014.0
            },
            "cross-entropy": 0.461202645845883,
            "roc-auc": 0.8637973652231552,
            "score": 0.7959285004965243
        },
        "test": {
            "0": {
                "precision": 0.7587773647253201,
                "recall": 0.7873981997428204,
                "f1-score": 0.7728228859907446,
                "support": 2333.0
            },
            "1": {
                "precision": 0.7823606845107504,
                "recall": 0.7532741867342628,
                "f1-score": 0.7675419715884633,
                "support": 2367.0
            },
            "accuracy": 0.7702127659574468,
            "macro avg": {
                "precision": 0.7705690246180352,
                "recall": 0.7703361932385416,
                "f1-score": 0.770182428789604,
                "support": 4700.0
            },
            "weighted avg": {
                "precision": 0.7706543259874719,
                "recall": 0.7702127659574468,
                "f1-score": 0.7701633276098511,
                "support": 4700.0
            },
            "cross-entropy": 0.47990052463140237,
            "roc-auc": 0.8512351302766228,
            "score": 0.7702127659574468
        }
    },
    "time": "0:00:18.488032",
    "chunk_size": null,
    "eval_batch_size": 32768
}