{
    "function": "bin.model.main",
    "gpus": [
        "NVIDIA GeForce RTX 4090"
    ],
    "config": {
        "seed": 9,
        "batch_size": 256,
        "patience": 16,
        "n_epochs": -1,
        "gradient_clipping_norm": 1.0,
        "amp": true,
        "data": {
            "cache": true,
            "path": "data/classif-num-medium-0-bank-marketing",
            "num_policy": "noisy-quantile"
        },
        "optimizer": {
            "type": "AdamW",
            "lr": 0.0009257676078558769,
            "weight_decay": 0.0
        },
        "model": {
            "p": 4,
            "arch_type": "tabm-rankp",
            "k": 32,
            "share_training_batches": false,
            "backbone": {
                "type": "MLP",
                "n_blocks": 2,
                "d_block": 320,
                "dropout": 0.0
            },
            "num_embeddings": {
                "type": "PiecewiseLinearEmbeddingsV2",
                "d_embedding": 28
            }
        },
        "bins": {
            "n_bins": 55
        }
    },
    "n_parameters": 236960,
    "prediction_type": "probs",
    "epoch_size": 29,
    "best_step": 319,
    "metrics": {
        "train": {
            "0": {
                "precision": 0.8251490207209764,
                "recall": 0.7789389067524116,
                "f1-score": 0.8013783597518952,
                "support": 3732.0
            },
            "1": {
                "precision": 0.7874259211543416,
                "recall": 0.8322440087145969,
                "f1-score": 0.8092148815040381,
                "support": 3672.0
            },
            "accuracy": 0.80537547271745,
            "macro avg": {
                "precision": 0.8062874709376591,
                "recall": 0.8055914577335043,
                "f1-score": 0.8052966206279666,
                "support": 7404.0
            },
            "weighted avg": {
                "precision": 0.8064403198013811,
                "recall": 0.80537547271745,
                "f1-score": 0.8052648681087116,
                "support": 7404.0
            },
            "cross-entropy": 0.4275722335104298,
            "roc-auc": 0.8845901503688293,
            "score": 0.80537547271745
        },
        "val": {
            "0": {
                "precision": 0.8578313253012049,
                "recall": 0.7807017543859649,
                "f1-score": 0.817451205510907,
                "support": 456.0
            },
            "1": {
                "precision": 0.813780260707635,
                "recall": 0.8810483870967742,
                "f1-score": 0.846079380445305,
                "support": 496.0
            },
            "accuracy": 0.832983193277311,
            "macro avg": {
                "precision": 0.8358057930044199,
                "recall": 0.8308750707413696,
                "f1-score": 0.831765292978106,
                "support": 952.0
            },
            "weighted avg": {
                "precision": 0.8348803504709416,
                "recall": 0.832983193277311,
                "f1-score": 0.8323667252246268,
                "support": 952.0
            },
            "cross-entropy": 0.41595646997612146,
            "roc-auc": 0.887642809139785,
            "score": 0.832983193277311
        },
        "test": {
            "0": {
                "precision": 0.8085901027077498,
                "recall": 0.7865576748410535,
                "f1-score": 0.7974217311233885,
                "support": 1101.0
            },
            "1": {
                "precision": 0.7958297132927888,
                "recall": 0.8171275646743978,
                "f1-score": 0.806338028169014,
                "support": 1121.0
            },
            "accuracy": 0.801980198019802,
            "macro avg": {
                "precision": 0.8022099080002694,
                "recall": 0.8018426197577257,
                "f1-score": 0.8018798796462012,
                "support": 2222.0
            },
            "weighted avg": {
                "precision": 0.8021524805051525,
                "recall": 0.801980198019802,
                "f1-score": 0.8019200069956416,
                "support": 2222.0
            },
            "cross-entropy": 0.43745801841847265,
            "roc-auc": 0.8787615832172682,
            "score": 0.801980198019802
        }
    },
    "time": "0:00:09.229083",
    "chunk_size": null,
    "eval_batch_size": 32768,
    "heads": [
        12
    ],
    "head_selection_time": "0:00:00.196156"
}