{
    "function": "bin.model.main",
    "gpus": [
        "NVIDIA GeForce RTX 4090"
    ],
    "config": {
        "seed": 5,
        "batch_size": 32,
        "patience": 16,
        "n_epochs": -1,
        "amp": true,
        "data": {
            "cache": true,
            "path": "data/classif-num-medium-3-phoneme",
            "num_policy": "noisy-quantile"
        },
        "optimizer": {
            "type": "AdamW",
            "lr": 0.0005661731195280482,
            "weight_decay": 0.0
        },
        "model": {
            "arch_type": "tabr-pln",
            "k": 32,
            "context_size": 96,
            "d_main": 193,
            "context_dropout": 0.0009270710908041713,
            "d_multiplier": 2.0,
            "encoder_n_blocks": 1,
            "predictor_n_blocks": 1,
            "mixer_normalization": "auto",
            "dropout0": 0.5957039633827355,
            "dropout1": 0.0,
            "normalization": "LayerNorm",
            "activation": "ReLU",
            "num_embeddings": {
                "type": "PeriodicEmbeddings",
                "n_frequencies": 86,
                "frequency_init_scale": 0.12540463694566306,
                "d_embedding": 28,
                "lite": true
            }
        }
    },
    "n_parameters": 532359,
    "prediction_type": "probs",
    "epoch_size": 70,
    "best_step": 2100,
    "metrics": {
        "train": {
            "0": {
                "precision": 0.9140555058191585,
                "recall": 0.8924825174825175,
                "f1-score": 0.9031402034498011,
                "support": 1144.0
            },
            "1": {
                "precision": 0.8884859474161378,
                "recall": 0.9107806691449815,
                "f1-score": 0.8994951812758146,
                "support": 1076.0
            },
            "accuracy": 0.9013513513513514,
            "macro avg": {
                "precision": 0.9012707266176482,
                "recall": 0.9016315933137495,
                "f1-score": 0.9013176923628079,
                "support": 2220.0
            },
            "weighted avg": {
                "precision": 0.9016623324670638,
                "recall": 0.9013513513513514,
                "f1-score": 0.9013735170267337,
                "support": 2220.0
            },
            "cross-entropy": 0.23359812638049393,
            "roc-auc": 0.9663160956144228,
            "score": 0.9013513513513514
        },
        "val": {
            "0": {
                "precision": 0.905511811023622,
                "recall": 0.8712121212121212,
                "f1-score": 0.888030888030888,
                "support": 132.0
            },
            "1": {
                "precision": 0.8924050632911392,
                "recall": 0.9215686274509803,
                "f1-score": 0.9067524115755626,
                "support": 153.0
            },
            "accuracy": 0.8982456140350877,
            "macro avg": {
                "precision": 0.8989584371573807,
                "recall": 0.8963903743315508,
                "f1-score": 0.8973916498032253,
                "support": 285.0
            },
            "weighted avg": {
                "precision": 0.8984755569777628,
                "recall": 0.8982456140350877,
                "f1-score": 0.898081390144345,
                "support": 285.0
            },
            "cross-entropy": 0.3279749176866146,
            "roc-auc": 0.9405575361457714,
            "score": 0.8982456140350877
        },
        "test": {
            "0": {
                "precision": 0.8787878787878788,
                "recall": 0.8419354838709677,
                "f1-score": 0.8599670510708401,
                "support": 310.0
            },
            "1": {
                "precision": 0.8675675675675676,
                "recall": 0.8991596638655462,
                "f1-score": 0.8830811554332875,
                "support": 357.0
            },
            "accuracy": 0.8725637181409296,
            "macro avg": {
                "precision": 0.8731777231777231,
                "recall": 0.870547573868257,
                "f1-score": 0.8715241032520638,
                "support": 667.0
            },
            "weighted avg": {
                "precision": 0.8727824048663629,
                "recall": 0.8725637181409296,
                "f1-score": 0.8723384682483418,
                "support": 667.0
            },
            "cross-entropy": 0.38880423427498023,
            "roc-auc": 0.924975151350863,
            "score": 0.8725637181409296
        }
    },
    "time": "0:00:54.315721",
    "chunk_size": null,
    "eval_batch_size": 32768,
    "heads": [
        0
    ],
    "head_selection_time": "0:00:00.197992"
}