{
    "function": "bin.model.main",
    "gpus": [
        "NVIDIA GeForce RTX 4090"
    ],
    "config": {
        "seed": 12,
        "batch_size": 256,
        "patience": 16,
        "n_epochs": -1,
        "gradient_clipping_norm": 1.0,
        "amp": true,
        "data": {
            "cache": true,
            "path": "data/adult",
            "num_policy": "noisy-quantile",
            "cat_policy": "ordinal"
        },
        "optimizer": {
            "type": "AdamW",
            "lr": 0.0025235193154571007,
            "weight_decay": 0.0
        },
        "model": {
            "arch_type": "tabrm",
            "sample_rate": 0.14855445633491574,
            "k": 80,
            "backbone": {
                "n_blocks": 3,
                "d_block": 96,
                "dropout": 0.025388723475763778
            },
            "num_embeddings": {
                "type": "PiecewiseLinearEmbeddingsV2",
                "d_embedding": 20
            }
        },
        "bins": {
            "n_bins": 118
        }
    },
    "n_parameters": 196744,
    "prediction_type": "probs",
    "epoch_size": 102,
    "best_step": 2040,
    "metrics": {
        "train": {
            "0": {
                "precision": 0.8987341772151899,
                "recall": 0.9478634639696587,
                "f1-score": 0.922645270852305,
                "support": 19775.0
            },
            "1": {
                "precision": 0.8014252696456087,
                "recall": 0.6633189861310378,
                "f1-score": 0.725861317051897,
                "support": 6273.0
            },
            "accuracy": 0.879338144963145,
            "macro avg": {
                "precision": 0.8500797234303993,
                "recall": 0.8055912250503483,
                "f1-score": 0.824253293952101,
                "support": 26048.0
            },
            "weighted avg": {
                "precision": 0.8752997954129792,
                "recall": 0.879338144963145,
                "f1-score": 0.8752548477031203,
                "support": 26048.0
            },
            "cross-entropy": 0.2535885466996861,
            "roc-auc": 0.9422533834024293,
            "score": 0.879338144963145
        },
        "val": {
            "0": {
                "precision": 0.8892925430210326,
                "recall": 0.9405460060667341,
                "f1-score": 0.9142014742014744,
                "support": 4945.0
            },
            "1": {
                "precision": 0.7708495713172252,
                "recall": 0.6307397959183674,
                "f1-score": 0.6937916520519116,
                "support": 1568.0
            },
            "accuracy": 0.8659603869184708,
            "macro avg": {
                "precision": 0.8300710571691289,
                "recall": 0.7856429009925507,
                "f1-score": 0.803996563126693,
                "support": 6513.0
            },
            "weighted avg": {
                "precision": 0.8607774839650569,
                "recall": 0.8659603869184708,
                "f1-score": 0.8611379702661888,
                "support": 6513.0
            },
            "cross-entropy": 0.2999155700217941,
            "roc-auc": 0.9200562694744228,
            "score": 0.8659603869184708
        },
        "test": {
            "0": {
                "precision": 0.8908716540837337,
                "recall": 0.9394451145958986,
                "f1-score": 0.9145138562705496,
                "support": 12435.0
            },
            "1": {
                "precision": 0.7623106060606061,
                "recall": 0.6279251170046802,
                "f1-score": 0.688622754491018,
                "support": 3846.0
            },
            "accuracy": 0.8658559056569007,
            "macro avg": {
                "precision": 0.8265911300721699,
                "recall": 0.7836851158002894,
                "f1-score": 0.8015683053807838,
                "support": 16281.0
            },
            "weighted avg": {
                "precision": 0.8605021564670672,
                "recall": 0.8658559056569007,
                "f1-score": 0.8611524425094736,
                "support": 16281.0
            },
            "cross-entropy": 0.3028521815129823,
            "roc-auc": 0.9162957833150479,
            "score": 0.8658559056569007
        }
    },
    "time": "0:01:16.240439",
    "chunk_size": null,
    "eval_batch_size": 32768,
    "heads": [
        8,
        33
    ],
    "head_selection_time": "0:00:04.044172"
}