{
    "function": "bin.model.main",
    "gpus": [
        "NVIDIA GeForce RTX 4090"
    ],
    "config": {
        "seed": 2,
        "batch_size": 256,
        "patience": 16,
        "n_epochs": -1,
        "gradient_clipping_norm": 1.0,
        "amp": true,
        "data": {
            "cache": true,
            "path": "data/classif-num-medium-0-credit",
            "num_policy": "noisy-quantile"
        },
        "optimizer": {
            "type": "AdamW",
            "lr": 0.0019944099946253633,
            "weight_decay": 0.0
        },
        "model": {
            "arch_type": "taba",
            "k": 32,
            "share_training_batches": false,
            "backbone": {
                "type": "MLP",
                "n_blocks": 1,
                "d_block": 96,
                "dropout": 0.3619409301918812
            },
            "num_embeddings": {
                "type": "PiecewiseLinearEmbeddingsV2",
                "d_embedding": 28
            }
        },
        "bins": {
            "n_bins": 2
        }
    },
    "n_parameters": 45960,
    "prediction_type": "probs",
    "epoch_size": 40,
    "best_step": 1920,
    "metrics": {
        "train": {
            "0": {
                "precision": 0.7812130760141788,
                "recall": 0.7883545310015898,
                "f1-score": 0.7847675568743818,
                "support": 5032.0
            },
            "1": {
                "precision": 0.7836245428687525,
                "recall": 0.7763687600644122,
                "f1-score": 0.7799797775530839,
                "support": 4968.0
            },
            "accuracy": 0.7824,
            "macro avg": {
                "precision": 0.7824188094414657,
                "recall": 0.782361645533001,
                "f1-score": 0.7823736672137329,
                "support": 10000.0
            },
            "weighted avg": {
                "precision": 0.782411092747531,
                "recall": 0.7824,
                "f1-score": 0.782388988107561,
                "support": 10000.0
            },
            "cross-entropy": 0.4674983284066162,
            "roc-auc": 0.8606729131625231,
            "score": 0.7824
        },
        "val": {
            "0": {
                "precision": 0.7896311066799602,
                "recall": 0.7983870967741935,
                "f1-score": 0.793984962406015,
                "support": 992.0
            },
            "1": {
                "precision": 0.8021760633036598,
                "recall": 0.7935420743639922,
                "f1-score": 0.7978357107722578,
                "support": 1022.0
            },
            "accuracy": 0.7959285004965243,
            "macro avg": {
                "precision": 0.7959035849918099,
                "recall": 0.7959645855690929,
                "f1-score": 0.7959103365891365,
                "support": 2014.0
            },
            "weighted avg": {
                "precision": 0.7959970181344891,
                "recall": 0.7959285004965243,
                "f1-score": 0.7959390164429069,
                "support": 2014.0
            },
            "cross-entropy": 0.46121248610192456,
            "roc-auc": 0.8641268109652169,
            "score": 0.7959285004965243
        },
        "test": {
            "0": {
                "precision": 0.7637130801687764,
                "recall": 0.775825117873982,
                "f1-score": 0.7697214543908144,
                "support": 2333.0
            },
            "1": {
                "precision": 0.7755364806866952,
                "recall": 0.7634136037177862,
                "f1-score": 0.7694272940174579,
                "support": 2367.0
            },
            "accuracy": 0.7695744680851064,
            "macro avg": {
                "precision": 0.7696247804277359,
                "recall": 0.7696193607958841,
                "f1-score": 0.7695743742041361,
                "support": 4700.0
            },
            "weighted avg": {
                "precision": 0.7696675459189708,
                "recall": 0.7695744680851064,
                "f1-score": 0.769573310219807,
                "support": 4700.0
            },
            "cross-entropy": 0.48448299860660715,
            "roc-auc": 0.8498545238492335,
            "score": 0.7695744680851064
        }
    },
    "time": "0:00:22.716584",
    "chunk_size": null,
    "eval_batch_size": 32768,
    "heads": [
        7
    ],
    "head_selection_time": "0:00:00.208253"
}