{
    "function": "bin.model.main",
    "gpus": [
        "NVIDIA GeForce RTX 4090"
    ],
    "config": {
        "seed": 11,
        "batch_size": 256,
        "patience": 16,
        "n_epochs": -1,
        "gradient_clipping_norm": 1.0,
        "amp": true,
        "data": {
            "cache": true,
            "path": "data/regression-cat-medium-0-house_sales",
            "num_policy": "noisy-quantile"
        },
        "optimizer": {
            "type": "AdamW",
            "lr": 0.000595704791204806,
            "weight_decay": 0.000605191077575874
        },
        "model": {
            "p": 57,
            "arch_type": "tabm-rankp",
            "k": 32,
            "share_training_batches": false,
            "backbone": {
                "type": "MLP",
                "n_blocks": 1,
                "d_block": 304,
                "dropout": 0.0
            },
            "num_embeddings": {
                "type": "PiecewiseLinearEmbeddingsV2",
                "d_embedding": 12
            }
        },
        "bins": {
            "n_bins": 2
        }
    },
    "n_parameters": 925756,
    "prediction_type": "labels",
    "epoch_size": 40,
    "best_step": 12120,
    "metrics": {
        "train": {
            "rmse": 0.14602206710393623,
            "mae": 0.10599222779273987,
            "r2": 0.9233912628221222,
            "score": -0.14602206710393623
        },
        "val": {
            "rmse": 0.16908486065915815,
            "mae": 0.11886412650346756,
            "r2": 0.898052009315236,
            "score": -0.16908486065915815
        },
        "test": {
            "rmse": 0.16892289691023502,
            "mae": 0.11974962055683136,
            "r2": 0.8961904251675962,
            "score": -0.16892289691023502
        }
    },
    "time": "0:02:06.556800",
    "chunk_size": null,
    "eval_batch_size": 32768
}