{
    "function": "bin.model.main",
    "gpus": [
        "NVIDIA GeForce RTX 4090"
    ],
    "config": {
        "seed": 10,
        "batch_size": 512,
        "patience": 16,
        "n_epochs": -1,
        "gradient_clipping_norm": 1.0,
        "amp": true,
        "data": {
            "cache": true,
            "path": "data/otto"
        },
        "optimizer": {
            "type": "AdamW",
            "lr": 0.00024033347504562316,
            "weight_decay": 0.0532628380802678
        },
        "model": {
            "arch_type": "moe-sparse-shared",
            "backbone": {
                "k": 1,
                "n_blocks": 3,
                "d_block": 880,
                "dropout": 0.4770813507606442,
                "moe_ratio": 0.5,
                "num_experts": 12
            },
            "num_embeddings": {
                "type": "PiecewiseLinearEmbeddingsV2",
                "d_embedding": 12
            }
        },
        "bins": {
            "n_bins": 77
        }
    },
    "n_parameters": 33570505,
    "prediction_type": "probs",
    "epoch_size": 78,
    "best_step": 2106,
    "metrics": {
        "train": {
            "0": {
                "precision": 0.8279857397504456,
                "recall": 0.7522267206477733,
                "f1-score": 0.7882901994060246,
                "support": 1235.0
            },
            "1": {
                "precision": 0.7900661068429515,
                "recall": 0.8571428571428571,
                "f1-score": 0.8222387504648568,
                "support": 10318.0
            },
            "2": {
                "precision": 0.6665968147527243,
                "recall": 0.6210464662241312,
                "f1-score": 0.6430159692743076,
                "support": 5122.0
            },
            "3": {
                "precision": 0.8422222222222222,
                "recall": 0.6602787456445993,
                "f1-score": 0.740234375,
                "support": 1722.0
            },
            "4": {
                "precision": 0.9835600907029478,
                "recall": 0.9897318881916715,
                "f1-score": 0.9866363377878874,
                "support": 1753.0
            },
            "5": {
                "precision": 0.9746947835738069,
                "recall": 0.9708158302011939,
                "f1-score": 0.9727514399645548,
                "support": 9046.0
            },
            "6": {
                "precision": 0.8856304985337243,
                "recall": 0.8310401761144744,
                "f1-score": 0.8574673480976718,
                "support": 1817.0
            },
            "7": {
                "precision": 0.9660384400074641,
                "recall": 0.9556950341517445,
                "f1-score": 0.960838901262064,
                "support": 5417.0
            },
            "8": {
                "precision": 0.8989473684210526,
                "recall": 0.9426048565121413,
                "f1-score": 0.9202586206896551,
                "support": 3171.0
            },
            "accuracy": 0.8657357137446025,
            "macro avg": {
                "precision": 0.8706380072008154,
                "recall": 0.842286952758954,
                "f1-score": 0.854636882438558,
                "support": 39601.0
            },
            "weighted avg": {
                "precision": 0.865461297256579,
                "recall": 0.8657357137446025,
                "f1-score": 0.8645164219043543,
                "support": 39601.0
            },
            "cross-entropy": 0.3291309847717298,
            "score": 0.8657357137446025
        },
        "val": {
            "0": {
                "precision": 0.5978260869565217,
                "recall": 0.5357142857142857,
                "f1-score": 0.5650684931506849,
                "support": 308.0
            },
            "1": {
                "precision": 0.747364722417428,
                "recall": 0.8244186046511628,
                "f1-score": 0.7840029487652046,
                "support": 2580.0
            },
            "2": {
                "precision": 0.6114432109308283,
                "recall": 0.5589383294301327,
                "f1-score": 0.5840130505709625,
                "support": 1281.0
            },
            "3": {
                "precision": 0.7042682926829268,
                "recall": 0.5359628770301624,
                "f1-score": 0.608695652173913,
                "support": 431.0
            },
            "4": {
                "precision": 0.9699769053117783,
                "recall": 0.958904109589041,
                "f1-score": 0.9644087256027555,
                "support": 438.0
            },
            "5": {
                "precision": 0.9427036705461056,
                "recall": 0.9310344827586207,
                "f1-score": 0.9368327402135231,
                "support": 2262.0
            },
            "6": {
                "precision": 0.719047619047619,
                "recall": 0.6651982378854625,
                "f1-score": 0.6910755148741419,
                "support": 454.0
            },
            "7": {
                "precision": 0.9218632607062359,
                "recall": 0.9062038404726735,
                "f1-score": 0.9139664804469273,
                "support": 1354.0
            },
            "8": {
                "precision": 0.8155452436194895,
                "recall": 0.8865069356872636,
                "f1-score": 0.8495468277945619,
                "support": 793.0
            },
            "accuracy": 0.8076961923038077,
            "macro avg": {
                "precision": 0.7811154458021037,
                "recall": 0.7558757448020894,
                "f1-score": 0.766401159288075,
                "support": 9901.0
            },
            "weighted avg": {
                "precision": 0.8057522720436595,
                "recall": 0.8076961923038077,
                "f1-score": 0.805344254163123,
                "support": 9901.0
            },
            "cross-entropy": 0.5689302011101115,
            "score": 0.8076961923038077
        },
        "test": {
            "0": {
                "precision": 0.6149068322981367,
                "recall": 0.5129533678756477,
                "f1-score": 0.5593220338983051,
                "support": 386.0
            },
            "1": {
                "precision": 0.7471846846846847,
                "recall": 0.8232009925558312,
                "f1-score": 0.7833530106257379,
                "support": 3224.0
            },
            "2": {
                "precision": 0.5925404644616468,
                "recall": 0.5259212991880075,
                "f1-score": 0.5572468563864991,
                "support": 1601.0
            },
            "3": {
                "precision": 0.6844547563805105,
                "recall": 0.5483271375464684,
                "f1-score": 0.6088751289989681,
                "support": 538.0
            },
            "4": {
                "precision": 0.9781021897810219,
                "recall": 0.9781021897810219,
                "f1-score": 0.9781021897810219,
                "support": 548.0
            },
            "5": {
                "precision": 0.9501069137562367,
                "recall": 0.9430491687301026,
                "f1-score": 0.9465648854961831,
                "support": 2827.0
            },
            "6": {
                "precision": 0.7376425855513308,
                "recall": 0.6830985915492958,
                "f1-score": 0.7093235831809871,
                "support": 568.0
            },
            "7": {
                "precision": 0.9230310262529833,
                "recall": 0.9137625516834023,
                "f1-score": 0.9183734045710894,
                "support": 1693.0
            },
            "8": {
                "precision": 0.8272394881170019,
                "recall": 0.9132189707366297,
                "f1-score": 0.86810551558753,