{
    "function": "bin.model.main",
    "gpus": [
        "NVIDIA GeForce RTX 4090"
    ],
    "config": {
        "seed": 8,
        "batch_size": 256,
        "patience": 16,
        "n_epochs": -1,
        "gradient_clipping_norm": 1.0,
        "amp": true,
        "data": {
            "cache": true,
            "path": "data/regression-cat-medium-0-house_sales",
            "num_policy": "noisy-quantile"
        },
        "optimizer": {
            "type": "AdamW",
            "lr": 0.00018733826450552298,
            "weight_decay": 0.0005719265381131125
        },
        "model": {
            "arch_type": "taba",
            "k": 32,
            "share_training_batches": false,
            "backbone": {
                "type": "MLP",
                "n_blocks": 7,
                "d_block": 240,
                "dropout": 0.0
            },
            "num_embeddings": {
                "type": "PiecewiseLinearEmbeddingsV2",
                "d_embedding": 24
            }
        },
        "bins": {
            "n_bins": 42
        }
    },
    "n_parameters": 222040,
    "prediction_type": "labels",
    "epoch_size": 40,
    "best_step": 14200,
    "metrics": {
        "train": {
            "rmse": 0.14730625376327672,
            "mae": 0.1073659211397171,
            "r2": 0.9220378629244657,
            "score": -0.14730625376327672
        },
        "val": {
            "rmse": 0.17082342954068927,
            "mae": 0.12255195528268814,
            "r2": 0.8959447144461756,
            "score": -0.17082342954068927
        },
        "test": {
            "rmse": 0.17064396577269628,
            "mae": 0.12228970974683762,
            "r2": 0.8940643211008452,
            "score": -0.17064396577269628
        }
    },
    "time": "0:02:58.383696",
    "chunk_size": null,
    "eval_batch_size": 32768,
    "heads": [
        3
    ],
    "head_selection_time": "0:00:00.027940"
}