{
    "function": "bin.model.main",
    "gpus": [
        "NVIDIA GeForce RTX 4090"
    ],
    "config": {
        "seed": 9,
        "batch_size": 256,
        "patience": 16,
        "n_epochs": -1,
        "gradient_clipping_norm": 1.0,
        "amp": true,
        "data": {
            "cache": true,
            "path": "data/classif-num-medium-1-MagicTelescope",
            "num_policy": "noisy-quantile"
        },
        "optimizer": {
            "type": "AdamW",
            "lr": 0.00011325588535633829,
            "weight_decay": 0.0
        },
        "model": {
            "arch_type": "tabrmv3",
            "sample_rate": 0.5998184501805676,
            "k": 4,
            "backbone": {
                "embed_type": "tabr",
                "ensemble_type": "shared-resnet",
                "context_shuffle": false,
                "context_size": 256,
                "encoder_n_blocks": 0,
                "n_blocks": 1,
                "d_block": 992,
                "dropout": 0.10584402393188508
            },
            "num_embeddings": {
                "type": "PeriodicEmbeddings",
                "n_frequencies": 32,
                "d_embedding": 32,
                "frequency_init_scale": 0.14151213928152573,
                "lite": false
            }
        }
    },
    "n_parameters": 4290696,
    "prediction_type": "probs",
    "epoch_size": 37,
    "best_step": 444,
    "metrics": {
        "train": {
            "0": {
                "precision": 0.8199240986717268,
                "recall": 0.9246736571795421,
                "f1-score": 0.8691541788192698,
                "support": 4673.0
            },
            "1": {
                "precision": 0.91399951136086,
                "recall": 0.7976545842217484,
                "f1-score": 0.8518729363543209,
                "support": 4690.0
            },
            "accuracy": 0.8610488091423689,
            "macro avg": {
                "precision": 0.8669618050162934,
                "recall": 0.8611641207006453,
                "f1-score": 0.8605135575867954,
                "support": 9363.0
            },
            "weighted avg": {
                "precision": 0.8670472093747102,
                "recall": 0.8610488091423689,
                "f1-score": 0.8604978691791321,
                "support": 9363.0
            },
            "cross-entropy": 0.3241788070241034,
            "roc-auc": 0.9362792743506337,
            "score": 0.8610488091423689
        },
        "val": {
            "0": {
                "precision": 0.8333333333333334,
                "recall": 0.9149277688603531,
                "f1-score": 0.8722264728385616,
                "support": 623.0
            },
            "1": {
                "precision": 0.8978805394990366,
                "recall": 0.803448275862069,
                "f1-score": 0.8480436760691539,
                "support": 580.0
            },
            "accuracy": 0.8611803823773898,
            "macro avg": {
                "precision": 0.8656069364161849,
                "recall": 0.8591880223612111,
                "f1-score": 0.8601350744538577,
                "support": 1203.0
            },
            "weighted avg": {
                "precision": 0.8644533496060748,
                "recall": 0.8611803823773898,
                "f1-score": 0.8605672690760874,
                "support": 1203.0
            },
            "cross-entropy": 0.339304514049575,
            "roc-auc": 0.9277190457740634,
            "score": 0.8611803823773898
        },
        "test": {
            "0": {
                "precision": 0.8031055900621118,
                "recall": 0.9288793103448276,
                "f1-score": 0.8614257161892072,
                "support": 1392.0
            },
            "1": {
                "precision": 0.9175,
                "recall": 0.7764456981664316,
                "f1-score": 0.8411000763941939,
                "support": 1418.0
            },
            "accuracy": 0.8519572953736655,
            "macro avg": {
                "precision": 0.8603027950310559,
                "recall": 0.8526625042556296,
                "f1-score": 0.8512628962917006,
                "support": 2810.0
            },
            "weighted avg": {
                "precision": 0.8608320218385977,
                "recall": 0.8519572953736655,
                "f1-score": 0.8511688630826845,
                "support": 2810.0
            },
            "cross-entropy": 0.33207378478368177,
            "roc-auc": 0.932298506071365,
            "score": 0.8519572953736655
        }
    },
    "time": "0:00:32.487609",
    "chunk_size": null,
    "eval_batch_size": 32768
}