{
    "function": "bin.ensemble.main",
    "config": {
        "seeds": [
            5,
            6,
            7,
            8,
            9
        ],
        "data": {
            "path": "data/classif-num-medium-0-credit"
        }
    },
    "single_model_function": "bin.qreformer.main",
    "prediction_type": "probs",
    "metrics": {
        "train": {
            "0": {
                "precision": 0.7785977859778598,
                "recall": 0.7967011128775835,
                "f1-score": 0.7875454277575876,
                "support": 5032.0
            },
            "1": {
                "precision": 0.7891156462585034,
                "recall": 0.7705314009661836,
                "f1-score": 0.7797128017109686,
                "support": 4968.0
            },
            "accuracy": 0.7837,
            "macro avg": {
                "precision": 0.7838567161181815,
                "recall": 0.7836162569218835,
                "f1-score": 0.7836291147342781,
                "support": 10000.0
            },
            "weighted avg": {
                "precision": 0.7838230589652835,
                "recall": 0.7837,
                "f1-score": 0.7836541791376272,
                "support": 10000.0
            },
            "cross-entropy": 0.4649664795889739,
            "roc-auc": 0.8616403727896695,
            "score": 0.7837
        },
        "val": {
            "0": {
                "precision": 0.7859237536656891,
                "recall": 0.8104838709677419,
                "f1-score": 0.798014888337469,
                "support": 992.0
            },
            "1": {
                "precision": 0.8102926337033299,
                "recall": 0.7857142857142857,
                "f1-score": 0.7978142076502732,
                "support": 1022.0
            },
            "accuracy": 0.797914597815293,
            "macro avg": {
                "precision": 0.7981081936845096,
                "recall": 0.7980990783410138,
                "f1-score": 0.7979145479938712,
                "support": 2014.0
            },
            "weighted avg": {
                "precision": 0.7982896898119001,
                "recall": 0.797914597815293,
                "f1-score": 0.7979130533512158,
                "support": 2014.0
            },
            "cross-entropy": 0.46509009894848896,
            "roc-auc": 0.8613664699198282,
            "score": 0.797914597815293
        },
        "test": {
            "0": {
                "precision": 0.7572135201978566,
                "recall": 0.7873981997428204,
                "f1-score": 0.7720109266652659,
                "support": 2333.0
            },
            "1": {
                "precision": 0.781882145998241,
                "recall": 0.7511618081960287,
                "f1-score": 0.7662141779788838,
                "support": 2367.0
            },
            "accuracy": 0.7691489361702127,
            "macro avg": {
                "precision": 0.7695478330980488,
                "recall": 0.7692800039694245,
                "f1-score": 0.7691125523220749,
                "support": 4700.0
            },
            "weighted avg": {
                "precision": 0.7696370600424332,
                "recall": 0.7691489361702127,
                "f1-score": 0.7690915853587411,
                "support": 4700.0
            },
            "cross-entropy": 0.48449434343991865,
            "roc-auc": 0.8491975406227688,
            "score": 0.7691489361702127
        }
    }
}