{
    "function": "bin.reformer.main",
    "gpus": [
        "NVIDIA GeForce RTX 4090"
    ],
    "config": {
        "seed": 6,
        "batch_size": 512,
        "patience": 16,
        "n_epochs": -1,
        "amp": true,
        "data": {
            "cache": true,
            "path": "data/regression-num-medium-0-medical_charges",
            "num_policy": "noisy-quantile"
        },
        "optimizer": {
            "type": "AdamW",
            "lr": 0.00018417118403923162,
            "weight_decay": 3.34568792371297e-05
        },
        "model": {
            "predictor_n_blocks": 3,
            "k": 32,
            "context_size": 32,
            "encoder_n_blocks": 1,
            "predictor_type": "mha",
            "use_adapter": true,
            "num_heads": 4,
            "momentum": 0.999,
            "use_aux_loss": false,
            "multi_output_head": false,
            "queue_ratio": 64,
            "arch_type": "retransformer",
            "d_main": 64,
            "d_multiplier": 2.0,
            "mixer_normalization": "auto",
            "dropout0": 0.0,
            "dropout1": 0.0,
            "normalization": "LayerNorm",
            "activation": "ReLU",
            "num_embeddings": {
                "type": "PeriodicEmbeddings",
                "n_frequencies": 39,
                "frequency_init_scale": 0.03996814642929019,
                "d_embedding": 38,
                "lite": true
            }
        }
    },
    "n_parameters": 129520,
    "prediction_type": "labels",
    "epoch_size": 20,
    "best_step": 2180,
    "metrics": {
        "train": {
            "rmse": 0.08131370179265342,
            "mae": 0.05463211610913277,
            "r2": 0.9788895733873387,
            "score": -0.08131370179265342
        },
        "val": {
            "rmse": 0.08277374251319815,
            "mae": 0.052241552621126175,
            "r2": 0.978662230309047,
            "score": -0.08277374251319815
        },
        "test": {
            "rmse": 0.08213673915999754,
            "mae": 0.05189197137951851,
            "r2": 0.9790397669755776,
            "score": -0.08213673915999754
        }
    },
    "time": "0:01:42.724552",
    "chunk_size": null,
    "eval_batch_size": 32768,
    "heads": [
        26,
        15,
        3,
        1,
        21,
        10,
        19
    ],
    "head_selection_time": "0:00:00.595770"
}