{
    "function": "bin.model.main",
    "gpus": [
        "NVIDIA GeForce RTX 4090"
    ],
    "config": {
        "seed": 10,
        "batch_size": 512,
        "patience": 16,
        "n_epochs": -1,
        "gradient_clipping_norm": 1.0,
        "amp": true,
        "data": {
            "cache": true,
            "path": "data/regression-num-large-0-year",
            "num_policy": "noisy-quantile"
        },
        "optimizer": {
            "type": "AdamW",
            "lr": 5.07903730191595e-05,
            "weight_decay": 0.0
        },
        "model": {
            "arch_type": "tabrmv3",
            "sample_rate": 0.40697759738266137,
            "k": 4,
            "backbone": {
                "embed_type": "tabr",
                "ensemble_type": "mini-resnet",
                "context_shuffle": false,
                "context_size": 256,
                "encoder_n_blocks": 0,
                "n_blocks": 2,
                "d_block": 176,
                "dropout": 0.3252430959271573
            },
            "num_embeddings": {
                "type": "PeriodicEmbeddings",
                "n_frequencies": 40,
                "d_embedding": 16,
                "frequency_init_scale": 0.1629004906698403,
                "lite": false
            }
        }
    },
    "n_parameters": 563060,
    "prediction_type": "labels",
    "epoch_size": 98,
    "best_step": 392,
    "metrics": {
        "train": {
            "rmse": 9.150682651089864,
            "mae": 6.4269585609436035,
            "r2": 0.3068497175627414,
            "score": -9.150682651089864
        },
        "val": {
            "rmse": 9.266745591227755,
            "mae": 6.566873073577881,
            "r2": 0.2560995769287968,
            "score": -9.266745591227755
        },
        "test": {
            "rmse": 9.422543022804488,
            "mae": 6.603386878967285,
            "r2": 0.25240406909631286,
            "score": -9.422543022804488
        }
    },
    "time": "0:01:15.982622",
    "chunk_size": null,
    "eval_batch_size": 32768,
    "heads": [
        0
    ],
    "head_selection_time": "0:00:00.003171"
}