{
    "function": "bin.model.main",
    "gpus": [
        "NVIDIA GeForce RTX 4090"
    ],
    "config": {
        "seed": 14,
        "batch_size": 256,
        "patience": 16,
        "n_epochs": -1,
        "gradient_clipping_norm": 1.0,
        "amp": true,
        "data": {
            "cache": true,
            "path": "data/regression-num-medium-1-Ailerons",
            "num_policy": "noisy-quantile"
        },
        "optimizer": {
            "type": "AdamW",
            "lr": 4.2189555014780356e-05,
            "weight_decay": 0.0
        },
        "model": {
            "arch_type": "tabrmv2-mini",
            "sample_rate": 0.530468099204791,
            "k": 32,
            "backbone": {
                "n_blocks": 4,
                "d_block": 304,
                "dropout": 0.0
            },
            "num_embeddings": {
                "type": "PeriodicEmbeddings",
                "n_frequencies": 44,
                "d_embedding": 16,
                "frequency_init_scale": 0.0451815308777426,
                "lite": false
            }
        }
    },
    "n_parameters": 1915948,
    "prediction_type": "labels",
    "epoch_size": 38,
    "best_step": 1102,
    "metrics": {
        "train": {
            "rmse": 0.00015700451775420025,
            "mae": 0.00011583576997509226,
            "r2": 0.8513007383365035,
            "score": -0.00015700451775420025
        },
        "val": {
            "rmse": 0.00015276980336477444,
            "mae": 0.00011314012226648629,
            "r2": 0.8567259986848048,
            "score": -0.00015276980336477444
        },
        "test": {
            "rmse": 0.00016393510167887765,
            "mae": 0.00011853320756927133,
            "r2": 0.8413946404667738,
            "score": -0.00016393510167887765
        }
    },
    "time": "0:00:32.131444",
    "chunk_size": null,
    "eval_batch_size": 32768,
    "heads": [
        22
    ],
    "head_selection_time": "0:00:00.023974"
}