{
    "function": "bin.qtab.main",
    "gpus": [
        "NVIDIA GeForce RTX 4090"
    ],
    "config": {
        "seed": 7,
        "batch_size": 256,
        "patience": 16,
        "n_epochs": -1,
        "amp": true,
        "data": {
            "cache": true,
            "path": "data/churn",
            "num_policy": "noisy-quantile",
            "cat_policy": "ordinal"
        },
        "optimizer": {
            "type": "AdamW",
            "lr": 0.0006073015131986147,
            "weight_decay": 1.6554108713532403e-06
        },
        "model": {
            "temperature": 0.15,
            "distance_metric": "cossim",
            "encoder_n_blocks": 1,
            "momentum": 0.999,
            "queue_ratio": 64,
            "d_main": 64,
            "d_multiplier": 2.0,
            "mixer_normalization": "auto",
            "dropout0": 0.0,
            "dropout1": 0.0,
            "normalization": "LayerNorm",
            "activation": "ReLU",
            "num_embeddings": {
                "type": "PeriodicEmbeddings",
                "n_frequencies": 86,
                "frequency_init_scale": 0.0391852303374046,
                "d_embedding": 50,
                "lite": true
            }
        }
    },
    "n_parameters": 48996,
    "prediction_type": "probs",
    "epoch_size": 25,
    "best_step": 325,
    "metrics": {
        "train": {
            "0": {
                "precision": 0.8803555555555556,
                "recall": 0.9717425431711146,
                "f1-score": 0.9237944221621117,
                "support": 5096.0
            },
            "1": {
                "precision": 0.8141935483870968,
                "recall": 0.4838957055214724,
                "f1-score": 0.607022607022607,
                "support": 1304.0
            },
            "accuracy": 0.87234375,
            "macro avg": {
                "precision": 0.8472745519713262,
                "recall": 0.7278191243462935,
                "f1-score": 0.7654085145923594,
                "support": 6400.0
            },
            "weighted avg": {
                "precision": 0.8668750465949822,
                "recall": 0.87234375,
                "f1-score": 0.8592521648274376,
                "support": 6400.0
            },
            "cross-entropy": 0.32328591496033704,
            "roc-auc": 0.8861710977453747,
            "score": 0.87234375
        },
        "val": {
            "0": {
                "precision": 0.8744710860366713,
                "recall": 0.9733124018838305,
                "f1-score": 0.9212481426448736,
                "support": 1274.0
            },
            "1": {
                "precision": 0.8131868131868132,
                "recall": 0.4539877300613497,
                "f1-score": 0.5826771653543307,
                "support": 326.0
            },
            "accuracy": 0.8675,
            "macro avg": {
                "precision": 0.8438289496117423,
                "recall": 0.7136500659725901,
                "f1-score": 0.7519626539996022,
                "support": 1600.0
            },
            "weighted avg": {
                "precision": 0.8619844154435127,
                "recall": 0.8675,
                "f1-score": 0.8522643060219255,
                "support": 1600.0
            },
            "cross-entropy": 0.34632084114241835,
            "roc-auc": 0.8601718176652444,
            "score": 0.8675
        },
        "test": {
            "0": {
                "precision": 0.8691746209994385,
                "recall": 0.9717514124293786,
                "f1-score": 0.9176052163604032,
                "support": 1593.0
            },
            "1": {
                "precision": 0.7945205479452054,
                "recall": 0.4275184275184275,
                "f1-score": 0.5559105431309904,
                "support": 407.0
            },
            "accuracy": 0.861,
            "macro avg": {
                "precision": 0.831847584472322,
                "recall": 0.699634919973903,
                "f1-score": 0.7367578797456968,
                "support": 2000.0
            },
            "weighted avg": {
                "precision": 0.8539825171329021,
                "recall": 0.861,
                "f1-score": 0.8440003503582177,
                "support": 2000.0
            },
            "cross-entropy": 0.35323349722669556,
            "roc-auc": 0.8520161147279791,
            "score": 0.861
        }
    },
    "time": "0:00:09.789887",
    "chunk_size": null,
    "eval_batch_size": 32768
}