{
    "function": "bin.qtabformerv2.main",
    "gpus": [
        "NVIDIA GeForce RTX 4090"
    ],
    "config": {
        "seed": 9,
        "batch_size": 1024,
        "patience": 16,
        "n_epochs": -1,
        "amp": true,
        "data": {
            "cache": true,
            "path": "data/ecom-offers",
            "num_policy": "noisy-quantile"
        },
        "optimizer": {
            "type": "AdamW",
            "lr": 9.496120043717906e-05,
            "weight_decay": 3.264666268574014e-06
        },
        "model": {
            "temperature": 0.15,
            "encoder_n_blocks": 1,
            "distance_metric": "cossim",
            "momentum": 0.999,
            "queue_ratio": 64,
            "d_main": 256,
            "d_multiplier": 2.0,
            "mixer_normalization": "auto",
            "dropout0": 0.0,
            "dropout1": 0.0,
            "normalization": "LayerNorm",
            "activation": "ReLU",
            "num_embeddings": {
                "type": "PeriodicEmbeddings",
                "n_frequencies": 56,
                "frequency_init_scale": 0.020325727231545278,
                "d_embedding": 42,
                "lite": true
            }
        }
    },
    "n_parameters": 1462348,
    "prediction_type": "probs",
    "epoch_size": 107,
    "best_step": 214,
    "metrics": {
        "train": {
            "0": {
                "precision": 0.7989989382678598,
                "recall": 0.9386782926858243,
                "f1-score": 0.8632247069491026,
                "support": 84179.0
            },
            "1": {
                "precision": 0.5058395558108367,
                "recall": 0.20999920515062395,
                "f1-score": 0.29678723882273644,
                "support": 25162.0
            },
            "accuracy": 0.7709916682671641,
            "macro avg": {
                "precision": 0.6524192470393483,
                "recall": 0.5743387489182241,
                "f1-score": 0.5800059728859195,
                "support": 109341.0
            },
            "weighted avg": {
                "precision": 0.7315358971269921,
                "recall": 0.7709916682671641,
                "f1-score": 0.7328737903396366,
                "support": 109341.0
            },
            "cross-entropy": 0.5092281356320126,
            "roc-auc": 0.6953698916255324,
            "score": 0.6953698916255324
        },
        "val": {
            "0": {
                "precision": 0.7115431055300652,
                "recall": 0.7595050908622245,
                "f1-score": 0.7347422230534255,
                "support": 15518.0
            },
            "1": {
                "precision": 0.5151357671820189,
                "recall": 0.4535056616721949,
                "f1-score": 0.482360097323601,
                "support": 8743.0
            },
            "accuracy": 0.6492312765343555,
            "macro avg": {
                "precision": 0.613339436356042,
                "recall": 0.6065053762672097,
                "f1-score": 0.6085511601885133,
                "support": 24261.0
            },
            "weighted avg": {
                "precision": 0.6407632795057063,
                "recall": 0.6492312765343555,
                "f1-score": 0.6437906165551008,
                "support": 24261.0
            },
            "cross-entropy": 0.6919245444364929,
            "roc-auc": 0.6331857451052072,
            "score": 0.6331857451052072
        },
        "test": {
            "0": {
                "precision": 0.6823180644544324,
                "recall": 0.8432809360595674,
                "f1-score": 0.7543080663917962,
                "support": 16922.0
            },
            "1": {
                "precision": 0.5213860314022739,
                "recall": 0.30305255428511485,
                "f1-score": 0.38330900888947855,
                "support": 9533.0
            },
            "accuracy": 0.6486108486108486,
            "macro avg": {
                "precision": 0.6018520479283531,
                "recall": 0.5731667451723411,
                "f1-score": 0.5688085376406373,
                "support": 26455.0
            },
            "weighted avg": {
                "precision": 0.6243265667758754,
                "recall": 0.6486108486108486,
                "f1-score": 0.6206193869297061,
                "support": 26455.0
            },
            "cross-entropy": 0.7216428616920301,
            "roc-auc": 0.594231143385588,
            "score": 0.594231143385588
        }
    },
    "time": "0:00:37.121279",
    "chunk_size": null,
    "eval_batch_size": 8192
}