{
    "function": "bin.model.main",
    "gpus": [
        "NVIDIA GeForce RTX 4090"
    ],
    "config": {
        "seed": 2,
        "batch_size": 256,
        "patience": 16,
        "n_epochs": -1,
        "amp": true,
        "data": {
            "cache": true,
            "path": "data/classif-num-medium-0-credit",
            "num_policy": "noisy-quantile"
        },
        "optimizer": {
            "type": "AdamW",
            "lr": 6.45039888422186e-05,
            "weight_decay": 1.5062863838839904e-06
        },
        "model": {
            "is_multihead": true,
            "arch_type": "tabr-pln",
            "k": 32,
            "context_size": 96,
            "d_main": 283,
            "context_dropout": 0.0,
            "d_multiplier": 2.0,
            "encoder_n_blocks": 1,
            "predictor_n_blocks": 1,
            "mixer_normalization": "auto",
            "dropout0": 0.0,
            "dropout1": 0.0,
            "normalization": "LayerNorm",
            "activation": "ReLU",
            "num_embeddings": {
                "type": "PeriodicEmbeddings",
                "n_frequencies": 23,
                "frequency_init_scale": 0.018481572348769525,
                "d_embedding": 60,
                "lite": true
            }
        }
    },
    "n_parameters": 1272369,
    "prediction_type": "probs",
    "epoch_size": 40,
    "best_step": 200,
    "metrics": {
        "train": {
            "0": {
                "precision": 0.7631778536215397,
                "recall": 0.7998807631160573,
                "f1-score": 0.7810983892877936,
                "support": 5032.0
            },
            "1": {
                "precision": 0.786923402454507,
                "recall": 0.7485909822866345,
                "f1-score": 0.7672787291107902,
                "support": 4968.0
            },
            "accuracy": 0.7744,
            "macro avg": {
                "precision": 0.7750506280380234,
                "recall": 0.7742358727013459,
                "f1-score": 0.7741885591992919,
                "support": 10000.0
            },
            "weighted avg": {
                "precision": 0.7749746422817577,
                "recall": 0.7744,
                "f1-score": 0.7742327821118583,
                "support": 10000.0
            },
            "cross-entropy": 0.4820841163658596,
            "roc-auc": 0.851609941943222,
            "score": 0.7744
        },
        "val": {
            "0": {
                "precision": 0.779467680608365,
                "recall": 0.8266129032258065,
                "f1-score": 0.802348336594912,
                "support": 992.0
            },
            "1": {
                "precision": 0.8212058212058212,
                "recall": 0.7729941291585127,
                "f1-score": 0.7963709677419355,
                "support": 1022.0
            },
            "accuracy": 0.7994041708043694,
            "macro avg": {
                "precision": 0.8003367509070931,
                "recall": 0.7998035161921596,
                "f1-score": 0.7993596521684238,
                "support": 2014.0
            },
            "weighted avg": {
                "precision": 0.8006476109413343,
                "recall": 0.7994041708043694,
                "f1-score": 0.7993151335324781,
                "support": 2014.0
            },
            "cross-entropy": 0.4696258588400674,
            "roc-auc": 0.8608861104096963,
            "score": 0.7994041708043694
        },
        "test": {
            "0": {
                "precision": 0.7512214983713354,
                "recall": 0.7908272610372911,
                "f1-score": 0.7705157652954687,
                "support": 2333.0
            },
            "1": {
                "precision": 0.7825311942959001,
                "recall": 0.7418673426277989,
                "f1-score": 0.761656907395359,
                "support": 2367.0
            },
            "accuracy": 0.7661702127659574,
            "macro avg": {
                "precision": 0.7668763463336178,
                "recall": 0.766347301832545,
                "f1-score": 0.7660863363454138,
                "support": 4700.0
            },
            "weighted avg": {
                "precision": 0.7669895941699407,
                "recall": 0.7661702127659574,
                "f1-score": 0.7660542936679029,
                "support": 4700.0
            },
            "cross-entropy": 0.4900404654783104,
            "roc-auc": 0.8465949598811057,
            "score": 0.7661702127659574
        }
    },
    "time": "0:00:16.624883",
    "chunk_size": null,
    "eval_batch_size": 32768,
    "heads": [
        19,
        17,
        1
    ],
    "head_selection_time": "0:00:00.816382"
}