{
    "function": "bin.model.main",
    "gpus": [
        "NVIDIA GeForce RTX 4090"
    ],
    "config": {
        "seed": 14,
        "batch_size": 1024,
        "patience": 16,
        "n_epochs": -1,
        "gradient_clipping_norm": 1.0,
        "amp": true,
        "data": {
            "cache": true,
            "path": "data/microsoft",
            "num_policy": "noisy-quantile"
        },
        "optimizer": {
            "type": "AdamW",
            "lr": 0.0002000968126200079,
            "weight_decay": 0.0
        },
        "model": {
            "arch_type": "moe-sparse-shared",
            "backbone": {
                "k": 4,
                "n_blocks": 2,
                "d_block": 592,
                "dropout": 0.1394675019104608,
                "moe_ratio": 0.25,
                "num_experts": 32
            }
        }
    },
    "n_parameters": 12741617,
    "prediction_type": "labels",
    "epoch_size": 707,
    "best_step": 2828,
    "metrics": {
        "train": {
            "rmse": 0.7226515486280771,
            "mae": 0.572843074798584,
            "r2": 0.2273545056912354,
            "score": -0.7226515486280771
        },
        "val": {
            "rmse": 0.7472106402877087,
            "mae": 0.5898892283439636,
            "r2": 0.18960359351216194,
            "score": -0.7472106402877087
        },
        "test": {
            "rmse": 0.7508004605855326,
            "mae": 0.5907832384109497,
            "r2": 0.1870912677253772,
            "score": -0.7508004605855326
        }
    },
    "time": "0:03:26.131053",
    "chunk_size": null,
    "eval_batch_size": 32768
}