{
    "function": "bin.model.main",
    "gpus": [
        "NVIDIA GeForce RTX 4090"
    ],
    "config": {
        "seed": 9,
        "batch_size": 256,
        "patience": 16,
        "n_epochs": -1,
        "amp": true,
        "data": {
            "cache": true,
            "path": "data/regression-num-medium-1-pol",
            "num_policy": "noisy-quantile"
        },
        "optimizer": {
            "type": "AdamW",
            "lr": 0.0006428067117968532,
            "weight_decay": 2.5194102186718722e-05
        },
        "model": {
            "arch_type": "tabr",
            "k": 1,
            "context_size": 96,
            "d_main": 234,
            "context_dropout": 0.024758327186600926,
            "d_multiplier": 2.0,
            "encoder_n_blocks": 1,
            "predictor_n_blocks": 2,
            "mixer_normalization": "auto",
            "dropout0": 0.5995175262948989,
            "dropout1": 0.0,
            "normalization": "LayerNorm",
            "activation": "ReLU",
            "num_embeddings": {
                "type": "PeriodicEmbeddings",
                "n_frequencies": 44,
                "frequency_init_scale": 0.11189984282951035,
                "d_embedding": 38,
                "lite": true
            }
        }
    },
    "n_parameters": 1172187,
    "prediction_type": "labels",
    "epoch_size": 40,
    "best_step": 2880,
    "metrics": {
        "train": {
            "rmse": 2.1169574232473454,
            "mae": 1.2465871572494507,
            "r2": 0.9974042637264836,
            "score": -2.1169574232473454
        },
        "val": {
            "rmse": 2.883531103536259,
            "mae": 1.512251615524292,
            "r2": 0.9953714679151163,
            "score": -2.883531103536259
        },
        "test": {
            "rmse": 2.9416630241508375,
            "mae": 1.5302159786224365,
            "r2": 0.9950727256648567,
            "score": -2.9416630241508375
        }
    },
    "time": "0:01:02.245983",
    "chunk_size": null,
    "eval_batch_size": 32768
}