{
    "function": "bin.qtabformer.main",
    "gpus": [
        "NVIDIA GeForce RTX 4090"
    ],
    "config": {
        "seed": 2,
        "batch_size": 256,
        "patience": 16,
        "n_epochs": -1,
        "amp": true,
        "data": {
            "cache": true,
            "path": "data/classif-num-medium-0-credit",
            "num_policy": "noisy-quantile"
        },
        "optimizer": {
            "type": "AdamW",
            "lr": 0.000163564086246596,
            "weight_decay": 1.4949059324924186e-06
        },
        "model": {
            "distance_metric": "cossim",
            "encoder_n_blocks": 1,
            "temperature": 0.1,
            "momentum": 0.999,
            "queue_ratio": 64,
            "d_main": 128,
            "d_multiplier": 2.0,
            "mixer_normalization": "auto",
            "dropout0": 0.24908059436353963,
            "dropout1": 0.0,
            "normalization": "LayerNorm",
            "activation": "ReLU",
            "num_embeddings": {
                "type": "PeriodicEmbeddings",
                "n_frequencies": 82,
                "frequency_init_scale": 0.012562875740660272,
                "d_embedding": 17,
                "lite": true
            }
        }
    },
    "n_parameters": 108459,
    "prediction_type": "probs",
    "epoch_size": 40,
    "best_step": 1680,
    "metrics": {
        "train": {
            "0": {
                "precision": 0.7797897196261683,
                "recall": 0.795906200317965,
                "f1-score": 0.7877655389457119,
                "support": 5032.0
            },
            "1": {
                "precision": 0.7888569078947368,
                "recall": 0.7723429951690821,
                "f1-score": 0.7805126118795768,
                "support": 4968.0
            },
            "accuracy": 0.7842,
            "macro avg": {
                "precision": 0.7843233137604526,
                "recall": 0.7841245977435236,
                "f1-score": 0.7841390754126443,
                "support": 10000.0
            },
            "weighted avg": {
                "precision": 0.7842942987579932,
                "recall": 0.7842,
                "f1-score": 0.784162284779256,
                "support": 10000.0
            },
            "cross-entropy": 0.4605867019574661,
            "roc-auc": 0.8643992057914692,
            "score": 0.7842
        },
        "val": {
            "0": {
                "precision": 0.7798434442270059,
                "recall": 0.8034274193548387,
                "f1-score": 0.791459781529295,
                "support": 992.0
            },
            "1": {
                "precision": 0.8034274193548387,
                "recall": 0.7798434442270059,
                "f1-score": 0.791459781529295,
                "support": 1022.0
            },
            "accuracy": 0.791459781529295,
            "macro avg": {
                "precision": 0.7916354317909223,
                "recall": 0.7916354317909223,
                "f1-score": 0.791459781529295,
                "support": 2014.0
            },
            "weighted avg": {
                "precision": 0.7918110820525497,
                "recall": 0.791459781529295,
                "f1-score": 0.791459781529295,
                "support": 2014.0
            },
            "cross-entropy": 0.4635362506762053,
            "roc-auc": 0.8636765355722493,
            "score": 0.791459781529295
        },
        "test": {
            "0": {
                "precision": 0.7588769611890999,
                "recall": 0.7878268324046293,
                "f1-score": 0.7730809674027339,
                "support": 2333.0
            },
            "1": {
                "precision": 0.7827041264266901,
                "recall": 0.7532741867342628,
                "f1-score": 0.7677072120559743,
                "support": 2367.0
            },
            "accuracy": 0.7704255319148936,
            "macro avg": {
                "precision": 0.770790543807895,
                "recall": 0.770550509569446,
                "f1-score": 0.7703940897293541,
                "support": 4700.0
            },
            "weighted avg": {
                "precision": 0.7708767271715203,
                "recall": 0.7704255319148936,
                "f1-score": 0.7703746527419296,
                "support": 4700.0
            },
            "cross-entropy": 0.4848559009369946,
            "roc-auc": 0.8509043750773014,
            "score": 0.7704255319148936
        }
    },
    "time": "0:00:28.996167",
    "chunk_size": null,
    "eval_batch_size": 32768
}