{
    "function": "bin.model.main",
    "gpus": [
        "NVIDIA GeForce RTX 4090"
    ],
    "config": {
        "seed": 11,
        "batch_size": 128,
        "patience": 16,
        "n_epochs": -1,
        "gradient_clipping_norm": 1.0,
        "amp": true,
        "data": {
            "cache": true,
            "path": "data/regression-num-medium-2-cpu_act",
            "num_policy": "noisy-quantile"
        },
        "optimizer": {
            "type": "AdamW",
            "lr": 0.0017118694518031686,
            "weight_decay": 0.001205903509160135
        },
        "model": {
            "arch_type": "taba",
            "k": 128,
            "share_training_batches": false,
            "backbone": {
                "type": "MLP",
                "n_blocks": 9,
                "d_block": 592,
                "dropout": 0.0
            },
            "num_embeddings": {
                "type": "PiecewiseLinearEmbeddingsV2",
                "d_embedding": 16
            }
        },
        "bins": {
            "n_bins": 2
        }
    },
    "n_parameters": 1607024,
    "prediction_type": "labels",
    "epoch_size": 45,
    "best_step": 9405,
    "metrics": {
        "train": {
            "rmse": 1.7691458646629739,
            "mae": 1.287474513053894,
            "r2": 0.9905409764597713,
            "score": -1.7691458646629739
        },
        "val": {
            "rmse": 2.052355701424804,
            "mae": 1.4891080856323242,
            "r2": 0.9899497860541764,
            "score": -2.052355701424804
        },
        "test": {
            "rmse": 2.144948894363204,
            "mae": 1.546356201171875,
            "r2": 0.9860139231604391,
            "score": -2.144948894363204
        }
    },
    "time": "0:02:07.798704",
    "chunk_size": null,
    "eval_batch_size": 32768,
    "heads": [
        97,
        21,
        118,
        12,
        77,
        26,
        15,
        9,
        104,
        90,
        12,
        25,
        77,
        26,
        24
    ],
    "head_selection_time": "0:00:01.182009"
}