{
    "function": "bin.qr_aug_mlp.main",
    "gpus": [
        "NVIDIA GeForce RTX 4090"
    ],
    "config": {
        "seed": 9,
        "batch_size": 256,
        "patience": 16,
        "n_epochs": -1,
        "amp": true,
        "data": {
            "cache": true,
            "path": "data/regression-cat-medium-0-OnlineNewsPopularity",
            "num_policy": "noisy-quantile"
        },
        "optimizer": {
            "type": "AdamW",
            "lr": 0.00021313733423509318,
            "weight_decay": 0.0
        },
        "model": {
            "context_size": 32,
            "num_heads": 8,
            "predictor_n_blocks": 2,
            "encoder_n_blocks": 1,
            "use_multi_output_head": false,
            "dropout1": 0.0,
            "use_mlp_head": false,
            "query_expansion_ratio": 4,
            "attention_type": "mqa",
            "use_key_as_value": true,
            "momentum": 0.999,
            "queue_ratio": 64,
            "d_main": 64,
            "d_multiplier": 2.0,
            "mixer_normalization": "auto",
            "dropout0": 0.5276412674436873,
            "num_embeddings": {
                "type": "PeriodicEmbeddings",
                "n_frequencies": 96,
                "frequency_init_scale": 0.02421988975820335,
                "d_embedding": 45,
                "lite": true
            }
        }
    },
    "n_parameters": 203342,
    "prediction_type": "labels",
    "epoch_size": 40,
    "best_step": 1040,
    "metrics": {
        "train": {
            "rmse": 0.8186863357602066,
            "mae": 0.6042735576629639,
            "r2": 0.22582712512134284,
            "score": -0.8186863357602066
        },
        "val": {
            "rmse": 0.8494370559804616,
            "mae": 0.6293697953224182,
            "r2": 0.14428709439214982,
            "score": -0.8494370559804616
        },
        "test": {
            "rmse": 0.8679323863490517,
            "mae": 0.6385650038719177,
            "r2": 0.13668654291877158,
            "score": -0.8679323863490517
        }
    },
    "time": "0:00:31.363020",
    "chunk_size": null,
    "eval_batch_size": 32768
}