{
    "function": "bin.model.main",
    "gpus": [
        "NVIDIA GeForce RTX 4090"
    ],
    "config": {
        "seed": 0,
        "batch_size": 256,
        "patience": 16,
        "n_epochs": -1,
        "amp": true,
        "data": {
            "cache": true,
            "path": "data/classif-num-medium-0-credit",
            "num_policy": "noisy-quantile"
        },
        "optimizer": {
            "type": "AdamW",
            "lr": 0.00018903584172164466,
            "weight_decay": 3.5556632143011523e-06
        },
        "model": {
            "arch_type": "tabr-pln",
            "k": 32,
            "context_size": 96,
            "d_main": 150,
            "context_dropout": 0.0,
            "d_multiplier": 2.0,
            "encoder_n_blocks": 1,
            "predictor_n_blocks": 1,
            "mixer_normalization": "auto",
            "dropout0": 0.0,
            "dropout1": 0.0,
            "normalization": "LayerNorm",
            "activation": "ReLU",
            "num_embeddings": {
                "type": "PeriodicEmbeddings",
                "n_frequencies": 21,
                "frequency_init_scale": 0.010807676078955329,
                "d_embedding": 52,
                "lite": true
            }
        }
    },
    "n_parameters": 385248,
    "prediction_type": "probs",
    "epoch_size": 40,
    "best_step": 600,
    "metrics": {
        "train": {
            "0": {
                "precision": 0.7811441100259119,
                "recall": 0.7788155802861685,
                "f1-score": 0.7799781072743555,
                "support": 5032.0
            },
            "1": {
                "precision": 0.7766405779650812,
                "recall": 0.7789855072463768,
                "f1-score": 0.7778112752487186,
                "support": 4968.0
            },
            "accuracy": 0.7789,
            "macro avg": {
                "precision": 0.7788923439954966,
                "recall": 0.7789005437662726,
                "f1-score": 0.7788946912615371,
                "support": 10000.0
            },
            "weighted avg": {
                "precision": 0.7789067552980913,
                "recall": 0.7789,
                "f1-score": 0.7789016251240192,
                "support": 10000.0
            },
            "cross-entropy": 0.4724256775728392,
            "roc-auc": 0.8562953138560554,
            "score": 0.7789
        },
        "val": {
            "0": {
                "precision": 0.7937937937937938,
                "recall": 0.7993951612903226,
                "f1-score": 0.7965846308387746,
                "support": 992.0
            },
            "1": {
                "precision": 0.8039408866995074,
                "recall": 0.7984344422700587,
                "f1-score": 0.8011782032400588,
                "support": 1022.0
            },
            "accuracy": 0.7989076464746773,
            "macro avg": {
                "precision": 0.7988673402466506,
                "recall": 0.7989148017801906,
                "f1-score": 0.7988814170394167,
                "support": 2014.0
            },
            "weighted avg": {
                "precision": 0.7989429144242006,
                "recall": 0.7989076464746773,
                "f1-score": 0.7989156293462784,
                "support": 2014.0
            },
            "cross-entropy": 0.46203303725768463,
            "roc-auc": 0.8631217055425794,
            "score": 0.7989076464746773
        },
        "test": {
            "0": {
                "precision": 0.7633909742724588,
                "recall": 0.775825117873982,
                "f1-score": 0.7695578231292516,
                "support": 2333.0
            },
            "1": {
                "precision": 0.7754401030485186,
                "recall": 0.7629911280101395,
                "f1-score": 0.7691652470187393,
                "support": 2367.0
            },
            "accuracy": 0.7693617021276595,
            "macro avg": {
                "precision": 0.7694155386604887,
                "recall": 0.7694081229420607,
                "f1-score": 0.7693615350739955,
                "support": 4700.0
            },
            "weighted avg": {
                "precision": 0.7694591206156361,
                "recall": 0.7693617021276595,
                "f1-score": 0.7693601151178511,
                "support": 4700.0
            },
            "cross-entropy": 0.4804752023415242,
            "roc-auc": 0.8512773235213215,
            "score": 0.7693617021276595
        }
    },
    "time": "0:00:23.388885",
    "chunk_size": null,
    "eval_batch_size": 32768,
    "heads": [
        1
    ],
    "head_selection_time": "0:00:00.202337"
}