{
    "function": "bin.model.main",
    "gpus": [
        "NVIDIA GeForce RTX 4090"
    ],
    "config": {
        "seed": 0,
        "batch_size": 256,
        "patience": 16,
        "n_epochs": -1,
        "gradient_clipping_norm": 1.0,
        "amp": true,
        "data": {
            "cache": true,
            "path": "data/classif-num-medium-1-credit",
            "num_policy": "noisy-quantile"
        },
        "optimizer": {
            "type": "AdamW",
            "lr": 3.3831152519580016e-05,
            "weight_decay": 0.0
        },
        "model": {
            "arch_type": "tabrmv3",
            "sample_rate": 0.3994710692838175,
            "k": 4,
            "backbone": {
                "embed_type": "tabr",
                "ensemble_type": "moe-droppath",
                "context_shuffle": false,
                "context_size": 192,
                "encoder_n_blocks": 0,
                "num_experts": 8,
                "moe_ratio": 0.25,
                "n_blocks": 1,
                "d_block": 320,
                "dropout_expert": 0.0,
                "dropout": 0.0
            },
            "num_embeddings": {
                "type": "PeriodicEmbeddings",
                "n_frequencies": 96,
                "d_embedding": 16,
                "frequency_init_scale": 0.5314140113641478,
                "lite": false
            }
        }
    },
    "n_parameters": 704488,
    "prediction_type": "probs",
    "epoch_size": 40,
    "best_step": 440,
    "metrics": {
        "train": {
            "0": {
                "precision": 0.7638630442873092,
                "recall": 0.8141610472034907,
                "f1-score": 0.78821044546851,
                "support": 5042.0
            },
            "1": {
                "precision": 0.7974492001729356,
                "recall": 0.7440500201694231,
                "f1-score": 0.7698247078464108,
                "support": 4958.0
            },
            "accuracy": 0.7794,
            "macro avg": {
                "precision": 0.7806561222301225,
                "recall": 0.779105533686457,
                "f1-score": 0.7790175766574604,
                "support": 10000.0
            },
            "weighted avg": {
                "precision": 0.7805150603754027,
                "recall": 0.7794,
                "f1-score": 0.7790947967554732,
                "support": 10000.0
            },
            "cross-entropy": 0.46732423481392915,
            "roc-auc": 0.8613223349039508,
            "score": 0.7794
        },
        "val": {
            "0": {
                "precision": 0.7601510859301227,
                "recall": 0.7946692991115498,
                "f1-score": 0.777027027027027,
                "support": 1013.0
            },
            "1": {
                "precision": 0.7821989528795812,
                "recall": 0.7462537462537463,
                "f1-score": 0.7638036809815951,
                "support": 1001.0
            },
            "accuracy": 0.7706057596822244,
            "macro avg": {
                "precision": 0.7711750194048519,
                "recall": 0.7704615226826481,
                "f1-score": 0.770415354004311,
                "support": 2014.0
            },
            "weighted avg": {
                "precision": 0.7711093355907026,
                "recall": 0.7706057596822244,
                "f1-score": 0.7704547482824999,
                "support": 2014.0
            },
            "cross-entropy": 0.4891596008533567,
            "roc-auc": 0.8447169809460038,
            "score": 0.7706057596822244
        },
        "test": {
            "0": {
                "precision": 0.7485783915515841,
                "recall": 0.8006081668114683,
                "f1-score": 0.7737195633921075,
                "support": 2302.0
            },
            "1": {
                "precision": 0.7949061662198391,
                "recall": 0.7418682235195997,
                "f1-score": 0.7674719585849871,
                "support": 2398.0
            },
            "accuracy": 0.7706382978723404,
            "macro avg": {
                "precision": 0.7717422788857116,
                "recall": 0.771238195165534,
                "f1-score": 0.7705957609885472,
                "support": 4700.0
            },
            "weighted avg": {
                "precision": 0.7722154136057278,
                "recall": 0.7706382978723404,
                "f1-score": 0.7705319556628576,
                "support": 4700.0
            },
            "cross-entropy": 0.4844471387195639,
            "roc-auc": 0.848543874166787,
            "score": 0.7706382978723404
        }
    },
    "time": "0:00:22.134528",
    "chunk_size": null,
    "eval_batch_size": 32768,
    "heads": [
        0,
        2,
        3
    ],
    "head_selection_time": "0:00:00.109452"
}