{
    "function": "bin.ensemble.main",
    "config": {
        "seeds": [
            5,
            6,
            7,
            8,
            9
        ],
        "data": {
            "path": "data/regression-cat-medium-0-OnlineNewsPopularity"
        }
    },
    "single_model_function": "bin.reformer.main",
    "prediction_type": "labels",
    "metrics": {
        "train": {
            "rmse": 0.8275560187771731,
            "mae": 0.6125155091285706,
            "r2": 0.20896141277116687,
            "score": -0.8275560187771731
        },
        "val": {
            "rmse": 0.8444694348208158,
            "mae": 0.628254234790802,
            "r2": 0.15426640554842663,
            "score": -0.8444694348208158
        },
        "test": {
            "rmse": 0.8627068520331882,
            "mae": 0.637511134147644,
            "r2": 0.14705078956033457,
            "score": -0.8627068520331882
        }
    }
}