{
    "function": "bin.model.main",
    "gpus": [
        "NVIDIA GeForce RTX 4090"
    ],
    "config": {
        "seed": 12,
        "batch_size": 256,
        "patience": 16,
        "n_epochs": -1,
        "amp": true,
        "data": {
            "cache": true,
            "path": "data/classif-num-medium-0-credit",
            "num_policy": "noisy-quantile"
        },
        "optimizer": {
            "type": "AdamW",
            "lr": 0.00018903584172164466,
            "weight_decay": 3.5556632143011523e-06
        },
        "model": {
            "arch_type": "tabr-pln",
            "k": 32,
            "context_size": 96,
            "d_main": 150,
            "context_dropout": 0.0,
            "d_multiplier": 2.0,
            "encoder_n_blocks": 1,
            "predictor_n_blocks": 1,
            "mixer_normalization": "auto",
            "dropout0": 0.0,
            "dropout1": 0.0,
            "normalization": "LayerNorm",
            "activation": "ReLU",
            "num_embeddings": {
                "type": "PeriodicEmbeddings",
                "n_frequencies": 21,
                "frequency_init_scale": 0.010807676078955329,
                "d_embedding": 52,
                "lite": true
            }
        }
    },
    "n_parameters": 385248,
    "prediction_type": "probs",
    "epoch_size": 40,
    "best_step": 440,
    "metrics": {
        "train": {
            "0": {
                "precision": 0.7835155933576347,
                "recall": 0.768879173290938,
                "f1-score": 0.7761283851554664,
                "support": 5032.0
            },
            "1": {
                "precision": 0.7702489134729356,
                "recall": 0.7848228663446055,
                "f1-score": 0.7774675972083749,
                "support": 4968.0
            },
            "accuracy": 0.7768,
            "macro avg": {
                "precision": 0.776882253415285,
                "recall": 0.7768510198177718,
                "f1-score": 0.7767979911819207,
                "support": 10000.0
            },
            "weighted avg": {
                "precision": 0.7769247067909162,
                "recall": 0.7768,
                "f1-score": 0.7767937057033514,
                "support": 10000.0
            },
            "cross-entropy": 0.47285050466521955,
            "roc-auc": 0.8564059983896941,
            "score": 0.7768
        },
        "val": {
            "0": {
                "precision": 0.7947154471544715,
                "recall": 0.7883064516129032,
                "f1-score": 0.791497975708502,
                "support": 992.0
            },
            "1": {
                "precision": 0.7961165048543689,
                "recall": 0.8023483365949119,
                "f1-score": 0.7992202729044834,
                "support": 1022.0
            },
            "accuracy": 0.7954319761668321,
            "macro avg": {
                "precision": 0.7954159760044202,
                "recall": 0.7953273941039076,
                "f1-score": 0.7953591243064927,
                "support": 2014.0
            },
            "weighted avg": {
                "precision": 0.7954264108929497,
                "recall": 0.7954319761668321,
                "f1-score": 0.7954166389330765,
                "support": 2014.0
            },
            "cross-entropy": 0.46356067188387523,
            "roc-auc": 0.8621013114702355,
            "score": 0.7954319761668321
        },
        "test": {
            "0": {
                "precision": 0.7698618307426598,
                "recall": 0.7642520360051436,
                "f1-score": 0.7670466767046676,
                "support": 2333.0
            },
            "1": {
                "precision": 0.7692953020134228,
                "recall": 0.7748204478242501,
                "f1-score": 0.7720479898968637,
                "support": 2367.0
            },
            "accuracy": 0.7695744680851064,
            "macro avg": {
                "precision": 0.7695785663780412,
                "recall": 0.7695362419146968,
                "f1-score": 0.7695473333007656,
                "support": 4700.0
            },
            "weighted avg": {
                "precision": 0.7695765172315738,
                "recall": 0.7695744680851064,
                "f1-score": 0.7695654231569928,
                "support": 4700.0
            },
            "cross-entropy": 0.4806673899334257,
            "roc-auc": 0.8511253916230291,
            "score": 0.7695744680851064
        }
    },
    "time": "0:00:20.628895",
    "chunk_size": null,
    "eval_batch_size": 32768
}