{
    "function": "bin.model.main",
    "gpus": [
        "NVIDIA GeForce RTX 4090"
    ],
    "config": {
        "seed": 8,
        "batch_size": 32,
        "patience": 16,
        "n_epochs": -1,
        "gradient_clipping_norm": 1.0,
        "amp": true,
        "data": {
            "cache": true,
            "path": "data/classif-num-medium-4-wine",
            "num_policy": "noisy-quantile"
        },
        "optimizer": {
            "type": "AdamW",
            "lr": 0.0028122205562147715,
            "weight_decay": 0.09213139055602924
        },
        "model": {
            "arch_type": "tabm-mini",
            "k": 32,
            "share_training_batches": false,
            "backbone": {
                "type": "MLP",
                "n_blocks": 4,
                "d_block": 480,
                "dropout": 0.40668740652239804
            },
            "num_embeddings": {
                "type": "PiecewiseLinearEmbeddingsV2",
                "d_embedding": 12
            }
        },
        "bins": {
            "n_bins": 2
        }
    },
    "n_parameters": 791884,
    "prediction_type": "probs",
    "epoch_size": 56,
    "best_step": 2408,
    "metrics": {
        "train": {
            "0": {
                "precision": 0.9447236180904522,
                "recall": 0.8364849833147943,
                "f1-score": 0.8873156342182892,
                "support": 899.0
            },
            "1": {
                "precision": 0.851664984863774,
                "recall": 0.9504504504504504,
                "f1-score": 0.8983501862692921,
                "support": 888.0
            },
            "accuracy": 0.8931169557918299,
            "macro avg": {
                "precision": 0.8981943014771131,
                "recall": 0.8934677168826224,
                "f1-score": 0.8928329102437906,
                "support": 1787.0
            },
            "weighted avg": {
                "precision": 0.8984807158491035,
                "recall": 0.8931169557918299,
                "f1-score": 0.8927989482760903,
                "support": 1787.0
            },
            "cross-entropy": 0.24827613606527857,
            "roc-auc": 0.9657734068885347,
            "score": 0.8931169557918299
        },
        "val": {
            "0": {
                "precision": 0.883495145631068,
                "recall": 0.7520661157024794,
                "f1-score": 0.8125000000000001,
                "support": 121.0
            },
            "1": {
                "precision": 0.7637795275590551,
                "recall": 0.8899082568807339,
                "f1-score": 0.8220338983050847,
                "support": 109.0
            },
            "accuracy": 0.8173913043478261,
            "macro avg": {
                "precision": 0.8236373365950616,
                "recall": 0.8209871862916067,
                "f1-score": 0.8172669491525424,
                "support": 230.0
            },
            "weighted avg": {
                "precision": 0.8267603527186793,
                "recall": 0.8173913043478261,
                "f1-score": 0.817018238761975,
                "support": 230.0
            },
            "cross-entropy": 0.49623099415752714,
            "roc-auc": 0.8785730533019942,
            "score": 0.8173913043478261
        },
        "test": {
            "0": {
                "precision": 0.8202764976958525,
                "recall": 0.6926070038910506,
                "f1-score": 0.7510548523206751,
                "support": 257.0
            },
            "1": {
                "precision": 0.753125,
                "recall": 0.8607142857142858,
                "f1-score": 0.8033333333333333,
                "support": 280.0
            },
            "accuracy": 0.7802607076350093,
            "macro avg": {
                "precision": 0.7867007488479263,
                "recall": 0.7766606448026682,
                "f1-score": 0.7771940928270042,
                "support": 537.0
            },
            "weighted avg": {
                "precision": 0.7852626813926147,
                "recall": 0.7802607076350093,
                "f1-score": 0.7783136506140537,
                "support": 537.0
            },
            "cross-entropy": 0.50393203051378,
            "roc-auc": 0.8541689827682045,
            "score": 0.7802607076350093
        }
    },
    "time": "0:00:30.018599",
    "chunk_size": null,
    "eval_batch_size": 32768,
    "heads": [
        27
    ],
    "head_selection_time": "0:00:00.186980"
}