{
    "function": "bin.qtabformerv4.main",
    "gpus": [
        "NVIDIA GeForce RTX 4090"
    ],
    "config": {
        "seed": 11,
        "batch_size": 256,
        "patience": 16,
        "n_epochs": -1,
        "amp": true,
        "data": {
            "cache": true,
            "path": "data/sberbank-housing",
            "num_policy": "noisy-quantile",
            "cat_policy": "ordinal"
        },
        "optimizer": {
            "type": "AdamW",
            "lr": 0.0004325941605223685,
            "weight_decay": 4.097756863470358e-06
        },
        "model": {
            "use_mlp_head": false,
            "use_key_as_value": true,
            "distance_metric": "cossim",
            "encoder_n_blocks": 1,
            "temperature": 0.1,
            "momentum": 0.999,
            "queue_ratio": 64,
            "d_main": 128,
            "d_multiplier": 2.0,
            "mixer_normalization": "auto",
            "dropout0": 0.5091121609017556,
            "dropout1": 0.0,
            "normalization": "LayerNorm",
            "activation": "ReLU",
            "num_embeddings": {
                "type": "PeriodicEmbeddings",
                "n_frequencies": 32,
                "frequency_init_scale": 0.15533515547772384,
                "d_embedding": 36,
                "lite": true
            }
        },
        "label_bins": {
            "n_bins": 8
        }
    },
    "n_parameters": 1804997,
    "prediction_type": "labels",
    "epoch_size": 74,
    "best_step": 888,
    "metrics": {
        "train": {
            "rmse": 0.24270400222848676,
            "mae": 0.12445977330207825,
            "r2": 0.6236709938283125,
            "score": -0.24270400222848676
        },
        "val": {
            "rmse": 0.24167412521647527,
            "mae": 0.13474483788013458,
            "r2": 0.6098680155126595,
            "score": -0.24167412521647527
        },
        "test": {
            "rmse": 0.24800494733276857,
            "mae": 0.1652427464723587,
            "r2": 0.5796991302112027,
            "score": -0.24800494733276857
        }
    },
    "time": "0:00:31.286630",
    "chunk_size": null,
    "eval_batch_size": 32768
}