{
    "function": "bin.model.main",
    "gpus": [
        "NVIDIA GeForce RTX 4090"
    ],
    "config": {
        "seed": 2,
        "batch_size": 256,
        "patience": 16,
        "n_epochs": -1,
        "gradient_clipping_norm": 1.0,
        "amp": true,
        "data": {
            "cache": true,
            "path": "data/classif-num-medium-1-bank-marketing",
            "num_policy": "noisy-quantile"
        },
        "optimizer": {
            "type": "AdamW",
            "lr": 4.1693142538224187e-05,
            "weight_decay": 0.0488582515470262
        },
        "model": {
            "arch_type": "tabrmv2-mini",
            "sample_rate": 0.09597456959310048,
            "k": 48,
            "backbone": {
                "n_blocks": 2,
                "d_block": 320,
                "dropout": 0.12095673898485627
            },
            "num_embeddings": {
                "type": "PeriodicEmbeddings",
                "n_frequencies": 24,
                "d_embedding": 20,
                "frequency_init_scale": 0.04984165374431349,
                "lite": false
            }
        }
    },
    "n_parameters": 1171604,
    "prediction_type": "probs",
    "epoch_size": 29,
    "best_step": 725,
    "metrics": {
        "train": {
            "0": {
                "precision": 0.81509754028838,
                "recall": 0.7877049180327869,
                "f1-score": 0.8011671529804084,
                "support": 3660.0
            },
            "1": {
                "precision": 0.7990690457719162,
                "recall": 0.8253205128205128,
                "f1-score": 0.8119826566811194,
                "support": 3744.0
            },
            "accuracy": 0.8067260940032415,
            "macro avg": {
                "precision": 0.8070832930301481,
                "recall": 0.8065127154266498,
                "f1-score": 0.8065749048307639,
                "support": 7404.0
            },
            "weighted avg": {
                "precision": 0.8069923696414809,
                "recall": 0.8067260940032415,
                "f1-score": 0.8066362569587259,
                "support": 7404.0
            },
            "cross-entropy": 0.42335800528697154,
            "roc-auc": 0.8858572258418571,
            "score": 0.8067260940032415
        },
        "val": {
            "0": {
                "precision": 0.8589211618257261,
                "recall": 0.8054474708171206,
                "f1-score": 0.8313253012048193,
                "support": 514.0
            },
            "1": {
                "precision": 0.7872340425531915,
                "recall": 0.8447488584474886,
                "f1-score": 0.8149779735682819,
                "support": 438.0
            },
            "accuracy": 0.8235294117647058,
            "macro avg": {
                "precision": 0.8230776021894588,
                "recall": 0.8250981646323046,
                "f1-score": 0.8231516373865506,
                "support": 952.0
            },
            "weighted avg": {
                "precision": 0.8259390628326901,
                "recall": 0.8235294117647058,
                "f1-score": 0.8238041567670006,
                "support": 952.0
            },
            "cross-entropy": 0.4153716385778496,
            "roc-auc": 0.8898024270205924,
            "score": 0.8235294117647058
        },
        "test": {
            "0": {
                "precision": 0.8018518518518518,
                "recall": 0.7766816143497758,
                "f1-score": 0.7890660592255124,
                "support": 1115.0
            },
            "1": {
                "precision": 0.7819614711033275,
                "recall": 0.8066847335140018,
                "f1-score": 0.7941307247665629,
                "support": 1107.0
            },
            "accuracy": 0.7916291629162916,
            "macro avg": {
                "precision": 0.7919066614775896,
                "recall": 0.7916831739318888,
                "f1-score": 0.7915983919960377,
                "support": 2222.0
            },
            "weighted avg": {
                "precision": 0.7919424677435636,
                "recall": 0.7916291629162916,
                "f1-score": 0.7915892746863328,
                "support": 2222.0
            },
            "cross-entropy": 0.4535522638977207,
            "roc-auc": 0.8677288028485666,
            "score": 0.7916291629162916
        }
    },
    "time": "0:00:22.880810",
    "chunk_size": null,
    "eval_batch_size": 32768
}