{
    "function": "bin.qtab.main",
    "gpus": [
        "NVIDIA GeForce RTX 4090"
    ],
    "config": {
        "seed": 13,
        "batch_size": 256,
        "patience": 16,
        "n_epochs": -1,
        "amp": true,
        "data": {
            "cache": true,
            "path": "data/regression-cat-medium-0-OnlineNewsPopularity",
            "num_policy": "noisy-quantile"
        },
        "optimizer": {
            "type": "AdamW",
            "lr": 3.37969181227287e-05,
            "weight_decay": 0.0
        },
        "model": {
            "contrastive_loss_weight": 0.1,
            "temperature": 0.1,
            "distance_metric": "cossim",
            "encoder_n_blocks": 1,
            "momentum": 0.999,
            "queue_ratio": 64,
            "d_main": 512,
            "d_multiplier": 2.0,
            "mixer_normalization": "auto",
            "dropout0": 0.20318121804929962,
            "dropout1": 0.0,
            "normalization": "LayerNorm",
            "activation": "ReLU",
            "num_embeddings": {
                "type": "PeriodicEmbeddings",
                "n_frequencies": 70,
                "frequency_init_scale": 0.058309953793330004,
                "d_embedding": 56,
                "lite": true
            }
        }
    },
    "n_parameters": 2367270,
    "prediction_type": "labels",
    "epoch_size": 40,
    "best_step": 1680,
    "metrics": {
        "train": {
            "rmse": 0.7951423283094918,
            "mae": 0.5864512920379639,
            "r2": 0.26971465330085265,
            "score": -0.7951423283094918
        },
        "val": {
            "rmse": 0.8422885529822813,
            "mae": 0.622942328453064,
            "r2": 0.15862910646402184,
            "score": -0.8422885529822813
        },
        "test": {
            "rmse": 0.8588928257137919,
            "mae": 0.6303322911262512,
            "r2": 0.15457583671402797,
            "score": -0.8588928257137919
        }
    },
    "time": "0:00:37.150716",
    "chunk_size": null,
    "eval_batch_size": 32768
}