{
    "function": "bin.qtabformer.main",
    "gpus": [
        "NVIDIA GeForce RTX 4090"
    ],
    "config": {
        "seed": 3,
        "batch_size": 256,
        "patience": 16,
        "n_epochs": -1,
        "amp": true,
        "data": {
            "cache": true,
            "path": "data/sberbank-housing",
            "num_policy": "noisy-quantile",
            "cat_policy": "ordinal"
        },
        "optimizer": {
            "type": "AdamW",
            "lr": 0.00012736239027333533,
            "weight_decay": 0.0
        },
        "model": {
            "dropout1": 0.5863791143782916,
            "predictor_n_blocks": 1,
            "encoder_n_blocks": 1,
            "num_heads": 4,
            "use_multi_output_head": true,
            "use_mlp_head": false,
            "query_expansion_ratio": 4,
            "attention_type": "mha",
            "use_key_as_value": true,
            "momentum": 0.999,
            "queue_ratio": 64,
            "d_main": 1024,
            "d_multiplier": 2.0,
            "mixer_normalization": "auto",
            "dropout0": 0.5768090051222403,
            "num_embeddings": {
                "type": "PeriodicEmbeddings",
                "n_frequencies": 66,
                "frequency_init_scale": 0.2267781456270775,
                "d_embedding": 18,
                "lite": true
            }
        }
    },
    "n_parameters": 24804216,
    "prediction_type": "labels",
    "epoch_size": 74,
    "best_step": 888,
    "metrics": {
        "train": {
            "rmse": 0.2402821315035289,
            "mae": 0.12744879722595215,
            "r2": 0.6311441006207952,
            "score": -0.2402821315035289
        },
        "val": {
            "rmse": 0.24708702573676214,
            "mae": 0.13695158064365387,
            "r2": 0.5921963193072772,
            "score": -0.24708702573676214
        },
        "test": {
            "rmse": 0.2696135022254549,
            "mae": 0.19191676378250122,
            "r2": 0.503267133868828,
            "score": -0.2696135022254549
        }
    },
    "time": "0:00:52.322087",
    "chunk_size": null,
    "eval_batch_size": 4096
}