{
    "function": "bin.ensemble.main",
    "config": {
        "seeds": [
            0,
            1,
            2,
            3,
            4
        ],
        "data": {
            "path": "data/regression-cat-medium-0-OnlineNewsPopularity"
        }
    },
    "single_model_function": "bin.qtabformer.main",
    "prediction_type": "labels",
    "metrics": {
        "train": {
            "rmse": 0.8108911725226955,
            "mae": 0.5973351001739502,
            "r2": 0.24049961137457188,
            "score": -0.8108911725226955
        },
        "val": {
            "rmse": 0.841548378504012,
            "mae": 0.6233107447624207,
            "r2": 0.16010710379826099,
            "score": -0.841548378504012
        },
        "test": {
            "rmse": 0.8579714671216799,
            "mae": 0.630676805973053,
            "r2": 0.15638871416697386,
            "score": -0.8579714671216799
        }
    }
}