{
    "function": "bin.model.main",
    "gpus": [
        "NVIDIA GeForce RTX 4090"
    ],
    "config": {
        "seed": 1,
        "batch_size": 32,
        "patience": 16,
        "n_epochs": -1,
        "amp": true,
        "data": {
            "cache": true,
            "path": "data/classif-num-medium-4-phoneme",
            "num_policy": "noisy-quantile"
        },
        "optimizer": {
            "type": "AdamW",
            "lr": 0.00021671466122389157,
            "weight_decay": 9.017429485229767e-06
        },
        "model": {
            "aux_loss_weight": 0.6900571386925769,
            "arch_type": "retransformer",
            "k": 1,
            "context_size": 96,
            "d_main": 105,
            "context_dropout": 0.0,
            "d_multiplier": 2.0,
            "encoder_n_blocks": 1,
            "predictor_n_blocks": 1,
            "mixer_normalization": "auto",
            "dropout0": 0.43392844489120386,
            "dropout1": 0.0,
            "normalization": "LayerNorm",
            "activation": "ReLU",
            "num_embeddings": {
                "type": "PeriodicEmbeddings",
                "n_frequencies": 44,
                "frequency_init_scale": 0.3537958508916443,
                "d_embedding": 37,
                "lite": true
            }
        }
    },
    "n_parameters": 213727,
    "prediction_type": "probs",
    "epoch_size": 70,
    "best_step": 1050,
    "metrics": {
        "train": {
            "0": {
                "precision": 0.9319852941176471,
                "recall": 0.9143372407574392,
                "f1-score": 0.9230769230769231,
                "support": 1109.0
            },
            "1": {
                "precision": 0.916077738515901,
                "recall": 0.9333933393339334,
                "f1-score": 0.9246544806063308,
                "support": 1111.0
            },
            "accuracy": 0.9238738738738739,
            "macro avg": {
                "precision": 0.924031516316774,
                "recall": 0.9238652900456863,
                "f1-score": 0.923865701841627,
                "support": 2220.0
            },
            "weighted avg": {
                "precision": 0.9240243507511877,
                "recall": 0.9238738738738739,
                "f1-score": 0.9238664124531267,
                "support": 2220.0
            },
            "cross-entropy": 0.19388410585988453,
            "roc-auc": 0.9768695535017884,
            "score": 0.9238738738738739
        },
        "val": {
            "0": {
                "precision": 0.9295774647887324,
                "recall": 0.8859060402684564,
                "f1-score": 0.9072164948453608,
                "support": 149.0
            },
            "1": {
                "precision": 0.8811188811188811,
                "recall": 0.9264705882352942,
                "f1-score": 0.903225806451613,
                "support": 136.0
            },
            "accuracy": 0.9052631578947369,
            "macro avg": {
                "precision": 0.9053481729538068,
                "recall": 0.9061883142518753,
                "f1-score": 0.9052211506484868,
                "support": 285.0
            },
            "weighted avg": {
                "precision": 0.9064533687217156,
                "recall": 0.9052631578947369,
                "f1-score": 0.905312166348695,
                "support": 285.0
            },
            "cross-entropy": 0.24897586961987367,
            "roc-auc": 0.9600523095144098,
            "score": 0.9052631578947369
        },
        "test": {
            "0": {
                "precision": 0.8731117824773413,
                "recall": 0.8810975609756098,
                "f1-score": 0.8770864946889226,
                "support": 328.0
            },
            "1": {
                "precision": 0.8839285714285714,
                "recall": 0.8761061946902655,
                "f1-score": 0.88,
                "support": 339.0
            },
            "accuracy": 0.8785607196401799,
            "macro avg": {
                "precision": 0.8785201769529564,
                "recall": 0.8786018778329376,
                "f1-score": 0.8785432473444613,
                "support": 667.0
            },
            "weighted avg": {
                "precision": 0.8786093708648481,
                "recall": 0.8785607196401799,
                "f1-score": 0.8785672717510745,
                "support": 667.0
            },
            "cross-entropy": 0.29224364548851667,
            "roc-auc": 0.949942441902295,
            "score": 0.8785607196401799
        }
    },
    "time": "0:00:48.061014",
    "chunk_size": null,
    "eval_batch_size": 32768
}