{
    "function": "bin.model.main",
    "gpus": [
        "NVIDIA GeForce RTX 4090"
    ],
    "config": {
        "seed": 5,
        "batch_size": 256,
        "patience": 16,
        "n_epochs": -1,
        "gradient_clipping_norm": 1.0,
        "amp": true,
        "data": {
            "cache": true,
            "path": "data/classif-num-medium-0-credit",
            "num_policy": "noisy-quantile"
        },
        "optimizer": {
            "type": "AdamW",
            "lr": 4.307323487410594e-05,
            "weight_decay": 0.0
        },
        "model": {
            "arch_type": "tabrmv3",
            "sample_rate": 0.32946193734328166,
            "k": 4,
            "backbone": {
                "embed_type": "tabr",
                "ensemble_type": "moe-droppath",
                "context_shuffle": false,
                "context_size": 192,
                "encoder_n_blocks": 0,
                "num_experts": 8,
                "moe_ratio": 0.75,
                "n_blocks": 2,
                "d_block": 608,
                "dropout_expert": 0.0,
                "dropout": 0.0
            },
            "num_embeddings": {
                "type": "PeriodicEmbeddings",
                "n_frequencies": 56,
                "d_embedding": 32,
                "frequency_init_scale": 0.1585258666850901,
                "lite": false
            }
        }
    },
    "n_parameters": 9866872,
    "prediction_type": "probs",
    "epoch_size": 40,
    "best_step": 400,
    "metrics": {
        "train": {
            "0": {
                "precision": 0.7718380786364517,
                "recall": 0.7919316375198728,
                "f1-score": 0.7817557626287395,
                "support": 5032.0
            },
            "1": {
                "precision": 0.7835435187099442,
                "recall": 0.7628824476650563,
                "f1-score": 0.773074961754207,
                "support": 4968.0
            },
            "accuracy": 0.7775,
            "macro avg": {
                "precision": 0.777690798673198,
                "recall": 0.7774070425924646,
                "f1-score": 0.7774153621914732,
                "support": 10000.0
            },
            "weighted avg": {
                "precision": 0.7776533412649628,
                "recall": 0.7775,
                "f1-score": 0.7774431407542718,
                "support": 10000.0
            },
            "cross-entropy": 0.47255106322005425,
            "roc-auc": 0.8568546167651028,
            "score": 0.7775
        },
        "val": {
            "0": {
                "precision": 0.7827788649706457,
                "recall": 0.8064516129032258,
                "f1-score": 0.7944389275074478,
                "support": 992.0
            },
            "1": {
                "precision": 0.8064516129032258,
                "recall": 0.7827788649706457,
                "f1-score": 0.7944389275074478,
                "support": 1022.0
            },
            "accuracy": 0.7944389275074478,
            "macro avg": {
                "precision": 0.7946152389369358,
                "recall": 0.7946152389369358,
                "f1-score": 0.7944389275074478,
                "support": 2014.0
            },
            "weighted avg": {
                "precision": 0.7947915503664238,
                "recall": 0.7944389275074478,
                "f1-score": 0.7944389275074478,
                "support": 2014.0
            },
            "cross-entropy": 0.4670488017788998,
            "roc-auc": 0.8610103923363425,
            "score": 0.7944389275074478
        },
        "test": {
            "0": {
                "precision": 0.75787728026534,
                "recall": 0.7835405057865409,
                "f1-score": 0.770495258166491,
                "support": 2333.0
            },
            "1": {
                "precision": 0.7792832167832168,
                "recall": 0.7532741867342628,
                "f1-score": 0.7660580021482277,
                "support": 2367.0
            },
            "accuracy": 0.7682978723404256,
            "macro avg": {
                "precision": 0.7685802485242783,
                "recall": 0.7684073462604019,
                "f1-score": 0.7682766301573594,
                "support": 4700.0
            },
            "weighted avg": {
                "precision": 0.7686576742521091,
                "recall": 0.7682978723404256,
                "f1-score": 0.7682605805079317,
                "support": 4700.0
            },
            "cross-entropy": 0.4846086744412229,
            "roc-auc": 0.8481711401465827,
            "score": 0.7682978723404256
        }
    },
    "time": "0:00:24.533762",
    "chunk_size": null,
    "eval_batch_size": 32768
}