{
    "function": "bin.model.main",
    "gpus": [
        "NVIDIA GeForce RTX 4090"
    ],
    "config": {
        "seed": 10,
        "batch_size": 256,
        "patience": 16,
        "n_epochs": -1,
        "gradient_clipping_norm": 1.0,
        "amp": true,
        "data": {
            "cache": true,
            "path": "data/adult",
            "num_policy": "noisy-quantile",
            "cat_policy": "ordinal"
        },
        "optimizer": {
            "type": "AdamW",
            "lr": 4.735754917598464e-05,
            "weight_decay": 0.0
        },
        "model": {
            "arch_type": "tabrmv3",
            "sample_rate": 0.5847909696773961,
            "k": 8,
            "backbone": {
                "embed_type": "tabr",
                "ensemble_type": "mini-resnet",
                "context_shuffle": false,
                "context_size": 64,
                "encoder_n_blocks": 0,
                "n_blocks": 2,
                "d_block": 512,
                "dropout": 0.45063365984535486
            },
            "num_embeddings": {
                "type": "PeriodicEmbeddings",
                "n_frequencies": 36,
                "d_embedding": 24,
                "frequency_init_scale": 7.282568477315642,
                "lite": false
            }
        }
    },
    "n_parameters": 1727992,
    "prediction_type": "probs",
    "epoch_size": 102,
    "best_step": 2244,
    "metrics": {
        "train": {
            "0": {
                "precision": 0.8994130839337692,
                "recall": 0.953173198482933,
                "f1-score": 0.9255131100854366,
                "support": 19775.0
            },
            "1": {
                "precision": 0.818110390885877,
                "recall": 0.6639566395663956,
                "f1-score": 0.7330165434706089,
                "support": 6273.0
            },
            "accuracy": 0.8835227272727273,
            "macro avg": {
                "precision": 0.8587617374098231,
                "recall": 0.8085649190246643,
                "f1-score": 0.8292648267780227,
                "support": 26048.0
            },
            "weighted avg": {
                "precision": 0.8798333928446481,
                "recall": 0.8835227272727273,
                "f1-score": 0.8791551953751012,
                "support": 26048.0
            },
            "cross-entropy": 0.26129420811860954,
            "roc-auc": 0.9389300078618396,
            "score": 0.8835227272727273
        },
        "val": {
            "0": {
                "precision": 0.8915570802363255,
                "recall": 0.9460060667340748,
                "f1-score": 0.9179748822605965,
                "support": 4945.0
            },
            "1": {
                "precision": 0.7890995260663507,
                "recall": 0.6371173469387755,
                "f1-score": 0.7050105857445308,
                "support": 1568.0
            },
            "accuracy": 0.871641332719177,
            "macro avg": {
                "precision": 0.8403283031513381,
                "recall": 0.7915617068364251,
                "f1-score": 0.8114927340025637,
                "support": 6513.0
            },
            "weighted avg": {
                "precision": 0.8668904987932854,
                "recall": 0.871641332719177,
                "f1-score": 0.8667038831914747,
                "support": 6513.0
            },
            "cross-entropy": 0.29144953709206567,
            "roc-auc": 0.9213522213738882,
            "score": 0.871641332719177
        },
        "test": {
            "0": {
                "precision": 0.8905220092431245,
                "recall": 0.9452352231604343,
                "f1-score": 0.9170632753374425,
                "support": 12435.0
            },
            "1": {
                "precision": 0.7790395846852693,
                "recall": 0.624284971398856,
                "f1-score": 0.6931293302540416,
                "support": 3846.0
            },
            "accuracy": 0.8694183403967816,
            "macro avg": {
                "precision": 0.8347807969641969,
                "recall": 0.7847600972796451,
                "f1-score": 0.8050963027957421,
                "support": 16281.0
            },
            "weighted avg": {
                "precision": 0.8641869312473313,
                "recall": 0.8694183403967816,
                "f1-score": 0.8641641934142953,
                "support": 16281.0
            },
            "cross-entropy": 0.28772511099462506,
            "roc-auc": 0.9218267283164185,
            "score": 0.8694183403967816
        }
    },
    "time": "0:01:25.249354",
    "chunk_size": null,
    "eval_batch_size": 32768,
    "heads": [
        5,
        0,
        3,
        7
    ],
    "head_selection_time": "0:00:00.766601"
}