{
    "function": "bin.model.main",
    "gpus": [
        "NVIDIA GeForce RTX 4090"
    ],
    "config": {
        "seed": 12,
        "batch_size": 512,
        "patience": 16,
        "n_epochs": -1,
        "gradient_clipping_norm": 1.0,
        "amp": true,
        "data": {
            "cache": true,
            "path": "data/classif-num-large-0-jannis",
            "num_policy": "noisy-quantile"
        },
        "optimizer": {
            "type": "AdamW",
            "lr": 0.001945476703008809,
            "weight_decay": 0.038885595252970674
        },
        "model": {
            "arch_type": "taba",
            "k": 32,
            "share_training_batches": false,
            "backbone": {
                "type": "MLP",
                "n_blocks": 8,
                "d_block": 416,
                "dropout": 0.0
            },
            "num_embeddings": {
                "type": "PiecewiseLinearEmbeddingsV2",
                "d_embedding": 24
            }
        },
        "bins": {
            "n_bins": 2
        }
    },
    "n_parameters": 810864,
    "prediction_type": "probs",
    "epoch_size": 79,
    "best_step": 1659,
    "metrics": {
        "train": {
            "0": {
                "precision": 0.8252193898871709,
                "recall": 0.7830483271375465,
                "f1-score": 0.8035809659452173,
                "support": 20175.0
            },
            "1": {
                "precision": 0.7931669974482564,
                "recall": 0.8337886841190204,
                "f1-score": 0.8129707214297823,
                "support": 20131.0
            },
            "accuracy": 0.8083908103011959,
            "macro avg": {
                "precision": 0.8091931936677137,
                "recall": 0.8084185056282834,
                "f1-score": 0.8082758436874998,
                "support": 40306.0
            },
            "weighted avg": {
                "precision": 0.8092106886469638,
                "recall": 0.8083908103011959,
                "f1-score": 0.8082707185294424,
                "support": 40306.0
            },
            "cross-entropy": 0.4214481641633389,
            "roc-auc": 0.8875053418694909,
            "score": 0.8083908103011959
        },
        "val": {
            "0": {
                "precision": 0.8164291701592624,
                "recall": 0.7597503900156006,
                "f1-score": 0.7870707070707071,
                "support": 2564.0
            },
            "1": {
                "precision": 0.7796852646638054,
                "recall": 0.8326967150496563,
                "f1-score": 0.805319541928334,
                "support": 2618.0
            },
            "accuracy": 0.7966036279428792,
            "macro avg": {
                "precision": 0.7980572174115339,
                "recall": 0.7962235525326284,
                "f1-score": 0.7961951244995206,
                "support": 5182.0
            },
            "weighted avg": {
                "precision": 0.7978657690424916,
                "recall": 0.7966036279428792,
                "f1-score": 0.7962902071975436,
                "support": 5182.0
            },
            "cross-entropy": 0.45357408058639415,
            "roc-auc": 0.8674879539108227,
            "score": 0.7966036279428792
        },
        "test": {
            "0": {
                "precision": 0.8066713237862382,
                "recall": 0.7633449016691456,
                "f1-score": 0.7844102912456482,
                "support": 6051.0
            },
            "1": {
                "precision": 0.7750549795790135,
                "recall": 0.8167521933454726,
                "f1-score": 0.7953574594986701,
                "support": 6041.0
            },
            "accuracy": 0.7900264637777042,
            "macro avg": {
                "precision": 0.7908631516826259,
                "recall": 0.7900485475073091,
                "f1-score": 0.7898838753721591,
                "support": 12092.0
            },
            "weighted avg": {
                "precision": 0.7908762249311403,
                "recall": 0.7900264637777042,
                "f1-score": 0.78987934875611,
                "support": 12092.0
            },
            "cross-entropy": 0.4548673511166744,
            "roc-auc": 0.8662998623054257,
            "score": 0.7900264637777042
        }
    },
    "time": "0:00:31.606114",
    "chunk_size": null,
    "eval_batch_size": 32768,
    "heads": [
        20
    ],
    "head_selection_time": "0:00:00.387153"
}