{
    "function": "bin.model.main",
    "gpus": [
        "NVIDIA GeForce RTX 4090"
    ],
    "config": {
        "seed": 12,
        "batch_size": 64,
        "patience": 16,
        "n_epochs": -1,
        "gradient_clipping_norm": 1.0,
        "amp": true,
        "data": {
            "cache": true,
            "path": "data/classif-num-medium-0-kdd_ipums_la_97-small",
            "num_policy": "noisy-quantile"
        },
        "optimizer": {
            "type": "AdamW",
            "lr": 0.0007737603893952773,
            "weight_decay": 0.04069259404796941
        },
        "model": {
            "arch_type": "taba",
            "k": 128,
            "share_training_batches": false,
            "backbone": {
                "type": "MLP",
                "n_blocks": 7,
                "d_block": 480,
                "dropout": 0.0
            },
            "num_embeddings": {
                "type": "PiecewiseLinearEmbeddingsV2",
                "d_embedding": 16
            }
        },
        "bins": {
            "n_bins": 7
        }
    },
    "n_parameters": 1118976,
    "prediction_type": "probs",
    "epoch_size": 57,
    "best_step": 1254,
    "metrics": {
        "train": {
            "0": {
                "precision": 0.9436788496105453,
                "recall": 0.860655737704918,
                "f1-score": 0.9002572163475279,
                "support": 1830.0
            },
            "1": {
                "precision": 0.8700305810397554,
                "recall": 0.9478067740144365,
                "f1-score": 0.9072548498538401,
                "support": 1801.0
            },
            "accuracy": 0.9038832277609474,
            "macro avg": {
                "precision": 0.9068547153251503,
                "recall": 0.9042312558596772,
                "f1-score": 0.903756033100684,
                "support": 3631.0
            },
            "weighted avg": {
                "precision": 0.9071488216028359,
                "recall": 0.9038832277609474,
                "f1-score": 0.9037280888192624,
                "support": 3631.0
            },
            "cross-entropy": 0.22486384722000136,
            "roc-auc": 0.9624052211430809,
            "score": 0.9038832277609474
        },
        "val": {
            "0": {
                "precision": 0.9310344827586207,
                "recall": 0.8925619834710744,
                "f1-score": 0.9113924050632911,
                "support": 242.0
            },
            "1": {
                "precision": 0.8893617021276595,
                "recall": 0.9288888888888889,
                "f1-score": 0.908695652173913,
                "support": 225.0
            },
            "accuracy": 0.9100642398286938,
            "macro avg": {
                "precision": 0.9101980924431401,
                "recall": 0.9107254361799817,
                "f1-score": 0.910044028618602,
                "support": 467.0
            },
            "weighted avg": {
                "precision": 0.9109565905916694,
                "recall": 0.9100642398286938,
                "f1-score": 0.9100931129859675,
                "support": 467.0
            },
            "cross-entropy": 0.25341548357892757,
            "roc-auc": 0.9576033057851239,
            "score": 0.9100642398286938
        },
        "test": {
            "0": {
                "precision": 0.8957055214723927,
                "recall": 0.8390804597701149,
                "f1-score": 0.8664688427299703,
                "support": 522.0
            },
            "1": {
                "precision": 0.8602329450915142,
                "recall": 0.9102112676056338,
                "f1-score": 0.8845166809238666,
                "support": 568.0
            },
            "accuracy": 0.8761467889908257,
            "macro avg": {
                "precision": 0.8779692332819534,
                "recall": 0.8746458636878743,
                "f1-score": 0.8754927618269184,
                "support": 1090.0
            },
            "weighted avg": {
                "precision": 0.8772207293766687,
                "recall": 0.8761467889908257,
                "f1-score": 0.8758735877704593,
                "support": 1090.0
            },
            "cross-entropy": 0.29472611897864986,
            "roc-auc": 0.9410430494846472,
            "score": 0.8761467889908257
        }
    },
    "time": "0:00:25.861406",
    "chunk_size": null,
    "eval_batch_size": 32768,
    "heads": [
        108
    ],
    "head_selection_time": "0:00:00.721139"
}