{
    "function": "bin.model.main",
    "gpus": [
        "NVIDIA GeForce RTX 4090"
    ],
    "config": {
        "seed": 14,
        "batch_size": 32,
        "patience": 16,
        "n_epochs": -1,
        "amp": true,
        "data": {
            "cache": true,
            "path": "data/classif-num-medium-3-phoneme",
            "num_policy": "noisy-quantile"
        },
        "optimizer": {
            "type": "AdamW",
            "lr": 0.0005995870214770276,
            "weight_decay": 0.0
        },
        "model": {
            "aux_loss_weight": 0.020881208129016827,
            "arch_type": "retransformer",
            "k": 1,
            "context_size": 96,
            "d_main": 225,
            "context_dropout": 0.0,
            "d_multiplier": 2.0,
            "encoder_n_blocks": 0,
            "predictor_n_blocks": 2,
            "mixer_normalization": "auto",
            "dropout0": 0.5179340204006607,
            "dropout1": 0.0,
            "normalization": "LayerNorm",
            "activation": "ReLU",
            "num_embeddings": {
                "type": "PeriodicEmbeddings",
                "n_frequencies": 29,
                "frequency_init_scale": 0.578349809924277,
                "d_embedding": 64,
                "lite": true
            }
        }
    },
    "n_parameters": 1148050,
    "prediction_type": "probs",
    "epoch_size": 70,
    "best_step": 1190,
    "metrics": {
        "train": {
            "0": {
                "precision": 0.9666374012291484,
                "recall": 0.9624125874125874,
                "f1-score": 0.9645203679369252,
                "support": 1144.0
            },
            "1": {
                "precision": 0.9602220166512488,
                "recall": 0.9646840148698885,
                "f1-score": 0.9624478442280947,
                "support": 1076.0
            },
            "accuracy": 0.9635135135135136,
            "macro avg": {
                "precision": 0.9634297089401986,
                "recall": 0.963548301141238,
                "f1-score": 0.9634841060825099,
                "support": 2220.0
            },
            "weighted avg": {
                "precision": 0.9635279625778782,
                "recall": 0.9635135135135136,
                "f1-score": 0.9635158474366091,
                "support": 2220.0
            },
            "cross-entropy": 0.10834975567526943,
            "roc-auc": 0.9924436042581953,
            "score": 0.9635135135135136
        },
        "val": {
            "0": {
                "precision": 0.8731343283582089,
                "recall": 0.8863636363636364,
                "f1-score": 0.8796992481203008,
                "support": 132.0
            },
            "1": {
                "precision": 0.9006622516556292,
                "recall": 0.8888888888888888,
                "f1-score": 0.894736842105263,
                "support": 153.0
            },
            "accuracy": 0.887719298245614,
            "macro avg": {
                "precision": 0.8868982900069191,
                "recall": 0.8876262626262625,
                "f1-score": 0.8872180451127819,
                "support": 285.0
            },
            "weighted avg": {
                "precision": 0.8879124766547187,
                "recall": 0.887719298245614,
                "f1-score": 0.8877720617332806,
                "support": 285.0
            },
            "cross-entropy": 0.4125703606293582,
            "roc-auc": 0.9296642899584076,
            "score": 0.887719298245614
        },
        "test": {
            "0": {
                "precision": 0.8626198083067093,
                "recall": 0.8709677419354839,
                "f1-score": 0.8667736757624398,
                "support": 310.0
            },
            "1": {
                "precision": 0.8870056497175142,
                "recall": 0.8795518207282913,
                "f1-score": 0.8832630098452883,
                "support": 357.0
            },
            "accuracy": 0.8755622188905547,
            "macro avg": {
                "precision": 0.8748127290121117,
                "recall": 0.8752597813318876,
                "f1-score": 0.875018342803864,
                "support": 667.0
            },
            "weighted avg": {
                "precision": 0.8756719003361806,
                "recall": 0.8755622188905547,
                "f1-score": 0.8755993013510108,
                "support": 667.0
            },
            "cross-entropy": 0.4159614422568846,
            "roc-auc": 0.9251468329267191,
            "score": 0.8755622188905547
        }
    },
    "time": "0:02:45.031871",
    "chunk_size": null,
    "eval_batch_size": 32768
}