{
    "function": "bin.qr_aug_mlp.main",
    "gpus": [
        "NVIDIA GeForce RTX 4090"
    ],
    "config": {
        "seed": 7,
        "batch_size": 1024,
        "patience": 16,
        "n_epochs": -1,
        "amp": true,
        "data": {
            "cache": true,
            "path": "data/sberbank-housing",
            "num_policy": "noisy-quantile",
            "cat_policy": "ordinal"
        },
        "optimizer": {
            "type": "AdamW",
            "lr": 0.0008187653865564879,
            "weight_decay": 0.0
        },
        "model": {
            "use_skip_connection": true,
            "context_size": 32,
            "num_heads": 8,
            "predictor_n_blocks": 2,
            "encoder_n_blocks": 1,
            "use_multi_output_head": false,
            "dropout1": 0.0009256026935714418,
            "use_mlp_head": false,
            "query_expansion_ratio": 4,
            "attention_type": "mqa",
            "use_key_as_value": true,
            "momentum": 0.999,
            "queue_ratio": 64,
            "d_main": 976,
            "d_multiplier": 1.0,
            "mixer_normalization": "auto",
            "dropout0": 0.5002929610179359,
            "num_embeddings": {
                "type": "PeriodicEmbeddings",
                "n_frequencies": 24,
                "frequency_init_scale": 0.2955959178410433,
                "d_embedding": 31,
                "lite": true
            }
        }
    },
    "n_parameters": 22698376,
    "prediction_type": "labels",
    "epoch_size": 19,
    "best_step": 285,
    "metrics": {
        "train": {
            "rmse": 0.2594534783962546,
            "mae": 0.13943320512771606,
            "r2": 0.5699362622466093,
            "score": -0.2594534783962546
        },
        "val": {
            "rmse": 0.2548233781410235,
            "mae": 0.14963845908641815,
            "r2": 0.5662596899697233,
            "score": -0.2548233781410235
        },
        "test": {
            "rmse": 0.29336968008905867,
            "mae": 0.2110310196876526,
            "r2": 0.4118744401571167,
            "score": -0.29336968008905867
        }
    },
    "time": "0:00:32.063327",
    "chunk_size": null,
    "eval_batch_size": 32768
}