{
    "function": "bin.qtab.main",
    "gpus": [
        "NVIDIA GeForce RTX 4090"
    ],
    "config": {
        "seed": 0,
        "batch_size": 256,
        "patience": 16,
        "n_epochs": -1,
        "amp": true,
        "data": {
            "cache": true,
            "path": "data/churn",
            "num_policy": "noisy-quantile",
            "cat_policy": "ordinal"
        },
        "optimizer": {
            "type": "AdamW",
            "lr": 0.0007014033564467448,
            "weight_decay": 0.0
        },
        "model": {
            "distance_metric": "cossim",
            "encoder_n_blocks": 1,
            "temperature": 0.1,
            "momentum": 0.999,
            "queue_ratio": 64,
            "d_main": 128,
            "d_multiplier": 2.0,
            "mixer_normalization": "auto",
            "dropout0": 0.5943632306360856,
            "dropout1": 0.0,
            "normalization": "LayerNorm",
            "activation": "ReLU",
            "num_embeddings": {
                "type": "PeriodicEmbeddings",
                "n_frequencies": 42,
                "frequency_init_scale": 0.028558752601423296,
                "d_embedding": 46,
                "lite": true
            }
        }
    },
    "n_parameters": 112876,
    "prediction_type": "probs",
    "epoch_size": 25,
    "best_step": 875,
    "metrics": {
        "train": {
            "0": {
                "precision": 0.8878706199460916,
                "recall": 0.9695839874411303,
                "f1-score": 0.9269299315261231,
                "support": 5096.0
            },
            "1": {
                "precision": 0.8143712574850299,
                "recall": 0.5214723926380368,
                "f1-score": 0.6358111266947172,
                "support": 1304.0
            },
            "accuracy": 0.87828125,
            "macro avg": {
                "precision": 0.8511209387155607,
                "recall": 0.7455281900395836,
                "f1-score": 0.7813705291104202,
                "support": 6400.0
            },
            "weighted avg": {
                "precision": 0.8728951248446504,
                "recall": 0.87828125,
                "f1-score": 0.8676144750417241,
                "support": 6400.0
            },
            "cross-entropy": 0.3093661462694836,
            "roc-auc": 0.8886321281698144,
            "score": 0.87828125
        },
        "val": {
            "0": {
                "precision": 0.8810541310541311,
                "recall": 0.9709576138147566,
                "f1-score": 0.9238237490664676,
                "support": 1274.0
            },
            "1": {
                "precision": 0.8112244897959183,
                "recall": 0.48773006134969327,
                "f1-score": 0.6091954022988506,
                "support": 326.0
            },
            "accuracy": 0.8725,
            "macro avg": {
                "precision": 0.8461393104250248,
                "recall": 0.729343837582225,
                "f1-score": 0.7665095756826591,
                "support": 1600.0
            },
            "weighted avg": {
                "precision": 0.8668263416477703,
                "recall": 0.8725,
                "f1-score": 0.8597182234125657,
                "support": 1600.0
            },
            "cross-entropy": 0.33434875063584485,
            "roc-auc": 0.8630045458485424,
            "score": 0.8725
        },
        "test": {
            "0": {
                "precision": 0.8752834467120182,
                "recall": 0.9692404268675455,
                "f1-score": 0.9198689305927913,
                "support": 1593.0
            },
            "1": {
                "precision": 0.7923728813559322,
                "recall": 0.4594594594594595,
                "f1-score": 0.5816485225505443,
                "support": 407.0
            },
            "accuracy": 0.8655,
            "macro avg": {
                "precision": 0.8338281640339752,
                "recall": 0.7143499431635025,
                "f1-score": 0.7507587265716678,
                "support": 2000.0
            },
            "weighted avg": {
                "precision": 0.8584111466620548,
                "recall": 0.8655,
                "f1-score": 0.8510410775561941,
                "support": 2000.0
            },
            "cross-entropy": 0.3455855130815606,
            "roc-auc": 0.856844517861467,
            "score": 0.8655
        }
    },
    "time": "0:00:17.288433",
    "chunk_size": null,
    "eval_batch_size": 32768
}