{
    "function": "bin.model.main",
    "gpus": [
        "NVIDIA GeForce RTX 4090"
    ],
    "config": {
        "seed": 5,
        "batch_size": 32,
        "patience": 16,
        "n_epochs": -1,
        "gradient_clipping_norm": 1.0,
        "amp": true,
        "data": {
            "cache": true,
            "path": "data/classif-num-medium-1-phoneme",
            "num_policy": "noisy-quantile"
        },
        "optimizer": {
            "type": "AdamW",
            "lr": 0.0016070492327628634,
            "weight_decay": 0.0007933056242751766
        },
        "model": {
            "arch_type": "tabm-mini",
            "k": 32,
            "share_training_batches": false,
            "backbone": {
                "type": "MLP",
                "n_blocks": 4,
                "d_block": 848,
                "dropout": 0.10822384191783263
            },
            "num_embeddings": {
                "type": "PiecewiseLinearEmbeddingsV2",
                "d_embedding": 8
            }
        },
        "bins": {
            "n_bins": 3
        }
    },
    "n_parameters": 2250400,
    "prediction_type": "probs",
    "epoch_size": 70,
    "best_step": 2450,
    "metrics": {
        "train": {
            "0": {
                "precision": 0.9654545454545455,
                "recall": 0.9672131147540983,
                "f1-score": 0.9663330300272976,
                "support": 1098.0
            },
            "1": {
                "precision": 0.9678571428571429,
                "recall": 0.966131907308378,
                "f1-score": 0.9669937555753791,
                "support": 1122.0
            },
            "accuracy": 0.9666666666666667,
            "macro avg": {
                "precision": 0.9666558441558442,
                "recall": 0.9666725110312382,
                "f1-score": 0.9666633928013384,
                "support": 2220.0
            },
            "weighted avg": {
                "precision": 0.9666688311688312,
                "recall": 0.9666666666666667,
                "f1-score": 0.9666669642907875,
                "support": 2220.0
            },
            "cross-entropy": 0.10048904868154448,
            "roc-auc": 0.9963131800161695,
            "score": 0.9666666666666667
        },
        "val": {
            "0": {
                "precision": 0.9261744966442953,
                "recall": 0.9139072847682119,
                "f1-score": 0.92,
                "support": 151.0
            },
            "1": {
                "precision": 0.9044117647058824,
                "recall": 0.917910447761194,
                "f1-score": 0.9111111111111111,
                "support": 134.0
            },
            "accuracy": 0.9157894736842105,
            "macro avg": {
                "precision": 0.9152931306750889,
                "recall": 0.915908866264703,
                "f1-score": 0.9155555555555556,
                "support": 285.0
            },
            "weighted avg": {
                "precision": 0.915942194610094,
                "recall": 0.9157894736842105,
                "f1-score": 0.9158206627680313,
                "support": 285.0
            },
            "cross-entropy": 0.2430735098539522,
            "roc-auc": 0.9645645942473065,
            "score": 0.9157894736842105
        },
        "test": {
            "0": {
                "precision": 0.9012345679012346,
                "recall": 0.8664688427299704,
                "f1-score": 0.8835098335854765,
                "support": 337.0
            },
            "1": {
                "precision": 0.8688046647230321,
                "recall": 0.9030303030303031,
                "f1-score": 0.8855869242199109,
                "support": 330.0
            },
            "accuracy": 0.8845577211394303,
            "macro avg": {
                "precision": 0.8850196163121333,
                "recall": 0.8847495728801367,
                "f1-score": 0.8845483789026938,
                "support": 667.0
            },
            "weighted avg": {
                "precision": 0.8851897882178659,
                "recall": 0.8845577211394303,
                "f1-score": 0.8845374796265011,
                "support": 667.0
            },
            "cross-entropy": 0.3556008790660124,
            "roc-auc": 0.9439618739322003,
            "score": 0.8845577211394303
        }
    },
    "time": "0:00:32.458574",
    "chunk_size": null,
    "eval_batch_size": 32768,
    "heads": [
        9,
        22
    ],
    "head_selection_time": "0:00:00.529090"
}