{
    "function": "bin.model.main",
    "gpus": [
        "NVIDIA GeForce RTX 4090"
    ],
    "config": {
        "seed": 5,
        "batch_size": 256,
        "patience": 16,
        "n_epochs": -1,
        "amp": true,
        "data": {
            "cache": true,
            "path": "data/house",
            "num_policy": "noisy-quantile"
        },
        "optimizer": {
            "type": "AdamW",
            "lr": 0.00019766472792771462,
            "weight_decay": 0.0
        },
        "model": {
            "arch_type": "tabr",
            "k": 1,
            "context_size": 96,
            "share_training_batches": false,
            "d_main": 120,
            "context_dropout": 0.49690034773522956,
            "d_multiplier": 2.0,
            "encoder_n_blocks": 0,
            "predictor_n_blocks": 2,
            "mixer_normalization": "auto",
            "dropout0": 0.38789294167970506,
            "dropout1": 0.0,
            "normalization": "LayerNorm",
            "activation": "ReLU",
            "num_embeddings": {
                "type": "PeriodicEmbeddings",
                "n_frequencies": 75,
                "frequency_init_scale": 0.015888433226528345,
                "d_embedding": 61,
                "lite": true
            }
        }
    },
    "n_parameters": 317012,
    "prediction_type": "labels",
    "epoch_size": 57,
    "best_step": 5073,
    "metrics": {
        "train": {
            "rmse": 21338.312585581833,
            "mae": 12501.0341796875,
            "r2": 0.8323260932537215,
            "score": -21338.312585581833
        },
        "val": {
            "rmse": 27751.289699759902,
            "mae": 14578.470703125,
            "r2": 0.7415640702423965,
            "score": -27751.289699759902
        },
        "test": {
            "rmse": 30777.79667227659,
            "mae": 15156.021484375,
            "r2": 0.6718722891974755,
            "score": -30777.79667227659
        }
    },
    "time": "0:01:30.727821",
    "chunk_size": null,
    "eval_batch_size": 32768
}