{
    "function": "bin.model.main",
    "gpus": [
        "NVIDIA GeForce RTX 4090"
    ],
    "config": {
        "seed": 5,
        "batch_size": 256,
        "patience": 16,
        "n_epochs": -1,
        "gradient_clipping_norm": 1.0,
        "amp": true,
        "data": {
            "cache": true,
            "path": "data/california",
            "num_policy": "noisy-quantile"
        },
        "optimizer": {
            "type": "AdamW",
            "lr": 0.0007703923649505891,
            "weight_decay": 0.0
        },
        "model": {
            "arch_type": "moe-sparse",
            "backbone": {
                "k": 10,
                "n_blocks": 2,
                "d_block": 896,
                "dropout": 0.0,
                "moe_ratio": 0.5,
                "num_experts": 16
            },
            "num_embeddings": {
                "type": "PiecewiseLinearEmbeddingsV2",
                "d_embedding": 28
            }
        },
        "bins": {
            "n_bins": 89
        }
    },
    "n_parameters": 25941441,
    "prediction_type": "labels",
    "epoch_size": 52,
    "best_step": 4160,
    "metrics": {
        "train": {
            "rmse": 0.05662006999982188,
            "mae": 0.04197845980525017,
            "r2": 0.9976199671451613,
            "score": -0.05662006999982188
        },
        "val": {
            "rmse": 0.4595214298966934,
            "mae": 0.29179444909095764,
            "r2": 0.8380513381474674,
            "score": -0.4595214298966934
        },
        "test": {
            "rmse": 0.46269104272459227,
            "mae": 0.2970786988735199,
            "r2": 0.8358202556662243,
            "score": -0.46269104272459227
        }
    },
    "time": "0:01:05.373854",
    "chunk_size": null,
    "eval_batch_size": 32768
}