{
    "function": "bin.model.main",
    "gpus": [
        "NVIDIA GeForce RTX 4090"
    ],
    "config": {
        "seed": 14,
        "batch_size": 256,
        "patience": 16,
        "n_epochs": -1,
        "gradient_clipping_norm": 1.0,
        "amp": true,
        "data": {
            "cache": true,
            "path": "data/regression-cat-medium-0-house_sales",
            "num_policy": "noisy-quantile"
        },
        "optimizer": {
            "type": "AdamW",
            "lr": 7.479119958589417e-05,
            "weight_decay": 0.0
        },
        "model": {
            "arch_type": "tabrmv2",
            "sample_rate": 0.573490245106693,
            "k": 48,
            "backbone": {
                "n_blocks": 3,
                "d_block": 192,
                "dropout": 0.0
            },
            "num_embeddings": {
                "type": "PeriodicEmbeddings",
                "n_frequencies": 48,
                "d_embedding": 28,
                "frequency_init_scale": 0.051327622506788094,
                "lite": false
            }
        }
    },
    "n_parameters": 824676,
    "prediction_type": "labels",
    "epoch_size": 40,
    "best_step": 3840,
    "metrics": {
        "train": {
            "rmse": 0.18186044210328517,
            "mae": 0.13458877801895142,
            "r2": 0.8811722642943152,
            "score": -0.18186044210328517
        },
        "val": {
            "rmse": 0.19377256808051102,
            "mae": 0.14176809787750244,
            "r2": 0.8661082476840815,
            "score": -0.19377256808051102
        },
        "test": {
            "rmse": 0.19262328827324549,
            "mae": 0.14054180681705475,
            "r2": 0.8650173505453808,
            "score": -0.19262328827324549
        }
    },
    "time": "0:01:06.782912",
    "chunk_size": null,
    "eval_batch_size": 32768,
    "heads": [
        0,
        35,
        5,
        6
    ],
    "head_selection_time": "0:00:00.153432"
}