{
    "function": "bin.qtab.main",
    "gpus": [
        "NVIDIA GeForce RTX 4090"
    ],
    "config": {
        "seed": 2,
        "batch_size": 256,
        "patience": 16,
        "n_epochs": -1,
        "amp": true,
        "data": {
            "cache": true,
            "path": "data/classif-num-medium-0-credit",
            "num_policy": "noisy-quantile"
        },
        "optimizer": {
            "type": "AdamW",
            "lr": 0.0002521804625709015,
            "weight_decay": 0.0
        },
        "model": {
            "encoder_n_blocks": 1,
            "temperature": 1,
            "momentum": 0.999,
            "queue_ratio": 64,
            "d_main": 32,
            "d_multiplier": 2.0,
            "mixer_normalization": "auto",
            "dropout0": 0.0,
            "dropout1": 0.0,
            "normalization": "LayerNorm",
            "activation": "ReLU",
            "num_embeddings": {
                "type": "PeriodicEmbeddings",
                "n_frequencies": 84,
                "frequency_init_scale": 0.029684417722921002,
                "d_embedding": 63,
                "lite": true
            }
        }
    },
    "n_parameters": 35935,
    "prediction_type": "probs",
    "epoch_size": 40,
    "best_step": 960,
    "metrics": {
        "train": {
            "0": {
                "precision": 0.7957976336189311,
                "recall": 0.7752384737678856,
                "f1-score": 0.7853835313066238,
                "support": 5032.0
            },
            "1": {
                "precision": 0.7781482934484112,
                "recall": 0.7985104669887279,
                "f1-score": 0.7881978939002582,
                "support": 4968.0
            },
            "accuracy": 0.7868,
            "macro avg": {
                "precision": 0.7869729635336711,
                "recall": 0.7868744703783067,
                "f1-score": 0.786790712603441,
                "support": 10000.0
            },
            "weighted avg": {
                "precision": 0.7870294414222168,
                "recall": 0.7868,
                "f1-score": 0.7867817066431413,
                "support": 10000.0
            },
            "cross-entropy": 0.45860610034915816,
            "roc-auc": 0.8668136246860672,
            "score": 0.7868
        },
        "val": {
            "0": {
                "precision": 0.7953156822810591,
                "recall": 0.7872983870967742,
                "f1-score": 0.7912867274569404,
                "support": 992.0
            },
            "1": {
                "precision": 0.7955426356589147,
                "recall": 0.8033268101761253,
                "f1-score": 0.7994157740993183,
                "support": 1022.0
            },
            "accuracy": 0.7954319761668321,
            "macro avg": {
                "precision": 0.7954291589699869,
                "recall": 0.7953125986364498,
                "f1-score": 0.7953512507781293,
                "support": 2014.0
            },
            "weighted avg": {
                "precision": 0.795430849288094,
                "recall": 0.7954319761668321,
                "f1-score": 0.7954117948196565,
                "support": 2014.0
            },
            "cross-entropy": 0.4665738400540641,
            "roc-auc": 0.8613684426488227,
            "score": 0.7954319761668321
        },
        "test": {
            "0": {
                "precision": 0.7696605070906747,
                "recall": 0.7676810972996142,
                "f1-score": 0.7686695278969956,
                "support": 2333.0
            },
            "1": {
                "precision": 0.7715971344289928,
                "recall": 0.7735530207013097,
                "f1-score": 0.7725738396624473,
                "support": 2367.0
            },
            "accuracy": 0.7706382978723404,
            "macro avg": {
                "precision": 0.7706288207598337,
                "recall": 0.770617059000462,
                "f1-score": 0.7706216837797215,
                "support": 4700.0
            },
            "weighted avg": {
                "precision": 0.7706358255821213,
                "recall": 0.7706382978723404,
                "f1-score": 0.7706358057584475,
                "support": 4700.0
            },
            "cross-entropy": 0.4883327521837796,
            "roc-auc": 0.8482960900986941,
            "score": 0.7706382978723404
        }
    },
    "time": "0:00:07.235771",
    "chunk_size": null,
    "eval_batch_size": 32768
}