{
    "function": "bin.model.main",
    "gpus": [
        "NVIDIA GeForce RTX 4090"
    ],
    "config": {
        "seed": 2,
        "batch_size": 256,
        "patience": 16,
        "n_epochs": -1,
        "gradient_clipping_norm": 1.0,
        "amp": true,
        "data": {
            "cache": true,
            "path": "data/house",
            "num_policy": "noisy-quantile"
        },
        "optimizer": {
            "type": "AdamW",
            "lr": 0.0010392934583895697,
            "weight_decay": 0.0011395800582466498
        },
        "model": {
            "arch_type": "tabrmv2",
            "sample_rate": 0.06603444399539124,
            "k": 128,
            "backbone": {
                "n_blocks": 1,
                "d_block": 400,
                "dropout": 0.468588621669608
            },
            "num_embeddings": {
                "type": "PiecewiseLinearEmbeddingsV2",
                "d_embedding": 12
            }
        },
        "bins": {
            "n_bins": 2
        }
    },
    "n_parameters": 1449904,
    "prediction_type": "labels",
    "epoch_size": 57,
    "best_step": 3021,
    "metrics": {
        "train": {
            "rmse": 25095.979598334074,
            "mae": 14682.1201171875,
            "r2": 0.7680717449000615,
            "score": -25095.979598334074
        },
        "val": {
            "rmse": 29706.432434743827,
            "mae": 16583.642578125,
            "r2": 0.7038664770560613,
            "score": -29706.432434743827
        },
        "test": {
            "rmse": 31396.219899854186,
            "mae": 16432.775390625,
            "r2": 0.6585535785097125,
            "score": -31396.219899854186
        }
    },
    "time": "0:01:21.574129",
    "chunk_size": null,
    "eval_batch_size": 32768
}