method,0
TabMmini-piecewiselinear,1.6666666666666667
XGBoost,2.0
CatBoost,2.3333333333333335
LightGBM,2.6666666666666665
TabM,2.6666666666666665
MLP-piecewiselinear,3.0
tabm-rankp-piecewiselinear,3.3333333333333335
T2G,3.6666666666666665
Excel-plugins,4.0
SAINT,4.0
FT-T,4.0
MNCA-periodic,4.333333333333333
TabR-periodic,4.333333333333333
MLP,5.333333333333333
MNCA,5.333333333333333
TabR,6.0
