method,0
tabm-piecewiselinear,1.3571428571428572
tabm-mini-piecewiselinear,1.5
CatBoost,2.0
tabm,2.0
MNCA-periodic,2.142857142857143
TabR-periodic,2.2142857142857144
MLP-piecewiselinear,2.2857142857142856
XGBoost,2.5
LightGBM,2.5
MNCA,2.642857142857143
T2G,2.7142857142857144
SAINT,2.7142857142857144
FT-T,2.7857142857142856
TabR,2.9285714285714284
retransformer-aux-periodic,3.0714285714285716
Excel-plugins,3.2142857142857144
MLP,3.642857142857143
retransformer-periodic,8.214285714285714
