method,0
TabMmini-piecewiselinear,1.6666666666666667
MNCA-periodic,1.7222222222222223
tabpln-mini-piecewiselinear,1.9444444444444444
TabR-periodic,2.4444444444444446
TabR,2.5
TabM,2.5555555555555554
CatBoost,2.611111111111111
MNCA,2.7222222222222223
XGBoost,3.0555555555555554
MLP-piecewiselinear,3.1666666666666665
LightGBM,3.2222222222222223
T2G,3.5
SAINT,3.8333333333333335
FT-T,4.0
Excel-plugins,4.444444444444445
MLP,4.5
