method,0
tabm-piecewiselinear,1.5833333333333333
tabm-mini-piecewiselinear,1.7916666666666667
tabm,2.25
taba-piecewiselinear,2.625
MNCA-periodic,2.6666666666666665
CatBoost,2.9166666666666665
TabR-periodic,3.0416666666666665
MLP-piecewiselinear,3.0833333333333335
XGBoost,3.25
MNCA,3.3333333333333335
LightGBM,3.375
T2G,3.5
TabR,3.5416666666666665
FT-T,3.875
SAINT,3.875
MLP,4.166666666666667
Excel-plugins,4.291666666666667
