method,0
TabMmini-piecewiselinear,1.5714285714285714
TabM,1.8571428571428572
CatBoost,2.2857142857142856
MLP-piecewiselinear,2.2857142857142856
MNCA-periodic,2.7142857142857144
XGBoost,2.7142857142857144
LightGBM,2.857142857142857
T2G,3.142857142857143
TabR-periodic,3.142857142857143
SAINT,3.2857142857142856
FT-T,3.2857142857142856
MNCA,3.2857142857142856
TabR,3.7142857142857144
Excel-plugins,3.7142857142857144
MLP,3.857142857142857
retransformer-periodic,3.857142857142857
