method,0
TabMmini-piecewiselinear,1.6111111111111112
TabM,2.111111111111111
taba-piecewiselinear,2.2222222222222223
MLP-piecewiselinear,2.5555555555555554
MNCA-periodic,2.611111111111111
CatBoost,2.611111111111111
TabR-periodic,2.7777777777777777
XGBoost,2.888888888888889
LightGBM,3.0
T2G,3.111111111111111
TabR,3.2777777777777777
MNCA,3.2777777777777777
FT-T,3.388888888888889
SAINT,3.6666666666666665
MLP,3.8333333333333335
Excel-plugins,3.8333333333333335
