{
    "function": "bin.model.main",
    "gpus": [
        "NVIDIA GeForce RTX 4090"
    ],
    "config": {
        "seed": 4,
        "batch_size": 256,
        "patience": 16,
        "n_epochs": -1,
        "gradient_clipping_norm": 1.0,
        "amp": true,
        "data": {
            "cache": true,
            "path": "data/sberbank-housing",
            "num_policy": "noisy-quantile",
            "cat_policy": "ordinal"
        },
        "optimizer": {
            "type": "AdamW",
            "lr": 0.00269995969045987,
            "weight_decay": 0.0
        },
        "model": {
            "p": 17,
            "arch_type": "tabm-rankp",
            "k": 32,
            "share_training_batches": false,
            "backbone": {
                "type": "MLP",
                "n_blocks": 1,
                "d_block": 720,
                "dropout": 0.28909012437135023
            },
            "num_embeddings": {
                "type": "PiecewiseLinearEmbeddingsV2",
                "d_embedding": 32
            }
        },
        "bins": {
            "n_bins": 127
        }
    },
    "n_parameters": 8795872,
    "prediction_type": "labels",
    "epoch_size": 74,
    "best_step": 296,
    "metrics": {
        "train": {
            "rmse": 0.2399070028840078,
            "mae": 0.12463158369064331,
            "r2": 0.6322948832120154,
            "score": -0.2399070028840078
        },
        "val": {
            "rmse": 0.23864156808431394,
            "mae": 0.1329265534877777,
            "r2": 0.6195974299541835,
            "score": -0.23864156808431394
        },
        "test": {
            "rmse": 0.24161402424257467,
            "mae": 0.16089820861816406,
            "r2": 0.6010818247840823,
            "score": -0.24161402424257467
        }
    },
    "time": "0:01:02.709136",
    "chunk_size": null,
    "eval_batch_size": 32768,
    "heads": [
        26,
        22,
        2
    ],
    "head_selection_time": "0:00:00.121839"
}