{
    "function": "bin.model.main",
    "gpus": [
        "NVIDIA GeForce RTX 4090"
    ],
    "config": {
        "seed": 13,
        "batch_size": 256,
        "patience": 16,
        "n_epochs": -1,
        "gradient_clipping_norm": 1.0,
        "amp": true,
        "data": {
            "cache": true,
            "path": "data/house",
            "num_policy": "noisy-quantile"
        },
        "optimizer": {
            "type": "AdamW",
            "lr": 0.0019125062449187639,
            "weight_decay": 0.020203741338742448
        },
        "model": {
            "arch_type": "taba",
            "k": 128,
            "share_training_batches": false,
            "backbone": {
                "type": "MLP",
                "n_blocks": 3,
                "d_block": 672,
                "dropout": 0.0
            },
            "num_embeddings": {
                "type": "PiecewiseLinearEmbeddingsV2",
                "d_embedding": 16
            }
        },
        "bins": {
            "n_bins": 2
        }
    },
    "n_parameters": 721792,
    "prediction_type": "labels",
    "epoch_size": 57,
    "best_step": 7581,
    "metrics": {
        "train": {
            "rmse": 21445.43065550328,
            "mae": 11989.0107421875,
            "r2": 0.8306384194439432,
            "score": -21445.43065550328
        },
        "val": {
            "rmse": 28468.722486265517,
            "mae": 15049.134765625,
            "r2": 0.7280290859626528,
            "score": -28468.722486265517
        },
        "test": {
            "rmse": 30551.45849218986,
            "mae": 15034.962890625,
            "r2": 0.6766806373192215,
            "score": -30551.45849218986
        }
    },
    "time": "0:01:33.659932",
    "chunk_size": null,
    "eval_batch_size": 32768
}