{
    "function": "bin.model.main",
    "gpus": [
        "NVIDIA GeForce RTX 4090"
    ],
    "config": {
        "seed": 9,
        "batch_size": 256,
        "patience": 16,
        "n_epochs": -1,
        "gradient_clipping_norm": 1.0,
        "amp": true,
        "data": {
            "cache": true,
            "path": "data/regression-cat-medium-0-OnlineNewsPopularity",
            "num_policy": "noisy-quantile"
        },
        "optimizer": {
            "type": "AdamW",
            "lr": 0.0005385543161925761,
            "weight_decay": 0.0
        },
        "model": {
            "arch_type": "taba",
            "k": 128,
            "share_training_batches": false,
            "backbone": {
                "type": "MLP",
                "n_blocks": 2,
                "d_block": 576,
                "dropout": 0.19352240388594963
            },
            "num_embeddings": {
                "type": "PiecewiseLinearEmbeddingsV2",
                "d_embedding": 32
            }
        },
        "bins": {
            "n_bins": 9
        }
    },
    "n_parameters": 1342912,
    "prediction_type": "labels",
    "epoch_size": 40,
    "best_step": 2360,
    "metrics": {
        "train": {
            "rmse": 0.7791991208367215,
            "mae": 0.5785596370697021,
            "r2": 0.2987065359820593,
            "score": -0.7791991208367215
        },
        "val": {
            "rmse": 0.8475874068611403,
            "mae": 0.6331944465637207,
            "r2": 0.14800960320624423,
            "score": -0.8475874068611403
        },
        "test": {
            "rmse": 0.8652802879258987,
            "mae": 0.6427772045135498,
            "r2": 0.14195454458323908,
            "score": -0.8652802879258987
        }
    },
    "time": "0:01:06.441882",
    "chunk_size": null,
    "eval_batch_size": 16384,
    "heads": [
        110
    ],
    "head_selection_time": "0:00:00.148689"
}