{
    "function": "bin.model.main",
    "gpus": [
        "NVIDIA GeForce RTX 4090"
    ],
    "config": {
        "seed": 11,
        "batch_size": 512,
        "patience": 16,
        "n_epochs": -1,
        "gradient_clipping_norm": 1.0,
        "amp": true,
        "data": {
            "cache": true,
            "path": "data/black-friday",
            "num_policy": "noisy-quantile",
            "cat_policy": "ordinal"
        },
        "optimizer": {
            "type": "AdamW",
            "lr": 0.0019452234311398441,
            "weight_decay": 0.0
        },
        "model": {
            "arch_type": "tabrm",
            "sample_rate": 0.2653380628999882,
            "k": 48,
            "backbone": {
                "n_blocks": 1,
                "d_block": 288,
                "dropout": 0.2583335461193541
            },
            "num_embeddings": {
                "type": "PiecewiseLinearEmbeddingsV2",
                "d_embedding": 32
            }
        },
        "bins": {
            "n_bins": 126
        }
    },
    "n_parameters": 572848,
    "prediction_type": "labels",
    "epoch_size": 209,
    "best_step": 11704,
    "metrics": {
        "train": {
            "rmse": 0.6556228411105297,
            "mae": 0.5082153081893921,
            "r2": 0.5694298986632755,
            "score": -0.6556228411105297
        },
        "val": {
            "rmse": 0.6870604974257208,
            "mae": 0.5313233733177185,
            "r2": 0.5266039503948331,
            "score": -0.6870604974257208
        },
        "test": {
            "rmse": 0.6878395325869928,
            "mae": 0.532427966594696,
            "r2": 0.5304492045834512,
            "score": -0.6878395325869928
        }
    },
    "time": "0:04:39.725040",
    "chunk_size": null,
    "eval_batch_size": 32768
}