{
    "function": "bin.reformer.main",
    "gpus": [
        "NVIDIA GeForce RTX 4090"
    ],
    "config": {
        "seed": 3,
        "batch_size": 256,
        "patience": 16,
        "n_epochs": -1,
        "amp": true,
        "data": {
            "cache": true,
            "path": "data/classif-num-medium-0-credit",
            "num_policy": "noisy-quantile"
        },
        "optimizer": {
            "type": "AdamW",
            "lr": 7.514511866018972e-05,
            "weight_decay": 1.2447778300098665e-05
        },
        "model": {
            "predictor_n_blocks": 3,
            "context_size": 32,
            "encoder_n_blocks": 1,
            "num_heads": 4,
            "momentum": 0.999,
            "use_aux_loss": false,
            "multi_output_head": false,
            "queue_ratio": 64,
            "arch_type": "retransformer",
            "d_main": 128,
            "d_multiplier": 2.0,
            "mixer_normalization": "auto",
            "dropout0": 0.0727098839544551,
            "dropout1": 0.0,
            "normalization": "LayerNorm",
            "activation": "ReLU",
            "num_embeddings": {
                "type": "PeriodicEmbeddings",
                "n_frequencies": 48,
                "frequency_init_scale": 0.012578406600700748,
                "d_embedding": 45,
                "lite": true
            }
        }
    },
    "n_parameters": 526063,
    "prediction_type": "probs",
    "epoch_size": 40,
    "best_step": 520,
    "metrics": {
        "train": {
            "0": {
                "precision": 0.7825998783208274,
                "recall": 0.7668918918918919,
                "f1-score": 0.7746662651811703,
                "support": 5032.0
            },
            "1": {
                "precision": 0.7685934109291773,
                "recall": 0.784219001610306,
                "f1-score": 0.7763275879246787,
                "support": 4968.0
            },
            "accuracy": 0.7755,
            "macro avg": {
                "precision": 0.7755966446250024,
                "recall": 0.775555446751099,
                "f1-score": 0.7754969265529246,
                "support": 10000.0
            },
            "weighted avg": {
                "precision": 0.7756414653206557,
                "recall": 0.7755,
                "f1-score": 0.7754916103201452,
                "support": 10000.0
            },
            "cross-entropy": 0.4850416668105492,
            "roc-auc": 0.8531354044261652,
            "score": 0.7755
        },
        "val": {
            "0": {
                "precision": 0.7863682604272635,
                "recall": 0.7792338709677419,
                "f1-score": 0.7827848101265823,
                "support": 992.0
            },
            "1": {
                "precision": 0.7875848690591658,
                "recall": 0.7945205479452054,
                "f1-score": 0.7910375060886508,
                "support": 1022.0
            },
            "accuracy": 0.7869910625620655,
            "macro avg": {
                "precision": 0.7869765647432146,
                "recall": 0.7868772094564737,
                "f1-score": 0.7869111581076165,
                "support": 2014.0
            },
            "weighted avg": {
                "precision": 0.7869856258799965,
                "recall": 0.7869910625620655,
                "f1-score": 0.7869726230725773,
                "support": 2014.0
            },
            "cross-entropy": 0.4745922026261716,
            "roc-auc": 0.8595993979231109,
            "score": 0.7869910625620655
        },
        "test": {
            "0": {
                "precision": 0.7645299145299145,
                "recall": 0.7668238319759966,
                "f1-score": 0.7656751551465868,
                "support": 2333.0
            },
            "1": {
                "precision": 0.7694915254237288,
                "recall": 0.7672158850866075,
                "f1-score": 0.7683520203088641,
                "support": 2367.0
            },
            "accuracy": 0.7670212765957447,
            "macro avg": {
                "precision": 0.7670107199768217,
                "recall": 0.7670198585313021,
                "f1-score": 0.7670135877277254,
                "support": 4700.0
            },
            "weighted avg": {
                "precision": 0.7670286662289907,
                "recall": 0.7670212765957447,
                "f1-score": 0.7670232700059719,
                "support": 4700.0
            },
            "cross-entropy": 0.4972428321562912,
            "roc-auc": 0.844487017971606,
            "score": 0.7670212765957447
        }
    },
    "time": "0:00:33.112610",
    "chunk_size": null,
    "eval_batch_size": 32768
}