{
    "function": "bin.qtabformer.main",
    "gpus": [
        "NVIDIA GeForce RTX 4090"
    ],
    "config": {
        "seed": 1,
        "batch_size": 256,
        "patience": 16,
        "n_epochs": -1,
        "amp": true,
        "data": {
            "cache": true,
            "path": "data/churn",
            "num_policy": "noisy-quantile",
            "cat_policy": "ordinal"
        },
        "optimizer": {
            "type": "AdamW",
            "lr": 0.000729403237984478,
            "weight_decay": 1.9591491791782875e-06
        },
        "model": {
            "num_heads": 4,
            "predictor_n_blocks": 2,
            "encoder_n_blocks": 1,
            "use_multi_output_head": false,
            "dropout1": 0.2300922010090329,
            "use_mlp_head": false,
            "query_expansion_ratio": 4,
            "attention_type": "mqa",
            "use_key_as_value": true,
            "momentum": 0.999,
            "queue_ratio": 64,
            "d_main": 128,
            "d_multiplier": 2.0,
            "mixer_normalization": "auto",
            "dropout0": 0.5566288312727549,
            "num_embeddings": {
                "type": "PeriodicEmbeddings",
                "n_frequencies": 81,
                "frequency_init_scale": 0.055783419248478426,
                "d_embedding": 54,
                "lite": true
            }
        }
    },
    "n_parameters": 423451,
    "prediction_type": "probs",
    "epoch_size": 25,
    "best_step": 275,
    "metrics": {
        "train": {
            "0": {
                "precision": 0.8707874978173564,
                "recall": 0.9786106750392465,
                "f1-score": 0.9215559456712556,
                "support": 5096.0
            },
            "1": {
                "precision": 0.8380386329866271,
                "recall": 0.4325153374233129,
                "f1-score": 0.5705614567526555,
                "support": 1304.0
            },
            "accuracy": 0.86734375,
            "macro avg": {
                "precision": 0.8544130654019917,
                "recall": 0.7055630062312797,
                "f1-score": 0.7460587012119555,
                "support": 6400.0
            },
            "weighted avg": {
                "precision": 0.8641149166080954,
                "recall": 0.86734375,
                "f1-score": 0.8500408185540909,
                "support": 6400.0
            },
            "cross-entropy": 0.32036922628774933,
            "roc-auc": 0.8856698324681453,
            "score": 0.86734375
        },
        "val": {
            "0": {
                "precision": 0.8703832752613241,
                "recall": 0.9803767660910518,
                "f1-score": 0.9221114802510152,
                "support": 1274.0
            },
            "1": {
                "precision": 0.8484848484848485,
                "recall": 0.4294478527607362,
                "f1-score": 0.5702647657841141,
                "support": 326.0
            },
            "accuracy": 0.868125,
            "macro avg": {
                "precision": 0.8594340618730862,
                "recall": 0.704912309425894,
                "f1-score": 0.7461881230175647,
                "support": 1600.0
            },
            "weighted avg": {
                "precision": 0.8659214708056172,
                "recall": 0.868125,
                "f1-score": 0.850422712178384,
                "support": 1600.0
            },
            "cross-entropy": 0.33801100084125707,
            "roc-auc": 0.8652449653764288,
            "score": 0.868125
        },
        "test": {
            "0": {
                "precision": 0.8645660585959093,
                "recall": 0.9817953546767106,
                "f1-score": 0.9194591416813638,
                "support": 1593.0
            },
            "1": {
                "precision": 0.8481675392670157,
                "recall": 0.39803439803439805,
                "f1-score": 0.5418060200668897,
                "support": 407.0
            },
            "accuracy": 0.863,
            "macro avg": {
                "precision": 0.8563667989314625,
                "recall": 0.6899148763555544,
                "f1-score": 0.7306325808741267,
                "support": 2000.0
            },
            "weighted avg": {
                "precision": 0.8612289599124795,
                "recall": 0.863,
                "f1-score": 0.8426067314328184,
                "support": 2000.0
            },
            "cross-entropy": 0.3513087529512159,
            "roc-auc": 0.8534081076453957,
            "score": 0.863
        }
    },
    "time": "0:00:21.035908",
    "chunk_size": null,
    "eval_batch_size": 32768
}