{
    "function": "bin.model.main",
    "gpus": [
        "NVIDIA GeForce RTX 4090"
    ],
    "config": {
        "seed": 10,
        "batch_size": 1024,
        "patience": 16,
        "n_epochs": -1,
        "gradient_clipping_norm": 1.0,
        "amp": true,
        "data": {
            "cache": true,
            "path": "data/cooking-time",
            "cat_policy": "ordinal"
        },
        "optimizer": {
            "type": "AdamW",
            "lr": 0.002938591390403987,
            "weight_decay": 0.08648910638364925
        },
        "model": {
            "arch_type": "taba",
            "k": 32,
            "share_training_batches": false,
            "backbone": {
                "type": "MLP",
                "n_blocks": 3,
                "d_block": 608,
                "dropout": 0.0
            },
            "num_embeddings": {
                "type": "PiecewiseLinearEmbeddingsV2",
                "d_embedding": 16
            }
        },
        "bins": {
            "n_bins": 5
        }
    },
    "n_parameters": 2050784,
    "prediction_type": "labels",
    "epoch_size": 222,
    "best_step": 2442,
    "metrics": {
        "train": {
            "rmse": 0.44563372219586234,
            "mae": 0.34718790650367737,
            "r2": 0.5438404757567676,
            "score": -0.44563372219586234
        },
        "val": {
            "rmse": 0.4626318453684548,
            "mae": 0.35992076992988586,
            "r2": 0.5091636329343336,
            "score": -0.4626318453684548
        },
        "test": {
            "rmse": 0.48014589643006944,
            "mae": 0.3747955560684204,
            "r2": 0.4859954361467129,
            "score": -0.48014589643006944
        }
    },
    "time": "0:03:14.531190",
    "chunk_size": null,
    "eval_batch_size": 32768,
    "heads": [
        0,
        11,
        12,
        25,
        3,
        8
    ],
    "head_selection_time": "0:00:00.480328"
}