{
    "function": "bin.model.main",
    "gpus": [
        "NVIDIA GeForce RTX 4090"
    ],
    "config": {
        "seed": 14,
        "batch_size": 32,
        "patience": 16,
        "n_epochs": -1,
        "gradient_clipping_norm": 1.0,
        "amp": true,
        "data": {
            "cache": true,
            "path": "data/classif-num-medium-3-phoneme",
            "num_policy": "noisy-quantile"
        },
        "optimizer": {
            "type": "AdamW",
            "lr": 0.002931247928065609,
            "weight_decay": 0.010240602910145466
        },
        "model": {
            "arch_type": "tabm-mini",
            "k": 32,
            "share_training_batches": false,
            "backbone": {
                "type": "MLP",
                "n_blocks": 2,
                "d_block": 816,
                "dropout": 0.07420097430770455
            },
            "num_embeddings": {
                "type": "PiecewiseLinearEmbeddingsV2",
                "d_embedding": 8
            }
        },
        "bins": {
            "n_bins": 29
        }
    },
    "n_parameters": 754896,
    "prediction_type": "probs",
    "epoch_size": 70,
    "best_step": 910,
    "metrics": {
        "train": {
            "0": {
                "precision": 0.993886462882096,
                "recall": 0.9947552447552448,
                "f1-score": 0.9943206640454346,
                "support": 1144.0
            },
            "1": {
                "precision": 0.9944186046511628,
                "recall": 0.9934944237918215,
                "f1-score": 0.99395629939563,
                "support": 1076.0
            },
            "accuracy": 0.9941441441441441,
            "macro avg": {
                "precision": 0.9941525337666295,
                "recall": 0.9941248342735332,
                "f1-score": 0.9941384817205323,
                "support": 2220.0
            },
            "weighted avg": {
                "precision": 0.9941443838476438,
                "recall": 0.9941441441441441,
                "f1-score": 0.9941440620800339,
                "support": 2220.0
            },
            "cross-entropy": 0.04980430251519208,
            "roc-auc": 0.9998968271505446,
            "score": 0.9941441441441441
        },
        "val": {
            "0": {
                "precision": 0.8805970149253731,
                "recall": 0.8939393939393939,
                "f1-score": 0.887218045112782,
                "support": 132.0
            },
            "1": {
                "precision": 0.9072847682119205,
                "recall": 0.8954248366013072,
                "f1-score": 0.9013157894736842,
                "support": 153.0
            },
            "accuracy": 0.8947368421052632,
            "macro avg": {
                "precision": 0.8939408915686469,
                "recall": 0.8946821152703506,
                "f1-score": 0.8942669172932332,
                "support": 285.0
            },
            "weighted avg": {
                "precision": 0.894924124584467,
                "recall": 0.8947368421052632,
                "f1-score": 0.8947863078749505,
                "support": 285.0
            },
            "cross-entropy": 0.3408470337118625,
            "roc-auc": 0.950633788869083,
            "score": 0.8947368421052632
        },
        "test": {
            "0": {
                "precision": 0.8888888888888888,
                "recall": 0.8516129032258064,
                "f1-score": 0.8698517298187809,
                "support": 310.0
            },
            "1": {
                "precision": 0.8756756756756757,
                "recall": 0.907563025210084,
                "f1-score": 0.8913342503438789,
                "support": 357.0
            },
            "accuracy": 0.881559220389805,
            "macro avg": {
                "precision": 0.8822822822822822,
                "recall": 0.8795879642179452,
                "f1-score": 0.8805929900813299,
                "support": 667.0
            },
            "weighted avg": {
                "precision": 0.8818167492830161,
                "recall": 0.881559220389805,
                "f1-score": 0.8813498704896354,
                "support": 667.0
            },
            "cross-entropy": 0.42838007695834834,
            "roc-auc": 0.9355109785849824,
            "score": 0.881559220389805
        }
    },
    "time": "0:00:17.135845",
    "chunk_size": null,
    "eval_batch_size": 32768
}