{
    "function": "bin.model.main",
    "gpus": [
        "NVIDIA GeForce RTX 4090"
    ],
    "config": {
        "seed": 12,
        "batch_size": 256,
        "patience": 16,
        "n_epochs": -1,
        "gradient_clipping_norm": 1.0,
        "amp": true,
        "data": {
            "cache": true,
            "path": "data/classif-num-medium-0-credit",
            "num_policy": "noisy-quantile"
        },
        "optimizer": {
            "type": "AdamW",
            "lr": 0.0019944099946253633,
            "weight_decay": 0.0
        },
        "model": {
            "arch_type": "taba",
            "k": 32,
            "share_training_batches": false,
            "backbone": {
                "type": "MLP",
                "n_blocks": 1,
                "d_block": 96,
                "dropout": 0.3619409301918812
            },
            "num_embeddings": {
                "type": "PiecewiseLinearEmbeddingsV2",
                "d_embedding": 28
            }
        },
        "bins": {
            "n_bins": 2
        }
    },
    "n_parameters": 45960,
    "prediction_type": "probs",
    "epoch_size": 40,
    "best_step": 2040,
    "metrics": {
        "train": {
            "0": {
                "precision": 0.7798237022526935,
                "recall": 0.7911367249602543,
                "f1-score": 0.7854394791358389,
                "support": 5032.0
            },
            "1": {
                "precision": 0.785291113381001,
                "recall": 0.7737520128824477,
                "f1-score": 0.7794788603873061,
                "support": 4968.0
            },
            "accuracy": 0.7825,
            "macro avg": {
                "precision": 0.7825574078168472,
                "recall": 0.7824443689213509,
                "f1-score": 0.7824591697615725,
                "support": 10000.0
            },
            "weighted avg": {
                "precision": 0.7825399121012366,
                "recall": 0.7825,
                "f1-score": 0.7824782437415678,
                "support": 10000.0
            },
            "cross-entropy": 0.4651068283118937,
            "roc-auc": 0.8618398409598855,
            "score": 0.7825
        },
        "val": {
            "0": {
                "precision": 0.7903066271018794,
                "recall": 0.8054435483870968,
                "f1-score": 0.797803295057414,
                "support": 992.0
            },
            "1": {
                "precision": 0.8075772681954138,
                "recall": 0.7925636007827789,
                "f1-score": 0.8,
                "support": 1022.0
            },
            "accuracy": 0.7989076464746773,
            "macro avg": {
                "precision": 0.7989419476486466,
                "recall": 0.7990035745849378,
                "f1-score": 0.798901647528707,
                "support": 2014.0
            },
            "weighted avg": {
                "precision": 0.7990705770510313,
                "recall": 0.7989076464746773,
                "f1-score": 0.7989180082904442,
                "support": 2014.0
            },
            "cross-entropy": 0.4616524483421142,
            "roc-auc": 0.8635394309071396,
            "score": 0.7989076464746773
        },
        "test": {
            "0": {
                "precision": 0.7594989561586639,
                "recall": 0.7796828118302614,
                "f1-score": 0.7694585448392555,
                "support": 2333.0
            },
            "1": {
                "precision": 0.7770065075921909,
                "recall": 0.7566539923954373,
                "f1-score": 0.7666952054794521,
                "support": 2367.0
            },
            "accuracy": 0.7680851063829788,
            "macro avg": {
                "precision": 0.7682527318754274,
                "recall": 0.7681684021128494,
                "f1-score": 0.7680768751593539,
                "support": 4700.0
            },
            "weighted avg": {
                "precision": 0.7683160570614636,
                "recall": 0.7680851063829788,
                "f1-score": 0.768066880102095,
                "support": 4700.0
            },
            "cross-entropy": 0.48031386155387706,
            "roc-auc": 0.8518942865457332,
            "score": 0.7680851063829788
        }
    },
    "time": "0:00:23.709996",
    "chunk_size": null,
    "eval_batch_size": 32768,
    "heads": [
        23,
        20,
        30
    ],
    "head_selection_time": "0:00:00.822724"
}