{
    "function": "bin.model.main",
    "gpus": [
        "NVIDIA GeForce RTX 4090"
    ],
    "config": {
        "seed": 12,
        "batch_size": 256,
        "patience": 16,
        "n_epochs": -1,
        "gradient_clipping_norm": 1.0,
        "amp": true,
        "data": {
            "cache": true,
            "path": "data/classif-num-medium-1-bank-marketing",
            "num_policy": "noisy-quantile"
        },
        "optimizer": {
            "type": "AdamW",
            "lr": 0.0015821867223993807,
            "weight_decay": 0.0
        },
        "model": {
            "arch_type": "tabpln-mini",
            "k": 32,
            "share_training_batches": false,
            "backbone": {
                "type": "MLP",
                "n_blocks": 2,
                "d_block": 672,
                "dropout": 0.3333518632659386
            },
            "num_embeddings": {
                "type": "PiecewiseLinearEmbeddingsV2",
                "d_embedding": 20
            }
        },
        "bins": {
            "n_bins": 79
        }
    },
    "n_parameters": 610240,
    "prediction_type": "probs",
    "epoch_size": 29,
    "best_step": 377,
    "metrics": {
        "train": {
            "0": {
                "precision": 0.8451812306827761,
                "recall": 0.8218579234972677,
                "f1-score": 0.8333564205568638,
                "support": 3660.0
            },
            "1": {
                "precision": 0.8304291287386216,
                "recall": 0.8528311965811965,
                "f1-score": 0.8414810910528396,
                "support": 3744.0
            },
            "accuracy": 0.8375202593192869,
            "macro avg": {
                "precision": 0.8378051797106989,
                "recall": 0.8373445600392322,
                "f1-score": 0.8374187558048517,
                "support": 7404.0
            },
            "weighted avg": {
                "precision": 0.8377214967985359,
                "recall": 0.8375202593192869,
                "f1-score": 0.8374648438870818,
                "support": 7404.0
            },
            "cross-entropy": 0.3653752192359777,
            "roc-auc": 0.9196288560786512,
            "score": 0.8375202593192869
        },
        "val": {
            "0": {
                "precision": 0.8571428571428571,
                "recall": 0.8287937743190662,
                "f1-score": 0.8427299703264095,
                "support": 514.0
            },
            "1": {
                "precision": 0.8065934065934066,
                "recall": 0.8378995433789954,
                "f1-score": 0.8219484882418812,
                "support": 438.0
            },
            "accuracy": 0.832983193277311,
            "macro avg": {
                "precision": 0.8318681318681318,
                "recall": 0.8333466588490308,
                "f1-score": 0.8323392292841454,
                "support": 952.0
            },
            "weighted avg": {
                "precision": 0.8338858620371226,
                "recall": 0.832983193277311,
                "f1-score": 0.8331687422244942,
                "support": 952.0
            },
            "cross-entropy": 0.4078392047562557,
            "roc-auc": 0.8950571220439564,
            "score": 0.832983193277311
        },
        "test": {
            "0": {
                "precision": 0.7987072945521699,
                "recall": 0.7757847533632287,
                "f1-score": 0.7870791628753413,
                "support": 1115.0
            },
            "1": {
                "precision": 0.7805092186128183,
                "recall": 0.8030713640469738,
                "f1-score": 0.7916295636687445,
                "support": 1107.0
            },
            "accuracy": 0.7893789378937894,
            "macro avg": {
                "precision": 0.7896082565824941,
                "recall": 0.7894280587051012,
                "f1-score": 0.7893543632720429,
                "support": 2222.0
            },
            "weighted avg": {
                "precision": 0.7896410163951662,
                "recall": 0.7893789378937894,
                "f1-score": 0.7893461717314607,
                "support": 2222.0
            },
            "cross-entropy": 0.46042034041161567,
            "roc-auc": 0.8653007157874268,
            "score": 0.7893789378937894
        }
    },
    "time": "0:00:09.576885",
    "chunk_size": null,
    "eval_batch_size": 32768,
    "heads": [
        29,
        30,
        11
    ],
    "head_selection_time": "0:00:00.770264"
}