{
    "function": "bin.ensemble.main",
    "config": {
        "seeds": [
            0,
            1,
            2,
            3,
            4
        ],
        "data": {
            "path": "data/sberbank-housing"
        }
    },
    "single_model_function": "bin.qtabformerv2.main",
    "prediction_type": "labels",
    "metrics": {
        "train": {
            "rmse": 0.22903949648063945,
            "mae": 0.12008130550384521,
            "r2": 0.6648535645487699,
            "score": -0.22903949648063945
        },
        "val": {
            "rmse": 0.24106195613502035,
            "mae": 0.1357894390821457,
            "r2": 0.6118418995309177,
            "score": -0.24106195613502035
        },
        "test": {
            "rmse": 0.2775111834746945,
            "mae": 0.20622774958610535,
            "r2": 0.4737397268517317,
            "score": -0.2775111834746945
        }
    }
}