{
    "function": "bin.model.main",
    "gpus": [
        "NVIDIA GeForce RTX 4090"
    ],
    "config": {
        "seed": 0,
        "batch_size": 32,
        "patience": 16,
        "n_epochs": -1,
        "gradient_clipping_norm": 1.0,
        "amp": true,
        "data": {
            "cache": true,
            "path": "data/classif-num-medium-0-wine",
            "num_policy": "noisy-quantile"
        },
        "optimizer": {
            "type": "AdamW",
            "lr": 0.0016417382799666534,
            "weight_decay": 0.0
        },
        "model": {
            "arch_type": "taba",
            "k": 32,
            "share_training_batches": false,
            "backbone": {
                "type": "MLP",
                "n_blocks": 2,
                "d_block": 736,
                "dropout": 0.12321583911358859
            },
            "num_embeddings": {
                "type": "PiecewiseLinearEmbeddingsV2",
                "d_embedding": 20
            }
        },
        "bins": {
            "n_bins": 14
        }
    },
    "n_parameters": 290084,
    "prediction_type": "probs",
    "epoch_size": 56,
    "best_step": 1232,
    "metrics": {
        "train": {
            "0": {
                "precision": 0.991869918699187,
                "recall": 0.953125,
                "f1-score": 0.9721115537848606,
                "support": 896.0
            },
            "1": {
                "precision": 0.9546436285097192,
                "recall": 0.9921436588103255,
                "f1-score": 0.973032471106219,
                "support": 891.0
            },
            "accuracy": 0.9725797425853385,
            "macro avg": {
                "precision": 0.9732567736044531,
                "recall": 0.9726343294051627,
                "f1-score": 0.9725720124455398,
                "support": 1787.0
            },
            "weighted avg": {
                "precision": 0.9733088529136157,
                "recall": 0.9725797425853385,
                "f1-score": 0.9725707240889067,
                "support": 1787.0
            },
            "cross-entropy": 0.1381899715644287,
            "roc-auc": 0.9974496953663621,
            "score": 0.9725797425853385
        },
        "val": {
            "0": {
                "precision": 0.8846153846153846,
                "recall": 0.8440366972477065,
                "f1-score": 0.863849765258216,
                "support": 109.0
            },
            "1": {
                "precision": 0.8650793650793651,
                "recall": 0.9008264462809917,
                "f1-score": 0.8825910931174089,
                "support": 121.0
            },
            "accuracy": 0.8739130434782608,
            "macro avg": {
                "precision": 0.8748473748473748,
                "recall": 0.8724315717643492,
                "f1-score": 0.8732204291878125,
                "support": 230.0
            },
            "weighted avg": {
                "precision": 0.8743377395551308,
                "recall": 0.8739130434782608,
                "f1-score": 0.8737093333928349,
                "support": 230.0
            },
            "cross-entropy": 0.41581774318518777,
            "roc-auc": 0.907498673136705,
            "score": 0.8739130434782608
        },
        "test": {
            "0": {
                "precision": 0.8099173553719008,
                "recall": 0.7205882352941176,
                "f1-score": 0.762645914396887,
                "support": 272.0
            },
            "1": {
                "precision": 0.7423728813559322,
                "recall": 0.8264150943396227,
                "f1-score": 0.7821428571428571,
                "support": 265.0
            },
            "accuracy": 0.7728119180633147,
            "macro avg": {
                "precision": 0.7761451183639165,
                "recall": 0.7735016648168702,
                "f1-score": 0.7723943857698721,
                "support": 537.0
            },
            "weighted avg": {
                "precision": 0.7765853523658828,
                "recall": 0.7728119180633147,
                "f1-score": 0.7722673107240416,
                "support": 537.0
            },
            "cross-entropy": 0.501283217053086,
            "roc-auc": 0.8651082130965594,
            "score": 0.7728119180633147
        }
    },
    "time": "0:00:16.183619",
    "chunk_size": null,
    "eval_batch_size": 32768,
    "heads": [
        14,
        10,
        19,
        13,
        2
    ],
    "head_selection_time": "0:00:00.897473"
}