{
    "function": "bin.qr_aug_mlp.main",
    "gpus": [
        "NVIDIA GeForce RTX 4090"
    ],
    "config": {
        "seed": 0,
        "batch_size": 256,
        "patience": 16,
        "n_epochs": -1,
        "amp": true,
        "data": {
            "cache": true,
            "path": "data/churn",
            "num_policy": "noisy-quantile",
            "cat_policy": "ordinal"
        },
        "optimizer": {
            "type": "AdamW",
            "lr": 0.0008437061034817703,
            "weight_decay": 1.5190523357904285e-06
        },
        "model": {
            "num_heads": 8,
            "predictor_n_blocks": 2,
            "encoder_n_blocks": 1,
            "use_multi_output_head": false,
            "dropout1": 0.5992196282278776,
            "use_mlp_head": false,
            "query_expansion_ratio": 4,
            "attention_type": "mqa",
            "use_key_as_value": true,
            "momentum": 0.999,
            "queue_ratio": 64,
            "d_main": 128,
            "d_multiplier": 2.0,
            "mixer_normalization": "auto",
            "dropout0": 0.4045769994620476,
            "num_embeddings": {
                "type": "PeriodicEmbeddings",
                "n_frequencies": 79,
                "frequency_init_scale": 0.06396395232108322,
                "d_embedding": 54,
                "lite": true
            }
        }
    },
    "n_parameters": 291381,
    "prediction_type": "probs",
    "epoch_size": 25,
    "best_step": 425,
    "metrics": {
        "train": {
            "0": {
                "precision": 0.8808805254748802,
                "recall": 0.9737048665620094,
                "f1-score": 0.924969708267313,
                "support": 5096.0
            },
            "1": {
                "precision": 0.8252933507170795,
                "recall": 0.4854294478527607,
                "f1-score": 0.6112988894253983,
                "support": 1304.0
            },
            "accuracy": 0.87421875,
            "macro avg": {
                "precision": 0.8530869380959798,
                "recall": 0.7295671572073851,
                "f1-score": 0.7681342988463556,
                "support": 6400.0
            },
            "weighted avg": {
                "precision": 0.8695546386179782,
                "recall": 0.87421875,
                "f1-score": 0.8610592789282728,
                "support": 6400.0
            },
            "cross-entropy": 0.41344988877282446,
            "roc-auc": 0.8889553697835906,
            "score": 0.87421875
        },
        "val": {
            "0": {
                "precision": 0.8775510204081632,
                "recall": 0.978806907378336,
                "f1-score": 0.925417439703154,
                "support": 1274.0
            },
            "1": {
                "precision": 0.8491620111731844,
                "recall": 0.4662576687116564,
                "f1-score": 0.601980198019802,
                "support": 326.0
            },
            "accuracy": 0.874375,
            "macro avg": {
                "precision": 0.8633565157906737,
                "recall": 0.7225322880449963,
                "f1-score": 0.763698818861478,
                "support": 1600.0
            },
            "weighted avg": {
                "precision": 0.8717667597765363,
                "recall": 0.874375,
                "f1-score": 0.8595171017101709,
                "support": 1600.0
            },
            "cross-entropy": 0.48849862829426627,
            "roc-auc": 0.8563759859772129,
            "score": 0.874375
        },
        "test": {
            "0": {
                "precision": 0.8702460850111857,
                "recall": 0.9767733835530445,
                "f1-score": 0.9204377403135168,
                "support": 1593.0
            },
            "1": {
                "precision": 0.8254716981132075,
                "recall": 0.42997542997543,
                "f1-score": 0.5654281098546042,
                "support": 407.0
            },
            "accuracy": 0.8655,
            "macro avg": {
                "precision": 0.8478588915621966,
                "recall": 0.7033744067642372,
                "f1-score": 0.7429329250840605,
                "support": 2000.0
            },
            "weighted avg": {
                "precision": 0.8611344972774472,
                "recall": 0.8655,
                "f1-score": 0.8481932805151281,
                "support": 2000.0
            },
            "cross-entropy": 0.5390569991602012,
            "roc-auc": 0.8399084755016959,
            "score": 0.8655
        }
    },
    "time": "0:00:16.592621",
    "chunk_size": null,
    "eval_batch_size": 32768
}