{
    "function": "bin.model.main",
    "gpus": [
        "NVIDIA GeForce RTX 4090"
    ],
    "config": {
        "seed": 1,
        "batch_size": 1024,
        "patience": 16,
        "n_epochs": -1,
        "gradient_clipping_norm": 1.0,
        "amp": true,
        "data": {
            "cache": true,
            "path": "data/ecom-offers",
            "num_policy": "noisy-quantile"
        },
        "optimizer": {
            "type": "AdamW",
            "lr": 0.0009068571008807528,
            "weight_decay": 0.02654676989108457
        },
        "model": {
            "p": 9,
            "arch_type": "tabm-rankp",
            "k": 32,
            "share_training_batches": false,
            "backbone": {
                "type": "MLP",
                "n_blocks": 2,
                "d_block": 832,
                "dropout": 0.0
            },
            "num_embeddings": {
                "type": "PiecewiseLinearEmbeddingsV2",
                "d_embedding": 32
            }
        },
        "bins": {
            "n_bins": 66
        }
    },
    "n_parameters": 2197056,
    "prediction_type": "probs",
    "epoch_size": 107,
    "best_step": 749,
    "metrics": {
        "train": {
            "0": {
                "precision": 0.7921744770239005,
                "recall": 0.9721426959217857,
                "f1-score": 0.8729798060613818,
                "support": 84179.0
            },
            "1": {
                "precision": 0.6116263663464724,
                "recall": 0.14676893728638424,
                "f1-score": 0.23673076923076924,
                "support": 25162.0
            },
            "accuracy": 0.7822042966499301,
            "macro avg": {
                "precision": 0.7019004216851865,
                "recall": 0.5594558166040849,
                "f1-score": 0.5548552876460755,
                "support": 109341.0
            },
            "weighted avg": {
                "precision": 0.7506260042564532,
                "recall": 0.7822042966499301,
                "f1-score": 0.7265635645350388,
                "support": 109341.0
            },
            "cross-entropy": 0.48552723052401886,
            "roc-auc": 0.711366373885202,
            "score": 0.711366373885202
        },
        "val": {
            "0": {
                "precision": 0.6451788101604278,
                "recall": 0.9951669029514113,
                "f1-score": 0.7828357074060931,
                "support": 15518.0
            },
            "1": {
                "precision": 0.7692307692307693,
                "recall": 0.028594304014640283,
                "f1-score": 0.05513895015438906,
                "support": 8743.0
            },
            "accuracy": 0.6468406083838258,
            "macro avg": {
                "precision": 0.7072047896955985,
                "recall": 0.5118806034830258,
                "f1-score": 0.4189873287802411,
                "support": 24261.0
            },
            "weighted avg": {
                "precision": 0.6898837389824877,
                "recall": 0.6468406083838258,
                "f1-score": 0.5205937244436576,
                "support": 24261.0
            },
            "cross-entropy": 0.8808087563422189,
            "roc-auc": 0.6222041982821247,
            "score": 0.6222041982821247
        },
        "test": {
            "0": {
                "precision": 0.6420156570646804,
                "recall": 0.9983453492494977,
                "f1-score": 0.7814783976316033,
                "support": 16922.0
            },
            "1": {
                "precision": 0.8014184397163121,
                "recall": 0.011853561313332634,
                "f1-score": 0.023361587761008894,
                "support": 9533.0
            },
            "accuracy": 0.6428652428652428,
            "macro avg": {
                "precision": 0.7217170483904962,
                "recall": 0.5050994552814152,
                "f1-score": 0.40241999269630613,
                "support": 26455.0
            },
            "weighted avg": {
                "precision": 0.6994560927863966,
                "recall": 0.6428652428652428,
                "f1-score": 0.5082927031127458,
                "support": 26455.0
            },
            "cross-entropy": 1.0358444537531322,
            "roc-auc": 0.5907255766652265,
            "score": 0.5907255766652265
        }
    },
    "time": "0:02:21.372253",
    "chunk_size": null,
    "eval_batch_size": 32768
}