{
    "function": "bin.model.main",
    "gpus": [
        "NVIDIA GeForce RTX 4090"
    ],
    "config": {
        "seed": 4,
        "batch_size": 32,
        "patience": 16,
        "n_epochs": -1,
        "amp": true,
        "data": {
            "cache": true,
            "path": "data/classif-num-medium-4-phoneme",
            "num_policy": "noisy-quantile"
        },
        "optimizer": {
            "type": "AdamW",
            "lr": 0.00021671466122389157,
            "weight_decay": 9.017429485229767e-06
        },
        "model": {
            "aux_loss_weight": 0.6900571386925769,
            "arch_type": "retransformer",
            "k": 1,
            "context_size": 96,
            "d_main": 105,
            "context_dropout": 0.0,
            "d_multiplier": 2.0,
            "encoder_n_blocks": 1,
            "predictor_n_blocks": 1,
            "mixer_normalization": "auto",
            "dropout0": 0.43392844489120386,
            "dropout1": 0.0,
            "normalization": "LayerNorm",
            "activation": "ReLU",
            "num_embeddings": {
                "type": "PeriodicEmbeddings",
                "n_frequencies": 44,
                "frequency_init_scale": 0.3537958508916443,
                "d_embedding": 37,
                "lite": true
            }
        }
    },
    "n_parameters": 213727,
    "prediction_type": "probs",
    "epoch_size": 70,
    "best_step": 2170,
    "metrics": {
        "train": {
            "0": {
                "precision": 0.9754768392370572,
                "recall": 0.9684400360685302,
                "f1-score": 0.9719457013574662,
                "support": 1109.0
            },
            "1": {
                "precision": 0.968722073279714,
                "recall": 0.9756975697569757,
                "f1-score": 0.9721973094170403,
                "support": 1111.0
            },
            "accuracy": 0.972072072072072,
            "macro avg": {
                "precision": 0.9720994562583856,
                "recall": 0.972068802912753,
                "f1-score": 0.9720715053872533,
                "support": 2220.0
            },
            "weighted avg": {
                "precision": 0.9720964135710174,
                "recall": 0.972072072072072,
                "f1-score": 0.9720716187242168,
                "support": 2220.0
            },
            "cross-entropy": 0.07919687264497666,
            "roc-auc": 0.9962352862878714,
            "score": 0.972072072072072
        },
        "val": {
            "0": {
                "precision": 0.9328859060402684,
                "recall": 0.9328859060402684,
                "f1-score": 0.9328859060402684,
                "support": 149.0
            },
            "1": {
                "precision": 0.9264705882352942,
                "recall": 0.9264705882352942,
                "f1-score": 0.9264705882352942,
                "support": 136.0
            },
            "accuracy": 0.9298245614035088,
            "macro avg": {
                "precision": 0.9296782471377814,
                "recall": 0.9296782471377814,
                "f1-score": 0.9296782471377814,
                "support": 285.0
            },
            "weighted avg": {
                "precision": 0.9298245614035088,
                "recall": 0.9298245614035088,
                "f1-score": 0.9298245614035088,
                "support": 285.0
            },
            "cross-entropy": 0.2898842991366412,
            "roc-auc": 0.9583991314646664,
            "score": 0.9298245614035088
        },
        "test": {
            "0": {
                "precision": 0.8761609907120743,
                "recall": 0.8628048780487805,
                "f1-score": 0.8694316436251921,
                "support": 328.0
            },
            "1": {
                "precision": 0.8691860465116279,
                "recall": 0.8820058997050148,
                "f1-score": 0.8755490483162518,
                "support": 339.0
            },
            "accuracy": 0.8725637181409296,
            "macro avg": {
                "precision": 0.872673518611851,
                "recall": 0.8724053888768977,
                "f1-score": 0.872490345970722,
                "support": 667.0
            },
            "weighted avg": {
                "precision": 0.8726160040794636,
                "recall": 0.8725637181409296,
                "f1-score": 0.8725407893377398,
                "support": 667.0
            },
            "cross-entropy": 0.40553966152130844,
            "roc-auc": 0.9387590833872941,
            "score": 0.8725637181409296
        }
    },
    "time": "0:01:04.999054",
    "chunk_size": null,
    "eval_batch_size": 32768
}