{
    "function": "bin.model.main",
    "gpus": [
        "NVIDIA GeForce RTX 4090"
    ],
    "config": {
        "seed": 13,
        "batch_size": 256,
        "patience": 16,
        "n_epochs": -1,
        "gradient_clipping_norm": 1.0,
        "amp": true,
        "data": {
            "cache": true,
            "path": "data/classif-num-medium-1-bank-marketing",
            "num_policy": "noisy-quantile"
        },
        "optimizer": {
            "type": "AdamW",
            "lr": 0.00012271122330079348,
            "weight_decay": 0.0010675509577013065
        },
        "model": {
            "arch_type": "tabrmv2",
            "sample_rate": 0.15180164210535818,
            "k": 48,
            "backbone": {
                "n_blocks": 1,
                "d_block": 144,
                "dropout": 0.0
            },
            "num_embeddings": {
                "type": "PiecewiseLinearEmbeddingsV2",
                "d_embedding": 12
            }
        },
        "bins": {
            "n_bins": 95
        }
    },
    "n_parameters": 214800,
    "prediction_type": "probs",
    "epoch_size": 29,
    "best_step": 145,
    "metrics": {
        "train": {
            "0": {
                "precision": 0.8197962154294032,
                "recall": 0.7693989071038252,
                "f1-score": 0.7937984496124031,
                "support": 3660.0
            },
            "1": {
                "precision": 0.7873519778281683,
                "recall": 0.8346688034188035,
                "f1-score": 0.8103202385582783,
                "support": 3744.0
            },
            "accuracy": 0.8024041058887088,
            "macro avg": {
                "precision": 0.8035740966287858,
                "recall": 0.8020338552613143,
                "f1-score": 0.8020593440853407,
                "support": 7404.0
            },
            "weighted avg": {
                "precision": 0.8033900531415826,
                "recall": 0.8024041058887088,
                "f1-score": 0.8021530657406252,
                "support": 7404.0
            },
            "cross-entropy": 0.43352501911310287,
            "roc-auc": 0.8806648378753911,
            "score": 0.8024041058887088
        },
        "val": {
            "0": {
                "precision": 0.8627858627858628,
                "recall": 0.8073929961089494,
                "f1-score": 0.8341708542713567,
                "support": 514.0
            },
            "1": {
                "precision": 0.7898089171974523,
                "recall": 0.8493150684931506,
                "f1-score": 0.8184818481848184,
                "support": 438.0
            },
            "accuracy": 0.8266806722689075,
            "macro avg": {
                "precision": 0.8262973899916575,
                "recall": 0.8283540323010501,
                "f1-score": 0.8263263512280876,
                "support": 952.0
            },
            "weighted avg": {
                "precision": 0.829210335298758,
                "recall": 0.8266806722689075,
                "f1-score": 0.8269525930676763,
                "support": 952.0
            },
            "cross-entropy": 0.4221903875665083,
            "roc-auc": 0.8900800419309561,
            "score": 0.8266806722689075
        },
        "test": {
            "0": {
                "precision": 0.795260663507109,
                "recall": 0.7524663677130045,
                "f1-score": 0.7732718894009216,
                "support": 1115.0
            },
            "1": {
                "precision": 0.7634961439588689,
                "recall": 0.8048780487804879,
                "f1-score": 0.7836411609498681,
                "support": 1107.0
            },
            "accuracy": 0.7785778577857786,
            "macro avg": {
                "precision": 0.779378403732989,
                "recall": 0.7786722082467461,
                "f1-score": 0.7784565251753949,
                "support": 2222.0
            },
            "weighted avg": {
                "precision": 0.7794355855863612,
                "recall": 0.7785778577857786,
                "f1-score": 0.7784378586199512,
                "support": 2222.0
            },
            "cross-entropy": 0.4631677319422629,
            "roc-auc": 0.8630464107331657,
            "score": 0.7785778577857786
        }
    },
    "time": "0:00:11.715153",
    "chunk_size": null,
    "eval_batch_size": 32768,
    "heads": [
        14
    ],
    "head_selection_time": "0:00:00.277977"
}