{
    "function": "bin.model.main",
    "gpus": [
        "NVIDIA GeForce RTX 4090"
    ],
    "config": {
        "seed": 11,
        "batch_size": 256,
        "patience": 16,
        "n_epochs": -1,
        "gradient_clipping_norm": 1.0,
        "amp": true,
        "data": {
            "cache": true,
            "path": "data/classif-num-medium-1-MagicTelescope",
            "num_policy": "noisy-quantile"
        },
        "optimizer": {
            "type": "AdamW",
            "lr": 0.00042692720717313153,
            "weight_decay": 0.008812003735372458
        },
        "model": {
            "arch_type": "tabrmv2-mini",
            "sample_rate": 0.17019727930773093,
            "k": 112,
            "backbone": {
                "n_blocks": 1,
                "d_block": 352,
                "dropout": 0.1332710366220756
            },
            "num_embeddings": {
                "type": "PeriodicEmbeddings",
                "n_frequencies": 60,
                "d_embedding": 16,
                "frequency_init_scale": 0.06924871472985532,
                "lite": false
            }
        }
    },
    "n_parameters": 1059640,
    "prediction_type": "probs",
    "epoch_size": 37,
    "best_step": 592,
    "metrics": {
        "train": {
            "0": {
                "precision": 0.8587218649517685,
                "recall": 0.9144018831585705,
                "f1-score": 0.8856876360244585,
                "support": 4673.0
            },
            "1": {
                "precision": 0.9088215181217233,
                "recall": 0.8501066098081024,
                "f1-score": 0.8784840806433843,
                "support": 4690.0
            },
            "accuracy": 0.8821958773897255,
            "macro avg": {
                "precision": 0.883771691536746,
                "recall": 0.8822542464833365,
                "f1-score": 0.8820858583339215,
                "support": 9363.0
            },
            "weighted avg": {
                "precision": 0.8838171734391216,
                "recall": 0.8821958773897255,
                "f1-score": 0.8820793187396955,
                "support": 9363.0
            },
            "cross-entropy": 0.2720741994680252,
            "roc-auc": 0.9519676844294926,
            "score": 0.8821958773897255
        },
        "val": {
            "0": {
                "precision": 0.8609375,
                "recall": 0.884430176565008,
                "f1-score": 0.8725257323832147,
                "support": 623.0
            },
            "1": {
                "precision": 0.872113676731794,
                "recall": 0.846551724137931,
                "f1-score": 0.8591426071741032,
                "support": 580.0
            },
            "accuracy": 0.8661679135494597,
            "macro avg": {
                "precision": 0.866525588365897,
                "recall": 0.8654909503514695,
                "f1-score": 0.8658341697786589,
                "support": 1203.0
            },
            "weighted avg": {
                "precision": 0.8663258478839905,
                "recall": 0.8661679135494597,
                "f1-score": 0.8660733528143996,
                "support": 1203.0
            },
            "cross-entropy": 0.31324293122705155,
            "roc-auc": 0.9374467260751647,
            "score": 0.8661679135494597
        },
        "test": {
            "0": {
                "precision": 0.8449767132401863,
                "recall": 0.9123563218390804,
                "f1-score": 0.8773747841105355,
                "support": 1392.0
            },
            "1": {
                "precision": 0.9066564651874521,
                "recall": 0.8356840620592384,
                "f1-score": 0.8697247706422019,
                "support": 1418.0
            },
            "accuracy": 0.8736654804270463,
            "macro avg": {
                "precision": 0.8758165892138192,
                "recall": 0.8740201919491595,
                "f1-score": 0.8735497773763687,
                "support": 2810.0
            },
            "weighted avg": {
                "precision": 0.8761019403794117,
                "recall": 0.8736654804270463,
                "f1-score": 0.873514385854985,
                "support": 2810.0
            },
            "cross-entropy": 0.29253726964998966,
            "roc-auc": 0.9459438783781593,
            "score": 0.8736654804270463
        }
    },
    "time": "0:00:23.109721",
    "chunk_size": null,
    "eval_batch_size": 32768
}