{
    "function": "bin.model.main",
    "gpus": [
        "NVIDIA GeForce RTX 4090"
    ],
    "config": {
        "seed": 7,
        "batch_size": 32,
        "patience": 16,
        "n_epochs": -1,
        "amp": true,
        "data": {
            "cache": true,
            "path": "data/classif-num-medium-0-wine",
            "num_policy": "noisy-quantile"
        },
        "optimizer": {
            "type": "AdamW",
            "lr": 0.00010734213293199332,
            "weight_decay": 6.903587255582053e-05
        },
        "model": {
            "arch_type": "tabr",
            "k": 1,
            "context_size": 96,
            "share_training_batches": false,
            "d_main": 133,
            "context_dropout": 0.0,
            "d_multiplier": 2.0,
            "encoder_n_blocks": 1,
            "predictor_n_blocks": 1,
            "mixer_normalization": "auto",
            "dropout0": 0.0,
            "dropout1": 0.0,
            "normalization": "LayerNorm",
            "activation": "ReLU",
            "num_embeddings": {
                "type": "PeriodicEmbeddings",
                "n_frequencies": 70,
                "frequency_init_scale": 0.02248298689986613,
                "d_embedding": 36,
                "lite": true
            }
        }
    },
    "n_parameters": 291133,
    "prediction_type": "probs",
    "epoch_size": 56,
    "best_step": 2016,
    "metrics": {
        "train": {
            "0": {
                "precision": 0.8601485148514851,
                "recall": 0.7756696428571429,
                "f1-score": 0.8157276995305165,
                "support": 896.0
            },
            "1": {
                "precision": 0.7946884576098059,
                "recall": 0.8731762065095399,
                "f1-score": 0.8320855614973263,
                "support": 891.0
            },
            "accuracy": 0.8242865137101287,
            "macro avg": {
                "precision": 0.8274184862306455,
                "recall": 0.8244229246833414,
                "f1-score": 0.8239066305139213,
                "support": 1787.0
            },
            "weighted avg": {
                "precision": 0.8275100643745202,
                "recall": 0.8242865137101287,
                "f1-score": 0.8238837459840295,
                "support": 1787.0
            },
            "cross-entropy": 0.38252384655730043,
            "roc-auc": 0.9063433191037358,
            "score": 0.8242865137101287
        },
        "val": {
            "0": {
                "precision": 0.8363636363636363,
                "recall": 0.8440366972477065,
                "f1-score": 0.8401826484018265,
                "support": 109.0
            },
            "1": {
                "precision": 0.8583333333333333,
                "recall": 0.8512396694214877,
                "f1-score": 0.8547717842323651,
                "support": 121.0
            },
            "accuracy": 0.8478260869565217,
            "macro avg": {
                "precision": 0.8473484848484848,
                "recall": 0.8476381833345971,
                "f1-score": 0.8474772163170958,
                "support": 230.0
            },
            "weighted avg": {
                "precision": 0.847921607378129,
                "recall": 0.8478260869565217,
                "f1-score": 0.8478578024691968,
                "support": 230.0
            },
            "cross-entropy": 0.40459921252037057,
            "roc-auc": 0.9116309045416635,
            "score": 0.8478260869565217
        },
        "test": {
            "0": {
                "precision": 0.8298755186721992,
                "recall": 0.7352941176470589,
                "f1-score": 0.7797270955165692,
                "support": 272.0
            },
            "1": {
                "precision": 0.7567567567567568,
                "recall": 0.8452830188679246,
                "f1-score": 0.7985739750445634,
                "support": 265.0
            },
            "accuracy": 0.7895716945996276,
            "macro avg": {
                "precision": 0.793316137714478,
                "recall": 0.7902885682574917,
                "f1-score": 0.7891505352805663,
                "support": 537.0
            },
            "weighted avg": {
                "precision": 0.7937927032018226,
                "recall": 0.7895716945996276,
                "f1-score": 0.78902769714584,
                "support": 537.0
            },
            "cross-entropy": 0.48354738732700203,
            "roc-auc": 0.8673557158712543,
            "score": 0.7895716945996276
        }
    },
    "time": "0:00:42.255555",
    "chunk_size": null,
    "eval_batch_size": 32768
}