{
    "function": "bin.model.main",
    "gpus": [
        "NVIDIA GeForce RTX 4090"
    ],
    "config": {
        "seed": 3,
        "batch_size": 256,
        "patience": 16,
        "n_epochs": -1,
        "gradient_clipping_norm": 1.0,
        "amp": true,
        "data": {
            "cache": true,
            "path": "data/adult",
            "num_policy": "noisy-quantile",
            "cat_policy": "ordinal"
        },
        "optimizer": {
            "type": "AdamW",
            "lr": 5.673615291612606e-05,
            "weight_decay": 0.00922319812959249
        },
        "model": {
            "arch_type": "tabrmv3",
            "sample_rate": 0.26493727876539597,
            "k": 4,
            "backbone": {
                "embed_type": "tabr",
                "ensemble_type": "shared-resnet",
                "context_shuffle": false,
                "context_size": 256,
                "encoder_n_blocks": 0,
                "n_blocks": 2,
                "d_block": 416,
                "dropout": 0.0
            },
            "num_embeddings": {
                "type": "PeriodicEmbeddings",
                "n_frequencies": 96,
                "d_embedding": 28,
                "frequency_init_scale": 9.84044520953713,
                "lite": false
            }
        }
    },
    "n_parameters": 1191984,
    "prediction_type": "probs",
    "epoch_size": 102,
    "best_step": 2448,
    "metrics": {
        "train": {
            "0": {
                "precision": 0.9011733282457312,
                "recall": 0.955448798988622,
                "f1-score": 0.9275177339780566,
                "support": 19775.0
            },
            "1": {
                "precision": 0.8266430539157812,
                "recall": 0.6696955204846166,
                "f1-score": 0.7399383531483928,
                "support": 6273.0
            },
            "accuracy": 0.886632371007371,
            "macro avg": {
                "precision": 0.8639081910807562,
                "recall": 0.8125721597366193,
                "f1-score": 0.8337280435632247,
                "support": 26048.0
            },
            "weighted avg": {
                "precision": 0.8832246023983811,
                "recall": 0.886632371007371,
                "f1-score": 0.8823439987222027,
                "support": 26048.0
            },
            "cross-entropy": 0.253066973191049,
            "roc-auc": 0.9433167450734521,
            "score": 0.886632371007371
        },
        "val": {
            "0": {
                "precision": 0.8844840667678301,
                "recall": 0.9429726996966633,
                "f1-score": 0.9127924048155036,
                "support": 4945.0
            },
            "1": {
                "precision": 0.7727639000805802,
                "recall": 0.6116071428571429,
                "f1-score": 0.682805268778925,
                "support": 1568.0
            },
            "accuracy": 0.863196683555965,
            "macro avg": {
                "precision": 0.8286239834242051,
                "recall": 0.7772899212769031,
                "f1-score": 0.7977988367972143,
                "support": 6513.0
            },
            "weighted avg": {
                "precision": 0.8575875181165775,
                "recall": 0.863196683555965,
                "f1-score": 0.8574231695467556,
                "support": 6513.0
            },
            "cross-entropy": 0.2978099613574604,
            "roc-auc": 0.9174084573161925,
            "score": 0.863196683555965
        },
        "test": {
            "0": {
                "precision": 0.888383033614083,
                "recall": 0.9415359871330921,
                "f1-score": 0.9141875536815804,
                "support": 12435.0
            },
            "1": {
                "precision": 0.7656350741457124,
                "recall": 0.6175247009880396,
                "f1-score": 0.6836499712147381,
                "support": 3846.0
            },
            "accuracy": 0.8649960076162397,
            "macro avg": {
                "precision": 0.8270090538798978,
                "recall": 0.7795303440605659,
                "f1-score": 0.7989187624481593,
                "support": 16281.0
            },
            "weighted avg": {
                "precision": 0.8593867402589234,
                "recall": 0.8649960076162397,
                "f1-score": 0.8597285190911085,
                "support": 16281.0
            },
            "cross-entropy": 0.2950336608764553,
            "roc-auc": 0.9166480467019243,
            "score": 0.8649960076162397
        }
    },
    "time": "0:01:32.039798",
    "chunk_size": null,
    "eval_batch_size": 8192,
    "heads": [
        0
    ],
    "head_selection_time": "0:00:00.071715"
}