{
    "function": "bin.model.main",
    "gpus": [
        "NVIDIA GeForce RTX 4090"
    ],
    "config": {
        "seed": 6,
        "batch_size": 256,
        "patience": 16,
        "n_epochs": -1,
        "gradient_clipping_norm": 1.0,
        "amp": true,
        "data": {
            "cache": true,
            "path": "data/classif-num-medium-0-credit",
            "num_policy": "noisy-quantile"
        },
        "optimizer": {
            "type": "AdamW",
            "lr": 5.9928482743153055e-05,
            "weight_decay": 0.015883751145899922
        },
        "model": {
            "arch_type": "tabrmv2-mini",
            "sample_rate": 0.150009542165448,
            "k": 80,
            "backbone": {
                "n_blocks": 3,
                "d_block": 416,
                "dropout": 0.47056043501631023
            },
            "num_embeddings": {
                "type": "PeriodicEmbeddings",
                "n_frequencies": 88,
                "d_embedding": 32,
                "frequency_init_scale": 0.017733431247573983,
                "lite": false
            }
        }
    },
    "n_parameters": 2818672,
    "prediction_type": "probs",
    "epoch_size": 40,
    "best_step": 880,
    "metrics": {
        "train": {
            "0": {
                "precision": 0.7891968440218491,
                "recall": 0.7752384737678856,
                "f1-score": 0.782155388471178,
                "support": 5032.0
            },
            "1": {
                "precision": 0.7763496143958869,
                "recall": 0.7902576489533011,
                "f1-score": 0.7832418952618454,
                "support": 4968.0
            },
            "accuracy": 0.7827,
            "macro avg": {
                "precision": 0.782773229208868,
                "recall": 0.7827480613605933,
                "f1-score": 0.7826986418665117,
                "support": 10000.0
            },
            "weighted avg": {
                "precision": 0.782814340343671,
                "recall": 0.7827,
                "f1-score": 0.7826951650447816,
                "support": 10000.0
            },
            "cross-entropy": 0.4598189270910245,
            "roc-auc": 0.8648954461174729,
            "score": 0.7827
        },
        "val": {
            "0": {
                "precision": 0.799184505606524,
                "recall": 0.7903225806451613,
                "f1-score": 0.794728839330968,
                "support": 992.0
            },
            "1": {
                "precision": 0.7986447241045499,
                "recall": 0.8072407045009785,
                "f1-score": 0.8029197080291971,
                "support": 1022.0
            },
            "accuracy": 0.7989076464746773,
            "macro avg": {
                "precision": 0.7989146148555369,
                "recall": 0.7987816425730698,
                "f1-score": 0.7988242736800826,
                "support": 2014.0
            },
            "weighted avg": {
                "precision": 0.7989105946358103,
                "recall": 0.7989076464746773,
                "f1-score": 0.7988852781639324,
                "support": 2014.0
            },
            "cross-entropy": 0.4624683836739897,
            "roc-auc": 0.8639033994066032,
            "score": 0.7989076464746773
        },
        "test": {
            "0": {
                "precision": 0.7666523420713365,
                "recall": 0.7646806686669524,
                "f1-score": 0.7656652360515022,
                "support": 2333.0
            },
            "1": {
                "precision": 0.7686472819216182,
                "recall": 0.770595690747782,
                "f1-score": 0.769620253164557,
                "support": 2367.0
            },
            "accuracy": 0.7676595744680851,
            "macro avg": {
                "precision": 0.7676498119964774,
                "recall": 0.7676381797073673,
                "f1-score": 0.7676427446080296,
                "support": 4700.0
            },
            "weighted avg": {
                "precision": 0.7676570277363614,
                "recall": 0.7676595744680851,
                "f1-score": 0.7676570499890768,
                "support": 4700.0
            },
            "cross-entropy": 0.48278067136803615,
            "roc-auc": 0.8513705832681875,
            "score": 0.7676595744680851
        }
    },
    "time": "0:00:32.540370",
    "chunk_size": null,
    "eval_batch_size": 32768,
    "heads": [
        39,
        14,
        18
    ],
    "head_selection_time": "0:00:02.045985"
}