{
    "function": "bin.model.main",
    "gpus": [
        "NVIDIA GeForce RTX 4090"
    ],
    "config": {
        "seed": 3,
        "batch_size": 256,
        "patience": 16,
        "n_epochs": -1,
        "gradient_clipping_norm": 1.0,
        "amp": true,
        "data": {
            "cache": true,
            "path": "data/classif-num-medium-0-credit",
            "num_policy": "noisy-quantile"
        },
        "optimizer": {
            "type": "AdamW",
            "lr": 0.0009165001336517442,
            "weight_decay": 0.0006037167522902029
        },
        "model": {
            "arch_type": "taba",
            "k": 128,
            "share_training_batches": false,
            "backbone": {
                "type": "MLP",
                "n_blocks": 7,
                "d_block": 320,
                "dropout": 0.0
            },
            "num_embeddings": {
                "type": "PiecewiseLinearEmbeddingsV2",
                "d_embedding": 16
            }
        },
        "bins": {
            "n_bins": 6
        }
    },
    "n_parameters": 687456,
    "prediction_type": "probs",
    "epoch_size": 40,
    "best_step": 600,
    "metrics": {
        "train": {
            "0": {
                "precision": 0.7794204612655233,
                "recall": 0.7857710651828299,
                "f1-score": 0.7825828797624937,
                "support": 5032.0
            },
            "1": {
                "precision": 0.7812056017860767,
                "recall": 0.7747584541062802,
                "f1-score": 0.7779686710459829,
                "support": 4968.0
            },
            "accuracy": 0.7803,
            "macro avg": {
                "precision": 0.7803130315258,
                "recall": 0.7802647596445551,
                "f1-score": 0.7802757754042383,
                "support": 10000.0
            },
            "weighted avg": {
                "precision": 0.7803073190761343,
                "recall": 0.7803,
                "f1-score": 0.7802905408721311,
                "support": 10000.0
            },
            "cross-entropy": 0.4668300604593272,
            "roc-auc": 0.8599609039986278,
            "score": 0.7803
        },
        "val": {
            "0": {
                "precision": 0.7936507936507936,
                "recall": 0.8064516129032258,
                "f1-score": 0.7999999999999999,
                "support": 992.0
            },
            "1": {
                "precision": 0.8091451292246521,
                "recall": 0.7964774951076321,
                "f1-score": 0.8027613412228797,
                "support": 1022.0
            },
            "accuracy": 0.8013902681231381,
            "macro avg": {
                "precision": 0.8013979614377229,
                "recall": 0.8014645540054289,
                "f1-score": 0.8013806706114398,
                "support": 2014.0
            },
            "weighted avg": {
                "precision": 0.8015133611564954,
                "recall": 0.8013902681231381,
                "f1-score": 0.801401236707936,
                "support": 2014.0
            },
            "cross-entropy": 0.4625446478852685,
            "roc-auc": 0.8631202259958335,
            "score": 0.8013902681231381
        },
        "test": {
            "0": {
                "precision": 0.7625628140703518,
                "recall": 0.7805400771538791,
                "f1-score": 0.7714467273882651,
                "support": 2333.0
            },
            "1": {
                "precision": 0.7785467128027682,
                "recall": 0.7604562737642585,
                "f1-score": 0.7693951699081,
                "support": 2367.0
            },
            "accuracy": 0.7704255319148936,
            "macro avg": {
                "precision": 0.7705547634365599,
                "recall": 0.7704981754590687,
                "f1-score": 0.7704209486481826,
                "support": 4700.0
            },
            "weighted avg": {
                "precision": 0.7706125775383581,
                "recall": 0.7704255319148935,
                "f1-score": 0.7704135281211266,
                "support": 4700.0
            },
            "cross-entropy": 0.48125017237233536,
            "roc-auc": 0.8509437614752497,
            "score": 0.7704255319148936
        }
    },
    "time": "0:00:16.699984",
    "chunk_size": null,
    "eval_batch_size": 32768,
    "heads": [
        9,
        43,
        11,
        15
    ],
    "head_selection_time": "0:00:04.082808"
}