{
    "function": "bin.model.main",
    "gpus": [
        "NVIDIA GeForce RTX 4090"
    ],
    "config": {
        "seed": 0,
        "batch_size": 256,
        "patience": 16,
        "n_epochs": -1,
        "gradient_clipping_norm": 1.0,
        "amp": true,
        "data": {
            "cache": true,
            "path": "data/classif-num-medium-0-MagicTelescope",
            "num_policy": "noisy-quantile"
        },
        "optimizer": {
            "type": "AdamW",
            "lr": 0.0029329472144574245,
            "weight_decay": 0.000677011444203145
        },
        "model": {
            "arch_type": "tabm-mini",
            "k": 32,
            "share_training_batches": false,
            "backbone": {
                "type": "MLP",
                "n_blocks": 4,
                "d_block": 144,
                "dropout": 0.0
            },
            "num_embeddings": {
                "type": "PiecewiseLinearEmbeddingsV2",
                "d_embedding": 32
            }
        },
        "bins": {
            "n_bins": 7
        }
    },
    "n_parameters": 130944,
    "prediction_type": "probs",
    "epoch_size": 37,
    "best_step": 2072,
    "metrics": {
        "train": {
            "0": {
                "precision": 0.9284820683903253,
                "recall": 0.9446330080610946,
                "f1-score": 0.9364879074658254,
                "support": 4714.0
            },
            "1": {
                "precision": 0.9428508867965842,
                "recall": 0.9262206926220693,
                "f1-score": 0.9344618055555557,
                "support": 4649.0
            },
            "accuracy": 0.9354907615080637,
            "macro avg": {
                "precision": 0.9356664775934548,
                "recall": 0.9354268503415819,
                "f1-score": 0.9354748565106905,
                "support": 9363.0
            },
            "weighted avg": {
                "precision": 0.935616601848693,
                "recall": 0.9354907615080637,
                "f1-score": 0.9354818893326584,
                "support": 9363.0
            },
            "cross-entropy": 0.17699821448822245,
            "roc-auc": 0.9856921981661652,
            "score": 0.9354907615080637
        },
        "val": {
            "0": {
                "precision": 0.8687707641196013,
                "recall": 0.9001721170395869,
                "f1-score": 0.8841927303465764,
                "support": 581.0
            },
            "1": {
                "precision": 0.9034941763727121,
                "recall": 0.8729903536977492,
                "f1-score": 0.8879803761242846,
                "support": 622.0
            },
            "accuracy": 0.8861180382377389,
            "macro avg": {
                "precision": 0.8861324702461567,
                "recall": 0.8865812353686681,
                "f1-score": 0.8860865532354305,
                "support": 1203.0
            },
            "weighted avg": {
                "precision": 0.8867241825912846,
                "recall": 0.8861180382377389,
                "f1-score": 0.8861510974901627,
                "support": 1203.0
            },
            "cross-entropy": 0.3094148942753893,
            "roc-auc": 0.939224975233963,
            "score": 0.8861180382377389
        },
        "test": {
            "0": {
                "precision": 0.8316970546984572,
                "recall": 0.8513998564249821,
                "f1-score": 0.8414331323164242,
                "support": 1393.0
            },
            "1": {
                "precision": 0.8504335260115607,
                "recall": 0.8306280875088214,
                "f1-score": 0.8404141378079257,
                "support": 1417.0
            },
            "accuracy": 0.8409252669039146,
            "macro avg": {
                "precision": 0.841065290355009,
                "recall": 0.8410139719669018,
                "f1-score": 0.8409236350621749,
                "support": 2810.0
            },
            "weighted avg": {
                "precision": 0.8411453037556342,
                "recall": 0.8409252669039146,
                "f1-score": 0.8409192834842028,
                "support": 2810.0
            },
            "cross-entropy": 0.3501067404550318,
            "roc-auc": 0.9256480000567411,
            "score": 0.8409252669039146
        }
    },
    "time": "0:00:26.056769",
    "chunk_size": null,
    "eval_batch_size": 32768,
    "heads": [
        5,
        28,
        2,
        1,
        8,
        11,
        17,
        26
    ],
    "head_selection_time": "0:00:01.699299"
}