{
    "function": "bin.ensemble.main",
    "config": {
        "seeds": [
            10,
            11,
            12,
            13,
            14
        ],
        "data": {
            "path": "data/ecom-offers"
        }
    },
    "single_model_function": "bin.qreformer.main",
    "prediction_type": "probs",
    "metrics": {
        "train": {
            "0": {
                "precision": 0.7779930692700376,
                "recall": 0.9921239263949441,
                "f1-score": 0.8721068047847039,
                "support": 84179.0
            },
            "1": {
                "precision": 0.6673356748620171,
                "recall": 0.05285748350687545,
                "f1-score": 0.09795617749953967,
                "support": 25162.0
            },
            "accuracy": 0.77597607484841,
            "macro avg": {
                "precision": 0.7226643720660273,
                "recall": 0.5224907049509098,
                "f1-score": 0.4850314911421218,
                "support": 109341.0
            },
            "weighted avg": {
                "precision": 0.7525281351822334,
                "recall": 0.77597607484841,
                "f1-score": 0.6939560828803012,
                "support": 109341.0
            },
            "cross-entropy": 0.5218686613176408,
            "roc-auc": 0.6391033473575556,
            "score": 0.6391033473575556
        },
        "val": {
            "0": {
                "precision": 0.6799864708156166,
                "recall": 0.9068823301971903,
                "f1-score": 0.7772132324515381,
                "support": 15518.0
            },
            "1": {
                "precision": 0.5946704067321178,
                "recall": 0.2424796980441496,
                "f1-score": 0.3444913877153071,
                "support": 8743.0
            },
            "accuracy": 0.667449816578047,
            "macro avg": {
                "precision": 0.6373284387738671,
                "recall": 0.57468101412067,
                "f1-score": 0.5608523100834226,
                "support": 24261.0
            },
            "weighted avg": {
                "precision": 0.6492408977443487,
                "recall": 0.667449816578047,
                "f1-score": 0.6212721299195374,
                "support": 24261.0
            },
            "cross-entropy": 0.638213383922372,
            "roc-auc": 0.6289437161645433,
            "score": 0.6289437161645433
        },
        "test": {
            "0": {
                "precision": 0.6626441071576677,
                "recall": 0.9442737265098688,
                "f1-score": 0.7787796081489424,
                "support": 16922.0
            },
            "1": {
                "precision": 0.5971806920119607,
                "recall": 0.14664848421273471,
                "f1-score": 0.2354724608388075,
                "support": 9533.0
            },
            "accuracy": 0.6568512568512569,
            "macro avg": {
                "precision": 0.6299123995848142,
                "recall": 0.5454611053613018,
                "f1-score": 0.5071260344938749,
                "support": 26455.0
            },
            "weighted avg": {
                "precision": 0.6390545121251966,
                "recall": 0.6568512568512569,
                "f1-score": 0.5830000944348046,
                "support": 26455.0
            },
            "cross-entropy": 0.6636573487041157,
            "roc-auc": 0.5918236911367529,
            "score": 0.5918236911367529
        }
    }
}