{
    "function": "bin.model.main",
    "gpus": [
        "NVIDIA GeForce RTX 4090"
    ],
    "config": {
        "seed": 11,
        "batch_size": 32,
        "patience": 16,
        "n_epochs": -1,
        "gradient_clipping_norm": 1.0,
        "amp": true,
        "data": {
            "cache": true,
            "path": "data/classif-num-medium-0-wine",
            "num_policy": "noisy-quantile"
        },
        "optimizer": {
            "type": "AdamW",
            "lr": 0.0028696454418523478,
            "weight_decay": 0.021862750667354606
        },
        "model": {
            "arch_type": "tabpln-mini",
            "k": 32,
            "share_training_batches": false,
            "backbone": {
                "type": "MLP",
                "n_blocks": 3,
                "d_block": 480,
                "dropout": 0.031225289336164364
            },
            "num_embeddings": {
                "type": "PiecewiseLinearEmbeddingsV2",
                "d_embedding": 16
            }
        },
        "bins": {
            "n_bins": 3
        }
    },
    "n_parameters": 589472,
    "prediction_type": "probs",
    "epoch_size": 56,
    "best_step": 1792,
    "metrics": {
        "train": {
            "0": {
                "precision": 0.9988839285714286,
                "recall": 0.9988839285714286,
                "f1-score": 0.9988839285714286,
                "support": 896.0
            },
            "1": {
                "precision": 0.9988776655443322,
                "recall": 0.9988776655443322,
                "f1-score": 0.9988776655443322,
                "support": 891.0
            },
            "accuracy": 0.9988808058198098,
            "macro avg": {
                "precision": 0.9988807970578804,
                "recall": 0.9988807970578804,
                "f1-score": 0.9988807970578804,
                "support": 1787.0
            },
            "weighted avg": {
                "precision": 0.9988808058198098,
                "recall": 0.9988808058198098,
                "f1-score": 0.9988808058198098,
                "support": 1787.0
            },
            "cross-entropy": 0.06583765668618025,
            "roc-auc": 0.9999962421837422,
            "score": 0.9988808058198098
        },
        "val": {
            "0": {
                "precision": 0.8407079646017699,
                "recall": 0.8715596330275229,
                "f1-score": 0.8558558558558558,
                "support": 109.0
            },
            "1": {
                "precision": 0.8803418803418803,
                "recall": 0.8512396694214877,
                "f1-score": 0.865546218487395,
                "support": 121.0
            },
            "accuracy": 0.8608695652173913,
            "macro avg": {
                "precision": 0.8605249224718251,
                "recall": 0.8613996512245052,
                "f1-score": 0.8607010371716254,
                "support": 230.0
            },
            "weighted avg": {
                "precision": 0.8615588507085237,
                "recall": 0.8608695652173913,
                "f1-score": 0.8609538292402743,
                "support": 230.0
            },
            "cross-entropy": 0.3509202365278872,
            "roc-auc": 0.9332019106831451,
            "score": 0.8608695652173913
        },
        "test": {
            "0": {
                "precision": 0.8252032520325203,
                "recall": 0.7463235294117647,
                "f1-score": 0.7837837837837838,
                "support": 272.0
            },
            "1": {
                "precision": 0.7628865979381443,
                "recall": 0.8377358490566038,
                "f1-score": 0.7985611510791367,
                "support": 265.0
            },
            "accuracy": 0.7914338919925512,
            "macro avg": {
                "precision": 0.7940449249853323,
                "recall": 0.7920296892341843,
                "f1-score": 0.7911724674314602,
                "support": 537.0
            },
            "weighted avg": {
                "precision": 0.7944510856730983,
                "recall": 0.7914338919925512,
                "f1-score": 0.7910761531194794,
                "support": 537.0
            },
            "cross-entropy": 0.4789191700616295,
            "roc-auc": 0.8741953385127637,
            "score": 0.7914338919925512
        }
    },
    "time": "0:00:09.140976",
    "chunk_size": null,
    "eval_batch_size": 32768
}