{
    "function": "bin.model.main",
    "gpus": [
        "NVIDIA GeForce RTX 4090"
    ],
    "config": {
        "seed": 2,
        "batch_size": 256,
        "patience": 16,
        "n_epochs": -1,
        "gradient_clipping_norm": 1.0,
        "amp": true,
        "data": {
            "cache": true,
            "path": "data/churn",
            "num_policy": "noisy-quantile",
            "cat_policy": "ordinal"
        },
        "optimizer": {
            "type": "AdamW",
            "lr": 3.8062137596534755e-05,
            "weight_decay": 0.0
        },
        "model": {
            "arch_type": "tabrmv3",
            "sample_rate": 0.42995721151708016,
            "k": 4,
            "backbone": {
                "embed_type": "tabr",
                "ensemble_type": "moe",
                "context_shuffle": false,
                "context_size": 256,
                "encoder_n_blocks": 0,
                "num_experts": 8,
                "moe_ratio": 1.0,
                "n_blocks": 1,
                "d_block": 992,
                "dropout": 0.0
            },
            "num_embeddings": {
                "type": "PeriodicEmbeddings",
                "n_frequencies": 64,
                "d_embedding": 20,
                "frequency_init_scale": 0.15339539344177444,
                "lite": false
            }
        }
    },
    "n_parameters": 17915196,
    "prediction_type": "probs",
    "epoch_size": 25,
    "best_step": 675,
    "metrics": {
        "train": {
            "0": {
                "precision": 0.8772864500088794,
                "recall": 0.9693877551020408,
                "f1-score": 0.9210403654330194,
                "support": 5096.0
            },
            "1": {
                "precision": 0.7971391417425228,
                "recall": 0.4700920245398773,
                "f1-score": 0.5914134105161601,
                "support": 1304.0
            },
            "accuracy": 0.86765625,
            "macro avg": {
                "precision": 0.8372127958757011,
                "recall": 0.719739889820959,
                "f1-score": 0.7562268879745897,
                "support": 6400.0
            },
            "weighted avg": {
                "precision": 0.8609564359496091,
                "recall": 0.86765625,
                "f1-score": 0.8538788733687093,
                "support": 6400.0
            },
            "cross-entropy": 0.3298348687077261,
            "roc-auc": 0.8734545198447478,
            "score": 0.86765625
        },
        "val": {
            "0": {
                "precision": 0.8784452296819788,
                "recall": 0.9756671899529042,
                "f1-score": 0.9245072517664559,
                "support": 1274.0
            },
            "1": {
                "precision": 0.8324324324324325,
                "recall": 0.4723926380368098,
                "f1-score": 0.6027397260273972,
                "support": 326.0
            },
            "accuracy": 0.873125,
            "macro avg": {
                "precision": 0.8554388310572056,
                "recall": 0.724029913994857,
                "f1-score": 0.7636234888969265,
                "support": 1600.0
            },
            "weighted avg": {
                "precision": 0.8690701222423837,
                "recall": 0.873125,
                "f1-score": 0.8589471183971227,
                "support": 1600.0
            },
            "cross-entropy": 0.34366329850627025,
            "roc-auc": 0.8557174639558514,
            "score": 0.873125
        },
        "test": {
            "0": {
                "precision": 0.8679458239277652,
                "recall": 0.965473948524796,
                "f1-score": 0.9141158989598811,
                "support": 1593.0
            },
            "1": {
                "precision": 0.7587719298245614,
                "recall": 0.4250614250614251,
                "f1-score": 0.5448818897637796,
                "support": 407.0
            },
            "accuracy": 0.8555,
            "macro avg": {
                "precision": 0.8133588768761633,
                "recall": 0.6952676867931105,
                "f1-score": 0.7294988943618304,
                "support": 2000.0
            },
            "weighted avg": {
                "precision": 0.8457289364777633,
                "recall": 0.8555,
                "f1-score": 0.8389767780884745,
                "support": 2000.0
            },
            "cross-entropy": 0.35072527154605226,
            "roc-auc": 0.848939848939849,
            "score": 0.8555
        }
    },
    "time": "0:00:45.551561",
    "chunk_size": null,
    "eval_batch_size": 32768
}