{
    "function": "bin.ensemble.main",
    "config": {
        "seeds": [
            0,
            1,
            2,
            3,
            4
        ],
        "data": {
            "path": "data/ecom-offers"
        }
    },
    "single_model_function": "bin.qreformer.main",
    "prediction_type": "probs",
    "metrics": {
        "train": {
            "0": {
                "precision": 0.7771832032701598,
                "recall": 0.9937870490264793,
                "f1-score": 0.8722389335780085,
                "support": 84179.0
            },
            "1": {
                "precision": 0.6925338036449148,
                "recall": 0.04681662824894683,
                "f1-score": 0.08770427725868296,
                "support": 25162.0
            },
            "accuracy": 0.7758663264466211,
            "macro avg": {
                "precision": 0.7348585034575372,
                "recall": 0.5203018386377131,
                "f1-score": 0.4799716054183457,
                "support": 109341.0
            },
            "weighted avg": {
                "precision": 0.7577033357605301,
                "recall": 0.7758663264466211,
                "f1-score": 0.6916985962634891,
                "support": 109341.0
            },
            "cross-entropy": 0.502672283729687,
            "roc-auc": 0.6968852484636179,
            "score": 0.6968852484636179
        },
        "val": {
            "0": {
                "precision": 0.6675304946159689,
                "recall": 0.9627529320788761,
                "f1-score": 0.7884113037283306,
                "support": 15518.0
            },
            "1": {
                "precision": 0.6925531914893617,
                "recall": 0.1489191353082466,
                "f1-score": 0.24512849477548715,
                "support": 8743.0
            },
            "accuracy": 0.6694695189810808,
            "macro avg": {
                "precision": 0.6800418430526654,
                "recall": 0.5558360336935614,
                "f1-score": 0.5167698992519089,
                "support": 24261.0
            },
            "weighted avg": {
                "precision": 0.6765479893096779,
                "recall": 0.6694695189810808,
                "f1-score": 0.5926270574617006,
                "support": 24261.0
            },
            "cross-entropy": 0.6512916167943389,
            "roc-auc": 0.6169610517644687,
            "score": 0.6169610517644687
        },
        "test": {
            "0": {
                "precision": 0.6536548784338491,
                "recall": 0.9786668242524524,
                "f1-score": 0.7838042500828246,
                "support": 16922.0
            },
            "1": {
                "precision": 0.677390527256479,
                "recall": 0.07951326969474456,
                "f1-score": 0.1423206909500563,
                "support": 9533.0
            },
            "accuracy": 0.6546588546588546,
            "macro avg": {
                "precision": 0.665522702845164,
                "recall": 0.5290900469735985,
                "f1-score": 0.46306247051644045,
                "support": 26455.0
            },
            "weighted avg": {
                "precision": 0.6622079663274847,
                "recall": 0.6546588546588546,
                "f1-score": 0.5526470862494215,
                "support": 26455.0
            },
            "cross-entropy": 0.6932934229565729,
            "roc-auc": 0.5804045311261041,
            "score": 0.5804045311261041
        }
    }
}