{
    "function": "bin.model.main",
    "gpus": [
        "NVIDIA GeForce RTX 4090"
    ],
    "config": {
        "seed": 4,
        "batch_size": 256,
        "patience": 16,
        "n_epochs": -1,
        "gradient_clipping_norm": 1.0,
        "amp": true,
        "data": {
            "cache": true,
            "path": "data/churn",
            "num_policy": "noisy-quantile",
            "cat_policy": "ordinal"
        },
        "optimizer": {
            "type": "AdamW",
            "lr": 0.0002398247474939344,
            "weight_decay": 0.0
        },
        "model": {
            "arch_type": "tabrmv3",
            "sample_rate": 0.4838576704104539,
            "k": 4,
            "backbone": {
                "embed_type": "tabr",
                "ensemble_type": "mini-resnet",
                "context_shuffle": true,
                "context_size": 128,
                "encoder_n_blocks": 0,
                "n_blocks": 2,
                "d_block": 352,
                "dropout": 0.0
            },
            "num_embeddings": {
                "type": "PeriodicEmbeddings",
                "n_frequencies": 88,
                "d_embedding": 28,
                "frequency_init_scale": 0.42340666905319957,
                "lite": false
            }
        }
    },
    "n_parameters": 859348,
    "prediction_type": "probs",
    "epoch_size": 25,
    "best_step": 225,
    "metrics": {
        "train": {
            "0": {
                "precision": 0.8798283261802575,
                "recall": 0.9654631083202512,
                "f1-score": 0.9206586826347306,
                "support": 5096.0
            },
            "1": {
                "precision": 0.7821782178217822,
                "recall": 0.48466257668711654,
                "f1-score": 0.5984848484848484,
                "support": 1304.0
            },
            "accuracy": 0.8675,
            "macro avg": {
                "precision": 0.8310032720010199,
                "recall": 0.7250628425036838,
                "f1-score": 0.7595717655597896,
                "support": 6400.0
            },
            "weighted avg": {
                "precision": 0.8599321166022181,
                "recall": 0.8675,
                "f1-score": 0.8550157639266921,
                "support": 6400.0
            },
            "cross-entropy": 0.3267106227877437,
            "roc-auc": 0.8770215392079438,
            "score": 0.8675
        },
        "val": {
            "0": {
                "precision": 0.8819742489270386,
                "recall": 0.9678178963893249,
                "f1-score": 0.9229041916167664,
                "support": 1274.0
            },
            "1": {
                "precision": 0.7970297029702971,
                "recall": 0.4938650306748466,
                "f1-score": 0.6098484848484849,
                "support": 326.0
            },
            "accuracy": 0.87125,
            "macro avg": {
                "precision": 0.8395019759486678,
                "recall": 0.7308414635320858,
                "f1-score": 0.7663763382326256,
                "support": 1600.0
            },
            "weighted avg": {
                "precision": 0.8646667976883525,
                "recall": 0.87125,
                "f1-score": 0.859119091362729,
                "support": 1600.0
            },
            "cross-entropy": 0.34030201485041245,
            "roc-auc": 0.8593339176161262,
            "score": 0.87125
        },
        "test": {
            "0": {
                "precision": 0.869343891402715,
                "recall": 0.9648462021343377,
                "f1-score": 0.9146087473966081,
                "support": 1593.0
            },
            "1": {
                "precision": 0.7586206896551724,
                "recall": 0.43243243243243246,
                "f1-score": 0.5508607198748044,
                "support": 407.0
            },
            "accuracy": 0.8565,
            "macro avg": {
                "precision": 0.8139822905289437,
                "recall": 0.6986393172833851,
                "f1-score": 0.7327347336357063,
                "support": 2000.0
            },
            "weighted avg": {
                "precision": 0.84681171984709,
                "recall": 0.8565,
                "f1-score": 0.8405860237959211,
                "support": 2000.0
            },
            "cross-entropy": 0.35067337337379445,
            "roc-auc": 0.8534111923942432,
            "score": 0.8565
        }
    },
    "time": "0:00:14.025323",
    "chunk_size": null,
    "eval_batch_size": 32768
}