{
    "function": "bin.ensemble.main",
    "config": {
        "seeds": [
            5,
            6,
            7,
            8,
            9
        ],
        "data": {
            "path": "data/classif-num-medium-0-credit"
        }
    },
    "single_model_function": "bin.model.main",
    "prediction_type": "probs",
    "metrics": {
        "train": {
            "0": {
                "precision": 0.7727885912507226,
                "recall": 0.7968998410174881,
                "f1-score": 0.7846590353194404,
                "support": 5032.0
            },
            "1": {
                "precision": 0.7875701517356059,
                "recall": 0.7626811594202898,
                "f1-score": 0.7749258615400347,
                "support": 4968.0
            },
            "accuracy": 0.7799,
            "macro avg": {
                "precision": 0.7801793714931642,
                "recall": 0.779790500218889,
                "f1-score": 0.7797924484297376,
                "support": 10000.0
            },
            "weighted avg": {
                "precision": 0.7801320704996125,
                "recall": 0.7799,
                "f1-score": 0.7798235945858316,
                "support": 10000.0
            },
            "cross-entropy": 0.46878559372135226,
            "roc-auc": 0.8585304454070439,
            "score": 0.7799
        },
        "val": {
            "0": {
                "precision": 0.779296875,
                "recall": 0.8044354838709677,
                "f1-score": 0.7916666666666667,
                "support": 992.0
            },
            "1": {
                "precision": 0.804040404040404,
                "recall": 0.7788649706457925,
                "f1-score": 0.7912524850894632,
                "support": 1022.0
            },
            "accuracy": 0.791459781529295,
            "macro avg": {
                "precision": 0.7916686395202019,
                "recall": 0.7916502272583801,
                "f1-score": 0.7914595758780649,
                "support": 2014.0
            },
            "weighted avg": {
                "precision": 0.7918529259827671,
                "recall": 0.791459781529295,
                "f1-score": 0.7914564911096151,
                "support": 2014.0
            },
            "cross-entropy": 0.46249584541468786,
            "roc-auc": 0.8628312211981567,
            "score": 0.791459781529295
        },
        "test": {
            "0": {
                "precision": 0.757985257985258,
                "recall": 0.7933990570081441,
                "f1-score": 0.7752879581151831,
                "support": 2333.0
            },
            "1": {
                "precision": 0.7865367581930912,
                "recall": 0.7503168567807351,
                "f1-score": 0.768,
                "support": 2367.0
            },
            "accuracy": 0.7717021276595745,
            "macro avg": {
                "precision": 0.7722610080891745,
                "recall": 0.7718579568944396,
                "f1-score": 0.7716439790575915,
                "support": 4700.0
            },
            "weighted avg": {
                "precision": 0.7723642794729051,
                "recall": 0.7717021276595745,
                "f1-score": 0.771617618358026,
                "support": 4700.0
            },
            "cross-entropy": 0.48139218761531916,
            "roc-auc": 0.8506379962663505,
            "score": 0.7717021276595745
        }
    }
}