{
    "function": "bin.model.main",
    "gpus": [
        "NVIDIA GeForce RTX 4090"
    ],
    "config": {
        "seed": 13,
        "batch_size": 256,
        "patience": 16,
        "n_epochs": -1,
        "gradient_clipping_norm": 1.0,
        "amp": true,
        "data": {
            "cache": true,
            "path": "data/classif-num-medium-1-credit",
            "num_policy": "noisy-quantile"
        },
        "optimizer": {
            "type": "AdamW",
            "lr": 0.00042935225771501646,
            "weight_decay": 0.0
        },
        "model": {
            "arch_type": "tabrmv2-mini",
            "sample_rate": 0.17493526330960954,
            "k": 80,
            "backbone": {
                "n_blocks": 1,
                "d_block": 448,
                "dropout": 0.0
            },
            "num_embeddings": {
                "type": "PeriodicEmbeddings",
                "n_frequencies": 24,
                "d_embedding": 16,
                "frequency_init_scale": 0.11666412139653279,
                "lite": false
            }
        }
    },
    "n_parameters": 1503216,
    "prediction_type": "probs",
    "epoch_size": 40,
    "best_step": 280,
    "metrics": {
        "train": {
            "0": {
                "precision": 0.7943150414528227,
                "recall": 0.7980959936533122,
                "f1-score": 0.7962010288880095,
                "support": 5042.0
            },
            "1": {
                "precision": 0.7936765301986218,
                "recall": 0.7898346107301332,
                "f1-score": 0.7917509098261222,
                "support": 4958.0
            },
            "accuracy": 0.794,
            "macro avg": {
                "precision": 0.7939957858257223,
                "recall": 0.7939653021917227,
                "f1-score": 0.7939759693570658,
                "support": 10000.0
            },
            "weighted avg": {
                "precision": 0.79399846757299,
                "recall": 0.794,
                "f1-score": 0.7939946598571258,
                "support": 10000.0
            },
            "cross-entropy": 0.4454803562433253,
            "roc-auc": 0.8743316728428357,
            "score": 0.794
        },
        "val": {
            "0": {
                "precision": 0.7738095238095238,
                "recall": 0.769990128331688,
                "f1-score": 0.7718951014349332,
                "support": 1013.0
            },
            "1": {
                "precision": 0.768389662027833,
                "recall": 0.7722277722277723,
                "f1-score": 0.7703039362232187,
                "support": 1001.0
            },
            "accuracy": 0.7711022840119166,
            "macro avg": {
                "precision": 0.7710995929186784,
                "recall": 0.7711089502797301,
                "f1-score": 0.7710995188290759,
                "support": 2014.0
            },
            "weighted avg": {
                "precision": 0.7711157394781074,
                "recall": 0.7711022840119166,
                "f1-score": 0.771104259142517,
                "support": 2014.0
            },
            "cross-entropy": 0.49152093970386157,
            "roc-auc": 0.8464782995878751,
            "score": 0.7711022840119166
        },
        "test": {
            "0": {
                "precision": 0.7667663391712943,
                "recall": 0.7797567332754127,
                "f1-score": 0.7732069782468233,
                "support": 2302.0
            },
            "1": {
                "precision": 0.7850784230606189,
                "recall": 0.7723102585487907,
                "f1-score": 0.7786420012612991,
                "support": 2398.0
            },
            "accuracy": 0.7759574468085106,
            "macro avg": {
                "precision": 0.7759223811159566,
                "recall": 0.7760334959121017,
                "f1-score": 0.7759244897540611,
                "support": 4700.0
            },
            "weighted avg": {
                "precision": 0.7761093981429115,
                "recall": 0.7759574468085106,
                "f1-score": 0.7759799963720814,
                "support": 4700.0
            },
            "cross-entropy": 0.4858548549415873,
            "roc-auc": 0.8517692125424532,
            "score": 0.7759574468085106
        }
    },
    "time": "0:00:17.793276",
    "chunk_size": null,
    "eval_batch_size": 32768,
    "heads": [
        23,
        30,
        45
    ],
    "head_selection_time": "0:00:02.104803"
}