{
    "function": "bin.model.main",
    "gpus": [
        "NVIDIA GeForce RTX 4090"
    ],
    "config": {
        "seed": 14,
        "batch_size": 256,
        "patience": 16,
        "n_epochs": -1,
        "gradient_clipping_norm": 1.0,
        "amp": true,
        "data": {
            "cache": true,
            "path": "data/california",
            "num_policy": "noisy-quantile"
        },
        "optimizer": {
            "type": "AdamW",
            "lr": 0.001376787802413695,
            "weight_decay": 0.001928622071359277
        },
        "model": {
            "arch_type": "moe-mlp",
            "backbone": {
                "k": 9,
                "n_blocks": 2,
                "d_block": 912,
                "dropout": 0.14644392738508882,
                "moe_ratio": 1.0,
                "num_experts": 32
            }
        }
    },
    "n_parameters": 106530721,
    "prediction_type": "labels",
    "epoch_size": 52,
    "best_step": 1092,
    "metrics": {
        "train": {
            "rmse": 0.422427380940257,
            "mae": 0.2872103750705719,
            "r2": 0.8675212352488705,
            "score": -0.422427380940257
        },
        "val": {
            "rmse": 0.5089833479876048,
            "mae": 0.3280293643474579,
            "r2": 0.8013113782427139,
            "score": -0.5089833479876048
        },
        "test": {
            "rmse": 0.5031572438208854,
            "mae": 0.33353978395462036,
            "r2": 0.8058466628475306,
            "score": -0.5031572438208854
        }
    },
    "time": "0:01:03.548636",
    "chunk_size": null,
    "eval_batch_size": 32768
}