{
    "function": "bin.model.main",
    "gpus": [
        "NVIDIA GeForce RTX 4090"
    ],
    "config": {
        "seed": 1,
        "batch_size": 256,
        "patience": 16,
        "n_epochs": -1,
        "gradient_clipping_norm": 1.0,
        "amp": true,
        "data": {
            "cache": true,
            "path": "data/classif-num-medium-2-bank-marketing",
            "num_policy": "noisy-quantile"
        },
        "optimizer": {
            "type": "AdamW",
            "lr": 5.238568833415503e-05,
            "weight_decay": 0.0002597459914786609
        },
        "model": {
            "arch_type": "tabrmv2",
            "sample_rate": 0.1581202989240294,
            "k": 64,
            "backbone": {
                "n_blocks": 4,
                "d_block": 96,
                "dropout": 0.0
            },
            "num_embeddings": {
                "type": "PiecewiseLinearEmbeddingsV2",
                "d_embedding": 32
            }
        },
        "bins": {
            "n_bins": 61
        }
    },
    "n_parameters": 374112,
    "prediction_type": "probs",
    "epoch_size": 29,
    "best_step": 377,
    "metrics": {
        "train": {
            "0": {
                "precision": 0.8321995464852607,
                "recall": 0.793728034603947,
                "f1-score": 0.8125086481250864,
                "support": 3699.0
            },
            "1": {
                "precision": 0.8031475748194015,
                "recall": 0.8402159244264508,
                "f1-score": 0.8212636855296136,
                "support": 3705.0
            },
            "accuracy": 0.8169908157752567,
            "macro avg": {
                "precision": 0.8176735606523311,
                "recall": 0.8169719795151988,
                "f1-score": 0.8168861668273499,
                "support": 7404.0
            },
            "weighted avg": {
                "precision": 0.8176617891889333,
                "recall": 0.8169908157752567,
                "f1-score": 0.816889714249313,
                "support": 7404.0
            },
            "cross-entropy": 0.4030366329754357,
            "roc-auc": 0.8981219346951195,
            "score": 0.8169908157752567
        },
        "val": {
            "0": {
                "precision": 0.8302752293577982,
                "recall": 0.7818574514038877,
                "f1-score": 0.8053392658509455,
                "support": 463.0
            },
            "1": {
                "precision": 0.8042635658914729,
                "recall": 0.8486707566462167,
                "f1-score": 0.8258706467661692,
                "support": 489.0
            },
            "accuracy": 0.8161764705882353,
            "macro avg": {
                "precision": 0.8172693976246355,
                "recall": 0.8152641040250522,
                "f1-score": 0.8156049563085573,
                "support": 952.0
            },
            "weighted avg": {
                "precision": 0.8169141963378054,
                "recall": 0.8161764705882353,
                "f1-score": 0.8158853218042484,
                "support": 952.0
            },
            "cross-entropy": 0.4312272194094831,
            "roc-auc": 0.881580516503465,
            "score": 0.8161764705882353
        },
        "test": {
            "0": {
                "precision": 0.8097876269621422,
                "recall": 0.7781721384205856,
                "f1-score": 0.7936651583710407,
                "support": 1127.0
            },
            "1": {
                "precision": 0.7805092186128183,
                "recall": 0.8118721461187215,
                "f1-score": 0.7958818263205014,
                "support": 1095.0
            },
            "accuracy": 0.7947794779477948,
            "macro avg": {
                "precision": 0.7951484227874803,
                "recall": 0.7950221422696535,
                "f1-score": 0.794773492345771,
                "support": 2222.0
            },
            "weighted avg": {
                "precision": 0.7953592484101577,
                "recall": 0.7947794779477948,
                "f1-score": 0.7947575307403744,
                "support": 2222.0
            },
            "cross-entropy": 0.43850165088177634,
            "roc-auc": 0.8785874325906657,
            "score": 0.7947794779477948
        }
    },
    "time": "0:00:21.775730",
    "chunk_size": null,
    "eval_batch_size": 32768
}