{
    "function": "bin.model.main",
    "gpus": [
        "NVIDIA GeForce RTX 4090"
    ],
    "config": {
        "seed": 8,
        "batch_size": 256,
        "patience": 16,
        "n_epochs": -1,
        "gradient_clipping_norm": 1.0,
        "amp": true,
        "data": {
            "cache": true,
            "path": "data/regression-cat-medium-0-OnlineNewsPopularity",
            "num_policy": "noisy-quantile"
        },
        "optimizer": {
            "type": "AdamW",
            "lr": 3.737473944316715e-05,
            "weight_decay": 0.0
        },
        "model": {
            "arch_type": "tabrmv3",
            "sample_rate": 0.4511199780440778,
            "k": 4,
            "backbone": {
                "embed_type": "tabr",
                "ensemble_type": "shared-resnet",
                "context_shuffle": false,
                "context_size": 192,
                "encoder_n_blocks": 0,
                "n_blocks": 1,
                "d_block": 544,
                "dropout": 0.3601914718410268
            },
            "num_embeddings": {
                "type": "PeriodicEmbeddings",
                "n_frequencies": 40,
                "d_embedding": 20,
                "frequency_init_scale": 0.2628886569929594,
                "lite": false
            }
        }
    },
    "n_parameters": 1769808,
    "prediction_type": "labels",
    "epoch_size": 40,
    "best_step": 280,
    "metrics": {
        "train": {
            "rmse": 0.8282182389078455,
            "mae": 0.609782338142395,
            "r2": 0.20769493586254784,
            "score": -0.8282182389078455
        },
        "val": {
            "rmse": 0.8453296074396547,
            "mae": 0.6245713829994202,
            "r2": 0.15254271161355615,
            "score": -0.8453296074396547
        },
        "test": {
            "rmse": 0.8610301637715716,
            "mae": 0.6323896050453186,
            "r2": 0.15036303115007676,
            "score": -0.8610301637715716
        }
    },
    "time": "0:00:26.404923",
    "chunk_size": null,
    "eval_batch_size": 8192
}