{
    "function": "bin.model.main",
    "gpus": [
        "NVIDIA GeForce RTX 4090"
    ],
    "config": {
        "seed": 8,
        "batch_size": 256,
        "patience": 16,
        "n_epochs": -1,
        "gradient_clipping_norm": 1.0,
        "amp": true,
        "data": {
            "cache": true,
            "path": "data/classif-num-medium-0-MagicTelescope",
            "num_policy": "noisy-quantile"
        },
        "optimizer": {
            "type": "AdamW",
            "lr": 0.0009457435954888188,
            "weight_decay": 0.0724056573507867
        },
        "model": {
            "arch_type": "tabrmv2-mini",
            "sample_rate": 0.2939111311955071,
            "k": 32,
            "backbone": {
                "n_blocks": 1,
                "d_block": 272,
                "dropout": 0.4377442899713583
            },
            "num_embeddings": {
                "type": "PeriodicEmbeddings",
                "n_frequencies": 32,
                "d_embedding": 20,
                "frequency_init_scale": 0.11497430136904793,
                "lite": false
            }
        }
    },
    "n_parameters": 566360,
    "prediction_type": "probs",
    "epoch_size": 37,
    "best_step": 1369,
    "metrics": {
        "train": {
            "0": {
                "precision": 0.8575887631681623,
                "recall": 0.9325413661434027,
                "f1-score": 0.8934959349593495,
                "support": 4714.0
            },
            "1": {
                "precision": 0.9249468963889544,
                "recall": 0.8429769842976984,
                "f1-score": 0.8820616700427639,
                "support": 4649.0
            },
            "accuracy": 0.8880700630139913,
            "macro avg": {
                "precision": 0.8912678297785583,
                "recall": 0.8877591752205505,
                "f1-score": 0.8877788025010567,
                "support": 9363.0
            },
            "weighted avg": {
                "precision": 0.8910340223098329,
                "recall": 0.8880700630139913,
                "f1-score": 0.8878184920887733,
                "support": 9363.0
            },
            "cross-entropy": 0.2564339308537609,
            "roc-auc": 0.9581949868462276,
            "score": 0.8880700630139913
        },
        "val": {
            "0": {
                "precision": 0.8482428115015974,
                "recall": 0.9139414802065404,
                "f1-score": 0.8798674399337199,
                "support": 581.0
            },
            "1": {
                "precision": 0.9133448873483535,
                "recall": 0.8472668810289389,
                "f1-score": 0.8790658882402,
                "support": 622.0
            },
            "accuracy": 0.8794679966749792,
            "macro avg": {
                "precision": 0.8807938494249754,
                "recall": 0.8806041806177396,
                "f1-score": 0.87946666408696,
                "support": 1203.0
            },
            "weighted avg": {
                "precision": 0.8819032364198702,
                "recall": 0.8794679966749792,
                "f1-score": 0.8794530050597635,
                "support": 1203.0
            },
            "cross-entropy": 0.2962687968384713,
            "roc-auc": 0.9429523329883613,
            "score": 0.8794679966749792
        },
        "test": {
            "0": {
                "precision": 0.8287401574803149,
                "recall": 0.9066762383345298,
                "f1-score": 0.8659581762084333,
                "support": 1393.0
            },
            "1": {
                "precision": 0.8989113530326595,
                "recall": 0.8158080451658434,
                "f1-score": 0.8553459119496856,
                "support": 1417.0
            },
            "accuracy": 0.8608540925266904,
            "macro avg": {
                "precision": 0.8638257552564872,
                "recall": 0.8612421417501865,
                "f1-score": 0.8606520440790595,
                "support": 2810.0
            },
            "weighted avg": {
                "precision": 0.8641254187250382,
                "recall": 0.8608540925266904,
                "f1-score": 0.8606067248010861,
                "support": 2810.0
            },
            "cross-entropy": 0.32645521534161215,
            "roc-auc": 0.9317451254660235,
            "score": 0.8608540925266904
        }
    },
    "time": "0:00:36.609490",
    "chunk_size": null,
    "eval_batch_size": 32768
}