{
    "function": "bin.ensemble.main",
    "config": {
        "seeds": [
            10,
            11,
            12,
            13,
            14
        ],
        "data": {
            "path": "data/classif-num-medium-2-phoneme"
        }
    },
    "single_model_function": "bin.model.main",
    "prediction_type": "probs",
    "metrics": {
        "train": {
            "0": {
                "precision": 0.9399454049135578,
                "recall": 0.9053461875547765,
                "f1-score": 0.9223214285714285,
                "support": 1141.0
            },
            "1": {
                "precision": 0.903657448706512,
                "recall": 0.9388322520852641,
                "f1-score": 0.9209090909090909,
                "support": 1079.0
            },
            "accuracy": 0.9216216216216216,
            "macro avg": {
                "precision": 0.921801426810035,
                "recall": 0.9220892198200203,
                "f1-score": 0.9216152597402597,
                "support": 2220.0
            },
            "weighted avg": {
                "precision": 0.9223081505228359,
                "recall": 0.9216216216216216,
                "f1-score": 0.9216349815724815,
                "support": 2220.0
            },
            "cross-entropy": 0.21078296357671653,
            "roc-auc": 0.9760514450439796,
            "score": 0.9216216216216216
        },
        "val": {
            "0": {
                "precision": 0.8785714285714286,
                "recall": 0.8978102189781022,
                "f1-score": 0.888086642599278,
                "support": 137.0
            },
            "1": {
                "precision": 0.903448275862069,
                "recall": 0.8851351351351351,
                "f1-score": 0.8941979522184301,
                "support": 148.0
            },
            "accuracy": 0.8912280701754386,
            "macro avg": {
                "precision": 0.8910098522167488,
                "recall": 0.8914726770566186,
                "f1-score": 0.8911422974088541,
                "support": 285.0
            },
            "weighted avg": {
                "precision": 0.8914899317258663,
                "recall": 0.8912280701754386,
                "f1-score": 0.8912602349629078,
                "support": 285.0
            },
            "cross-entropy": 0.2638601865044835,
            "roc-auc": 0.9591142237127639,
            "score": 0.8912280701754386
        },
        "test": {
            "0": {
                "precision": 0.868421052631579,
                "recall": 0.8571428571428571,
                "f1-score": 0.8627450980392157,
                "support": 308.0
            },
            "1": {
                "precision": 0.8787878787878788,
                "recall": 0.8885793871866295,
                "f1-score": 0.8836565096952909,
                "support": 359.0
            },
            "accuracy": 0.8740629685157422,
            "macro avg": {
                "precision": 0.8736044657097288,
                "recall": 0.8728611221647433,
                "f1-score": 0.8732008038672533,
                "support": 667.0
            },
            "weighted avg": {
                "precision": 0.8740007986437403,
                "recall": 0.8740629685157422,
                "f1-score": 0.8740002656322157,
                "support": 667.0
            },
            "cross-entropy": 0.3183441883688791,
            "roc-auc": 0.9388452772853888,
            "score": 0.8740629685157422
        }
    }
}