{
    "function": "bin.model.main",
    "gpus": [
        "NVIDIA GeForce RTX 4090"
    ],
    "config": {
        "seed": 6,
        "batch_size": 256,
        "patience": 16,
        "n_epochs": -1,
        "gradient_clipping_norm": 1.0,
        "amp": true,
        "data": {
            "cache": true,
            "path": "data/classif-num-medium-1-bank-marketing",
            "num_policy": "noisy-quantile"
        },
        "optimizer": {
            "type": "AdamW",
            "lr": 5.466139343405616e-05,
            "weight_decay": 0.0
        },
        "model": {
            "arch_type": "tabrmv2",
            "sample_rate": 0.1770017857118214,
            "k": 128,
            "backbone": {
                "n_blocks": 2,
                "d_block": 304,
                "dropout": 0.3395454243306949
            },
            "num_embeddings": {
                "type": "PeriodicEmbeddings",
                "n_frequencies": 52,
                "d_embedding": 24,
                "frequency_init_scale": 0.03744268392044628,
                "lite": false
            }
        }
    },
    "n_parameters": 1618212,
    "prediction_type": "probs",
    "epoch_size": 29,
    "best_step": 899,
    "metrics": {
        "train": {
            "0": {
                "precision": 0.8255542590431738,
                "recall": 0.773224043715847,
                "f1-score": 0.7985327313769751,
                "support": 3660.0
            },
            "1": {
                "precision": 0.7912474849094567,
                "recall": 0.8402777777777778,
                "f1-score": 0.8150259067357513,
                "support": 3744.0
            },
            "accuracy": 0.807131280388979,
            "macro avg": {
                "precision": 0.8084008719763153,
                "recall": 0.8067509107468124,
                "f1-score": 0.8067793190563632,
                "support": 7404.0
            },
            "weighted avg": {
                "precision": 0.8082062630468696,
                "recall": 0.807131280388979,
                "f1-score": 0.8068728783979445,
                "support": 7404.0
            },
            "cross-entropy": 0.4237346855362667,
            "roc-auc": 0.8875218564639671,
            "score": 0.807131280388979
        },
        "val": {
            "0": {
                "precision": 0.8702928870292888,
                "recall": 0.8093385214007782,
                "f1-score": 0.838709677419355,
                "support": 514.0
            },
            "1": {
                "precision": 0.7932489451476793,
                "recall": 0.8584474885844748,
                "f1-score": 0.8245614035087719,
                "support": 438.0
            },
            "accuracy": 0.8319327731092437,
            "macro avg": {
                "precision": 0.8317709160884841,
                "recall": 0.8338930049926265,
                "f1-score": 0.8316355404640634,
                "support": 952.0
            },
            "weighted avg": {
                "precision": 0.834846199482918,
                "recall": 0.8319327731092437,
                "f1-score": 0.8322002824899061,
                "support": 952.0
            },
            "cross-entropy": 0.42113380742500156,
            "roc-auc": 0.8914170353392676,
            "score": 0.8319327731092437
        },
        "test": {
            "0": {
                "precision": 0.8101145038167938,
                "recall": 0.7614349775784753,
                "f1-score": 0.7850208044382802,
                "support": 1115.0
            },
            "1": {
                "precision": 0.7734241908006815,
                "recall": 0.8202348690153568,
                "f1-score": 0.7961420429636125,
                "support": 1107.0
            },
            "accuracy": 0.7907290729072908,
            "macro avg": {
                "precision": 0.7917693473087377,
                "recall": 0.7908349232969161,
                "f1-score": 0.7905814237009463,
                "support": 2222.0
            },
            "weighted avg": {
                "precision": 0.7918353964770835,
                "recall": 0.7907290729072908,
                "f1-score": 0.7905614034695776,
                "support": 2222.0
            },
            "cross-entropy": 0.46021246901184293,
            "roc-auc": 0.8676972061200432,
            "score": 0.7907290729072908
        }
    },
    "time": "0:00:28.828461",
    "chunk_size": null,
    "eval_batch_size": 32768,
    "heads": [
        13,
        28
    ],
    "head_selection_time": "0:00:02.221561"
}