{
    "function": "bin.ensemble.main",
    "config": {
        "seeds": [
            5,
            6,
            7,
            8,
            9
        ],
        "data": {
            "path": "data/sberbank-housing"
        }
    },
    "single_model_function": "bin.qr_aug_mlp.main",
    "prediction_type": "labels",
    "metrics": {
        "train": {
            "rmse": 0.2523901645739093,
            "mae": 0.12822262942790985,
            "r2": 0.5930335199184695,
            "score": -0.2523901645739093
        },
        "val": {
            "rmse": 0.24308259970586205,
            "mae": 0.13312996923923492,
            "r2": 0.6053074055338519,
            "score": -0.24308259970586205
        },
        "test": {
            "rmse": 0.267654909129439,
            "mae": 0.1875530332326889,
            "r2": 0.5104579132465017,
            "score": -0.267654909129439
        }
    }
}