{
    "function": "bin.model.main",
    "gpus": [
        "NVIDIA GeForce RTX 4090"
    ],
    "config": {
        "seed": 3,
        "batch_size": 256,
        "patience": 16,
        "n_epochs": -1,
        "gradient_clipping_norm": 1.0,
        "amp": true,
        "data": {
            "cache": true,
            "path": "data/house",
            "num_policy": "noisy-quantile"
        },
        "optimizer": {
            "type": "AdamW",
            "lr": 0.002551032847475922,
            "weight_decay": 0.0
        },
        "model": {
            "arch_type": "tabm-mini",
            "k": 32,
            "share_training_batches": false,
            "backbone": {
                "type": "MLP",
                "n_blocks": 4,
                "d_block": 576,
                "dropout": 0.0
            },
            "num_embeddings": {
                "type": "PiecewiseLinearEmbeddingsV2",
                "d_embedding": 12
            }
        },
        "bins": {
            "n_bins": 2
        }
    },
    "n_parameters": 1133408,
    "prediction_type": "labels",
    "epoch_size": 57,
    "best_step": 2565,
    "metrics": {
        "train": {
            "rmse": 9987.969563429797,
            "mae": 6640.9736328125,
            "r2": 0.9632633350178056,
            "score": -9987.969563429797
        },
        "val": {
            "rmse": 27110.790176606803,
            "mae": 13887.7607421875,
            "r2": 0.7533557821329621,
            "score": -27110.790176606803
        },
        "test": {
            "rmse": 30504.371358872486,
            "mae": 14411.3544921875,
            "r2": 0.6776764805675211,
            "score": -30504.371358872486
        }
    },
    "time": "0:00:35.709465",
    "chunk_size": null,
    "eval_batch_size": 32768,
    "heads": [
        25,
        22,
        0,
        1,
        23,
        28,
        16,
        17,
        22,
        21,
        9
    ],
    "head_selection_time": "0:00:00.277720"
}