{
    "function": "bin.ensemble.main",
    "config": {
        "seeds": [
            10,
            11,
            12,
            13,
            14
        ],
        "data": {
            "path": "data/classif-num-medium-3-wine"
        }
    },
    "single_model_function": "bin.model.main",
    "prediction_type": "probs",
    "metrics": {
        "train": {
            "0": {
                "precision": 0.8329411764705882,
                "recall": 0.7857935627081021,
                "f1-score": 0.80868075385494,
                "support": 901.0
            },
            "1": {
                "precision": 0.7940234791889007,
                "recall": 0.8397291196388262,
                "f1-score": 0.816236972024136,
                "support": 886.0
            },
            "accuracy": 0.812534974818131,
            "macro avg": {
                "precision": 0.8134823278297445,
                "recall": 0.8127613411734642,
                "f1-score": 0.812458862939538,
                "support": 1787.0
            },
            "weighted avg": {
                "precision": 0.8136456645558847,
                "recall": 0.812534974818131,
                "f1-score": 0.8124271496567911,
                "support": 1787.0
            },
            "cross-entropy": 0.4094132480511048,
            "roc-auc": 0.8944388352044255,
            "score": 0.812534974818131
        },
        "val": {
            "0": {
                "precision": 0.7818181818181819,
                "recall": 0.7610619469026548,
                "f1-score": 0.7713004484304933,
                "support": 113.0
            },
            "1": {
                "precision": 0.775,
                "recall": 0.7948717948717948,
                "f1-score": 0.7848101265822786,
                "support": 117.0
            },
            "accuracy": 0.7782608695652173,
            "macro avg": {
                "precision": 0.7784090909090909,
                "recall": 0.7779668708872248,
                "f1-score": 0.778055287506386,
                "support": 230.0
            },
            "weighted avg": {
                "precision": 0.7783498023715414,
                "recall": 0.7782608695652173,
                "f1-score": 0.7781727629685753,
                "support": 230.0
            },
            "cross-entropy": 0.4865744091344521,
            "roc-auc": 0.8404810528704334,
            "score": 0.7782608695652173
        },
        "test": {
            "0": {
                "precision": 0.7673469387755102,
                "recall": 0.714828897338403,
                "f1-score": 0.7401574803149605,
                "support": 263.0
            },
            "1": {
                "precision": 0.7431506849315068,
                "recall": 0.791970802919708,
                "f1-score": 0.7667844522968198,
                "support": 274.0
            },
            "accuracy": 0.7541899441340782,
            "macro avg": {
                "precision": 0.7552488118535086,
                "recall": 0.7533998501290555,
                "f1-score": 0.7534709663058902,
                "support": 537.0
            },
            "weighted avg": {
                "precision": 0.755000991748961,
                "recall": 0.7541899441340782,
                "f1-score": 0.7537436820338235,
                "support": 537.0
            },
            "cross-entropy": 0.5082105480097597,
            "roc-auc": 0.8304793094835005,
            "score": 0.7541899441340782
        }
    }
}