{
    "function": "bin.model.main",
    "gpus": [
        "NVIDIA GeForce RTX 4090"
    ],
    "config": {
        "seed": 2,
        "batch_size": 256,
        "patience": 16,
        "n_epochs": -1,
        "amp": true,
        "data": {
            "cache": true,
            "path": "data/classif-num-medium-0-MagicTelescope",
            "num_policy": "noisy-quantile"
        },
        "optimizer": {
            "type": "AdamW",
            "lr": 0.00010021028767708867,
            "weight_decay": 0.0
        },
        "model": {
            "is_multihead": true,
            "arch_type": "tabr-pln",
            "k": 32,
            "context_size": 96,
            "d_main": 297,
            "context_dropout": 0.20408649641509718,
            "d_multiplier": 2.0,
            "encoder_n_blocks": 0,
            "predictor_n_blocks": 2,
            "mixer_normalization": "auto",
            "dropout0": 0.0,
            "dropout1": 0.0,
            "normalization": "LayerNorm",
            "activation": "ReLU",
            "num_embeddings": {
                "type": "PeriodicEmbeddings",
                "n_frequencies": 70,
                "frequency_init_scale": 0.10904185081296933,
                "d_embedding": 35,
                "lite": true
            }
        }
    },
    "n_parameters": 1335962,
    "prediction_type": "probs",
    "epoch_size": 37,
    "best_step": 1184,
    "metrics": {
        "train": {
            "0": {
                "precision": 0.8570042685292977,
                "recall": 0.9369961815867628,
                "f1-score": 0.8952168625861371,
                "support": 4714.0
            },
            "1": {
                "precision": 0.9294369208838203,
                "recall": 0.8414712841471285,
                "f1-score": 0.8832693610295778,
                "support": 4649.0
            },
            "accuracy": 0.8895653102638044,
            "macro avg": {
                "precision": 0.893220594706559,
                "recall": 0.8892337328669456,
                "f1-score": 0.8892431118078574,
                "support": 9363.0
            },
            "weighted avg": {
                "precision": 0.8929691730253113,
                "recall": 0.8895653102638044,
                "f1-score": 0.8892845828962466,
                "support": 9363.0
            },
            "cross-entropy": 0.26351751579301635,
            "roc-auc": 0.9556200607189853,
            "score": 0.8895653102638044
        },
        "val": {
            "0": {
                "precision": 0.8412698412698413,
                "recall": 0.9122203098106713,
                "f1-score": 0.8753096614368291,
                "support": 581.0
            },
            "1": {
                "precision": 0.9109947643979057,
                "recall": 0.8392282958199357,
                "f1-score": 0.8736401673640167,
                "support": 622.0
            },
            "accuracy": 0.8744804655029094,
            "macro avg": {
                "precision": 0.8761323028338734,
                "recall": 0.8757243028153034,
                "f1-score": 0.8744749144004229,
                "support": 1203.0
            },
            "weighted avg": {
                "precision": 0.8773204665280757,
                "recall": 0.8744804655029094,
                "f1-score": 0.8744464650001796,
                "support": 1203.0
            },
            "cross-entropy": 0.3049125661036778,
            "roc-auc": 0.9404162354516826,
            "score": 0.8744804655029094
        },
        "test": {
            "0": {
                "precision": 0.8207607994842038,
                "recall": 0.9138549892318737,
                "f1-score": 0.8648097826086956,
                "support": 1393.0
            },
            "1": {
                "precision": 0.9046862589356632,
                "recall": 0.8038108680310515,
                "f1-score": 0.851270553064275,
                "support": 1417.0
            },
            "accuracy": 0.8583629893238434,
            "macro avg": {
                "precision": 0.8627235292099336,
                "recall": 0.8588329286314627,
                "f1-score": 0.8580401678364853,
                "support": 2810.0
            },
            "weighted avg": {
                "precision": 0.8630819297485163,
                "recall": 0.8583629893238434,
                "f1-score": 0.8579823490626303,
                "support": 2810.0
            },
            "cross-entropy": 0.3320777310478104,
            "roc-auc": 0.9296343092618046,
            "score": 0.8583629893238434
        }
    },
    "time": "0:00:35.782503",
    "chunk_size": null,
    "eval_batch_size": 32768,
    "heads": [
        25
    ],
    "head_selection_time": "0:00:00.192197"
}