{
    "function": "bin.model.main",
    "gpus": [
        "NVIDIA GeForce RTX 4090"
    ],
    "config": {
        "seed": 9,
        "batch_size": 256,
        "patience": 16,
        "n_epochs": -1,
        "gradient_clipping_norm": 1.0,
        "amp": true,
        "data": {
            "cache": true,
            "path": "data/churn",
            "num_policy": "noisy-quantile",
            "cat_policy": "ordinal"
        },
        "optimizer": {
            "type": "AdamW",
            "lr": 6.953973470837632e-05,
            "weight_decay": 0.0
        },
        "model": {
            "arch_type": "tabrmv3",
            "sample_rate": 0.3514968163069271,
            "k": 4,
            "backbone": {
                "embed_type": "tabr",
                "ensemble_type": "mini-resnet",
                "context_shuffle": false,
                "context_size": 128,
                "encoder_n_blocks": 0,
                "n_blocks": 2,
                "d_block": 624,
                "dropout": 0.0
            },
            "num_embeddings": {
                "type": "PeriodicEmbeddings",
                "n_frequencies": 52,
                "d_embedding": 20,
                "frequency_init_scale": 0.1978028282188091,
                "lite": false
            }
        }
    },
    "n_parameters": 2459280,
    "prediction_type": "probs",
    "epoch_size": 25,
    "best_step": 475,
    "metrics": {
        "train": {
            "0": {
                "precision": 0.8786961168507303,
                "recall": 0.9680141287284144,
                "f1-score": 0.9211951447245564,
                "support": 5096.0
            },
            "1": {
                "precision": 0.7926208651399491,
                "recall": 0.47776073619631904,
                "f1-score": 0.5961722488038278,
                "support": 1304.0
            },
            "accuracy": 0.868125,
            "macro avg": {
                "precision": 0.8356584909953397,
                "recall": 0.7228874324623668,
                "f1-score": 0.7586836967641921,
                "support": 6400.0
            },
            "weighted avg": {
                "precision": 0.8611582843146587,
                "recall": 0.868125,
                "f1-score": 0.8549717296807079,
                "support": 6400.0
            },
            "cross-entropy": 0.32143112286766706,
            "roc-auc": 0.8818616610164594,
            "score": 0.868125
        },
        "val": {
            "0": {
                "precision": 0.8783783783783784,
                "recall": 0.9693877551020408,
                "f1-score": 0.9216417910447761,
                "support": 1274.0
            },
            "1": {
                "precision": 0.7989690721649485,
                "recall": 0.4754601226993865,
                "f1-score": 0.5961538461538461,
                "support": 326.0
            },
            "accuracy": 0.86875,
            "macro avg": {
                "precision": 0.8386737252716634,
                "recall": 0.7224239389007137,
                "f1-score": 0.7588978185993112,
                "support": 1600.0
            },
            "weighted avg": {
                "precision": 0.8621987322373922,
                "recall": 0.86875,
                "f1-score": 0.8553236222732491,
                "support": 1600.0
            },
            "cross-entropy": 0.3454095820314534,
            "roc-auc": 0.8570658088624784,
            "score": 0.86875
        },
        "test": {
            "0": {
                "precision": 0.867191896454699,
                "recall": 0.9673571876961707,
                "f1-score": 0.914540059347181,
                "support": 1593.0
            },
            "1": {
                "precision": 0.7668161434977578,
                "recall": 0.4201474201474201,
                "f1-score": 0.5428571428571428,
                "support": 407.0
            },
            "accuracy": 0.856,
            "macro avg": {
                "precision": 0.8170040199762284,
                "recall": 0.6937523039217954,
                "f1-score": 0.7286986011021619,
                "support": 2000.0
            },
            "weighted avg": {
                "precision": 0.8467654307279614,
                "recall": 0.856,
                "f1-score": 0.8389025858414582,
                "support": 2000.0
            },
            "cross-entropy": 0.3552292794541804,
            "roc-auc": 0.8468483892212706,
            "score": 0.856
        }
    },
    "time": "0:00:19.985333",
    "chunk_size": null,
    "eval_batch_size": 32768
}