{
    "function": "bin.model.main",
    "gpus": [
        "NVIDIA GeForce RTX 4090"
    ],
    "config": {
        "seed": 5,
        "batch_size": 256,
        "patience": 16,
        "n_epochs": -1,
        "gradient_clipping_norm": 1.0,
        "amp": true,
        "data": {
            "cache": true,
            "path": "data/classif-num-medium-0-MagicTelescope",
            "num_policy": "noisy-quantile"
        },
        "optimizer": {
            "type": "AdamW",
            "lr": 7.188834565236876e-05,
            "weight_decay": 0.0
        },
        "model": {
            "arch_type": "tabrmv3",
            "sample_rate": 0.5789415865816457,
            "k": 4,
            "backbone": {
                "embed_type": "tabr",
                "ensemble_type": "mini-resnet",
                "context_shuffle": false,
                "context_size": 192,
                "encoder_n_blocks": 0,
                "n_blocks": 2,
                "d_block": 1024,
                "dropout": 0.0
            },
            "num_embeddings": {
                "type": "PeriodicEmbeddings",
                "n_frequencies": 20,
                "d_embedding": 28,
                "frequency_init_scale": 0.1422727030949171,
                "lite": false
            }
        }
    },
    "n_parameters": 6614440,
    "prediction_type": "probs",
    "epoch_size": 37,
    "best_step": 296,
    "metrics": {
        "train": {
            "0": {
                "precision": 0.8428686543110395,
                "recall": 0.8875689435723377,
                "f1-score": 0.8646414548460426,
                "support": 4714.0
            },
            "1": {
                "precision": 0.8795180722891566,
                "recall": 0.8322219832221983,
                "f1-score": 0.8552166224580017,
                "support": 4649.0
            },
            "accuracy": 0.8600875787674891,
            "macro avg": {
                "precision": 0.8611933633000981,
                "recall": 0.859895463397268,
                "f1-score": 0.8599290386520222,
                "support": 9363.0
            },
            "weighted avg": {
                "precision": 0.8610661491503289,
                "recall": 0.8600875787674891,
                "f1-score": 0.8599617532790232,
                "support": 9363.0
            },
            "cross-entropy": 0.32059069219938996,
            "roc-auc": 0.9356013852550897,
            "score": 0.8600875787674891
        },
        "val": {
            "0": {
                "precision": 0.8341307814992025,
                "recall": 0.9001721170395869,
                "f1-score": 0.8658940397350994,
                "support": 581.0
            },
            "1": {
                "precision": 0.8993055555555556,
                "recall": 0.8327974276527331,
                "f1-score": 0.8647746243739566,
                "support": 622.0
            },
            "accuracy": 0.8653366583541147,
            "macro avg": {
                "precision": 0.866718168527379,
                "recall": 0.86648477234616,
                "f1-score": 0.8653343320545279,
                "support": 1203.0
            },
            "weighted avg": {
                "precision": 0.8678287943529444,
                "recall": 0.8653366583541147,
                "f1-score": 0.8653152563979166,
                "support": 1203.0
            },
            "cross-entropy": 0.3319014983320224,
            "roc-auc": 0.9305527115351624,
            "score": 0.8653366583541147
        },
        "test": {
            "0": {
                "precision": 0.8214528173794976,
                "recall": 0.8686288585786073,
                "f1-score": 0.8443824145150035,
                "support": 1393.0
            },
            "1": {
                "precision": 0.8631264023934181,
                "recall": 0.8143966125617502,
                "f1-score": 0.8380537400145244,
                "support": 1417.0
            },
            "accuracy": 0.8412811387900356,
            "macro avg": {
                "precision": 0.8422896098864578,
                "recall": 0.8415127355701788,
                "f1-score": 0.8412180772647639,
                "support": 2810.0
            },
            "weighted avg": {
                "precision": 0.8424675753740618,
                "recall": 0.8412811387900356,
                "f1-score": 0.8411910508967905,
                "support": 2810.0
            },
            "cross-entropy": 0.35947547671598384,
            "roc-auc": 0.9182932000460007,
            "score": 0.8412811387900356
        }
    },
    "time": "0:00:24.364067",
    "chunk_size": null,
    "eval_batch_size": 32768,
    "heads": [
        3
    ],
    "head_selection_time": "0:00:00.029917"
}