{
    "function": "bin.ensemble.main",
    "config": {
        "seeds": [
            0,
            1,
            2,
            3,
            4
        ],
        "data": {
            "path": "data/classif-num-medium-4-phoneme"
        }
    },
    "single_model_function": "bin.model.main",
    "prediction_type": "probs",
    "metrics": {
        "train": {
            "0": {
                "precision": 0.9634489222118088,
                "recall": 0.9269612263300271,
                "f1-score": 0.9448529411764706,
                "support": 1109.0
            },
            "1": {
                "precision": 0.9297484822202949,
                "recall": 0.9648964896489649,
                "f1-score": 0.9469964664310955,
                "support": 1111.0
            },
            "accuracy": 0.9459459459459459,
            "macro avg": {
                "precision": 0.9465987022160518,
                "recall": 0.945928857989496,
                "f1-score": 0.945924703803783,
                "support": 2220.0
            },
            "weighted avg": {
                "precision": 0.9465835218376772,
                "recall": 0.9459459459459459,
                "f1-score": 0.9459256693556993,
                "support": 2220.0
            },
            "cross-entropy": 0.14213782522108165,
            "roc-auc": 0.9904196010223205,
            "score": 0.9459459459459459
        },
        "val": {
            "0": {
                "precision": 0.9436619718309859,
                "recall": 0.8993288590604027,
                "f1-score": 0.9209621993127148,
                "support": 149.0
            },
            "1": {
                "precision": 0.8951048951048951,
                "recall": 0.9411764705882353,
                "f1-score": 0.9175627240143368,
                "support": 136.0
            },
            "accuracy": 0.9192982456140351,
            "macro avg": {
                "precision": 0.9193834334679405,
                "recall": 0.920252664824319,
                "f1-score": 0.9192624616635259,
                "support": 285.0
            },
            "weighted avg": {
                "precision": 0.9204908755687109,
                "recall": 0.9192982456140351,
                "f1-score": 0.9193399935562957,
                "support": 285.0
            },
            "cross-entropy": 0.21363561937626518,
            "roc-auc": 0.9732037110146071,
            "score": 0.9192982456140351
        },
        "test": {
            "0": {
                "precision": 0.9096573208722741,
                "recall": 0.8902439024390244,
                "f1-score": 0.8998459167950693,
                "support": 328.0
            },
            "1": {
                "precision": 0.8959537572254336,
                "recall": 0.9144542772861357,
                "f1-score": 0.9051094890510949,
                "support": 339.0
            },
            "accuracy": 0.9025487256371814,
            "macro avg": {
                "precision": 0.9028055390488539,
                "recall": 0.9023490898625801,
                "f1-score": 0.9024777029230822,
                "support": 667.0
            },
            "weighted avg": {
                "precision": 0.902692541147718,
                "recall": 0.9025487256371814,
                "f1-score": 0.9025211056928094,
                "support": 667.0
            },
            "cross-entropy": 0.24945918223009694,
            "roc-auc": 0.9631897978271818,
            "score": 0.9025487256371814
        }
    }
}