{
    "function": "bin.model.main",
    "gpus": [
        "NVIDIA GeForce RTX 4090"
    ],
    "config": {
        "seed": 14,
        "batch_size": 256,
        "patience": 16,
        "n_epochs": -1,
        "gradient_clipping_norm": 1.0,
        "amp": true,
        "data": {
            "cache": true,
            "path": "data/churn",
            "num_policy": "noisy-quantile",
            "cat_policy": "ordinal"
        },
        "optimizer": {
            "type": "AdamW",
            "lr": 0.0005508073596705366,
            "weight_decay": 0.0
        },
        "model": {
            "arch_type": "taba",
            "k": 32,
            "share_training_batches": false,
            "backbone": {
                "type": "MLP",
                "n_blocks": 7,
                "d_block": 784,
                "dropout": 0.059083712852661056
            },
            "num_embeddings": {
                "type": "PiecewiseLinearEmbeddingsV2",
                "d_embedding": 16
            }
        },
        "bins": {
            "n_bins": 98
        }
    },
    "n_parameters": 486208,
    "prediction_type": "probs",
    "epoch_size": 25,
    "best_step": 1000,
    "metrics": {
        "train": {
            "0": {
                "precision": 0.8902923132443161,
                "recall": 0.9682103610675039,
                "f1-score": 0.9276179733032525,
                "support": 5096.0
            },
            "1": {
                "precision": 0.8111888111888111,
                "recall": 0.5337423312883436,
                "f1-score": 0.6438482886216466,
                "support": 1304.0
            },
            "accuracy": 0.8796875,
            "macro avg": {
                "precision": 0.8507405622165636,
                "recall": 0.7509763461779237,
                "f1-score": 0.7857331309624496,
                "support": 6400.0
            },
            "weighted avg": {
                "precision": 0.8741749747005071,
                "recall": 0.8796875,
                "f1-score": 0.8697999000493754,
                "support": 6400.0
            },
            "cross-entropy": 0.2910245885578794,
            "roc-auc": 0.9061506799510745,
            "score": 0.8796875
        },
        "val": {
            "0": {
                "precision": 0.8821428571428571,
                "recall": 0.9693877551020408,
                "f1-score": 0.9237097980553479,
                "support": 1274.0
            },
            "1": {
                "precision": 0.805,
                "recall": 0.4938650306748466,
                "f1-score": 0.6121673003802282,
                "support": 326.0
            },
            "accuracy": 0.8725,
            "macro avg": {
                "precision": 0.8435714285714286,
                "recall": 0.7316263928884437,
                "f1-score": 0.767938549217788,
                "support": 1600.0
            },
            "weighted avg": {
                "precision": 0.866425,
                "recall": 0.8725,
                "f1-score": 0.8602330141540423,
                "support": 1600.0
            },
            "cross-entropy": 0.334727811340178,
            "roc-auc": 0.8623436160684188,
            "score": 0.8725
        },
        "test": {
            "0": {
                "precision": 0.8753589890867317,
                "recall": 0.9566854990583804,
                "f1-score": 0.9142171565686863,
                "support": 1593.0
            },
            "1": {
                "precision": 0.7335907335907336,
                "recall": 0.4668304668304668,
                "f1-score": 0.5705705705705705,
                "support": 407.0
            },
            "accuracy": 0.857,
            "macro avg": {
                "precision": 0.8044748613387327,
                "recall": 0.7117579829444236,
                "f1-score": 0.7423938635696283,
                "support": 2000.0
            },
            "weighted avg": {
                "precision": 0.8465091490932962,
                "recall": 0.857,
                "f1-score": 0.8442850763180697,
                "support": 2000.0
            },
            "cross-entropy": 0.34982753815964246,
            "roc-auc": 0.8489938320446796,
            "score": 0.857
        }
    },
    "time": "0:00:18.990667",
    "chunk_size": null,
    "eval_batch_size": 32768
}