{
    "function": "bin.model.main",
    "gpus": [
        "NVIDIA GeForce RTX 4090"
    ],
    "config": {
        "seed": 10,
        "batch_size": 32,
        "patience": 16,
        "n_epochs": -1,
        "gradient_clipping_norm": 1.0,
        "amp": true,
        "data": {
            "cache": true,
            "path": "data/classif-num-medium-0-wine",
            "num_policy": "noisy-quantile"
        },
        "optimizer": {
            "type": "AdamW",
            "lr": 3.2244470960403236e-05,
            "weight_decay": 0.0
        },
        "model": {
            "arch_type": "tabrmv2",
            "sample_rate": 0.3367356328840785,
            "k": 64,
            "backbone": {
                "n_blocks": 1,
                "d_block": 512,
                "dropout": 0.026426174765291365
            },
            "num_embeddings": {
                "type": "PeriodicEmbeddings",
                "n_frequencies": 92,
                "d_embedding": 16,
                "frequency_init_scale": 0.02262736960730916,
                "lite": false
            }
        }
    },
    "n_parameters": 2027940,
    "prediction_type": "probs",
    "epoch_size": 56,
    "best_step": 560,
    "metrics": {
        "train": {
            "0": {
                "precision": 0.8037037037037037,
                "recall": 0.7265625,
                "f1-score": 0.7631887456037514,
                "support": 896.0
            },
            "1": {
                "precision": 0.7492323439099283,
                "recall": 0.8215488215488216,
                "f1-score": 0.7837259100642398,
                "support": 891.0
            },
            "accuracy": 0.7739227756015669,
            "macro avg": {
                "precision": 0.776468023806816,
                "recall": 0.7740556607744108,
                "f1-score": 0.7734573278339956,
                "support": 1787.0
            },
            "weighted avg": {
                "precision": 0.7765442288429013,
                "recall": 0.7739227756015669,
                "f1-score": 0.7734285964903183,
                "support": 1787.0
            },
            "cross-entropy": 0.4704712998376054,
            "roc-auc": 0.8559603976270643,
            "score": 0.7739227756015669
        },
        "val": {
            "0": {
                "precision": 0.8230088495575221,
                "recall": 0.8532110091743119,
                "f1-score": 0.8378378378378378,
                "support": 109.0
            },
            "1": {
                "precision": 0.8632478632478633,
                "recall": 0.8347107438016529,
                "f1-score": 0.8487394957983193,
                "support": 121.0
            },
            "accuracy": 0.8434782608695652,
            "macro avg": {
                "precision": 0.8431283564026927,
                "recall": 0.8439608764879825,
                "f1-score": 0.8432886668180786,
                "support": 230.0
            },
            "weighted avg": {
                "precision": 0.8441780698033102,
                "recall": 0.8434782608695652,
                "f1-score": 0.8435730578953086,
                "support": 230.0
            },
            "cross-entropy": 0.4249601212671775,
            "roc-auc": 0.8977177951323072,
            "score": 0.8434782608695652
        },
        "test": {
            "0": {
                "precision": 0.7926829268292683,
                "recall": 0.7169117647058824,
                "f1-score": 0.752895752895753,
                "support": 272.0
            },
            "1": {
                "precision": 0.7353951890034365,
                "recall": 0.8075471698113208,
                "f1-score": 0.7697841726618706,
                "support": 265.0
            },
            "accuracy": 0.7616387337057728,
            "macro avg": {
                "precision": 0.7640390579163524,
                "recall": 0.7622294672586016,
                "f1-score": 0.7613399627788118,
                "support": 537.0
            },
            "weighted avg": {
                "precision": 0.7644124416824425,
                "recall": 0.7616387337057728,
                "f1-score": 0.761229889279405,
                "support": 537.0
            },
            "cross-entropy": 0.5128848813193159,
            "roc-auc": 0.8244173140954494,
            "score": 0.7616387337057728
        }
    },
    "time": "0:00:24.666982",
    "chunk_size": null,
    "eval_batch_size": 32768,
    "heads": [
        0,
        37
    ],
    "head_selection_time": "0:00:01.036746"
}