{
    "function": "bin.model.main",
    "gpus": [
        "NVIDIA GeForce RTX 4090"
    ],
    "config": {
        "seed": 12,
        "batch_size": 256,
        "patience": 16,
        "n_epochs": -1,
        "gradient_clipping_norm": 1.0,
        "amp": true,
        "data": {
            "cache": true,
            "path": "data/classif-num-medium-0-credit",
            "num_policy": "noisy-quantile"
        },
        "optimizer": {
            "type": "AdamW",
            "lr": 0.00011273067902286243,
            "weight_decay": 0.0
        },
        "model": {
            "arch_type": "tabrmv3",
            "sample_rate": 0.21685406639804033,
            "k": 8,
            "backbone": {
                "ensemble_type": "mini",
                "context_size": 64,
                "n_blocks": 1,
                "d_block": 368,
                "dropout": 0.0
            },
            "num_embeddings": {
                "type": "PeriodicEmbeddings",
                "n_frequencies": 36,
                "d_embedding": 28,
                "frequency_init_scale": 0.08341380022144985,
                "lite": false
            }
        }
    },
    "n_parameters": 813856,
    "prediction_type": "probs",
    "epoch_size": 40,
    "best_step": 40,
    "metrics": {
        "train": {
            "0": {
                "precision": 0.7483057228915663,
                "recall": 0.7899443561208267,
                "f1-score": 0.7685614849187936,
                "support": 5032.0
            },
            "1": {
                "precision": 0.7745307167235495,
                "recall": 0.730877616747182,
                "f1-score": 0.7520712510356256,
                "support": 4968.0
            },
            "accuracy": 0.7606,
            "macro avg": {
                "precision": 0.7614182198075579,
                "recall": 0.7604109864340043,
                "f1-score": 0.7603163679772096,
                "support": 10000.0
            },
            "weighted avg": {
                "precision": 0.7613342998272956,
                "recall": 0.7606,
                "f1-score": 0.7603691367256357,
                "support": 10000.0
            },
            "cross-entropy": 0.5364029846357813,
            "roc-auc": 0.8379225813089304,
            "score": 0.7606
        },
        "val": {
            "0": {
                "precision": 0.7504672897196262,
                "recall": 0.8094758064516129,
                "f1-score": 0.7788554801163918,
                "support": 992.0
            },
            "1": {
                "precision": 0.7997881355932204,
                "recall": 0.738747553816047,
                "f1-score": 0.7680569684638859,
                "support": 1022.0
            },
            "accuracy": 0.7735849056603774,
            "macro avg": {
                "precision": 0.7751277126564233,
                "recall": 0.7741116801338299,
                "f1-score": 0.7734562242901388,
                "support": 2014.0
            },
            "weighted avg": {
                "precision": 0.7754950476554817,
                "recall": 0.7735849056603774,
                "f1-score": 0.7733757984337399,
                "support": 2014.0
            },
            "cross-entropy": 0.5360697855078925,
            "roc-auc": 0.8388921548513351,
            "score": 0.7735849056603774
        },
        "test": {
            "0": {
                "precision": 0.7327967806841046,
                "recall": 0.7805400771538791,
                "f1-score": 0.7559153175591532,
                "support": 2333.0
            },
            "1": {
                "precision": 0.7688487584650113,
                "recall": 0.719476130122518,
                "f1-score": 0.7433435181143606,
                "support": 2367.0
            },
            "accuracy": 0.7497872340425532,
            "macro avg": {
                "precision": 0.750822769574558,
                "recall": 0.7500081036381985,
                "f1-score": 0.7496294178367569,
                "support": 4700.0
            },
            "weighted avg": {
                "precision": 0.7509531703452548,
                "recall": 0.7497872340425532,
                "f1-score": 0.74958394537068,
                "support": 4700.0
            },
            "cross-entropy": 0.5430830723063109,
            "roc-auc": 0.8324205648788139,
            "score": 0.7497872340425532
        }
    },
    "time": "0:00:45.269835",
    "chunk_size": null,
    "eval_batch_size": 32768,
    "heads": [
        3,
        4,
        4,
        4,
        6,
        2
    ],
    "head_selection_time": "0:00:00.336964"
}