{
    "function": "bin.model.main",
    "gpus": [
        "NVIDIA GeForce RTX 4090"
    ],
    "config": {
        "seed": 14,
        "batch_size": 64,
        "patience": 16,
        "n_epochs": -1,
        "gradient_clipping_norm": 1.0,
        "amp": true,
        "data": {
            "cache": true,
            "path": "data/classif-cat-medium-0-KDDCup09_upselling",
            "num_policy": "noisy-quantile",
            "cat_policy": "ordinal"
        },
        "optimizer": {
            "type": "AdamW",
            "lr": 0.0018346400185866374,
            "weight_decay": 0.00022052914442978835
        },
        "model": {
            "p": 54,
            "arch_type": "tabm-rankp",
            "k": 32,
            "share_training_batches": false,
            "backbone": {
                "type": "MLP",
                "n_blocks": 4,
                "d_block": 304,
                "dropout": 0.3619693233115676
            },
            "num_embeddings": {
                "type": "PiecewiseLinearEmbeddingsV2",
                "d_embedding": 24
            }
        },
        "bins": {
            "n_bins": 5
        }
    },
    "n_parameters": 5362688,
    "prediction_type": "probs",
    "epoch_size": 57,
    "best_step": 1254,
    "metrics": {
        "train": {
            "0": {
                "precision": 0.8017883755588674,
                "recall": 0.893687707641196,
                "f1-score": 0.845247446975648,
                "support": 1806.0
            },
            "1": {
                "precision": 0.8781725888324873,
                "recall": 0.776219854178351,
                "f1-score": 0.8240547782077999,
                "support": 1783.0
            },
            "accuracy": 0.8353301755363611,
            "macro avg": {
                "precision": 0.8399804821956773,
                "recall": 0.8349537809097736,
                "f1-score": 0.834651112591724,
                "support": 3589.0
            },
            "weighted avg": {
                "precision": 0.8397357292136081,
                "recall": 0.8353301755363611,
                "f1-score": 0.8347190188861877,
                "support": 3589.0
            },
            "cross-entropy": 0.30665525965873563,
            "roc-auc": 0.9304783581120823,
            "score": 0.8353301755363611
        },
        "val": {
            "0": {
                "precision": 0.7739130434782608,
                "recall": 0.8557692307692307,
                "f1-score": 0.8127853881278538,
                "support": 208.0
            },
            "1": {
                "precision": 0.868995633187773,
                "recall": 0.7928286852589641,
                "f1-score": 0.8291666666666666,
                "support": 251.0
            },
            "accuracy": 0.8213507625272332,
            "macro avg": {
                "precision": 0.8214543383330168,
                "recall": 0.8242989580140974,
                "f1-score": 0.8209760273972602,
                "support": 459.0
            },
            "weighted avg": {
                "precision": 0.8259080979817196,
                "recall": 0.8213507625272332,
                "f1-score": 0.8217433421872047,
                "support": 459.0
            },
            "cross-entropy": 0.4280612708550858,
            "roc-auc": 0.9132412657064051,
            "score": 0.8213507625272332
        },
        "test": {
            "0": {
                "precision": 0.7777777777777778,
                "recall": 0.8558394160583942,
                "f1-score": 0.8149435273675065,
                "support": 548.0
            },
            "1": {
                "precision": 0.8329809725158562,
                "recall": 0.7462121212121212,
                "f1-score": 0.7872127872127873,
                "support": 528.0
            },
            "accuracy": 0.8020446096654275,
            "macro avg": {
                "precision": 0.805379375146817,
                "recall": 0.8010257686352578,
                "f1-score": 0.8010781572901469,
                "support": 1076.0
            },
            "weighted avg": {
                "precision": 0.8048663343035263,
                "recall": 0.8020446096654275,
                "f1-score": 0.8013358779235551,
                "support": 1076.0
            },
            "cross-entropy": 0.5248361992347986,
            "roc-auc": 0.8961461098208361,
            "score": 0.8020446096654275
        }
    },
    "time": "0:00:39.554190",
    "chunk_size": null,
    "eval_batch_size": 32768,
    "heads": [
        9
    ],
    "head_selection_time": "0:00:00.176887"
}