{
    "function": "bin.model.main",
    "gpus": [
        "NVIDIA GeForce RTX 4090"
    ],
    "config": {
        "seed": 0,
        "batch_size": 256,
        "patience": 16,
        "n_epochs": -1,
        "gradient_clipping_norm": 1.0,
        "amp": true,
        "data": {
            "cache": true,
            "path": "data/classif-num-medium-0-bank-marketing",
            "num_policy": "noisy-quantile"
        },
        "optimizer": {
            "type": "AdamW",
            "lr": 0.0006844066457806374,
            "weight_decay": 0.004264431177530564
        },
        "model": {
            "arch_type": "tabrmv2",
            "sample_rate": 0.5235576044883524,
            "k": 96,
            "backbone": {
                "n_blocks": 5,
                "d_block": 144,
                "dropout": 0.031694179688177795
            },
            "num_embeddings": {
                "type": "PeriodicEmbeddings",
                "n_frequencies": 92,
                "d_embedding": 28,
                "frequency_init_scale": 0.1470701741534768,
                "lite": false
            }
        }
    },
    "n_parameters": 992536,
    "prediction_type": "probs",
    "epoch_size": 29,
    "best_step": 319,
    "metrics": {
        "train": {
            "0": {
                "precision": 0.8200757575757576,
                "recall": 0.8121650589496249,
                "f1-score": 0.8161012385568122,
                "support": 3732.0
            },
            "1": {
                "precision": 0.8109492988133765,
                "recall": 0.8188997821350763,
                "f1-score": 0.8149051490514905,
                "support": 3672.0
            },
            "accuracy": 0.815505132360886,
            "macro avg": {
                "precision": 0.815512528194567,
                "recall": 0.8155324205423506,
                "f1-score": 0.8155031938041513,
                "support": 7404.0
            },
            "weighted avg": {
                "precision": 0.8155495073629722,
                "recall": 0.815505132360886,
                "f1-score": 0.8155080401959882,
                "support": 7404.0
            },
            "cross-entropy": 0.408910061016632,
            "roc-auc": 0.8948478112514506,
            "score": 0.815505132360886
        },
        "val": {
            "0": {
                "precision": 0.8292134831460675,
                "recall": 0.8092105263157895,
                "f1-score": 0.8190899001109879,
                "support": 456.0
            },
            "1": {
                "precision": 0.8284023668639053,
                "recall": 0.8467741935483871,
                "f1-score": 0.8374875373878364,
                "support": 496.0
            },
            "accuracy": 0.8287815126050421,
            "macro avg": {
                "precision": 0.8288079250049865,
                "recall": 0.8279923599320883,
                "f1-score": 0.8282887187494121,
                "support": 952.0
            },
            "weighted avg": {
                "precision": 0.8287908847469578,
                "recall": 0.8287815126050421,
                "f1-score": 0.8286752237342199,
                "support": 952.0
            },
            "cross-entropy": 0.4086522880312557,
            "roc-auc": 0.8940029003961517,
            "score": 0.8287815126050421
        },
        "test": {
            "0": {
                "precision": 0.8023360287511231,
                "recall": 0.8110808356039964,
                "f1-score": 0.8066847335140018,
                "support": 1101.0
            },
            "1": {
                "precision": 0.8124436429215509,
                "recall": 0.8037466547725245,
                "f1-score": 0.8080717488789236,
                "support": 1121.0
            },
            "accuracy": 0.8073807380738074,
            "macro avg": {
                "precision": 0.8073898358363369,
                "recall": 0.8074137451882604,
                "f1-score": 0.8073782411964627,
                "support": 2222.0
            },
            "weighted avg": {
                "precision": 0.8074353246489852,
                "recall": 0.8073807380738074,
                "f1-score": 0.8073844833898243,
                "support": 2222.0
            },
            "cross-entropy": 0.43829222550578767,
            "roc-auc": 0.8799076502506439,
            "score": 0.8073807380738074
        }
    },
    "time": "0:00:18.193902",
    "chunk_size": null,
    "eval_batch_size": 32768,
    "heads": [
        25
    ],
    "head_selection_time": "0:00:00.556348"
}