{
    "function": "bin.model.main",
    "gpus": [
        "NVIDIA GeForce RTX 4090"
    ],
    "config": {
        "seed": 9,
        "batch_size": 256,
        "patience": 16,
        "n_epochs": -1,
        "amp": true,
        "data": {
            "cache": true,
            "path": "data/classif-num-medium-0-bank-marketing",
            "num_policy": "noisy-quantile"
        },
        "optimizer": {
            "type": "AdamW",
            "lr": 0.00011249485107978535,
            "weight_decay": 4.336951569920409e-05
        },
        "model": {
            "arch_type": "tabr",
            "k": 1,
            "context_size": 96,
            "d_main": 225,
            "context_dropout": 0.0,
            "d_multiplier": 2.0,
            "encoder_n_blocks": 0,
            "predictor_n_blocks": 2,
            "mixer_normalization": "auto",
            "dropout0": 0.0,
            "dropout1": 0.0,
            "normalization": "LayerNorm",
            "activation": "ReLU",
            "num_embeddings": {
                "type": "PeriodicEmbeddings",
                "n_frequencies": 44,
                "frequency_init_scale": 0.5209585956414842,
                "d_embedding": 30,
                "lite": true
            }
        }
    },
    "n_parameters": 712855,
    "prediction_type": "probs",
    "epoch_size": 29,
    "best_step": 638,
    "metrics": {
        "train": {
            "0": {
                "precision": 0.8780276816608996,
                "recall": 0.8159163987138264,
                "f1-score": 0.8458333333333332,
                "support": 3732.0
            },
            "1": {
                "precision": 0.8254573170731707,
                "recall": 0.8848039215686274,
                "f1-score": 0.8541009463722398,
                "support": 3672.0
            },
            "accuracy": 0.8500810372771475,
            "macro avg": {
                "precision": 0.8517424993670352,
                "recall": 0.850360160141227,
                "f1-score": 0.8499671398527865,
                "support": 7404.0
            },
            "weighted avg": {
                "precision": 0.8519555073272772,
                "recall": 0.8500810372771475,
                "f1-score": 0.8499336406103275,
                "support": 7404.0
            },
            "cross-entropy": 0.34644319202602325,
            "roc-auc": 0.9289660450044015,
            "score": 0.8500810372771475
        },
        "val": {
            "0": {
                "precision": 0.8444976076555024,
                "recall": 0.7741228070175439,
                "f1-score": 0.8077803203661328,
                "support": 456.0
            },
            "1": {
                "precision": 0.8071161048689138,
                "recall": 0.8689516129032258,
                "f1-score": 0.8368932038834951,
                "support": 496.0
            },
            "accuracy": 0.8235294117647058,
            "macro avg": {
                "precision": 0.8258068562622081,
                "recall": 0.8215372099603848,
                "f1-score": 0.8223367621248139,
                "support": 952.0
            },
            "weighted avg": {
                "precision": 0.8250215305734142,
                "recall": 0.8235294117647058,
                "f1-score": 0.8229483773247586,
                "support": 952.0
            },
            "cross-entropy": 0.4231766398217999,
            "roc-auc": 0.8858145868704017,
            "score": 0.8235294117647058
        },
        "test": {
            "0": {
                "precision": 0.8051330798479087,
                "recall": 0.7693006357856494,
                "f1-score": 0.7868091035764051,
                "support": 1101.0
            },
            "1": {
                "precision": 0.7829059829059829,
                "recall": 0.8171275646743978,
                "f1-score": 0.7996508075076385,
                "support": 1121.0
            },
            "accuracy": 0.7934293429342935,
            "macro avg": {
                "precision": 0.7940195313769458,
                "recall": 0.7932141002300237,
                "f1-score": 0.7932299555420218,
                "support": 2222.0
            },
            "weighted avg": {
                "precision": 0.7939194994375132,
                "recall": 0.7934293429342935,
                "f1-score": 0.793287748989057,
                "support": 2222.0
            },
            "cross-entropy": 0.4465318429452796,
            "roc-auc": 0.8746991017005867,
            "score": 0.7934293429342935
        }
    },
    "time": "0:00:18.850096",
    "chunk_size": null,
    "eval_batch_size": 32768
}