{
    "function": "bin.model.main",
    "gpus": [
        "NVIDIA GeForce RTX 4090"
    ],
    "config": {
        "seed": 4,
        "batch_size": 1024,
        "patience": 16,
        "n_epochs": -1,
        "gradient_clipping_norm": 1.0,
        "amp": true,
        "data": {
            "cache": true,
            "path": "data/ecom-offers",
            "num_policy": "noisy-quantile"
        },
        "optimizer": {
            "type": "AdamW",
            "lr": 0.0018706813990991874,
            "weight_decay": 0.0
        },
        "model": {
            "arch_type": "taba",
            "k": 32,
            "share_training_batches": false,
            "backbone": {
                "type": "MLP",
                "n_blocks": 6,
                "d_block": 960,
                "dropout": 0.0
            },
            "num_embeddings": {
                "type": "PiecewiseLinearEmbeddingsV2",
                "d_embedding": 16
            }
        },
        "bins": {
            "n_bins": 58
        }
    },
    "n_parameters": 2160192,
    "prediction_type": "probs",
    "epoch_size": 107,
    "best_step": 428,
    "metrics": {
        "train": {
            "0": {
                "precision": 0.7902940100506383,
                "recall": 0.9751957138953896,
                "f1-score": 0.8730623813499385,
                "support": 84179.0
            },
            "1": {
                "precision": 0.6180720687762942,
                "recall": 0.13428980208250538,
                "f1-score": 0.2206405693950178,
                "support": 25162.0
            },
            "accuracy": 0.7816829917414327,
            "macro avg": {
                "precision": 0.7041830394134663,
                "recall": 0.5547427579889475,
                "f1-score": 0.5468514753724781,
                "support": 109341.0
            },
            "weighted avg": {
                "precision": 0.7506615895830638,
                "recall": 0.7816829917414327,
                "f1-score": 0.7229243943879597,
                "support": 109341.0
            },
            "cross-entropy": 0.48315220957035404,
            "roc-auc": 0.7155911993469573,
            "score": 0.7155911993469573
        },
        "val": {
            "0": {
                "precision": 0.6562119366626066,
                "recall": 0.9720969197061476,
                "f1-score": 0.7835142575183088,
                "support": 15518.0
            },
            "1": {
                "precision": 0.6598586017282011,
                "recall": 0.09607686148919135,
                "f1-score": 0.16773162939297126,
                "support": 8743.0
            },
            "accuracy": 0.6564032809859445,
            "macro avg": {
                "precision": 0.6580352691954039,
                "recall": 0.5340868905976695,
                "f1-score": 0.47562294345564005,
                "support": 24261.0
            },
            "weighted avg": {
                "precision": 0.6575260948864429,
                "recall": 0.6564032809859445,
                "f1-score": 0.5616030618668588,
                "support": 24261.0
            },
            "cross-entropy": 0.8200553342593865,
            "roc-auc": 0.6174845866050822,
            "score": 0.6174845866050822
        },
        "test": {
            "0": {
                "precision": 0.6463707490897823,
                "recall": 0.9861718472993736,
                "f1-score": 0.7809078146934956,
                "support": 16922.0
            },
            "1": {
                "precision": 0.6326530612244898,
                "recall": 0.04227420539179692,
                "f1-score": 0.07925270403146509,
                "support": 9533.0
            },
            "accuracy": 0.6460404460404461,
            "macro avg": {
                "precision": 0.6395119051571361,
                "recall": 0.5142230263455853,
                "f1-score": 0.43008025936248034,
                "support": 26455.0
            },
            "weighted avg": {
                "precision": 0.6414276109903745,
                "recall": 0.6460404460404461,
                "f1-score": 0.5280679670298729,
                "support": 26455.0
            },
            "cross-entropy": 0.956157489512927,
            "roc-auc": 0.5866500777169603,
            "score": 0.5866500777169603
        }
    },
    "time": "0:01:23.604272",
    "chunk_size": null,
    "eval_batch_size": 32768
}