{
    "function": "bin.model.main",
    "gpus": [
        "NVIDIA GeForce RTX 4090"
    ],
    "config": {
        "seed": 8,
        "batch_size": 512,
        "patience": 16,
        "n_epochs": -1,
        "gradient_clipping_norm": 1.0,
        "amp": true,
        "data": {
            "cache": true,
            "path": "data/classif-num-large-0-jannis",
            "num_policy": "noisy-quantile"
        },
        "optimizer": {
            "type": "AdamW",
            "lr": 0.001945476703008809,
            "weight_decay": 0.038885595252970674
        },
        "model": {
            "arch_type": "taba",
            "k": 32,
            "share_training_batches": false,
            "backbone": {
                "type": "MLP",
                "n_blocks": 8,
                "d_block": 416,
                "dropout": 0.0
            },
            "num_embeddings": {
                "type": "PiecewiseLinearEmbeddingsV2",
                "d_embedding": 24
            }
        },
        "bins": {
            "n_bins": 2
        }
    },
    "n_parameters": 810864,
    "prediction_type": "probs",
    "epoch_size": 79,
    "best_step": 3555,
    "metrics": {
        "train": {
            "0": {
                "precision": 0.8217219348950411,
                "recall": 0.803271375464684,
                "f1-score": 0.8123919091661028,
                "support": 20175.0
            },
            "1": {
                "precision": 0.8071803342401865,
                "recall": 0.8253439968208236,
                "f1-score": 0.8161611199803511,
                "support": 20131.0
            },
            "accuracy": 0.8142956383664963,
            "macro avg": {
                "precision": 0.8144511345676138,
                "recall": 0.8143076861427538,
                "f1-score": 0.8142765145732269,
                "support": 40306.0
            },
            "weighted avg": {
                "precision": 0.8144590717286917,
                "recall": 0.8142956383664963,
                "f1-score": 0.8142744572458337,
                "support": 40306.0
            },
            "cross-entropy": 0.4079986937184981,
            "roc-auc": 0.8949012789032335,
            "score": 0.8142956383664963
        },
        "val": {
            "0": {
                "precision": 0.8,
                "recall": 0.7800312012480499,
                "f1-score": 0.7898894154818326,
                "support": 2564.0
            },
            "1": {
                "precision": 0.7897091722595079,
                "recall": 0.8090145148968678,
                "f1-score": 0.7992452830188679,
                "support": 2618.0
            },
            "accuracy": 0.7946738710922424,
            "macro avg": {
                "precision": 0.794854586129754,
                "recall": 0.7945228580724588,
                "f1-score": 0.7945673492503502,
                "support": 5182.0
            },
            "weighted avg": {
                "precision": 0.7948009673823605,
                "recall": 0.7946738710922424,
                "f1-score": 0.794616096533928,
                "support": 5182.0
            },
            "cross-entropy": 0.4502380590670936,
            "roc-auc": 0.8701972066659596,
            "score": 0.7946738710922424
        },
        "test": {
            "0": {
                "precision": 0.7946851726472579,
                "recall": 0.7759048091224591,
                "f1-score": 0.7851827075842461,
                "support": 6051.0
            },
            "1": {
                "precision": 0.7807244501940491,
                "recall": 0.7992054295646416,
                "f1-score": 0.7898568507157463,
                "support": 6041.0
            },
            "accuracy": 0.7875454846179292,
            "macro avg": {
                "precision": 0.7877048114206535,
                "recall": 0.7875551193435504,
                "f1-score": 0.7875197791499962,
                "support": 12092.0
            },
            "weighted avg": {
                "precision": 0.7877105841308971,
                "recall": 0.7875454846179292,
                "f1-score": 0.7875178464080465,
                "support": 12092.0
            },
            "cross-entropy": 0.4603264702374367,
            "roc-auc": 0.8646471881902356,
            "score": 0.7875454846179292
        }
    },
    "time": "0:00:52.081671",
    "chunk_size": null,
    "eval_batch_size": 32768,
    "heads": [
        19
    ],
    "head_selection_time": "0:00:00.385013"
}