{
    "function": "bin.model.main",
    "gpus": [
        "NVIDIA GeForce RTX 4090"
    ],
    "config": {
        "seed": 7,
        "batch_size": 256,
        "patience": 16,
        "n_epochs": -1,
        "amp": true,
        "data": {
            "cache": true,
            "path": "data/churn",
            "num_policy": "noisy-quantile",
            "cat_policy": "ordinal"
        },
        "optimizer": {
            "type": "AdamW",
            "lr": 0.0005440782146491709,
            "weight_decay": 0.0
        },
        "model": {
            "is_multihead": true,
            "arch_type": "tabr-pln",
            "k": 32,
            "context_size": 96,
            "d_main": 97,
            "context_dropout": 0.0,
            "d_multiplier": 2.0,
            "encoder_n_blocks": 0,
            "predictor_n_blocks": 1,
            "mixer_normalization": "auto",
            "dropout0": 0.0020270239971220683,
            "dropout1": 0.0,
            "normalization": "LayerNorm",
            "activation": "ReLU",
            "num_embeddings": {
                "type": "PeriodicEmbeddings",
                "n_frequencies": 43,
                "frequency_init_scale": 0.010007385532741785,
                "d_embedding": 45,
                "lite": true
            }
        }
    },
    "n_parameters": 139886,
    "prediction_type": "probs",
    "epoch_size": 25,
    "best_step": 750,
    "metrics": {
        "train": {
            "0": {
                "precision": 0.8724077328646749,
                "recall": 0.9740973312401884,
                "f1-score": 0.9204524383460041,
                "support": 5096.0
            },
            "1": {
                "precision": 0.8140845070422535,
                "recall": 0.4432515337423313,
                "f1-score": 0.5739821251241312,
                "support": 1304.0
            },
            "accuracy": 0.8659375,
            "macro avg": {
                "precision": 0.8432461199534642,
                "recall": 0.7086744324912598,
                "f1-score": 0.7472172817350676,
                "support": 6400.0
            },
            "weighted avg": {
                "precision": 0.8605243756033565,
                "recall": 0.8659375,
                "f1-score": 0.8498591120270476,
                "support": 6400.0
            },
            "cross-entropy": 0.3217408799652205,
            "roc-auc": 0.8782339962294498,
            "score": 0.8659375
        },
        "val": {
            "0": {
                "precision": 0.8741258741258742,
                "recall": 0.9811616954474097,
                "f1-score": 0.9245562130177516,
                "support": 1274.0
            },
            "1": {
                "precision": 0.8588235294117647,
                "recall": 0.44785276073619634,
                "f1-score": 0.5887096774193549,
                "support": 326.0
            },
            "accuracy": 0.8725,
            "macro avg": {
                "precision": 0.8664747017688195,
                "recall": 0.714507228091803,
                "f1-score": 0.7566329452185532,
                "support": 1600.0
            },
            "weighted avg": {
                "precision": 0.8710080213903744,
                "recall": 0.8725,
                "f1-score": 0.8561274813895783,
                "support": 1600.0
            },
            "cross-entropy": 0.3356944454543121,
            "roc-auc": 0.8621822962313761,
            "score": 0.8725
        },
        "test": {
            "0": {
                "precision": 0.8660366870483602,
                "recall": 0.9780288763339611,
                "f1-score": 0.9186320754716981,
                "support": 1593.0
            },
            "1": {
                "precision": 0.8258706467661692,
                "recall": 0.40786240786240785,
                "f1-score": 0.5460526315789473,
                "support": 407.0
            },
            "accuracy": 0.862,
            "macro avg": {
                "precision": 0.8459536669072647,
                "recall": 0.6929456420981844,
                "f1-score": 0.7323423535253227,
                "support": 2000.0
            },
            "weighted avg": {
                "precision": 0.8578628978509344,
                "recall": 0.862,
                "f1-score": 0.8428121586395234,
                "support": 2000.0
            },
            "cross-entropy": 0.3473013060468769,
            "roc-auc": 0.8545078206095154,
            "score": 0.862
        }
    },
    "time": "0:00:22.217884",
    "chunk_size": null,
    "eval_batch_size": 32768,
    "heads": [
        19
    ],
    "head_selection_time": "0:00:00.559333"
}