{
    "function": "bin.model.main",
    "gpus": [
        "NVIDIA GeForce RTX 4090"
    ],
    "config": {
        "seed": 14,
        "batch_size": 256,
        "patience": 16,
        "n_epochs": -1,
        "gradient_clipping_norm": 1.0,
        "amp": true,
        "data": {
            "cache": true,
            "path": "data/classif-num-medium-2-bank-marketing",
            "num_policy": "noisy-quantile"
        },
        "optimizer": {
            "type": "AdamW",
            "lr": 5.238568833415503e-05,
            "weight_decay": 0.0002597459914786609
        },
        "model": {
            "arch_type": "tabrmv2",
            "sample_rate": 0.1581202989240294,
            "k": 64,
            "backbone": {
                "n_blocks": 4,
                "d_block": 96,
                "dropout": 0.0
            },
            "num_embeddings": {
                "type": "PiecewiseLinearEmbeddingsV2",
                "d_embedding": 32
            }
        },
        "bins": {
            "n_bins": 61
        }
    },
    "n_parameters": 374112,
    "prediction_type": "probs",
    "epoch_size": 29,
    "best_step": 522,
    "metrics": {
        "train": {
            "0": {
                "precision": 0.8310829429594929,
                "recall": 0.8153555014868884,
                "f1-score": 0.8231441048034934,
                "support": 3699.0
            },
            "1": {
                "precision": 0.8190728476821192,
                "recall": 0.8345479082321188,
                "f1-score": 0.8267379679144385,
                "support": 3705.0
            },
            "accuracy": 0.8249594813614263,
            "macro avg": {
                "precision": 0.825077895320806,
                "recall": 0.8249517048595036,
                "f1-score": 0.824941036358966,
                "support": 7404.0
            },
            "weighted avg": {
                "precision": 0.8250730289937083,
                "recall": 0.8249594813614263,
                "f1-score": 0.8249424925433706,
                "support": 7404.0
            },
            "cross-entropy": 0.3915064776914366,
            "roc-auc": 0.903899000313394,
            "score": 0.8249594813614263
        },
        "val": {
            "0": {
                "precision": 0.8203991130820399,
                "recall": 0.7991360691144709,
                "f1-score": 0.8096280087527353,
                "support": 463.0
            },
            "1": {
                "precision": 0.8143712574850299,
                "recall": 0.8343558282208589,
                "f1-score": 0.8242424242424243,
                "support": 489.0
            },
            "accuracy": 0.8172268907563025,
            "macro avg": {
                "precision": 0.817385185283535,
                "recall": 0.8167459486676649,
                "f1-score": 0.8169352164975798,
                "support": 952.0
            },
            "weighted avg": {
                "precision": 0.8173028721293741,
                "recall": 0.8172268907563025,
                "f1-score": 0.8171347830956533,
                "support": 952.0
            },
            "cross-entropy": 0.43948260179925497,
            "roc-auc": 0.8792153069472234,
            "score": 0.8172268907563025
        },
        "test": {
            "0": {
                "precision": 0.8042086001829826,
                "recall": 0.7799467613132209,
                "f1-score": 0.7918918918918918,
                "support": 1127.0
            },
            "1": {
                "precision": 0.7803365810451727,
                "recall": 0.8045662100456621,
                "f1-score": 0.7922661870503597,
                "support": 1095.0
            },
            "accuracy": 0.7920792079207921,
            "macro avg": {
                "precision": 0.7922725906140776,
                "recall": 0.7922564856794415,
                "f1-score": 0.7920790394711257,
                "support": 2222.0
            },
            "weighted avg": {
                "precision": 0.7924444863414426,
                "recall": 0.7920792079207921,
                "f1-score": 0.7920763442764652,
                "support": 2222.0
            },
            "cross-entropy": 0.4498621817106852,
            "roc-auc": 0.8728531317232073,
            "score": 0.7920792079207921
        }
    },
    "time": "0:00:21.653351",
    "chunk_size": null,
    "eval_batch_size": 32768,
    "heads": [
        11
    ],
    "head_selection_time": "0:00:00.370980"
}