{
    "function": "bin.model.main",
    "gpus": [
        "NVIDIA GeForce RTX 4090"
    ],
    "config": {
        "seed": 9,
        "batch_size": 512,
        "patience": 16,
        "n_epochs": -1,
        "gradient_clipping_norm": 1.0,
        "amp": true,
        "data": {
            "cache": true,
            "path": "data/otto"
        },
        "optimizer": {
            "type": "AdamW",
            "lr": 0.00010643036335747467,
            "weight_decay": 0.0
        },
        "model": {
            "arch_type": "tabrm",
            "sample_rate": 0.12326876001318109,
            "k": 48,
            "backbone": {
                "n_blocks": 1,
                "d_block": 512,
                "dropout": 0.48755694663902815
            },
            "num_embeddings": {
                "type": "PiecewiseLinearEmbeddingsV2",
                "d_embedding": 32
            }
        },
        "bins": {
            "n_bins": 101
        }
    },
    "n_parameters": 3594576,
    "prediction_type": "probs",
    "epoch_size": 78,
    "best_step": 1872,
    "metrics": {
        "train": {
            "0": {
                "precision": 0.9324932493249325,
                "recall": 0.8388663967611336,
                "f1-score": 0.8832054560954816,
                "support": 1235.0
            },
            "1": {
                "precision": 0.8703635695923614,
                "recall": 0.918782709827486,
                "f1-score": 0.8939179632248939,
                "support": 10318.0
            },
            "2": {
                "precision": 0.7930760047751692,
                "recall": 0.7782116360796564,
                "f1-score": 0.7855735120220734,
                "support": 5122.0
            },
            "3": {
                "precision": 0.9643134212567882,
                "recall": 0.721835075493612,
                "f1-score": 0.8256393224842246,
                "support": 1722.0
            },
            "4": {
                "precision": 0.9801812004530012,
                "recall": 0.9874500855675984,
                "f1-score": 0.9838022165387894,
                "support": 1753.0
            },
            "5": {
                "precision": 0.9849434003736675,
                "recall": 0.990714127791289,
                "f1-score": 0.987820336180766,
                "support": 9046.0
            },
            "6": {
                "precision": 0.9378531073446328,
                "recall": 0.9135938359933957,
                "f1-score": 0.9255645386116532,
                "support": 1817.0
            },
            "7": {
                "precision": 0.9734966185340889,
                "recall": 0.9832010337825364,
                "f1-score": 0.9783247612049963,
                "support": 5417.0
            },
            "8": {
                "precision": 0.9546742209631728,
                "recall": 0.956480605487228,
                "f1-score": 0.9555765595463138,
                "support": 3171.0
            },
            "accuracy": 0.9206080654528926,
            "macro avg": {
                "precision": 0.932377199179757,
                "recall": 0.8987928340871039,
                "f1-score": 0.9132694073232437,
                "support": 39601.0
            },
            "weighted avg": {
                "precision": 0.9213797974628359,
                "recall": 0.9206080654528926,
                "f1-score": 0.9199656584388571,
                "support": 39601.0
            },
            "cross-entropy": 0.21560336474112363,
            "score": 0.9206080654528926
        },
        "val": {
            "0": {
                "precision": 0.6723404255319149,
                "recall": 0.512987012987013,
                "f1-score": 0.58195211786372,
                "support": 308.0
            },
            "1": {
                "precision": 0.7598299681190224,
                "recall": 0.8313953488372093,
                "f1-score": 0.7940033314825099,
                "support": 2580.0
            },
            "2": {
                "precision": 0.6029532403609515,
                "recall": 0.5737704918032787,
                "f1-score": 0.588,
                "support": 1281.0
            },
            "3": {
                "precision": 0.7457044673539519,
                "recall": 0.5034802784222738,
                "f1-score": 0.6011080332409973,
                "support": 431.0
            },
            "4": {
                "precision": 0.9681093394077449,
                "recall": 0.9703196347031964,
                "f1-score": 0.9692132269099202,
                "support": 438.0
            },
            "5": {
                "precision": 0.9310043668122271,
                "recall": 0.9425287356321839,
                "f1-score": 0.9367311072056239,
                "support": 2262.0
            },
            "6": {
                "precision": 0.7135922330097088,
                "recall": 0.6475770925110133,
                "f1-score": 0.6789838337182448,
                "support": 454.0
            },
            "7": {
                "precision": 0.9073941134242641,
                "recall": 0.9335302806499262,
                "f1-score": 0.9202766654532216,
                "support": 1354.0
            },
            "8": {
                "precision": 0.8573216520650814,
                "recall": 0.8638083228247163,
                "f1-score": 0.8605527638190955,
                "support": 793.0
            },
            "accuracy": 0.8135541864458136,
            "macro avg": {
                "precision": 0.7953610895649853,
                "recall": 0.7532663553745345,
                "f1-score": 0.7700912310770369,
                "support": 9901.0
            },
            "weighted avg": {
                "precision": 0.8103854395498596,
                "recall": 0.8135541864458136,
                "f1-score": 0.8100402156327366,
                "support": 9901.0
            },
            "cross-entropy": 0.5737963368258672,
            "score": 0.8135541864458136
        },
        "test": {
            "0": {
                "precision": 0.7014388489208633,
                "recall": 0.5051813471502591,
                "f1-score": 0.5873493975903614,
                "support": 386.0
            },
            "1": {
                "precision": 0.7560696943730363,
                "recall": 0.8210297766749379,
                "f1-score": 0.7872118959107807,
                "support": 3224.0
            },
            "2": {
                "precision": 0.5811345646437994,
                "recall": 0.5502810743285447,
                "f1-score": 0.5652871350657684,
                "support": 1601.0
            },
            "3": {
                "precision": 0.7315789473684211,
                "recall": 0.516728624535316,
                "f1-score": 0.6056644880174292,
                "support": 538.0
            },
            "4": {
                "precision": 0.9689213893967094,
                "recall": 0.9671532846715328,
                "f1-score": 0.9680365296803652,
                "support": 548.0
            },
            "5": {
                "precision": 0.9338670379394362,
                "recall": 0.9490626105412098,
                "f1-score": 0.9414035087719298,
                "support": 2827.0
            },
            "6": {
                "precision": 0.7294117647058823,
                "recall": 0.6549295774647887,
                "f1-score": 0.6901669758812616,
                "support": 568.0
            },
            "7": {
                "precision": 0.9010297482837528,
                "recall": 0.9303012404016539,
                "f1-score": 0.9154315605928508,
                "support": 1693.0
            },
            "8": {
                "precision": 0.852394916911046,
                "recall": 0.8799192734611504,
                "f1-score": 0.8659384309831182,
                "support": 991.0
            },