{
    "function": "bin.model.main",
    "gpus": [
        "NVIDIA GeForce RTX 4090"
    ],
    "config": {
        "seed": 9,
        "batch_size": 128,
        "patience": 16,
        "n_epochs": -1,
        "gradient_clipping_norm": 1.0,
        "amp": true,
        "data": {
            "cache": true,
            "path": "data/regression-num-medium-2-cpu_act",
            "num_policy": "noisy-quantile"
        },
        "optimizer": {
            "type": "AdamW",
            "lr": 0.0023054966137996775,
            "weight_decay": 0.00010307284304274608
        },
        "model": {
            "arch_type": "tabm-mini",
            "k": 32,
            "share_training_batches": false,
            "backbone": {
                "type": "MLP",
                "n_blocks": 4,
                "d_block": 608,
                "dropout": 0.13970849364012822
            },
            "num_embeddings": {
                "type": "PiecewiseLinearEmbeddingsV2",
                "d_embedding": 12
            }
        },
        "bins": {
            "n_bins": 31
        }
    },
    "n_parameters": 1300256,
    "prediction_type": "labels",
    "epoch_size": 45,
    "best_step": 2925,
    "metrics": {
        "train": {
            "rmse": 0.778380770949667,
            "mae": 0.5967981219291687,
            "r2": 0.9981689371867246,
            "score": -0.778380770949667
        },
        "val": {
            "rmse": 2.064554636037595,
            "mae": 1.459822177886963,
            "r2": 0.9898299562373084,
            "score": -2.064554636037595
        },
        "test": {
            "rmse": 2.2171975735737286,
            "mae": 1.5645322799682617,
            "r2": 0.985055861885488,
            "score": -2.2171975735737286
        }
    },
    "time": "0:00:43.320174",
    "chunk_size": null,
    "eval_batch_size": 32768,
    "heads": [
        20,
        17,
        5,
        12,
        8,
        15,
        12
    ],
    "head_selection_time": "0:00:00.171797"
}