{
    "function": "bin.model.main",
    "gpus": [
        "NVIDIA GeForce RTX 4090"
    ],
    "config": {
        "seed": 3,
        "batch_size": 32,
        "patience": 16,
        "n_epochs": -1,
        "gradient_clipping_norm": 1.0,
        "amp": true,
        "data": {
            "cache": true,
            "path": "data/classif-num-medium-4-wine",
            "num_policy": "noisy-quantile"
        },
        "optimizer": {
            "type": "AdamW",
            "lr": 0.002970849467456469,
            "weight_decay": 0.055704931366738035
        },
        "model": {
            "arch_type": "taba",
            "k": 32,
            "share_training_batches": false,
            "backbone": {
                "type": "MLP",
                "n_blocks": 7,
                "d_block": 1024,
                "dropout": 0.0
            },
            "num_embeddings": {
                "type": "PiecewiseLinearEmbeddingsV2",
                "d_embedding": 20
            }
        },
        "bins": {
            "n_bins": 2
        }
    },
    "n_parameters": 724564,
    "prediction_type": "probs",
    "epoch_size": 56,
    "best_step": 1680,
    "metrics": {
        "train": {
            "0": {
                "precision": 0.8245989304812834,
                "recall": 0.8576195773081201,
                "f1-score": 0.8407851690294438,
                "support": 899.0
            },
            "1": {
                "precision": 0.8497652582159625,
                "recall": 0.8153153153153153,
                "f1-score": 0.8321839080459771,
                "support": 888.0
            },
            "accuracy": 0.8365976496922216,
            "macro avg": {
                "precision": 0.837182094348623,
                "recall": 0.8364674463117177,
                "f1-score": 0.8364845385377104,
                "support": 1787.0
            },
            "weighted avg": {
                "precision": 0.837104637827895,
                "recall": 0.8365976496922216,
                "f1-score": 0.8365110113611066,
                "support": 1787.0
            },
            "cross-entropy": 0.36414017899894663,
            "roc-auc": 0.9231691368788143,
            "score": 0.8365976496922216
        },
        "val": {
            "0": {
                "precision": 0.85,
                "recall": 0.8429752066115702,
                "f1-score": 0.846473029045643,
                "support": 121.0
            },
            "1": {
                "precision": 0.8272727272727273,
                "recall": 0.8348623853211009,
                "f1-score": 0.8310502283105023,
                "support": 109.0
            },
            "accuracy": 0.8391304347826087,
            "macro avg": {
                "precision": 0.8386363636363636,
                "recall": 0.8389187959663356,
                "f1-score": 0.8387616286780727,
                "support": 230.0
            },
            "weighted avg": {
                "precision": 0.8392292490118576,
                "recall": 0.8391304347826087,
                "f1-score": 0.8391639626102937,
                "support": 230.0
            },
            "cross-entropy": 0.43649118586457053,
            "roc-auc": 0.8796724543179923,
            "score": 0.8391304347826087
        },
        "test": {
            "0": {
                "precision": 0.7657992565055762,
                "recall": 0.8015564202334631,
                "f1-score": 0.7832699619771863,
                "support": 257.0
            },
            "1": {
                "precision": 0.8097014925373134,
                "recall": 0.775,
                "f1-score": 0.791970802919708,
                "support": 280.0
            },
            "accuracy": 0.7877094972067039,
            "macro avg": {
                "precision": 0.7877503745214448,
                "recall": 0.7882782101167316,
                "f1-score": 0.7876203824484471,
                "support": 537.0
            },
            "weighted avg": {
                "precision": 0.7886905527604857,
                "recall": 0.7877094972067039,
                "f1-score": 0.7878067133066203,
                "support": 537.0
            },
            "cross-entropy": 0.483759207636771,
            "roc-auc": 0.8485825458588104,
            "score": 0.7877094972067039
        }
    },
    "time": "0:00:17.878069",
    "chunk_size": null,
    "eval_batch_size": 32768,
    "heads": [
        17,
        2,
        31,
        23
    ],
    "head_selection_time": "0:00:00.879226"
}