{
    "function": "bin.ensemble.main",
    "config": {
        "seeds": [
            0,
            1,
            2,
            3,
            4
        ],
        "data": {
            "path": "data/sberbank-housing"
        }
    },
    "single_model_function": "bin.model.main",
    "prediction_type": "labels",
    "metrics": {
        "train": {
            "rmse": 0.26233225412724404,
            "mae": 0.13811339437961578,
            "r2": 0.5603397453062551,
            "score": -0.26233225412724404
        },
        "val": {
            "rmse": 0.2473289508091246,
            "mae": 0.14172206819057465,
            "r2": 0.5913973693368394,
            "score": -0.2473289508091246
        },
        "test": {
            "rmse": 0.2913073926869568,
            "mae": 0.22021016478538513,
            "r2": 0.4201140659770014,
            "score": -0.2913073926869568
        }
    }
}