{
    "function": "bin.model.main",
    "gpus": [
        "NVIDIA GeForce RTX 4090"
    ],
    "config": {
        "seed": 13,
        "batch_size": 256,
        "patience": 16,
        "n_epochs": -1,
        "gradient_clipping_norm": 1.0,
        "amp": true,
        "data": {
            "cache": true,
            "path": "data/sberbank-housing",
            "num_policy": "noisy-quantile",
            "cat_policy": "ordinal"
        },
        "optimizer": {
            "type": "AdamW",
            "lr": 0.002220165273618292,
            "weight_decay": 0.001131542716814749
        },
        "model": {
            "arch_type": "taba",
            "k": 32,
            "share_training_batches": false,
            "backbone": {
                "type": "MLP",
                "n_blocks": 5,
                "d_block": 736,
                "dropout": 0.29458541030872853
            },
            "num_embeddings": {
                "type": "PiecewiseLinearEmbeddingsV2",
                "d_embedding": 32
            }
        },
        "bins": {
            "n_bins": 91
        }
    },
    "n_parameters": 10430112,
    "prediction_type": "labels",
    "epoch_size": 74,
    "best_step": 962,
    "metrics": {
        "train": {
            "rmse": 0.23630451841124775,
            "mae": 0.12462493777275085,
            "r2": 0.6432549963218213,
            "score": -0.23630451841124775
        },
        "val": {
            "rmse": 0.23678631148882556,
            "mae": 0.1294628083705902,
            "r2": 0.6254891014753352,
            "score": -0.23678631148882556
        },
        "test": {
            "rmse": 0.2358829703695125,
            "mae": 0.14663200080394745,
            "r2": 0.6197819322439162,
            "score": -0.2358829703695125
        }
    },
    "time": "0:01:35.522011",
    "chunk_size": null,
    "eval_batch_size": 32768
}