{
    "function": "bin.qtab.main",
    "gpus": [
        "NVIDIA GeForce RTX 4090"
    ],
    "config": {
        "seed": 2,
        "batch_size": 256,
        "patience": 16,
        "n_epochs": -1,
        "amp": true,
        "data": {
            "cache": true,
            "path": "data/sberbank-housing",
            "num_policy": "noisy-quantile",
            "cat_policy": "ordinal"
        },
        "optimizer": {
            "type": "AdamW",
            "lr": 0.0009277657330477261,
            "weight_decay": 0.0
        },
        "model": {
            "distance_metric": "cossim",
            "encoder_n_blocks": 1,
            "temperature": 0.01,
            "momentum": 0.999,
            "queue_ratio": 64,
            "d_main": 1024,
            "d_multiplier": 2.0,
            "mixer_normalization": "auto",
            "dropout0": 0.08601197244542784,
            "dropout1": 0.0,
            "normalization": "LayerNorm",
            "activation": "ReLU",
            "num_embeddings": {
                "type": "PeriodicEmbeddings",
                "n_frequencies": 92,
                "frequency_init_scale": 1.2229065947034368,
                "d_embedding": 36,
                "lite": true
            }
        }
    },
    "n_parameters": 17895728,
    "prediction_type": "labels",
    "epoch_size": 74,
    "best_step": 740,
    "metrics": {
        "train": {
            "rmse": 0.22662572964962688,
            "mae": 0.11684218049049377,
            "r2": 0.6718803243287106,
            "score": -0.22662572964962688
        },
        "val": {
            "rmse": 0.24656259441253056,
            "mae": 0.137839674949646,
            "r2": 0.5939255898075715,
            "score": -0.24656259441253056
        },
        "test": {
            "rmse": 0.27689308839357335,
            "mae": 0.19328688085079193,
            "r2": 0.4760814431311341,
            "score": -0.27689308839357335
        }
    },
    "time": "0:00:31.527099",
    "chunk_size": null,
    "eval_batch_size": 32768
}