{
    "function": "bin.model.main",
    "gpus": [
        "NVIDIA GeForce RTX 4090"
    ],
    "config": {
        "seed": 4,
        "batch_size": 32,
        "patience": 16,
        "n_epochs": -1,
        "gradient_clipping_norm": 1.0,
        "amp": true,
        "data": {
            "cache": true,
            "path": "data/classif-num-medium-3-wine",
            "num_policy": "noisy-quantile"
        },
        "optimizer": {
            "type": "AdamW",
            "lr": 0.00021602931259153413,
            "weight_decay": 0.092615036019135
        },
        "model": {
            "arch_type": "tabrmv2-mini",
            "sample_rate": 0.14597217121271658,
            "k": 80,
            "backbone": {
                "n_blocks": 1,
                "d_block": 96,
                "dropout": 0.0
            },
            "num_embeddings": {
                "type": "PeriodicEmbeddings",
                "n_frequencies": 44,
                "d_embedding": 32,
                "frequency_init_scale": 0.3046858061652897,
                "lite": false
            }
        }
    },
    "n_parameters": 168004,
    "prediction_type": "probs",
    "epoch_size": 56,
    "best_step": 1512,
    "metrics": {
        "train": {
            "0": {
                "precision": 0.7956852791878173,
                "recall": 0.6958934517203108,
                "f1-score": 0.7424511545293072,
                "support": 901.0
            },
            "1": {
                "precision": 0.7257257257257257,
                "recall": 0.8182844243792325,
                "f1-score": 0.7692307692307693,
                "support": 886.0
            },
            "accuracy": 0.7565752658086178,
            "macro avg": {
                "precision": 0.7607055024567715,
                "recall": 0.7570889380497716,
                "f1-score": 0.7558409618800382,
                "support": 1787.0
            },
            "weighted avg": {
                "precision": 0.7609991211758346,
                "recall": 0.7565752658086178,
                "f1-score": 0.7557285684215822,
                "support": 1787.0
            },
            "cross-entropy": 0.4967864947830651,
            "roc-auc": 0.8347584700220221,
            "score": 0.7565752658086178
        },
        "val": {
            "0": {
                "precision": 0.8080808080808081,
                "recall": 0.7079646017699115,
                "f1-score": 0.7547169811320754,
                "support": 113.0
            },
            "1": {
                "precision": 0.7480916030534351,
                "recall": 0.8376068376068376,
                "f1-score": 0.7903225806451614,
                "support": 117.0
            },
            "accuracy": 0.7739130434782608,
            "macro avg": {
                "precision": 0.7780862055671216,
                "recall": 0.7727857196883745,
                "f1-score": 0.7725197808886184,
                "support": 230.0
            },
            "weighted avg": {
                "precision": 0.777564560306014,
                "recall": 0.7739130434782608,
                "f1-score": 0.7728293947974278,
                "support": 230.0
            },
            "cross-entropy": 0.5346626348514069,
            "roc-auc": 0.7924892216927615,
            "score": 0.7739130434782608
        },
        "test": {
            "0": {
                "precision": 0.783410138248848,
                "recall": 0.6463878326996197,
                "f1-score": 0.7083333333333334,
                "support": 263.0
            },
            "1": {
                "precision": 0.709375,
                "recall": 0.8284671532846716,
                "f1-score": 0.7643097643097643,
                "support": 274.0
            },
            "accuracy": 0.7392923649906891,
            "macro avg": {
                "precision": 0.746392569124424,
                "recall": 0.7374274929921456,
                "f1-score": 0.7363215488215489,
                "support": 537.0
            },
            "weighted avg": {
                "precision": 0.7456342948965493,
                "recall": 0.7392923649906891,
                "f1-score": 0.736894864222611,
                "support": 537.0
            },
            "cross-entropy": 0.5494811463150179,
            "roc-auc": 0.7962865310427133,
            "score": 0.7392923649906891
        }
    },
    "time": "0:00:37.382238",
    "chunk_size": null,
    "eval_batch_size": 32768,
    "heads": [
        1
    ],
    "head_selection_time": "0:00:00.880874"
}