{
    "function": "bin.qreformer.main",
    "gpus": [
        "NVIDIA GeForce RTX 4090"
    ],
    "config": {
        "seed": 14,
        "batch_size": 256,
        "patience": 16,
        "n_epochs": -1,
        "amp": true,
        "data": {
            "cache": true,
            "path": "data/sberbank-housing",
            "num_policy": "noisy-quantile",
            "cat_policy": "ordinal"
        },
        "optimizer": {
            "type": "AdamW",
            "lr": 0.00010378613749281298,
            "weight_decay": 2.326933621753256e-06
        },
        "model": {
            "momentum": 0.999,
            "use_aux_loss": false,
            "predictor_n_blocks": 1,
            "context_size": 32,
            "encoder_n_blocks": 1,
            "multi_output_head": false,
            "queue_ratio": 64,
            "arch_type": "retransformer",
            "d_main": 256,
            "d_multiplier": 2.0,
            "mixer_normalization": "auto",
            "dropout0": 0.4615809414087682,
            "dropout1": 0.0,
            "normalization": "LayerNorm",
            "activation": "ReLU",
            "num_embeddings": {
                "type": "PeriodicEmbeddings",
                "n_frequencies": 54,
                "frequency_init_scale": 0.46087284691067026,
                "d_embedding": 44,
                "lite": true
            }
        }
    },
    "n_parameters": 4780731,
    "prediction_type": "labels",
    "epoch_size": 74,
    "best_step": 962,
    "metrics": {
        "train": {
            "rmse": 0.2546578507044825,
            "mae": 0.13601522147655487,
            "r2": 0.5856875315710675,
            "score": -0.2546578507044825
        },
        "val": {
            "rmse": 0.24807779615014863,
            "mae": 0.14227694272994995,
            "r2": 0.5889192942441583,
            "score": -0.24807779615014863
        },
        "test": {
            "rmse": 0.27867073619236604,
            "mae": 0.20369234681129456,
            "r2": 0.4693326922568467,
            "score": -0.27867073619236604
        }
    },
    "time": "0:00:41.210784",
    "chunk_size": null,
    "eval_batch_size": 32768
}