{
    "function": "bin.ensemble.main",
    "config": {
        "seeds": [
            5,
            6,
            7,
            8,
            9
        ],
        "data": {
            "path": "data/sberbank-housing"
        }
    },
    "single_model_function": "bin.qtabformerv3.main",
    "prediction_type": "labels",
    "metrics": {
        "train": {
            "rmse": 0.20124714563549073,
            "mae": 0.10937152802944183,
            "r2": 0.7412542067122707,
            "score": -0.20124714563549073
        },
        "val": {
            "rmse": 0.24073059502253114,
            "mae": 0.13710524141788483,
            "r2": 0.6129083294686739,
            "score": -0.24073059502253114
        },
        "test": {
            "rmse": 0.25976641375199655,
            "mae": 0.184079110622406,
            "r2": 0.5388888710487758,
            "score": -0.25976641375199655
        }
    }
}