{
    "function": "bin.model.main",
    "gpus": [
        "NVIDIA GeForce RTX 4090"
    ],
    "config": {
        "seed": 6,
        "batch_size": 32,
        "patience": 16,
        "n_epochs": -1,
        "gradient_clipping_norm": 1.0,
        "amp": true,
        "data": {
            "cache": true,
            "path": "data/classif-num-medium-2-phoneme",
            "num_policy": "noisy-quantile"
        },
        "optimizer": {
            "type": "AdamW",
            "lr": 0.0024339491532310463,
            "weight_decay": 0.0
        },
        "model": {
            "arch_type": "taba-moe",
            "k": 32,
            "share_training_batches": false,
            "backbone": {
                "type": "MLP",
                "n_blocks": 8,
                "d_block": 784,
                "dropout": 0.0026485973680867667
            },
            "num_embeddings": {
                "type": "PiecewiseLinearEmbeddingsV2",
                "d_embedding": 32
            }
        },
        "bins": {
            "n_bins": 24
        }
    },
    "n_parameters": 5214944,
    "prediction_type": "probs",
    "epoch_size": 70,
    "best_step": 2100,
    "metrics": {
        "train": {
            "0": {
                "precision": 0.9991212653778558,
                "recall": 0.9964943032427696,
                "f1-score": 0.9978060552874067,
                "support": 1141.0
            },
            "1": {
                "precision": 0.9963031423290203,
                "recall": 0.9990732159406858,
                "f1-score": 0.997686256362795,
                "support": 1079.0
            },
            "accuracy": 0.9977477477477478,
            "macro avg": {
                "precision": 0.9977122038534381,
                "recall": 0.9977837595917276,
                "f1-score": 0.9977461558251008,
                "support": 2220.0
            },
            "weighted avg": {
                "precision": 0.997751556022138,
                "recall": 0.9977477477477478,
                "f1-score": 0.9977478286929671,
                "support": 2220.0
            },
            "cross-entropy": 0.01468240105555911,
            "roc-auc": 0.9993948693039535,
            "score": 0.9977477477477478
        },
        "val": {
            "0": {
                "precision": 0.9022556390977443,
                "recall": 0.8759124087591241,
                "f1-score": 0.8888888888888888,
                "support": 137.0
            },
            "1": {
                "precision": 0.8881578947368421,
                "recall": 0.9121621621621622,
                "f1-score": 0.9,
                "support": 148.0
            },
            "accuracy": 0.8947368421052632,
            "macro avg": {
                "precision": 0.8952067669172932,
                "recall": 0.8940372854606431,
                "f1-score": 0.8944444444444444,
                "support": 285.0
            },
            "weighted avg": {
                "precision": 0.8949347051840125,
                "recall": 0.8947368421052632,
                "f1-score": 0.8946588693957115,
                "support": 285.0
            },
            "cross-entropy": 1.1343717480997348,
            "roc-auc": 0.9433320181495364,
            "score": 0.8947368421052632
        },
        "test": {
            "0": {
                "precision": 0.8888888888888888,
                "recall": 0.8571428571428571,
                "f1-score": 0.8727272727272727,
                "support": 308.0
            },
            "1": {
                "precision": 0.8810810810810811,
                "recall": 0.9080779944289693,
                "f1-score": 0.8943758573388202,
                "support": 359.0
            },
            "accuracy": 0.8845577211394303,
            "macro avg": {
                "precision": 0.8849849849849849,
                "recall": 0.8826104257859132,
                "f1-score": 0.8835515650330464,
                "support": 667.0
            },
            "weighted avg": {
                "precision": 0.8846864855860358,
                "recall": 0.8845577211394303,
                "f1-score": 0.8843792095721686,
                "support": 667.0
            },
            "cross-entropy": 1.0101296735413354,
            "roc-auc": 0.942670838910393,
            "score": 0.8845577211394303
        }
    },
    "time": "0:01:13.070963",
    "chunk_size": null,
    "eval_batch_size": 32768,
    "heads": [
        16
    ],
    "head_selection_time": "0:00:00.178412"
}