{
    "function": "bin.model.main",
    "gpus": [
        "NVIDIA GeForce RTX 4090"
    ],
    "config": {
        "seed": 4,
        "batch_size": 256,
        "patience": 16,
        "n_epochs": -1,
        "amp": true,
        "data": {
            "cache": true,
            "path": "data/classif-num-medium-0-credit",
            "num_policy": "noisy-quantile"
        },
        "optimizer": {
            "type": "AdamW",
            "lr": 0.00016616462575150674,
            "weight_decay": 0.0
        },
        "model": {
            "arch_type": "tabr",
            "k": 1,
            "context_size": 96,
            "d_main": 223,
            "context_dropout": 0.20396387153702478,
            "d_multiplier": 2.0,
            "encoder_n_blocks": 1,
            "predictor_n_blocks": 1,
            "mixer_normalization": "auto",
            "dropout0": 0.0,
            "dropout1": 0.0,
            "normalization": "LayerNorm",
            "activation": "ReLU",
            "num_embeddings": {
                "type": "PeriodicEmbeddings",
                "n_frequencies": 20,
                "frequency_init_scale": 0.01640872489727707,
                "d_embedding": 51,
                "lite": true
            }
        }
    },
    "n_parameters": 766960,
    "prediction_type": "probs",
    "epoch_size": 40,
    "best_step": 320,
    "metrics": {
        "train": {
            "0": {
                "precision": 0.7838663678957017,
                "recall": 0.7647058823529411,
                "f1-score": 0.7741675887737652,
                "support": 5032.0
            },
            "1": {
                "precision": 0.7674327244156355,
                "recall": 0.7864331723027376,
                "f1-score": 0.7768167809921465,
                "support": 4968.0
            },
            "accuracy": 0.7755,
            "macro avg": {
                "precision": 0.7756495461556686,
                "recall": 0.7755695273278393,
                "f1-score": 0.7754921848829559,
                "support": 10000.0
            },
            "weighted avg": {
                "precision": 0.7757021338148048,
                "recall": 0.7755,
                "f1-score": 0.775483707467857,
                "support": 10000.0
            },
            "cross-entropy": 0.47827567004015165,
            "roc-auc": 0.8554862207156005,
            "score": 0.7755
        },
        "val": {
            "0": {
                "precision": 0.7991718426501035,
                "recall": 0.7782258064516129,
                "f1-score": 0.7885597548518898,
                "support": 992.0
            },
            "1": {
                "precision": 0.7900763358778626,
                "recall": 0.8101761252446184,
                "f1-score": 0.8000000000000002,
                "support": 1022.0
            },
            "accuracy": 0.7944389275074478,
            "macro avg": {
                "precision": 0.7946240892639831,
                "recall": 0.7942009658481156,
                "f1-score": 0.794279877425945,
                "support": 2014.0
            },
            "weighted avg": {
                "precision": 0.7945563471579337,
                "recall": 0.7944389275074478,
                "f1-score": 0.7943650828267502,
                "support": 2014.0
            },
            "cross-entropy": 0.46666280959653983,
            "roc-auc": 0.8626250710182438,
            "score": 0.7944389275074478
        },
        "test": {
            "0": {
                "precision": 0.7706061927605756,
                "recall": 0.7573939134162023,
                "f1-score": 0.7639429312581063,
                "support": 2333.0
            },
            "1": {
                "precision": 0.764852513502285,
                "recall": 0.7777777777777778,
                "f1-score": 0.7712609970674488,
                "support": 2367.0
            },
            "accuracy": 0.7676595744680851,
            "macro avg": {
                "precision": 0.7677293531314303,
                "recall": 0.7675858455969901,
                "f1-score": 0.7676019641627776,
                "support": 4700.0
            },
            "weighted avg": {
                "precision": 0.7677085419511344,
                "recall": 0.7676595744680851,
                "f1-score": 0.7676284337625134,
                "support": 4700.0
            },
            "cross-entropy": 0.4870305912235283,
            "roc-auc": 0.8486935758159186,
            "score": 0.7676595744680851
        }
    },
    "time": "0:00:16.346152",
    "chunk_size": null,
    "eval_batch_size": 32768
}