{
    "function": "bin.ensemble.main",
    "config": {
        "seeds": [
            0,
            1,
            2,
            3,
            4
        ],
        "data": {
            "path": "data/churn"
        }
    },
    "single_model_function": "bin.model.main",
    "prediction_type": "probs",
    "metrics": {
        "train": {
            "0": {
                "precision": 0.8782360292804856,
                "recall": 0.9652668759811617,
                "f1-score": 0.919697111339628,
                "support": 5096.0
            },
            "1": {
                "precision": 0.7784730913642053,
                "recall": 0.47699386503067487,
                "f1-score": 0.5915359010936757,
                "support": 1304.0
            },
            "accuracy": 0.86578125,
            "macro avg": {
                "precision": 0.8283545603223454,
                "recall": 0.7211303705059182,
                "f1-score": 0.7556165062166518,
                "support": 6400.0
            },
            "weighted avg": {
                "precision": 0.8579093306800436,
                "recall": 0.86578125,
                "f1-score": 0.8528342647520151,
                "support": 6400.0
            },
            "cross-entropy": 0.34420573978991903,
            "roc-auc": 0.8707271311072802,
            "score": 0.86578125
        },
        "val": {
            "0": {
                "precision": 0.8781869688385269,
                "recall": 0.9733124018838305,
                "f1-score": 0.9233060312732688,
                "support": 1274.0
            },
            "1": {
                "precision": 0.8191489361702128,
                "recall": 0.4723926380368098,
                "f1-score": 0.5992217898832685,
                "support": 326.0
            },
            "accuracy": 0.87125,
            "macro avg": {
                "precision": 0.8486679525043699,
                "recall": 0.7228525199603202,
                "f1-score": 0.7612639105782686,
                "support": 1600.0
            },
            "weighted avg": {
                "precision": 0.8661579696823578,
                "recall": 0.87125,
                "f1-score": 0.8572738670900563,
                "support": 1600.0
            },
            "cross-entropy": 0.3452287149794355,
            "roc-auc": 0.8657891188566036,
            "score": 0.87125
        },
        "test": {
            "0": {
                "precision": 0.8725324309080654,
                "recall": 0.9711236660389203,
                "f1-score": 0.9191919191919192,
                "support": 1593.0
            },
            "1": {
                "precision": 0.7973568281938326,
                "recall": 0.44471744471744473,
                "f1-score": 0.5709779179810726,
                "support": 407.0
            },
            "accuracy": 0.864,
            "macro avg": {
                "precision": 0.8349446295509491,
                "recall": 0.7079205553781825,
                "f1-score": 0.7450849185864958,
                "support": 2000.0
            },
            "weighted avg": {
                "precision": 0.8572341957557189,
                "recall": 0.864,
                "f1-score": 0.8483303699455118,
                "support": 2000.0
            },
            "cross-entropy": 0.35117446111590866,
            "roc-auc": 0.8609210134633862,
            "score": 0.864
        }
    }
}