{
    "function": "bin.ensemble.main",
    "config": {
        "seeds": [
            10,
            11,
            12,
            13,
            14
        ],
        "data": {
            "path": "data/regression-num-medium-0-medical_charges"
        }
    },
    "single_model_function": "bin.qreformer.main",
    "prediction_type": "labels",
    "metrics": {
        "train": {
            "rmse": 0.07868240705488258,
            "mae": 0.05085711181163788,
            "r2": 0.9802337239497803,
            "score": -0.07868240705488258
        },
        "val": {
            "rmse": 0.08209059192371888,
            "mae": 0.05197541043162346,
            "r2": 0.9790129894245314,
            "score": -0.08209059192371888
        },
        "test": {
            "rmse": 0.08147437814265686,
            "mae": 0.05162354186177254,
            "r2": 0.9793764571595616,
            "score": -0.08147437814265686
        }
    }
}