{
    "function": "bin.qtabformerv2.main",
    "gpus": [
        "NVIDIA GeForce RTX 4090"
    ],
    "config": {
        "seed": 11,
        "batch_size": 1024,
        "patience": 16,
        "n_epochs": -1,
        "amp": true,
        "data": {
            "cache": true,
            "path": "data/ecom-offers",
            "num_policy": "noisy-quantile"
        },
        "optimizer": {
            "type": "AdamW",
            "lr": 0.00031153463513382485,
            "weight_decay": 3.7915098265376816e-06
        },
        "model": {
            "encoder_n_blocks": 1,
            "distance_metric": "cossim",
            "temperature": 0.02,
            "momentum": 0.999,
            "queue_ratio": 64,
            "d_main": 128,
            "d_multiplier": 2.0,
            "mixer_normalization": "auto",
            "dropout0": 0.0,
            "dropout1": 0.0,
            "normalization": "LayerNorm",
            "activation": "ReLU",
            "num_embeddings": {
                "type": "PeriodicEmbeddings",
                "n_frequencies": 83,
                "frequency_init_scale": 0.010441957103804479,
                "d_embedding": 49,
                "lite": true
            }
        }
    },
    "n_parameters": 753969,
    "prediction_type": "probs",
    "epoch_size": 107,
    "best_step": 642,
    "metrics": {
        "train": {
            "0": {
                "precision": 0.7788259662006308,
                "recall": 0.9827035246320341,
                "f1-score": 0.8689664590270701,
                "support": 84179.0
            },
            "1": {
                "precision": 0.5342290467050543,
                "recall": 0.06636992289961052,
                "f1-score": 0.11807126696832579,
                "support": 25162.0
            },
            "accuracy": 0.7718330726808791,
            "macro avg": {
                "precision": 0.6565275064528426,
                "recall": 0.5245367237658223,
                "f1-score": 0.493518862997698,
                "support": 109341.0
            },
            "weighted avg": {
                "precision": 0.7225383184898206,
                "recall": 0.7718330726808791,
                "f1-score": 0.6961673733905557,
                "support": 109341.0
            },
            "cross-entropy": 0.5659332889207507,
            "roc-auc": 0.5519177541621196,
            "score": 0.5519177541621196
        },
        "val": {
            "0": {
                "precision": 0.6950705969779539,
                "recall": 0.9041113545559994,
                "f1-score": 0.7859283533596616,
                "support": 15518.0
            },
            "1": {
                "precision": 0.634936211972522,
                "recall": 0.2960082351595562,
                "f1-score": 0.40377564552617207,
                "support": 8743.0
            },
            "accuracy": 0.6849676435431351,
            "macro avg": {
                "precision": 0.665003404475238,
                "recall": 0.6000597948577778,
                "f1-score": 0.5948519994429169,
                "support": 24261.0
            },
            "weighted avg": {
                "precision": 0.6733998114331499,
                "recall": 0.6849676435431351,
                "f1-score": 0.6482109829055089,
                "support": 24261.0
            },
            "cross-entropy": 0.6632364003666049,
            "roc-auc": 0.6513720541362297,
            "score": 0.6513720541362297
        },
        "test": {
            "0": {
                "precision": 0.6776015173721872,
                "recall": 0.9289091123980617,
                "f1-score": 0.7835992023928214,
                "support": 16922.0
            },
            "1": {
                "precision": 0.6306416948111759,
                "recall": 0.2154620790936746,
                "f1-score": 0.3211884284597342,
                "support": 9533.0
            },
            "accuracy": 0.6718200718200719,
            "macro avg": {
                "precision": 0.6541216060916816,
                "recall": 0.5721855957458681,
                "f1-score": 0.5523938154262779,
                "support": 26455.0
            },
            "weighted avg": {
                "precision": 0.6606796504859985,
                "recall": 0.6718200718200719,
                "f1-score": 0.616970515645359,
                "support": 26455.0
            },
            "cross-entropy": 0.7037825449203561,
            "roc-auc": 0.6041832982135482,
            "score": 0.6041832982135482
        }
    },
    "time": "0:00:44.485167",
    "chunk_size": null,
    "eval_batch_size": 8192
}