{
    "function": "bin.model.main",
    "gpus": [
        "NVIDIA GeForce RTX 4090"
    ],
    "config": {
        "seed": 8,
        "batch_size": 256,
        "patience": 16,
        "n_epochs": -1,
        "gradient_clipping_norm": 1.0,
        "amp": true,
        "data": {
            "cache": true,
            "path": "data/classif-num-medium-0-credit",
            "num_policy": "noisy-quantile"
        },
        "optimizer": {
            "type": "AdamW",
            "lr": 0.00011273067902286243,
            "weight_decay": 0.0
        },
        "model": {
            "arch_type": "tabrmv3",
            "sample_rate": 0.21685406639804033,
            "k": 8,
            "backbone": {
                "ensemble_type": "mini",
                "context_size": 64,
                "n_blocks": 1,
                "d_block": 368,
                "dropout": 0.0
            },
            "num_embeddings": {
                "type": "PeriodicEmbeddings",
                "n_frequencies": 36,
                "d_embedding": 28,
                "frequency_init_scale": 0.08341380022144985,
                "lite": false
            }
        }
    },
    "n_parameters": 813856,
    "prediction_type": "probs",
    "epoch_size": 40,
    "best_step": 920,
    "metrics": {
        "train": {
            "0": {
                "precision": 0.7516657662524762,
                "recall": 0.8294912559618441,
                "f1-score": 0.7886632026452527,
                "support": 5032.0
            },
            "1": {
                "precision": 0.8070609399595233,
                "recall": 0.7224235104669887,
                "f1-score": 0.7624004248539564,
                "support": 4968.0
            },
            "accuracy": 0.7763,
            "macro avg": {
                "precision": 0.7793633531059998,
                "recall": 0.7759573832144164,
                "f1-score": 0.7755318137496046,
                "support": 10000.0
            },
            "weighted avg": {
                "precision": 0.7791860885501372,
                "recall": 0.7763,
                "f1-score": 0.7756158546385367,
                "support": 10000.0
            },
            "cross-entropy": 0.4775105746032991,
            "roc-auc": 0.853436296750715,
            "score": 0.7763
        },
        "val": {
            "0": {
                "precision": 0.7488542621448213,
                "recall": 0.8235887096774194,
                "f1-score": 0.7844455112818052,
                "support": 992.0
            },
            "1": {
                "precision": 0.8104008667388949,
                "recall": 0.7318982387475538,
                "f1-score": 0.7691516709511568,
                "support": 1022.0
            },
            "accuracy": 0.7770605759682224,
            "macro avg": {
                "precision": 0.7796275644418581,
                "recall": 0.7777434742124866,
                "f1-score": 0.776798591116481,
                "support": 2014.0
            },
            "weighted avg": {
                "precision": 0.7800859552407216,
                "recall": 0.7770605759682224,
                "f1-score": 0.776684684659202,
                "support": 2014.0
            },
            "cross-entropy": 0.48130622920956495,
            "roc-auc": 0.8526618032321192,
            "score": 0.7770605759682224
        },
        "test": {
            "0": {
                "precision": 0.7304182509505703,
                "recall": 0.8234033433347621,
                "f1-score": 0.7741285512794681,
                "support": 2333.0
            },
            "1": {
                "precision": 0.8009661835748793,
                "recall": 0.7004647232784115,
                "f1-score": 0.7473518142889339,
                "support": 2367.0
            },
            "accuracy": 0.7614893617021277,
            "macro avg": {
                "precision": 0.7656922172627247,
                "recall": 0.7619340333065867,
                "f1-score": 0.7607401827842011,
                "support": 4700.0
            },
            "weighted avg": {
                "precision": 0.7659473906360468,
                "recall": 0.7614893617021277,
                "f1-score": 0.7606433307567885,
                "support": 4700.0
            },
            "cross-entropy": 0.4936986453054427,
            "roc-auc": 0.8443735670368263,
            "score": 0.7614893617021277
        }
    },
    "time": "0:01:43.721459",
    "chunk_size": null,
    "eval_batch_size": 32768
}