{
    "function": "bin.model.main",
    "gpus": [
        "NVIDIA GeForce RTX 4090"
    ],
    "config": {
        "seed": 7,
        "batch_size": 1024,
        "patience": 16,
        "n_epochs": -1,
        "gradient_clipping_norm": 1.0,
        "amp": true,
        "data": {
            "cache": true,
            "path": "data/cooking-time",
            "cat_policy": "ordinal"
        },
        "optimizer": {
            "type": "AdamW",
            "lr": 0.00025223986965814836,
            "weight_decay": 0.012863115340171817
        },
        "model": {
            "arch_type": "taba-moe",
            "k": 32,
            "share_training_batches": false,
            "backbone": {
                "type": "MLP",
                "n_blocks": 1,
                "d_block": 1024,
                "dropout": 0.0
            },
            "num_embeddings": {
                "type": "PiecewiseLinearEmbeddingsV2",
                "d_embedding": 20
            }
        },
        "bins": {
            "n_bins": 23
        }
    },
    "n_parameters": 4102176,
    "prediction_type": "labels",
    "epoch_size": 222,
    "best_step": 888,
    "metrics": {
        "train": {
            "rmse": 0.4488013774979458,
            "mae": 0.34969305992126465,
            "r2": 0.5373325072216817,
            "score": -0.4488013774979458
        },
        "val": {
            "rmse": 0.46531866160476965,
            "mae": 0.3622641861438751,
            "r2": 0.5034457582870835,
            "score": -0.46531866160476965
        },
        "test": {
            "rmse": 0.48299560716558504,
            "mae": 0.377112478017807,
            "r2": 0.4798759630990689,
            "score": -0.48299560716558504
        }
    },
    "time": "0:02:27.476863",
    "chunk_size": null,
    "eval_batch_size": 16384,
    "heads": [
        7
    ],
    "head_selection_time": "0:00:00.090410"
}