{
    "function": "bin.qtabformer.main",
    "gpus": [
        "NVIDIA GeForce RTX 4090"
    ],
    "config": {
        "seed": 3,
        "batch_size": 256,
        "patience": 16,
        "n_epochs": -1,
        "amp": true,
        "data": {
            "cache": true,
            "path": "data/churn",
            "num_policy": "noisy-quantile",
            "cat_policy": "ordinal"
        },
        "optimizer": {
            "type": "AdamW",
            "lr": 0.00020412412500081612,
            "weight_decay": 0.0
        },
        "model": {
            "encoder_n_blocks": 1,
            "distance_metric": "cossim",
            "temperature": 0.1,
            "momentum": 0.999,
            "queue_ratio": 64,
            "d_main": 256,
            "d_multiplier": 2.0,
            "mixer_normalization": "auto",
            "dropout0": 0.2294797811348007,
            "dropout1": 0.0,
            "normalization": "LayerNorm",
            "activation": "ReLU",
            "num_embeddings": {
                "type": "PeriodicEmbeddings",
                "n_frequencies": 92,
                "frequency_init_scale": 0.06724004686719051,
                "d_embedding": 35,
                "lite": true
            }
        }
    },
    "n_parameters": 402129,
    "prediction_type": "probs",
    "epoch_size": 25,
    "best_step": 625,
    "metrics": {
        "train": {
            "0": {
                "precision": 0.8907819225251076,
                "recall": 0.9746860282574569,
                "f1-score": 0.9308470764617691,
                "support": 5096.0
            },
            "1": {
                "precision": 0.8434466019417476,
                "recall": 0.5329754601226994,
                "f1-score": 0.6531954887218046,
                "support": 1304.0
            },
            "accuracy": 0.8846875,
            "macro avg": {
                "precision": 0.8671142622334276,
                "recall": 0.7538307441900781,
                "f1-score": 0.7920212825917868,
                "support": 6400.0
            },
            "weighted avg": {
                "precision": 0.8811373509562479,
                "recall": 0.8846875,
                "f1-score": 0.8742755654597513,
                "support": 6400.0
            },
            "cross-entropy": 0.2856730521858809,
            "roc-auc": 0.9088522605243137,
            "score": 0.8846875
        },
        "val": {
            "0": {
                "precision": 0.8779276082327893,
                "recall": 0.9709576138147566,
                "f1-score": 0.922102124487514,
                "support": 1274.0
            },
            "1": {
                "precision": 0.806282722513089,
                "recall": 0.4723926380368098,
                "f1-score": 0.5957446808510638,
                "support": 326.0
            },
            "accuracy": 0.869375,
            "macro avg": {
                "precision": 0.8421051653729391,
                "recall": 0.7216751259257832,
                "f1-score": 0.7589234026692889,
                "support": 1600.0
            },
            "weighted avg": {
                "precision": 0.8633299627674004,
                "recall": 0.869375,
                "f1-score": 0.8556067953465873,
                "support": 1600.0
            },
            "cross-entropy": 0.34194163110357095,
            "roc-auc": 0.8612504935905463,
            "score": 0.869375
        },
        "test": {
            "0": {
                "precision": 0.8728717366628831,
                "recall": 0.965473948524796,
                "f1-score": 0.9168405365126677,
                "support": 1593.0
            },
            "1": {
                "precision": 0.7689075630252101,
                "recall": 0.44963144963144963,
                "f1-score": 0.5674418604651164,
                "support": 407.0
            },
            "accuracy": 0.8605,
            "macro avg": {
                "precision": 0.8208896498440466,
                "recall": 0.7075526990781228,
                "f1-score": 0.742141198488892,
                "support": 2000.0
            },
            "weighted avg": {
                "precision": 0.8517150273276165,
                "recall": 0.8605,
                "f1-score": 0.845737905936991,
                "support": 2000.0
            },
            "cross-entropy": 0.3551536535228063,
            "roc-auc": 0.8505763082034269,
            "score": 0.8605
        }
    },
    "time": "0:00:07.185516",
    "chunk_size": null,
    "eval_batch_size": 32768
}