{
    "function": "bin.model.main",
    "gpus": [
        "NVIDIA GeForce RTX 4090"
    ],
    "config": {
        "seed": 4,
        "batch_size": 64,
        "patience": 16,
        "n_epochs": -1,
        "gradient_clipping_norm": 1.0,
        "amp": true,
        "data": {
            "cache": true,
            "path": "data/classif-num-medium-1-kdd_ipums_la_97-small",
            "num_policy": "noisy-quantile"
        },
        "optimizer": {
            "type": "AdamW",
            "lr": 0.0007703581860694178,
            "weight_decay": 0.00011498870747119459
        },
        "model": {
            "arch_type": "tabrmv2-mini",
            "sample_rate": 0.5079409150513658,
            "k": 112,
            "backbone": {
                "n_blocks": 5,
                "d_block": 512,
                "dropout": 0.0
            },
            "num_embeddings": {
                "type": "PeriodicEmbeddings",
                "n_frequencies": 80,
                "d_embedding": 16,
                "frequency_init_scale": 0.8313101133778734,
                "lite": false
            }
        }
    },
    "n_parameters": 6337120,
    "prediction_type": "probs",
    "epoch_size": 57,
    "best_step": 456,
    "metrics": {
        "train": {
            "0": {
                "precision": 0.9722405816259088,
                "recall": 0.818131256952169,
                "f1-score": 0.8885533071579582,
                "support": 1798.0
            },
            "1": {
                "precision": 0.8456090651558074,
                "recall": 0.9770867430441899,
                "f1-score": 0.9066059225512528,
                "support": 1833.0
            },
            "accuracy": 0.898375103277334,
            "macro avg": {
                "precision": 0.908924823390858,
                "recall": 0.8976089999981794,
                "f1-score": 0.8975796148546056,
                "support": 3631.0
            },
            "weighted avg": {
                "precision": 0.9083145090041252,
                "recall": 0.898375103277334,
                "f1-score": 0.8976666214008414,
                "support": 3631.0
            },
            "cross-entropy": 0.22336945960998497,
            "roc-auc": 0.9640805356257514,
            "score": 0.898375103277334
        },
        "val": {
            "0": {
                "precision": 0.9760765550239234,
                "recall": 0.8831168831168831,
                "f1-score": 0.9272727272727272,
                "support": 231.0
            },
            "1": {
                "precision": 0.8953488372093024,
                "recall": 0.9788135593220338,
                "f1-score": 0.9352226720647773,
                "support": 236.0
            },
            "accuracy": 0.9314775160599572,
            "macro avg": {
                "precision": 0.9357126961166129,
                "recall": 0.9309652212194585,
                "f1-score": 0.9312476996687522,
                "support": 467.0
            },
            "weighted avg": {
                "precision": 0.9352805348863419,
                "recall": 0.9314775160599572,
                "f1-score": 0.9312902582597161,
                "support": 467.0
            },
            "cross-entropy": 0.2514778974059212,
            "roc-auc": 0.9497762124880769,
            "score": 0.9314775160599572
        },
        "test": {
            "0": {
                "precision": 0.9549180327868853,
                "recall": 0.8247787610619469,
                "f1-score": 0.8850902184235518,
                "support": 565.0
            },
            "1": {
                "precision": 0.8355481727574751,
                "recall": 0.9580952380952381,
                "f1-score": 0.8926353149955635,
                "support": 525.0
            },
            "accuracy": 0.8889908256880734,
            "macro avg": {
                "precision": 0.8952331027721802,
                "recall": 0.8914369995785925,
                "f1-score": 0.8888627667095577,
                "support": 1090.0
            },
            "weighted avg": {
                "precision": 0.8974233754332702,
                "recall": 0.8889908256880734,
                "f1-score": 0.8887243245706217,
                "support": 1090.0
            },
            "cross-entropy": 0.2762146504988503,
            "roc-auc": 0.944330383480826,
            "score": 0.8889908256880734
        }
    },
    "time": "0:00:28.101770",
    "chunk_size": null,
    "eval_batch_size": 32768,
    "heads": [
        44
    ],
    "head_selection_time": "0:00:00.634561"
}