{
    "function": "bin.model.main",
    "gpus": [
        "NVIDIA GeForce RTX 4090",
        "NVIDIA GeForce RTX 4090",
        "NVIDIA GeForce RTX 4090",
        "NVIDIA GeForce RTX 4090",
        "NVIDIA GeForce RTX 4090",
        "NVIDIA GeForce RTX 4090",
        "NVIDIA GeForce RTX 4090",
        "NVIDIA GeForce RTX 4090"
    ],
    "config": {
        "seed": 5,
        "batch_size": 256,
        "patience": 16,
        "n_epochs": -1,
        "gradient_clipping_norm": 1.0,
        "amp": true,
        "data": {
            "cache": true,
            "path": "data/california",
            "num_policy": "noisy-quantile"
        },
        "optimizer": {
            "type": "AdamW",
            "lr": 0.0004979996236850339,
            "weight_decay": 0.0
        },
        "model": {
            "arch_type": "tabm",
            "k": 32,
            "share_training_batches": false,
            "backbone": {
                "type": "MLP",
                "n_blocks": 3,
                "d_block": 720,
                "dropout": 0.36360113825353446
            }
        }
    },
    "n_parameters": 1250208,
    "prediction_type": "labels",
    "epoch_size": 52,
    "best_step": 13988,
    "metrics": {
        "train": {
            "rmse": 0.35186118047960707,
            "mae": 0.24542582035064697,
            "r2": 0.9080853248272567,
            "score": -0.35186118047960707
        },
        "val": {
            "rmse": 0.452126982408501,
            "mae": 0.2924730181694031,
            "r2": 0.8432214454366485,
            "score": -0.452126982408501
        },
        "test": {
            "rmse": 0.454668245202808,
            "mae": 0.301583468914032,
            "r2": 0.8414644460335055,
            "score": -0.454668245202808
        }
    },
    "time": "0:01:52.327772",
    "chunk_size": null,
    "eval_batch_size": 32768,
    "heads": [
        7
    ],
    "head_selection_time": "0:00:00.017070"
}