{
    "function": "bin.model.main",
    "gpus": [
        "NVIDIA GeForce RTX 4090"
    ],
    "config": {
        "seed": 5,
        "batch_size": 256,
        "patience": 16,
        "n_epochs": -1,
        "gradient_clipping_norm": 1.0,
        "amp": true,
        "data": {
            "cache": true,
            "path": "data/regression-cat-medium-0-Brazilian_houses",
            "num_policy": "noisy-quantile",
            "cat_policy": "ordinal"
        },
        "optimizer": {
            "type": "AdamW",
            "lr": 3.688901352771338e-05,
            "weight_decay": 0.00042837085874714525
        },
        "model": {
            "arch_type": "tabrmv2",
            "sample_rate": 0.1650258349615761,
            "k": 128,
            "backbone": {
                "n_blocks": 3,
                "d_block": 496,
                "dropout": 0.0
            },
            "num_embeddings": {
                "type": "PeriodicEmbeddings",
                "n_frequencies": 84,
                "d_embedding": 28,
                "frequency_init_scale": 0.07247426797398379,
                "lite": false
            }
        }
    },
    "n_parameters": 4871680,
    "prediction_type": "labels",
    "epoch_size": 30,
    "best_step": 2880,
    "metrics": {
        "train": {
            "rmse": 0.08204101322747567,
            "mae": 0.05163617432117462,
            "r2": 0.989545007720341,
            "score": -0.08204101322747567
        },
        "val": {
            "rmse": 0.1240286112629833,
            "mae": 0.05461622402071953,
            "r2": 0.9761621493216333,
            "score": -0.1240286112629833
        },
        "test": {
            "rmse": 0.07435490955456142,
            "mae": 0.053180623799562454,
            "r2": 0.9909545328935617,
            "score": -0.07435490955456142
        }
    },
    "time": "0:01:42.686649",
    "chunk_size": null,
    "eval_batch_size": 32768,
    "heads": [
        90,
        2,
        78
    ],
    "head_selection_time": "0:00:00.287386"
}