{
    "function": "bin.model.main",
    "gpus": [
        "NVIDIA GeForce RTX 4090"
    ],
    "config": {
        "seed": 1,
        "batch_size": 256,
        "patience": 16,
        "n_epochs": -1,
        "gradient_clipping_norm": 1.0,
        "amp": true,
        "data": {
            "cache": true,
            "path": "data/regression-num-medium-0-pol",
            "num_policy": "noisy-quantile"
        },
        "optimizer": {
            "type": "AdamW",
            "lr": 0.00225914559328924,
            "weight_decay": 0.0
        },
        "model": {
            "arch_type": "taba",
            "k": 128,
            "share_training_batches": false,
            "backbone": {
                "type": "MLP",
                "n_blocks": 2,
                "d_block": 288,
                "dropout": 0.0
            },
            "num_embeddings": {
                "type": "PiecewiseLinearEmbeddingsV2",
                "d_embedding": 12
            }
        },
        "bins": {
            "n_bins": 42
        }
    },
    "n_parameters": 289856,
    "prediction_type": "labels",
    "epoch_size": 40,
    "best_step": 8600,
    "metrics": {
        "train": {
            "rmse": 1.6568033265764261,
            "mae": 0.9201029539108276,
            "r2": 0.9984056517384489,
            "score": -1.6568033265764261
        },
        "val": {
            "rmse": 2.4666560503585138,
            "mae": 1.2328498363494873,
            "r2": 0.996585202430423,
            "score": -2.4666560503585138
        },
        "test": {
            "rmse": 2.4727888267615152,
            "mae": 1.2123465538024902,
            "r2": 0.9965589150311377,
            "score": -2.4727888267615152
        }
    },
    "time": "0:01:43.956748",
    "chunk_size": null,
    "eval_batch_size": 32768,
    "heads": [
        62,
        125,
        39,
        31,
        15,
        1,
        36,
        49,
        80,
        118,
        21,
        39,
        1,
        43,
        75,
        35
    ],
    "head_selection_time": "0:00:01.326366"
}