{
    "function": "bin.model.main",
    "gpus": [
        "NVIDIA GeForce RTX 4090"
    ],
    "config": {
        "seed": 13,
        "batch_size": 256,
        "patience": 16,
        "n_epochs": -1,
        "gradient_clipping_norm": 1.0,
        "amp": true,
        "data": {
            "cache": true,
            "path": "data/churn",
            "num_policy": "noisy-quantile",
            "cat_policy": "ordinal"
        },
        "optimizer": {
            "type": "AdamW",
            "lr": 0.00010647276159878016,
            "weight_decay": 0.09130595546218077
        },
        "model": {
            "arch_type": "moe-sparse-shared",
            "backbone": {
                "k": 3,
                "n_blocks": 1,
                "d_block": 576,
                "dropout": 0.46147264125160936,
                "moe_ratio": 0.25,
                "num_experts": 32
            }
        }
    },
    "n_parameters": 6002498,
    "prediction_type": "probs",
    "epoch_size": 25,
    "best_step": 250,
    "metrics": {
        "train": {
            "0": {
                "precision": 0.8799713364385525,
                "recall": 0.9638932496075353,
                "f1-score": 0.9200224761191235,
                "support": 5096.0
            },
            "1": {
                "precision": 0.7750611246943765,
                "recall": 0.48619631901840493,
                "f1-score": 0.5975494816211121,
                "support": 1304.0
            },
            "accuracy": 0.8665625,
            "macro avg": {
                "precision": 0.8275162305664645,
                "recall": 0.7250447843129701,
                "f1-score": 0.7587859788701178,
                "support": 6400.0
            },
            "weighted avg": {
                "precision": 0.8585958807956767,
                "recall": 0.8665625,
                "f1-score": 0.8543186034901536,
                "support": 6400.0
            },
            "cross-entropy": 0.32333896567237,
            "roc-auc": 0.8760205135027112,
            "score": 0.8665625
        },
        "val": {
            "0": {
                "precision": 0.8742857142857143,
                "recall": 0.9607535321821036,
                "f1-score": 0.9154824233358265,
                "support": 1274.0
            },
            "1": {
                "precision": 0.75,
                "recall": 0.4601226993865031,
                "f1-score": 0.5703422053231939,
                "support": 326.0
            },
            "accuracy": 0.85875,
            "macro avg": {
                "precision": 0.8121428571428572,
                "recall": 0.7104381157843034,
                "f1-score": 0.7429123143295102,
                "support": 1600.0
            },
            "weighted avg": {
                "precision": 0.8489625000000001,
                "recall": 0.85875,
                "f1-score": 0.8451601039157527,
                "support": 1600.0
            },
            "cross-entropy": 0.35056809536050976,
            "roc-auc": 0.8484123238724466,
            "score": 0.85875
        },
        "test": {
            "0": {
                "precision": 0.8737864077669902,
                "recall": 0.96045197740113,
                "f1-score": 0.9150717703349283,
                "support": 1593.0
            },
            "1": {
                "precision": 0.7469879518072289,
                "recall": 0.457002457002457,
                "f1-score": 0.5670731707317074,
                "support": 407.0
            },
            "accuracy": 0.858,
            "macro avg": {
                "precision": 0.8103871797871096,
                "recall": 0.7087272172017935,
                "f1-score": 0.7410724705333178,
                "support": 2000.0
            },
            "weighted avg": {
                "precision": 0.8479829219791789,
                "recall": 0.858,
                "f1-score": 0.8442540553156728,
                "support": 2000.0
            },
            "cross-entropy": 0.35277338427693916,
            "roc-auc": 0.8473257541054151,
            "score": 0.858
        }
    },
    "time": "0:00:08.744186",
    "chunk_size": null,
    "eval_batch_size": 32768
}