{
    "function": "bin.model.main",
    "gpus": [
        "NVIDIA GeForce RTX 4090"
    ],
    "config": {
        "seed": 12,
        "batch_size": 256,
        "patience": 16,
        "n_epochs": -1,
        "amp": true,
        "data": {
            "cache": true,
            "path": "data/churn",
            "num_policy": "noisy-quantile",
            "cat_policy": "ordinal"
        },
        "optimizer": {
            "type": "AdamW",
            "lr": 0.0009362110810354836,
            "weight_decay": 0.0
        },
        "model": {
            "arch_type": "tabr-pln",
            "k": 32,
            "context_size": 96,
            "d_main": 313,
            "context_dropout": 0.2817926544334643,
            "d_multiplier": 2.0,
            "encoder_n_blocks": 0,
            "predictor_n_blocks": 2,
            "mixer_normalization": "auto",
            "dropout0": 0.09328532548622051,
            "dropout1": 0.0,
            "normalization": "LayerNorm",
            "activation": "ReLU",
            "num_embeddings": {
                "type": "PeriodicEmbeddings",
                "n_frequencies": 96,
                "frequency_init_scale": 0.05114567615065082,
                "d_embedding": 27,
                "lite": true
            }
        }
    },
    "n_parameters": 1386528,
    "prediction_type": "probs",
    "epoch_size": 25,
    "best_step": 750,
    "metrics": {
        "train": {
            "0": {
                "precision": 0.8766153301469286,
                "recall": 0.9717425431711146,
                "f1-score": 0.9217310376919498,
                "support": 5096.0
            },
            "1": {
                "precision": 0.8082556591211718,
                "recall": 0.46549079754601225,
                "f1-score": 0.5907542579075425,
                "support": 1304.0
            },
            "accuracy": 0.86859375,
            "macro avg": {
                "precision": 0.8424354946340502,
                "recall": 0.7186166703585635,
                "f1-score": 0.7562426477997461,
                "support": 6400.0
            },
            "weighted avg": {
                "precision": 0.8626870471754305,
                "recall": 0.86859375,
                "f1-score": 0.8542945188108768,
                "support": 6400.0
            },
            "cross-entropy": 0.3145392389155951,
            "roc-auc": 0.8825067146372471,
            "score": 0.86859375
        },
        "val": {
            "0": {
                "precision": 0.8767605633802817,
                "recall": 0.9772370486656201,
                "f1-score": 0.9242761692650335,
                "support": 1274.0
            },
            "1": {
                "precision": 0.8388888888888889,
                "recall": 0.46319018404907975,
                "f1-score": 0.5968379446640316,
                "support": 326.0
            },
            "accuracy": 0.8725,
            "macro avg": {
                "precision": 0.8578247261345853,
                "recall": 0.7202136163573499,
                "f1-score": 0.7605570569645326,
                "support": 1600.0
            },
            "weighted avg": {
                "precision": 0.8690442097026605,
                "recall": 0.8725,
                "f1-score": 0.8575606310025793,
                "support": 1600.0
            },
            "cross-entropy": 0.3406780578260702,
            "roc-auc": 0.8596770232396875,
            "score": 0.8725
        },
        "test": {
            "0": {
                "precision": 0.8693213684800898,
                "recall": 0.9730069052102951,
                "f1-score": 0.9182464454976303,
                "support": 1593.0
            },
            "1": {
                "precision": 0.8018433179723502,
                "recall": 0.4275184275184275,
                "f1-score": 0.5576923076923077,
                "support": 407.0
            },
            "accuracy": 0.862,
            "macro avg": {
                "precision": 0.8355823432262199,
                "recall": 0.7002626663643613,
                "f1-score": 0.7379693765949691,
                "support": 2000.0
            },
            "weighted avg": {
                "precision": 0.8555895852017648,
                "recall": 0.862,
                "f1-score": 0.8448736784542472,
                "support": 2000.0
            },
            "cross-entropy": 0.3492582932849293,
            "roc-auc": 0.8516266651859872,
            "score": 0.862
        }
    },
    "time": "0:01:17.561515",
    "chunk_size": null,
    "eval_batch_size": 32768,
    "heads": [
        0
    ],
    "head_selection_time": "0:00:00.270283"
}