{
    "function": "bin.model.main",
    "gpus": [
        "NVIDIA GeForce RTX 4090"
    ],
    "config": {
        "seed": 14,
        "batch_size": 128,
        "patience": 16,
        "n_epochs": -1,
        "amp": true,
        "data": {
            "cache": true,
            "path": "data/regression-num-medium-1-wine_quality",
            "num_policy": "noisy-quantile"
        },
        "optimizer": {
            "type": "AdamW",
            "lr": 9.511597622418856e-05,
            "weight_decay": 8.895712328543852e-05
        },
        "model": {
            "arch_type": "tabr",
            "k": 1,
            "context_size": 96,
            "d_main": 174,
            "context_dropout": 0.0,
            "d_multiplier": 2.0,
            "encoder_n_blocks": 1,
            "predictor_n_blocks": 1,
            "mixer_normalization": "auto",
            "dropout0": 0.4520109037217136,
            "dropout1": 0.0,
            "normalization": "LayerNorm",
            "activation": "ReLU",
            "num_embeddings": {
                "type": "PeriodicEmbeddings",
                "n_frequencies": 77,
                "frequency_init_scale": 0.026303199660674143,
                "d_embedding": 6,
                "lite": true
            }
        }
    },
    "n_parameters": 410156,
    "prediction_type": "labels",
    "epoch_size": 36,
    "best_step": 4104,
    "metrics": {
        "train": {
            "rmse": 0.5756478464353859,
            "mae": 0.41793450713157654,
            "r2": 0.5716878466366977,
            "score": -0.5756478464353859
        },
        "val": {
            "rmse": 0.6089535502914671,
            "mae": 0.4534549415111542,
            "r2": 0.4876980789718104,
            "score": -0.6089535502914671
        },
        "test": {
            "rmse": 0.6119971225349872,
            "mae": 0.4445820450782776,
            "r2": 0.493695126690028,
            "score": -0.6119971225349872
        }
    },
    "time": "0:01:17.491650",
    "chunk_size": null,
    "eval_batch_size": 32768
}