{
    "function": "bin.ensemble.main",
    "config": {
        "seeds": [
            10,
            11,
            12,
            13,
            14
        ],
        "data": {
            "path": "data/sberbank-housing"
        }
    },
    "single_model_function": "bin.qtabformer.main",
    "prediction_type": "labels",
    "metrics": {
        "train": {
            "rmse": 0.2192058666709572,
            "mae": 0.10948900878429413,
            "r2": 0.6930142532035068,
            "score": -0.2192058666709572
        },
        "val": {
            "rmse": 0.23946385756269742,
            "mae": 0.12763576209545135,
            "r2": 0.6169714087968847,
            "score": -0.23946385756269742
        },
        "test": {
            "rmse": 0.255147978723927,
            "mae": 0.17443303763866425,
            "r2": 0.5551394563962273,
            "score": -0.255147978723927
        }
    }
}