{
    "function": "bin.model.main",
    "gpus": [
        "NVIDIA GeForce RTX 4090"
    ],
    "config": {
        "seed": 1,
        "batch_size": 256,
        "patience": 16,
        "n_epochs": -1,
        "gradient_clipping_norm": 1.0,
        "amp": true,
        "data": {
            "cache": true,
            "path": "data/classif-num-medium-0-MagicTelescope",
            "num_policy": "noisy-quantile"
        },
        "optimizer": {
            "type": "AdamW",
            "lr": 0.0006524360433065527,
            "weight_decay": 0.0
        },
        "model": {
            "arch_type": "tabrmv2",
            "sample_rate": 0.40680688928984055,
            "k": 32,
            "backbone": {
                "n_blocks": 1,
                "d_block": 240,
                "dropout": 0.10769984869425256
            },
            "num_embeddings": {
                "type": "PiecewiseLinearEmbeddingsV2",
                "d_embedding": 20
            }
        },
        "bins": {
            "n_bins": 77
        }
    },
    "n_parameters": 487744,
    "prediction_type": "probs",
    "epoch_size": 37,
    "best_step": 74,
    "metrics": {
        "train": {
            "0": {
                "precision": 0.8251421608448416,
                "recall": 0.8619007212558337,
                "f1-score": 0.8431209794563187,
                "support": 4714.0
            },
            "1": {
                "precision": 0.853345348051363,
                "recall": 0.8147988814798881,
                "f1-score": 0.8336267605633801,
                "support": 4649.0
            },
            "accuracy": 0.8385132970201858,
            "macro avg": {
                "precision": 0.8392437544481023,
                "recall": 0.838349801367861,
                "f1-score": 0.8383738700098494,
                "support": 9363.0
            },
            "weighted avg": {
                "precision": 0.8391458580917835,
                "recall": 0.8385132970201858,
                "f1-score": 0.8384068254850198,
                "support": 9363.0
            },
            "cross-entropy": 0.3604777556677847,
            "roc-auc": 0.9165472604498045,
            "score": 0.8385132970201858
        },
        "val": {
            "0": {
                "precision": 0.8295819935691319,
                "recall": 0.8881239242685026,
                "f1-score": 0.8578553615960101,
                "support": 581.0
            },
            "1": {
                "precision": 0.8881239242685026,
                "recall": 0.8295819935691319,
                "f1-score": 0.8578553615960101,
                "support": 622.0
            },
            "accuracy": 0.85785536159601,
            "macro avg": {
                "precision": 0.8588529589188172,
                "recall": 0.8588529589188172,
                "f1-score": 0.8578553615960101,
                "support": 1203.0
            },
            "weighted avg": {
                "precision": 0.8598505562416244,
                "recall": 0.85785536159601,
                "f1-score": 0.85785536159601,
                "support": 1203.0
            },
            "cross-entropy": 0.3587290173248172,
            "roc-auc": 0.9185833826809304,
            "score": 0.85785536159601
        },
        "test": {
            "0": {
                "precision": 0.8048109965635739,
                "recall": 0.8406317300789663,
                "f1-score": 0.8223314606741574,
                "support": 1393.0
            },
            "1": {
                "precision": 0.8361623616236162,
                "recall": 0.799576570218772,
                "f1-score": 0.8174603174603174,
                "support": 1417.0
            },
            "accuracy": 0.8199288256227758,
            "macro avg": {
                "precision": 0.8204866790935951,
                "recall": 0.8201041501488692,
                "f1-score": 0.8198958890672374,
                "support": 2810.0
            },
            "weighted avg": {
                "precision": 0.8206205639265916,
                "recall": 0.8199288256227758,
                "f1-score": 0.8198750870321606,
                "support": 2810.0
            },
            "cross-entropy": 0.3951270114542645,
            "roc-auc": 0.8989883382027589,
            "score": 0.8199288256227758
        }
    },
    "time": "0:00:13.112027",
    "chunk_size": null,
    "eval_batch_size": 32768,
    "heads": [
        1
    ],
    "head_selection_time": "0:00:00.187514"
}