{
    "function": "bin.model.main",
    "gpus": [
        "NVIDIA GeForce RTX 4090"
    ],
    "config": {
        "seed": 14,
        "batch_size": 32,
        "patience": 16,
        "n_epochs": -1,
        "gradient_clipping_norm": 1.0,
        "amp": true,
        "data": {
            "cache": true,
            "path": "data/classif-num-medium-2-wine",
            "num_policy": "noisy-quantile"
        },
        "optimizer": {
            "type": "AdamW",
            "lr": 0.0007609272669579942,
            "weight_decay": 0.0
        },
        "model": {
            "arch_type": "taba",
            "k": 128,
            "share_training_batches": false,
            "backbone": {
                "type": "MLP",
                "n_blocks": 9,
                "d_block": 368,
                "dropout": 0.0
            },
            "num_embeddings": {
                "type": "PiecewiseLinearEmbeddingsV2",
                "d_embedding": 32
            }
        },
        "bins": {
            "n_bins": 65
        }
    },
    "n_parameters": 1093056,
    "prediction_type": "probs",
    "epoch_size": 56,
    "best_step": 336,
    "metrics": {
        "train": {
            "0": {
                "precision": 0.8607142857142858,
                "recall": 0.7936333699231614,
                "f1-score": 0.8258138206739007,
                "support": 911.0
            },
            "1": {
                "precision": 0.8014783526927138,
                "recall": 0.8664383561643836,
                "f1-score": 0.8326933625891388,
                "support": 876.0
            },
            "accuracy": 0.8293228875209849,
            "macro avg": {
                "precision": 0.8310963192034998,
                "recall": 0.8300358630437725,
                "f1-score": 0.8292535916315198,
                "support": 1787.0
            },
            "weighted avg": {
                "precision": 0.8316764136790888,
                "recall": 0.8293228875209849,
                "f1-score": 0.829186220627873,
                "support": 1787.0
            },
            "cross-entropy": 0.3987376573060524,
            "roc-auc": 0.9036409385040274,
            "score": 0.8293228875209849
        },
        "val": {
            "0": {
                "precision": 0.8588235294117647,
                "recall": 0.6952380952380952,
                "f1-score": 0.7684210526315789,
                "support": 105.0
            },
            "1": {
                "precision": 0.7793103448275862,
                "recall": 0.904,
                "f1-score": 0.8370370370370371,
                "support": 125.0
            },
            "accuracy": 0.808695652173913,
            "macro avg": {
                "precision": 0.8190669371196755,
                "recall": 0.7996190476190477,
                "f1-score": 0.8027290448343081,
                "support": 230.0
            },
            "weighted avg": {
                "precision": 0.8156098421377546,
                "recall": 0.808695652173913,
                "f1-score": 0.8057123485041106,
                "support": 230.0
            },
            "cross-entropy": 0.46332640009247733,
            "roc-auc": 0.843352380952381,
            "score": 0.808695652173913
        },
        "test": {
            "0": {
                "precision": 0.7848101265822784,
                "recall": 0.7126436781609196,
                "f1-score": 0.746987951807229,
                "support": 261.0
            },
            "1": {
                "precision": 0.75,
                "recall": 0.8152173913043478,
                "f1-score": 0.7812500000000001,
                "support": 276.0
            },
            "accuracy": 0.7653631284916201,
            "macro avg": {
                "precision": 0.7674050632911392,
                "recall": 0.7639305347326337,
                "f1-score": 0.7641189759036146,
                "support": 537.0
            },
            "weighted avg": {
                "precision": 0.7669188883388727,
                "recall": 0.7653631284916201,
                "f1-score": 0.7645974961297706,
                "support": 537.0
            },
            "cross-entropy": 0.48842677691349345,
            "roc-auc": 0.8382475428952191,
            "score": 0.7653631284916201
        }
    },
    "time": "0:00:12.824358",
    "chunk_size": null,
    "eval_batch_size": 32768
}