{
    "function": "bin.model.main",
    "gpus": [
        "NVIDIA GeForce RTX 4090"
    ],
    "config": {
        "seed": 7,
        "batch_size": 64,
        "patience": 16,
        "n_epochs": -1,
        "gradient_clipping_norm": 1.0,
        "amp": true,
        "data": {
            "cache": true,
            "path": "data/classif-num-medium-0-kdd_ipums_la_97-small",
            "num_policy": "noisy-quantile"
        },
        "optimizer": {
            "type": "AdamW",
            "lr": 0.0007191518140345642,
            "weight_decay": 0.02086025513682802
        },
        "model": {
            "arch_type": "tabrmv2",
            "sample_rate": 0.26970377957297786,
            "k": 32,
            "backbone": {
                "n_blocks": 3,
                "d_block": 64,
                "dropout": 0.10891920772488897
            },
            "num_embeddings": {
                "type": "PiecewiseLinearEmbeddingsV2",
                "d_embedding": 32
            }
        },
        "bins": {
            "n_bins": 9
        }
    },
    "n_parameters": 150272,
    "prediction_type": "probs",
    "epoch_size": 57,
    "best_step": 57,
    "metrics": {
        "train": {
            "0": {
                "precision": 0.9480840543881335,
                "recall": 0.8382513661202186,
                "f1-score": 0.8897911832946637,
                "support": 1830.0
            },
            "1": {
                "precision": 0.8529557873820169,
                "recall": 0.9533592448639645,
                "f1-score": 0.9003670686942843,
                "support": 1801.0
            },
            "accuracy": 0.8953456348113468,
            "macro avg": {
                "precision": 0.9005199208850752,
                "recall": 0.8958053054920916,
                "f1-score": 0.8950791259944739,
                "support": 3631.0
            },
            "weighted avg": {
                "precision": 0.9008998051790957,
                "recall": 0.8953456348113468,
                "f1-score": 0.8950368923568275,
                "support": 3631.0
            },
            "cross-entropy": 0.25651677273998513,
            "roc-auc": 0.9522762096345989,
            "score": 0.8953456348113468
        },
        "val": {
            "0": {
                "precision": 0.933920704845815,
                "recall": 0.8760330578512396,
                "f1-score": 0.9040511727078892,
                "support": 242.0
            },
            "1": {
                "precision": 0.875,
                "recall": 0.9333333333333333,
                "f1-score": 0.9032258064516129,
                "support": 225.0
            },
            "accuracy": 0.9036402569593148,
            "macro avg": {
                "precision": 0.9044603524229076,
                "recall": 0.9046831955922865,
                "f1-score": 0.903638489579751,
                "support": 467.0
            },
            "weighted avg": {
                "precision": 0.9055327849522211,
                "recall": 0.9036402569593148,
                "f1-score": 0.903653512306043,
                "support": 467.0
            },
            "cross-entropy": 0.250222606104816,
            "roc-auc": 0.9560881542699725,
            "score": 0.9036402569593148
        },
        "test": {
            "0": {
                "precision": 0.9065817409766455,
                "recall": 0.8180076628352491,
                "f1-score": 0.8600201409869084,
                "support": 522.0
            },
            "1": {
                "precision": 0.8465266558966075,
                "recall": 0.9225352112676056,
                "f1-score": 0.8828980623420387,
                "support": 568.0
            },
            "accuracy": 0.8724770642201835,
            "macro avg": {
                "precision": 0.8765541984366265,
                "recall": 0.8702714370514273,
                "f1-score": 0.8714591016644735,
                "support": 1090.0
            },
            "weighted avg": {
                "precision": 0.8752869810450293,
                "recall": 0.8724770642201835,
                "f1-score": 0.8719418467939855,
                "support": 1090.0
            },
            "cross-entropy": 0.28564589600240153,
            "roc-auc": 0.9426535265231233,
            "score": 0.8724770642201835
        }
    },
    "time": "0:00:22.102805",
    "chunk_size": null,
    "eval_batch_size": 32768,
    "heads": [
        6,
        4
    ],
    "head_selection_time": "0:00:00.555208"
}