{
    "function": "bin.model.main",
    "gpus": [
        "NVIDIA GeForce RTX 4090"
    ],
    "config": {
        "seed": 5,
        "batch_size": 256,
        "patience": 16,
        "n_epochs": -1,
        "gradient_clipping_norm": 1.0,
        "amp": true,
        "data": {
            "cache": true,
            "path": "data/house",
            "num_policy": "noisy-quantile"
        },
        "optimizer": {
            "type": "AdamW",
            "lr": 0.0010395786306883709,
            "weight_decay": 0.0012063414870778929
        },
        "model": {
            "arch_type": "tabrmv2",
            "sample_rate": 0.06098117078400163,
            "k": 128,
            "backbone": {
                "n_blocks": 2,
                "d_block": 240,
                "dropout": 0.29986210295290955
            },
            "num_embeddings": {
                "type": "PeriodicEmbeddings",
                "n_frequencies": 20,
                "d_embedding": 20,
                "frequency_init_scale": 0.01848889817640868,
                "lite": false
            }
        }
    },
    "n_parameters": 1098128,
    "prediction_type": "labels",
    "epoch_size": 57,
    "best_step": 3306,
    "metrics": {
        "train": {
            "rmse": 23450.11385899864,
            "mae": 13182.2763671875,
            "r2": 0.7974952391311267,
            "score": -23450.11385899864
        },
        "val": {
            "rmse": 28500.791287260778,
            "mae": 15059.4736328125,
            "r2": 0.7274159655250343,
            "score": -28500.791287260778
        },
        "test": {
            "rmse": 32707.529163787352,
            "mae": 16018.568359375,
            "r2": 0.6294359386751174,
            "score": -32707.529163787352
        }
    },
    "time": "0:01:09.527137",
    "chunk_size": null,
    "eval_batch_size": 32768,
    "heads": [
        125,
        55
    ],
    "head_selection_time": "0:00:00.256222"
}