{
    "function": "bin.model.main",
    "gpus": [
        "NVIDIA GeForce RTX 4090"
    ],
    "config": {
        "seed": 14,
        "batch_size": 256,
        "patience": 16,
        "n_epochs": -1,
        "gradient_clipping_norm": 1.0,
        "amp": true,
        "data": {
            "cache": true,
            "path": "data/classif-num-medium-1-credit",
            "num_policy": "noisy-quantile"
        },
        "optimizer": {
            "type": "AdamW",
            "lr": 3.4433443806637837e-05,
            "weight_decay": 0.0
        },
        "model": {
            "arch_type": "tabrmv3",
            "sample_rate": 0.3806475691895107,
            "k": 4,
            "backbone": {
                "embed_type": "tabr",
                "ensemble_type": "shared-resnet",
                "context_shuffle": false,
                "context_size": 128,
                "encoder_n_blocks": 0,
                "n_blocks": 2,
                "d_block": 288,
                "dropout": 0.0
            },
            "num_embeddings": {
                "type": "PeriodicEmbeddings",
                "n_frequencies": 84,
                "d_embedding": 16,
                "frequency_init_scale": 0.17161273216125608,
                "lite": false
            }
        }
    },
    "n_parameters": 577392,
    "prediction_type": "probs",
    "epoch_size": 40,
    "best_step": 400,
    "metrics": {
        "train": {
            "0": {
                "precision": 0.7559112404510732,
                "recall": 0.8242760809202697,
                "f1-score": 0.7886148007590134,
                "support": 5042.0
            },
            "1": {
                "precision": 0.8031985784095957,
                "recall": 0.7293263412666398,
                "f1-score": 0.7644820295983086,
                "support": 4958.0
            },
            "accuracy": 0.7772,
            "macro avg": {
                "precision": 0.7795549094303345,
                "recall": 0.7768012110934548,
                "f1-score": 0.776548415178661,
                "support": 10000.0
            },
            "weighted avg": {
                "precision": 0.7793563026109086,
                "recall": 0.7772,
                "f1-score": 0.7766497728175359,
                "support": 10000.0
            },
            "cross-entropy": 0.4724302156628677,
            "roc-auc": 0.8579022335816016,
            "score": 0.7772
        },
        "val": {
            "0": {
                "precision": 0.7534754402224282,
                "recall": 0.8025666337611056,
                "f1-score": 0.7772466539196942,
                "support": 1013.0
            },
            "1": {
                "precision": 0.786096256684492,
                "recall": 0.7342657342657343,
                "f1-score": 0.7592975206611571,
                "support": 1001.0
            },
            "accuracy": 0.7686196623634558,
            "macro avg": {
                "precision": 0.7697858484534601,
                "recall": 0.7684161840134199,
                "f1-score": 0.7682720872904256,
                "support": 2014.0
            },
            "weighted avg": {
                "precision": 0.769688666279293,
                "recall": 0.7686196623634558,
                "f1-score": 0.7683255603785841,
                "support": 2014.0
            },
            "cross-entropy": 0.4858881775098451,
            "roc-auc": 0.8466834251631883,
            "score": 0.7686196623634558
        },
        "test": {
            "0": {
                "precision": 0.7425029988004798,
                "recall": 0.8066898349261512,
                "f1-score": 0.7732667083073079,
                "support": 2302.0
            },
            "1": {
                "precision": 0.7976352887676217,
                "recall": 0.731442869057548,
                "f1-score": 0.7631063737219927,
                "support": 2398.0
            },
            "accuracy": 0.7682978723404256,
            "macro avg": {
                "precision": 0.7700691437840508,
                "recall": 0.7690663519918496,
                "f1-score": 0.7681865410146503,
                "support": 4700.0
            },
            "weighted avg": {
                "precision": 0.7706321969581833,
                "recall": 0.7682978723404256,
                "f1-score": 0.7680827758954812,
                "support": 4700.0
            },
            "cross-entropy": 0.4866116239415668,
            "roc-auc": 0.8468946573636154,
            "score": 0.7682978723404256
        }
    },
    "time": "0:00:21.626319",
    "chunk_size": null,
    "eval_batch_size": 32768,
    "heads": [
        2,
        3
    ],
    "head_selection_time": "0:00:00.091998"
}