{
    "function": "bin.model.main",
    "gpus": [
        "NVIDIA GeForce RTX 4090"
    ],
    "config": {
        "seed": 13,
        "batch_size": 256,
        "patience": 16,
        "n_epochs": -1,
        "gradient_clipping_norm": 1.0,
        "amp": true,
        "data": {
            "cache": true,
            "path": "data/classif-num-medium-0-MagicTelescope",
            "num_policy": "noisy-quantile"
        },
        "optimizer": {
            "type": "AdamW",
            "lr": 3.222040823242735e-05,
            "weight_decay": 0.0
        },
        "model": {
            "arch_type": "tabrmv3",
            "sample_rate": 0.5951003012248842,
            "k": 4,
            "backbone": {
                "embed_type": "tabr",
                "ensemble_type": "shared-resnet",
                "context_shuffle": false,
                "context_size": 192,
                "encoder_n_blocks": 0,
                "n_blocks": 2,
                "d_block": 960,
                "dropout": 0.2950637659502448
            },
            "num_embeddings": {
                "type": "PeriodicEmbeddings",
                "n_frequencies": 72,
                "d_embedding": 28,
                "frequency_init_scale": 0.14951954678889093,
                "lite": false
            }
        }
    },
    "n_parameters": 5858928,
    "prediction_type": "probs",
    "epoch_size": 37,
    "best_step": 740,
    "metrics": {
        "train": {
            "0": {
                "precision": 0.8411741835147745,
                "recall": 0.9179041154009334,
                "f1-score": 0.877865692838304,
                "support": 4714.0
            },
            "1": {
                "precision": 0.9082721023939322,
                "recall": 0.8242632824263283,
                "f1-score": 0.8642309427153811,
                "support": 4649.0
            },
            "accuracy": 0.8714087365160739,
            "macro avg": {
                "precision": 0.8747231429543534,
                "recall": 0.8710836989136308,
                "f1-score": 0.8710483177768426,
                "support": 9363.0
            },
            "weighted avg": {
                "precision": 0.8744902387181499,
                "recall": 0.8714087365160739,
                "f1-score": 0.871095645490075,
                "support": 9363.0
            },
            "cross-entropy": 0.2986841052412329,
            "roc-auc": 0.943383840010849,
            "score": 0.8714087365160739
        },
        "val": {
            "0": {
                "precision": 0.8236196319018405,
                "recall": 0.9242685025817556,
                "f1-score": 0.8710462287104623,
                "support": 581.0
            },
            "1": {
                "precision": 0.9201451905626135,
                "recall": 0.815112540192926,
                "f1-score": 0.8644501278772379,
                "support": 622.0
            },
            "accuracy": 0.8678304239401496,
            "macro avg": {
                "precision": 0.871882411232227,
                "recall": 0.8696905213873408,
                "f1-score": 0.8677481782938501,
                "support": 1203.0
            },
            "weighted avg": {
                "precision": 0.873527277360694,
                "recall": 0.8678304239401496,
                "f1-score": 0.8676357759105741,
                "support": 1203.0
            },
            "cross-entropy": 0.3137813886516135,
            "roc-auc": 0.9383533214161193,
            "score": 0.8678304239401496
        },
        "test": {
            "0": {
                "precision": 0.8206307490144547,
                "recall": 0.8966259870782484,
                "f1-score": 0.8569468267581475,
                "support": 1393.0
            },
            "1": {
                "precision": 0.8881987577639752,
                "recall": 0.8073394495412844,
                "f1-score": 0.845841035120148,
                "support": 1417.0
            },
            "accuracy": 0.8516014234875445,
            "macro avg": {
                "precision": 0.8544147533892149,
                "recall": 0.8519827183097664,
                "f1-score": 0.8513939309391477,
                "support": 2810.0
            },
            "weighted avg": {
                "precision": 0.8547033000457964,
                "recall": 0.8516014234875445,
                "f1-score": 0.8513465040709428,
                "support": 2810.0
            },
            "cross-entropy": 0.34289310736744716,
            "roc-auc": 0.9256819433390361,
            "score": 0.8516014234875445
        }
    },
    "time": "0:00:37.138282",
    "chunk_size": null,
    "eval_batch_size": 32768
}