{
    "function": "bin.model.main",
    "gpus": [
        "NVIDIA GeForce RTX 4090"
    ],
    "config": {
        "seed": 0,
        "batch_size": 256,
        "patience": 16,
        "n_epochs": -1,
        "amp": true,
        "data": {
            "cache": true,
            "path": "data/regression-num-medium-0-fifa",
            "num_policy": "noisy-quantile"
        },
        "optimizer": {
            "type": "AdamW",
            "lr": 0.00014444809381884103,
            "weight_decay": 0.0
        },
        "model": {
            "arch_type": "tabr-pln",
            "k": 32,
            "context_size": 96,
            "d_main": 155,
            "context_dropout": 0.0,
            "d_multiplier": 2.0,
            "encoder_n_blocks": 0,
            "predictor_n_blocks": 1,
            "mixer_normalization": "auto",
            "dropout0": 0.06604269225358603,
            "dropout1": 0.0,
            "normalization": "LayerNorm",
            "activation": "ReLU",
            "num_embeddings": {
                "type": "PeriodicEmbeddings",
                "n_frequencies": 80,
                "frequency_init_scale": 0.23456193575336481,
                "d_embedding": 45,
                "lite": true
            }
        }
    },
    "n_parameters": 270526,
    "prediction_type": "labels",
    "epoch_size": 40,
    "best_step": 920,
    "metrics": {
        "train": {
            "rmse": 0.7529636083499788,
            "mae": 0.5621578097343445,
            "r2": 0.6927510228093963,
            "score": -0.7529636083499788
        },
        "val": {
            "rmse": 0.7620629731036576,
            "mae": 0.5714797973632812,
            "r2": 0.690935071991228,
            "score": -0.7620629731036576
        },
        "test": {
            "rmse": 0.8044458415292699,
            "mae": 0.5982809066772461,
            "r2": 0.6495910629854649,
            "score": -0.8044458415292699
        }
    },
    "time": "0:00:24.489121",
    "chunk_size": null,
    "eval_batch_size": 32768,
    "heads": [
        21
    ],
    "head_selection_time": "0:00:00.062764"
}