{
    "function": "bin.ensemble.main",
    "config": {
        "seeds": [
            10,
            11,
            12,
            13,
            14
        ],
        "data": {
            "path": "data/classif-num-medium-4-wine"
        }
    },
    "single_model_function": "bin.model.main",
    "prediction_type": "probs",
    "metrics": {
        "train": {
            "0": {
                "precision": 0.98,
                "recall": 0.9810901001112347,
                "f1-score": 0.980544747081712,
                "support": 899.0
            },
            "1": {
                "precision": 0.9808342728297632,
                "recall": 0.9797297297297297,
                "f1-score": 0.9802816901408451,
                "support": 888.0
            },
            "accuracy": 0.9804141018466704,
            "macro avg": {
                "precision": 0.9804171364148816,
                "recall": 0.9804099149204821,
                "f1-score": 0.9804132186112786,
                "support": 1787.0
            },
            "weighted avg": {
                "precision": 0.9804145687033182,
                "recall": 0.9804141018466704,
                "f1-score": 0.9804140282437211,
                "support": 1787.0
            },
            "cross-entropy": 0.17906952238200788,
            "roc-auc": 0.9974947138462155,
            "score": 0.9804141018466704
        },
        "val": {
            "0": {
                "precision": 0.847457627118644,
                "recall": 0.8264462809917356,
                "f1-score": 0.8368200836820083,
                "support": 121.0
            },
            "1": {
                "precision": 0.8125,
                "recall": 0.8348623853211009,
                "f1-score": 0.8235294117647057,
                "support": 109.0
            },
            "accuracy": 0.8304347826086956,
            "macro avg": {
                "precision": 0.829978813559322,
                "recall": 0.8306543331564182,
                "f1-score": 0.830174747723357,
                "support": 230.0
            },
            "weighted avg": {
                "precision": 0.8308907516580692,
                "recall": 0.8304347826086956,
                "f1-score": 0.8305214609038084,
                "support": 230.0
            },
            "cross-entropy": 0.43825594332252116,
            "roc-auc": 0.8755023125331717,
            "score": 0.8304347826086956
        },
        "test": {
            "0": {
                "precision": 0.8145161290322581,
                "recall": 0.7859922178988327,
                "f1-score": 0.7999999999999999,
                "support": 257.0
            },
            "1": {
                "precision": 0.8096885813148789,
                "recall": 0.8357142857142857,
                "f1-score": 0.8224956063268891,
                "support": 280.0
            },
            "accuracy": 0.8119180633147114,
            "macro avg": {
                "precision": 0.8121023551735684,
                "recall": 0.8108532518065592,
                "f1-score": 0.8112478031634445,
                "support": 537.0
            },
            "weighted avg": {
                "precision": 0.811998971935673,
                "recall": 0.8119180633147114,
                "f1-score": 0.8117295526471674,
                "support": 537.0
            },
            "cross-entropy": 0.44733154926799845,
            "roc-auc": 0.8709560867148416,
            "score": 0.8119180633147114
        }
    }
}