{
    "function": "bin.model.main",
    "gpus": [
        "NVIDIA GeForce RTX 4090"
    ],
    "config": {
        "seed": 7,
        "batch_size": 256,
        "patience": 16,
        "n_epochs": -1,
        "gradient_clipping_norm": 1.0,
        "amp": true,
        "data": {
            "cache": true,
            "path": "data/classif-num-medium-1-bank-marketing",
            "num_policy": "noisy-quantile"
        },
        "optimizer": {
            "type": "AdamW",
            "lr": 0.00012271122330079348,
            "weight_decay": 0.0010675509577013065
        },
        "model": {
            "arch_type": "tabrmv2",
            "sample_rate": 0.15180164210535818,
            "k": 48,
            "backbone": {
                "n_blocks": 1,
                "d_block": 144,
                "dropout": 0.0
            },
            "num_embeddings": {
                "type": "PiecewiseLinearEmbeddingsV2",
                "d_embedding": 12
            }
        },
        "bins": {
            "n_bins": 95
        }
    },
    "n_parameters": 214800,
    "prediction_type": "probs",
    "epoch_size": 29,
    "best_step": 232,
    "metrics": {
        "train": {
            "0": {
                "precision": 0.8151472650771389,
                "recall": 0.7939890710382513,
                "f1-score": 0.8044290657439447,
                "support": 3660.0
            },
            "1": {
                "precision": 0.8035946861161761,
                "recall": 0.8239850427350427,
                "f1-score": 0.8136621389951207,
                "support": 3744.0
            },
            "accuracy": 0.8091572123176661,
            "macro avg": {
                "precision": 0.8093709755966575,
                "recall": 0.8089870568866471,
                "f1-score": 0.8090456023695327,
                "support": 7404.0
            },
            "weighted avg": {
                "precision": 0.8093054423286455,
                "recall": 0.8091572123176661,
                "f1-score": 0.8090979779876512,
                "support": 7404.0
            },
            "cross-entropy": 0.41737819457355074,
            "roc-auc": 0.8906080694502826,
            "score": 0.8091572123176661
        },
        "val": {
            "0": {
                "precision": 0.8592436974789915,
                "recall": 0.7957198443579766,
                "f1-score": 0.8262626262626261,
                "support": 514.0
            },
            "1": {
                "precision": 0.7794117647058824,
                "recall": 0.8470319634703196,
                "f1-score": 0.8118161925601749,
                "support": 438.0
            },
            "accuracy": 0.819327731092437,
            "macro avg": {
                "precision": 0.819327731092437,
                "recall": 0.8213759039141482,
                "f1-score": 0.8190394094114005,
                "support": 952.0
            },
            "weighted avg": {
                "precision": 0.8225142998375821,
                "recall": 0.819327731092437,
                "f1-score": 0.8196160527734733,
                "support": 952.0
            },
            "cross-entropy": 0.4128833811953257,
            "roc-auc": 0.8935957571558019,
            "score": 0.819327731092437
        },
        "test": {
            "0": {
                "precision": 0.8018518518518518,
                "recall": 0.7766816143497758,
                "f1-score": 0.7890660592255124,
                "support": 1115.0
            },
            "1": {
                "precision": 0.7819614711033275,
                "recall": 0.8066847335140018,
                "f1-score": 0.7941307247665629,
                "support": 1107.0
            },
            "accuracy": 0.7916291629162916,
            "macro avg": {
                "precision": 0.7919066614775896,
                "recall": 0.7916831739318888,
                "f1-score": 0.7915983919960377,
                "support": 2222.0
            },
            "weighted avg": {
                "precision": 0.7919424677435636,
                "recall": 0.7916291629162916,
                "f1-score": 0.7915892746863328,
                "support": 2222.0
            },
            "cross-entropy": 0.4594039555228608,
            "roc-auc": 0.8648907684891498,
            "score": 0.7916291629162916
        }
    },
    "time": "0:00:13.552273",
    "chunk_size": null,
    "eval_batch_size": 32768
}