{
    "function": "bin.ensemble.main",
    "config": {
        "seeds": [
            5,
            6,
            7,
            8,
            9
        ],
        "data": {
            "path": "data/regression-num-medium-2-Ailerons"
        }
    },
    "single_model_function": "bin.model.main",
    "prediction_type": "labels",
    "metrics": {
        "train": {
            "rmse": 0.00015632479174978051,
            "mae": 0.00011400808580219746,
            "r2": 0.8543112471611063,
            "score": -0.00015632479174978051
        },
        "val": {
            "rmse": 0.0001538106375829422,
            "mae": 0.00011388641723897308,
            "r2": 0.8335489189866787,
            "score": -0.0001538106375829422
        },
        "test": {
            "rmse": 0.0001591025332675396,
            "mae": 0.00011652628745650873,
            "r2": 0.8526553198030302,
            "score": -0.0001591025332675396
        }
    }
}