{
    "function": "bin.model.main",
    "gpus": [
        "NVIDIA GeForce RTX 4090"
    ],
    "config": {
        "seed": 11,
        "batch_size": 64,
        "patience": 16,
        "n_epochs": -1,
        "gradient_clipping_norm": 1.0,
        "amp": true,
        "data": {
            "cache": true,
            "path": "data/classif-num-medium-2-kdd_ipums_la_97-small",
            "num_policy": "noisy-quantile"
        },
        "optimizer": {
            "type": "AdamW",
            "lr": 7.807236285369691e-05,
            "weight_decay": 0.004764218158924839
        },
        "model": {
            "arch_type": "tabrmv3",
            "sample_rate": 0.41830637649486324,
            "k": 8,
            "backbone": {
                "embed_type": "tabr",
                "ensemble_type": "mini-resnet",
                "context_shuffle": false,
                "context_size": 64,
                "encoder_n_blocks": 1,
                "n_blocks": 1,
                "d_block": 288,
                "dropout": 0.0
            },
            "num_embeddings": {
                "type": "PeriodicEmbeddings",
                "n_frequencies": 76,
                "d_embedding": 24,
                "frequency_init_scale": 3.840750840289935,
                "lite": false
            }
        }
    },
    "n_parameters": 721248,
    "prediction_type": "probs",
    "epoch_size": 57,
    "best_step": 1254,
    "metrics": {
        "train": {
            "0": {
                "precision": 0.9521938441388343,
                "recall": 0.807329261521377,
                "f1-score": 0.8737980769230768,
                "support": 1801.0
            },
            "1": {
                "precision": 0.8350760456273765,
                "recall": 0.9601092896174863,
                "f1-score": 0.8932384341637011,
                "support": 1830.0
            },
            "accuracy": 0.8843293858441201,
            "macro avg": {
                "precision": 0.8936349448831054,
                "recall": 0.8837192755694316,
                "f1-score": 0.8835182555433889,
                "support": 3631.0
            },
            "weighted avg": {
                "precision": 0.8931672478083558,
                "recall": 0.8843293858441201,
                "f1-score": 0.8835958884764621,
                "support": 3631.0
            },
            "cross-entropy": 0.2880317363214989,
            "roc-auc": 0.9298128240837665,
            "score": 0.8843293858441201
        },
        "val": {
            "0": {
                "precision": 0.989247311827957,
                "recall": 0.8070175438596491,
                "f1-score": 0.888888888888889,
                "support": 228.0
            },
            "1": {
                "precision": 0.8434163701067615,
                "recall": 0.9916317991631799,
                "f1-score": 0.9115384615384615,
                "support": 239.0
            },
            "accuracy": 0.9014989293361885,
            "macro avg": {
                "precision": 0.9163318409673593,
                "recall": 0.8993246715114145,
                "f1-score": 0.9002136752136752,
                "support": 467.0
            },
            "weighted avg": {
                "precision": 0.9146143459363817,
                "recall": 0.9014989293361885,
                "f1-score": 0.9004804260692911,
                "support": 467.0
            },
            "cross-entropy": 0.2651119729957021,
            "roc-auc": 0.939018571533436,
            "score": 0.9014989293361885
        },
        "test": {
            "0": {
                "precision": 0.9698924731182795,
                "recall": 0.7982300884955752,
                "f1-score": 0.8757281553398057,
                "support": 565.0
            },
            "1": {
                "precision": 0.8176,
                "recall": 0.9733333333333334,
                "f1-score": 0.8886956521739131,
                "support": 525.0
            },
            "accuracy": 0.8825688073394495,
            "macro avg": {
                "precision": 0.8937462365591398,
                "recall": 0.8857817109144543,
                "f1-score": 0.8822119037568594,
                "support": 1090.0
            },
            "weighted avg": {
                "precision": 0.8965405938640624,
                "recall": 0.8825688073394495,
                "f1-score": 0.8819739680351326,
                "support": 1090.0
            },
            "cross-entropy": 0.2934793452599413,
            "roc-auc": 0.9278482932996207,
            "score": 0.8825688073394495
        }
    },
    "time": "0:00:43.514190",
    "chunk_size": null,
    "eval_batch_size": 32768
}