{
    "function": "bin.model.main",
    "gpus": [
        "NVIDIA GeForce RTX 4090"
    ],
    "config": {
        "seed": 3,
        "batch_size": 256,
        "patience": 16,
        "n_epochs": -1,
        "gradient_clipping_norm": 1.0,
        "amp": true,
        "data": {
            "cache": true,
            "path": "data/adult",
            "num_policy": "noisy-quantile",
            "cat_policy": "ordinal"
        },
        "optimizer": {
            "type": "AdamW",
            "lr": 0.0017863752378139426,
            "weight_decay": 0.00036283198239000586
        },
        "model": {
            "arch_type": "tabm-mini",
            "k": 32,
            "share_training_batches": false,
            "backbone": {
                "type": "MLP",
                "n_blocks": 3,
                "d_block": 752,
                "dropout": 0.3667708294272814
            },
            "num_embeddings": {
                "type": "PiecewiseLinearEmbeddingsV2",
                "d_embedding": 32
            }
        },
        "bins": {
            "n_bins": 109
        }
    },
    "n_parameters": 1433072,
    "prediction_type": "probs",
    "epoch_size": 102,
    "best_step": 1428,
    "metrics": {
        "train": {
            "0": {
                "precision": 0.9029390681003584,
                "recall": 0.955448798988622,
                "f1-score": 0.9284520884520885,
                "support": 19775.0
            },
            "1": {
                "precision": 0.8280304509076712,
                "recall": 0.676231468197035,
                "f1-score": 0.7444717444717445,
                "support": 6273.0
            },
            "accuracy": 0.8882063882063882,
            "macro avg": {
                "precision": 0.8654847595040148,
                "recall": 0.8158401335928285,
                "f1-score": 0.8364619164619165,
                "support": 26048.0
            },
            "weighted avg": {
                "precision": 0.8848992279725281,
                "recall": 0.8882063882063882,
                "f1-score": 0.8841450899190456,
                "support": 26048.0
            },
            "cross-entropy": 0.24439041952740292,
            "roc-auc": 0.9466184718365366,
            "score": 0.8882063882063882
        },
        "val": {
            "0": {
                "precision": 0.8914580546531626,
                "recall": 0.9433771486349848,
                "f1-score": 0.9166830418549814,
                "support": 4945.0
            },
            "1": {
                "precision": 0.78125,
                "recall": 0.6377551020408163,
                "f1-score": 0.702247191011236,
                "support": 1568.0
            },
            "accuracy": 0.8697988638108398,
            "macro avg": {
                "precision": 0.8363540273265813,
                "recall": 0.7905661253379006,
                "f1-score": 0.8094651164331087,
                "support": 6513.0
            },
            "weighted avg": {
                "precision": 0.8649255458713172,
                "recall": 0.8697988638108398,
                "f1-score": 0.8650577671546907,
                "support": 6513.0
            },
            "cross-entropy": 0.288224344714182,
            "roc-auc": 0.9245009517962898,
            "score": 0.8697988638108398
        },
        "test": {
            "0": {
                "precision": 0.8921218567195928,
                "recall": 0.9443506232408524,
                "f1-score": 0.9174935541839205,
                "support": 12435.0
            },
            "1": {
                "precision": 0.7780628608082104,
                "recall": 0.6307852314092564,
                "f1-score": 0.6967260195290063,
                "support": 3846.0
            },
            "accuracy": 0.8702782384374425,
            "macro avg": {
                "precision": 0.8350923587639016,
                "recall": 0.7875679273250544,
                "f1-score": 0.8071097868564634,
                "support": 16281.0
            },
            "weighted avg": {
                "precision": 0.8651781248680371,
                "recall": 0.8702782384374425,
                "f1-score": 0.8653424616046687,
                "support": 16281.0
            },
            "cross-entropy": 0.29279056844036216,
            "roc-auc": 0.9209973610042109,
            "score": 0.8702782384374425
        }
    },
    "time": "0:00:33.371496",
    "chunk_size": null,
    "eval_batch_size": 32768,
    "heads": [
        21
    ],
    "head_selection_time": "0:00:00.578482"
}