{
    "function": "bin.qtab.main",
    "gpus": [
        "NVIDIA GeForce RTX 4090"
    ],
    "config": {
        "seed": 3,
        "batch_size": 512,
        "patience": 16,
        "n_epochs": -1,
        "amp": true,
        "data": {
            "cache": true,
            "path": "data/regression-num-medium-0-medical_charges",
            "num_policy": "noisy-quantile"
        },
        "optimizer": {
            "type": "AdamW",
            "lr": 0.000626712240628132,
            "weight_decay": 2.590814779604693e-05
        },
        "model": {
            "distance_metric": "l2",
            "encoder_n_blocks": 1,
            "temperature": 1,
            "momentum": 0.999,
            "queue_ratio": 64,
            "d_main": 256,
            "d_multiplier": 2.0,
            "mixer_normalization": "auto",
            "dropout0": 0.0,
            "dropout1": 0.0,
            "normalization": "LayerNorm",
            "activation": "ReLU",
            "num_embeddings": {
                "type": "PeriodicEmbeddings",
                "n_frequencies": 59,
                "frequency_init_scale": 0.03859469949121025,
                "d_embedding": 41,
                "lite": true
            }
        }
    },
    "n_parameters": 300224,
    "prediction_type": "labels",
    "epoch_size": 20,
    "best_step": 380,
    "metrics": {
        "train": {
            "rmse": 0.08027236339101079,
            "mae": 0.05367149040102959,
            "r2": 0.9794268090082943,
            "score": -0.08027236339101079
        },
        "val": {
            "rmse": 0.08286145434485169,
            "mae": 0.05392581596970558,
            "r2": 0.9786169845291637,
            "score": -0.08286145434485169
        },
        "test": {
            "rmse": 0.08222232714820077,
            "mae": 0.05357168987393379,
            "r2": 0.9789960639020067,
            "score": -0.08222232714820077
        }
    },
    "time": "0:00:10.188957",
    "chunk_size": null,
    "eval_batch_size": 32768
}