{
    "function": "bin.ensemble.main",
    "config": {
        "seeds": [
            5,
            6,
            7,
            8,
            9
        ],
        "data": {
            "path": "data/classif-num-medium-2-wine"
        }
    },
    "single_model_function": "bin.model.main",
    "prediction_type": "probs",
    "metrics": {
        "train": {
            "0": {
                "precision": 0.8015783540022547,
                "recall": 0.7804610318331504,
                "f1-score": 0.7908787541713014,
                "support": 911.0
            },
            "1": {
                "precision": 0.7777777777777778,
                "recall": 0.7990867579908676,
                "f1-score": 0.7882882882882882,
                "support": 876.0
            },
            "accuracy": 0.7895914941242306,
            "macro avg": {
                "precision": 0.7896780658900162,
                "recall": 0.789773894912009,
                "f1-score": 0.7895835212297948,
                "support": 1787.0
            },
            "weighted avg": {
                "precision": 0.7899111437209779,
                "recall": 0.7895914941242306,
                "f1-score": 0.789608889530272,
                "support": 1787.0
            },
            "cross-entropy": 0.45042698096100675,
            "roc-auc": 0.8678054624102172,
            "score": 0.7895914941242306
        },
        "val": {
            "0": {
                "precision": 0.8061224489795918,
                "recall": 0.7523809523809524,
                "f1-score": 0.7783251231527093,
                "support": 105.0
            },
            "1": {
                "precision": 0.803030303030303,
                "recall": 0.848,
                "f1-score": 0.8249027237354084,
                "support": 125.0
            },
            "accuracy": 0.8043478260869565,
            "macro avg": {
                "precision": 0.8045763760049474,
                "recall": 0.8001904761904761,
                "f1-score": 0.8016139234440589,
                "support": 230.0
            },
            "weighted avg": {
                "precision": 0.8044419348767174,
                "recall": 0.8043478260869565,
                "f1-score": 0.8036390365128719,
                "support": 230.0
            },
            "cross-entropy": 0.48982213636695665,
            "roc-auc": 0.8391619047619048,
            "score": 0.8043478260869565
        },
        "test": {
            "0": {
                "precision": 0.7538461538461538,
                "recall": 0.7509578544061303,
                "f1-score": 0.7523992322456813,
                "support": 261.0
            },
            "1": {
                "precision": 0.7653429602888087,
                "recall": 0.7681159420289855,
                "f1-score": 0.7667269439421337,
                "support": 276.0
            },
            "accuracy": 0.7597765363128491,
            "macro avg": {
                "precision": 0.7595945570674812,
                "recall": 0.7595368982175579,
                "f1-score": 0.7595630880939075,
                "support": 537.0
            },
            "weighted avg": {
                "precision": 0.7597551269898647,
                "recall": 0.7597765363128491,
                "f1-score": 0.7597631957991653,
                "support": 537.0
            },
            "cross-entropy": 0.4930061713414371,
            "roc-auc": 0.8403992448220334,
            "score": 0.7597765363128491
        }
    }
}