{
    "function": "bin.model.main",
    "gpus": [
        "NVIDIA GeForce RTX 4090"
    ],
    "config": {
        "seed": 1,
        "batch_size": 256,
        "patience": 16,
        "n_epochs": -1,
        "gradient_clipping_norm": 1.0,
        "amp": true,
        "data": {
            "cache": true,
            "path": "data/classif-num-medium-0-bank-marketing",
            "num_policy": "noisy-quantile"
        },
        "optimizer": {
            "type": "AdamW",
            "lr": 4.502541439904779e-05,
            "weight_decay": 0.0
        },
        "model": {
            "arch_type": "tabrmv3",
            "sample_rate": 0.2922221674856657,
            "k": 8,
            "backbone": {
                "embed_type": "tabr",
                "ensemble_type": "shared-resnet",
                "context_shuffle": false,
                "context_size": 192,
                "encoder_n_blocks": 0,
                "n_blocks": 2,
                "d_block": 928,
                "dropout": 0.0
            },
            "num_embeddings": {
                "type": "PeriodicEmbeddings",
                "n_frequencies": 56,
                "d_embedding": 32,
                "frequency_init_scale": 0.31142489587815286,
                "lite": false
            }
        }
    },
    "n_parameters": 5426680,
    "prediction_type": "probs",
    "epoch_size": 29,
    "best_step": 319,
    "metrics": {
        "train": {
            "0": {
                "precision": 0.8441362677117877,
                "recall": 0.7502679528403001,
                "f1-score": 0.7944389275074479,
                "support": 3732.0
            },
            "1": {
                "precision": 0.771959872767311,
                "recall": 0.8592047930283224,
                "f1-score": 0.8132491300425314,
                "support": 3672.0
            },
            "accuracy": 0.8042949756888168,
            "macro avg": {
                "precision": 0.8080480702395494,
                "recall": 0.8047363729343113,
                "f1-score": 0.8038440287749897,
                "support": 7404.0
            },
            "weighted avg": {
                "precision": 0.8083405191655805,
                "recall": 0.8042949756888168,
                "f1-score": 0.8037678123951878,
                "support": 7404.0
            },
            "cross-entropy": 0.4290194902164431,
            "roc-auc": 0.8855479431262798,
            "score": 0.8042949756888168
        },
        "val": {
            "0": {
                "precision": 0.8631840796019901,
                "recall": 0.7609649122807017,
                "f1-score": 0.8088578088578088,
                "support": 456.0
            },
            "1": {
                "precision": 0.8018181818181818,
                "recall": 0.8891129032258065,
                "f1-score": 0.8432122370936902,
                "support": 496.0
            },
            "accuracy": 0.8277310924369747,
            "macro avg": {
                "precision": 0.8325011307100859,
                "recall": 0.8250389077532541,
                "f1-score": 0.8260350229757495,
                "support": 952.0
            },
            "weighted avg": {
                "precision": 0.8312119311768127,
                "recall": 0.8277310924369747,
                "f1-score": 0.8267567546613772,
                "support": 952.0
            },
            "cross-entropy": 0.4188899027578126,
            "roc-auc": 0.8896987301924165,
            "score": 0.8277310924369747
        },
        "test": {
            "0": {
                "precision": 0.8291457286432161,
                "recall": 0.7493188010899182,
                "f1-score": 0.7872137404580152,
                "support": 1101.0
            },
            "1": {
                "precision": 0.7750611246943765,
                "recall": 0.848349687778769,
                "f1-score": 0.8100511073253833,
                "support": 1121.0
            },
            "accuracy": 0.7992799279927992,
            "macro avg": {
                "precision": 0.8021034266687963,
                "recall": 0.7988342444343436,
                "f1-score": 0.7986324238916993,
                "support": 2222.0
            },
            "weighted avg": {
                "precision": 0.8018600216105206,
                "recall": 0.7992799279927992,
                "f1-score": 0.7987352023204454,
                "support": 2222.0
            },
            "cross-entropy": 0.44040003142581163,
            "roc-auc": 0.876929253350899,
            "score": 0.7992799279927992
        }
    },
    "time": "0:00:23.511796",
    "chunk_size": null,
    "eval_batch_size": 32768,
    "heads": [
        7
    ],
    "head_selection_time": "0:00:00.117430"
}