{
    "function": "bin.model.main",
    "gpus": [
        "NVIDIA GeForce RTX 4090"
    ],
    "config": {
        "seed": 0,
        "batch_size": 256,
        "patience": 16,
        "n_epochs": -1,
        "gradient_clipping_norm": 1.0,
        "amp": true,
        "data": {
            "cache": true,
            "path": "data/classif-num-medium-0-bank-marketing",
            "num_policy": "noisy-quantile"
        },
        "optimizer": {
            "type": "AdamW",
            "lr": 0.00021093796336158437,
            "weight_decay": 0.0
        },
        "model": {
            "arch_type": "tabrmv2-mini",
            "sample_rate": 0.3517531571762772,
            "k": 80,
            "backbone": {
                "n_blocks": 5,
                "d_block": 208,
                "dropout": 0.0
            },
            "num_embeddings": {
                "type": "PeriodicEmbeddings",
                "n_frequencies": 24,
                "d_embedding": 32,
                "frequency_init_scale": 0.18534563051916642,
                "lite": false
            }
        }
    },
    "n_parameters": 1113080,
    "prediction_type": "probs",
    "epoch_size": 29,
    "best_step": 493,
    "metrics": {
        "train": {
            "0": {
                "precision": 0.8469415997785774,
                "recall": 0.819935691318328,
                "f1-score": 0.8332198774676651,
                "support": 3732.0
            },
            "1": {
                "precision": 0.8227380638353996,
                "recall": 0.849400871459695,
                "f1-score": 0.8358568940104515,
                "support": 3672.0
            },
            "accuracy": 0.8345488924905456,
            "macro avg": {
                "precision": 0.8348398318069885,
                "recall": 0.8346682813890115,
                "f1-score": 0.8345383857390583,
                "support": 7404.0
            },
            "weighted avg": {
                "precision": 0.8349379012394974,
                "recall": 0.8345488924905456,
                "f1-score": 0.8345277009070373,
                "support": 7404.0
            },
            "cross-entropy": 0.37345831300648763,
            "roc-auc": 0.9134075953830383,
            "score": 0.8345488924905456
        },
        "val": {
            "0": {
                "precision": 0.8588235294117647,
                "recall": 0.8004385964912281,
                "f1-score": 0.8286038592508512,
                "support": 456.0
            },
            "1": {
                "precision": 0.8273244781783681,
                "recall": 0.8790322580645161,
                "f1-score": 0.852394916911046,
                "support": 496.0
            },
            "accuracy": 0.8413865546218487,
            "macro avg": {
                "precision": 0.8430740037950664,
                "recall": 0.8397354272778721,
                "f1-score": 0.8404993880809486,
                "support": 952.0
            },
            "weighted avg": {
                "precision": 0.8424122590212556,
                "recall": 0.8413865546218487,
                "f1-score": 0.840999200216667,
                "support": 952.0
            },
            "cross-entropy": 0.4119918261653983,
            "roc-auc": 0.8941311191284664,
            "score": 0.8413865546218487
        },
        "test": {
            "0": {
                "precision": 0.8060661764705882,
                "recall": 0.7965485921889192,
                "f1-score": 0.8012791228871632,
                "support": 1101.0
            },
            "1": {
                "precision": 0.8024691358024691,
                "recall": 0.8117752007136485,
                "f1-score": 0.8070953436807095,
                "support": 1121.0
            },
            "accuracy": 0.8042304230423042,
            "macro avg": {
                "precision": 0.8042676561365287,
                "recall": 0.8041618964512838,
                "f1-score": 0.8041872332839364,
                "support": 2222.0
            },
            "weighted avg": {
                "precision": 0.8042514678346919,
                "recall": 0.8042304230423042,
                "f1-score": 0.8042134088950683,
                "support": 2222.0
            },
            "cross-entropy": 0.442212155811144,
            "roc-auc": 0.881398874269681,
            "score": 0.8042304230423042
        }
    },
    "time": "0:00:20.761101",
    "chunk_size": null,
    "eval_batch_size": 32768,
    "heads": [
        71,
        31,
        43
    ],
    "head_selection_time": "0:00:01.847651"
}