{
    "function": "bin.model.main",
    "gpus": [
        "NVIDIA GeForce RTX 4090"
    ],
    "config": {
        "seed": 0,
        "batch_size": 256,
        "patience": 16,
        "n_epochs": -1,
        "gradient_clipping_norm": 1.0,
        "amp": true,
        "data": {
            "cache": true,
            "path": "data/classif-num-medium-1-bank-marketing",
            "num_policy": "noisy-quantile"
        },
        "optimizer": {
            "type": "AdamW",
            "lr": 0.00012271122330079348,
            "weight_decay": 0.0010675509577013065
        },
        "model": {
            "arch_type": "tabrmv2",
            "sample_rate": 0.15180164210535818,
            "k": 48,
            "backbone": {
                "n_blocks": 1,
                "d_block": 144,
                "dropout": 0.0
            },
            "num_embeddings": {
                "type": "PiecewiseLinearEmbeddingsV2",
                "d_embedding": 12
            }
        },
        "bins": {
            "n_bins": 95
        }
    },
    "n_parameters": 214800,
    "prediction_type": "probs",
    "epoch_size": 29,
    "best_step": 435,
    "metrics": {
        "train": {
            "0": {
                "precision": 0.8291814946619217,
                "recall": 0.8275956284153005,
                "f1-score": 0.8283878025434158,
                "support": 3660.0
            },
            "1": {
                "precision": 0.8317781924820048,
                "recall": 0.8333333333333334,
                "f1-score": 0.8325550366911274,
                "support": 3744.0
            },
            "accuracy": 0.8304970286331712,
            "macro avg": {
                "precision": 0.8304798435719632,
                "recall": 0.8304644808743169,
                "f1-score": 0.8304714196172716,
                "support": 7404.0
            },
            "weighted avg": {
                "precision": 0.8304945736244271,
                "recall": 0.8304970286331712,
                "f1-score": 0.8304950587088713,
                "support": 7404.0
            },
            "cross-entropy": 0.3747027494914571,
            "roc-auc": 0.9127174335038065,
            "score": 0.8304970286331712
        },
        "val": {
            "0": {
                "precision": 0.8508946322067594,
                "recall": 0.8326848249027238,
                "f1-score": 0.841691248770895,
                "support": 514.0
            },
            "1": {
                "precision": 0.8084632516703786,
                "recall": 0.8287671232876712,
                "f1-score": 0.818489289740699,
                "support": 438.0
            },
            "accuracy": 0.8308823529411765,
            "macro avg": {
                "precision": 0.8296789419385691,
                "recall": 0.8307259740951976,
                "f1-score": 0.830090269255797,
                "support": 952.0
            },
            "weighted avg": {
                "precision": 0.8313726314977944,
                "recall": 0.8308823529411765,
                "f1-score": 0.8310163978725486,
                "support": 952.0
            },
            "cross-entropy": 0.4308623678567449,
            "roc-auc": 0.8886431071549136,
            "score": 0.8308823529411765
        },
        "test": {
            "0": {
                "precision": 0.7873303167420814,
                "recall": 0.7802690582959642,
                "f1-score": 0.7837837837837839,
                "support": 1115.0
            },
            "1": {
                "precision": 0.7806624888093107,
                "recall": 0.7877145438121048,
                "f1-score": 0.7841726618705037,
                "support": 1107.0
            },
            "accuracy": 0.783978397839784,
            "macro avg": {
                "precision": 0.783996402775696,
                "recall": 0.7839918010540345,
                "f1-score": 0.7839782228271438,
                "support": 2222.0
            },
            "weighted avg": {
                "precision": 0.7840084060663042,
                "recall": 0.783978397839784,
                "f1-score": 0.7839775227765826,
                "support": 2222.0
            },
            "cross-entropy": 0.4837115025992069,
            "roc-auc": 0.8622204398426644,
            "score": 0.783978397839784
        }
    },
    "time": "0:00:17.384472",
    "chunk_size": null,
    "eval_batch_size": 32768,
    "heads": [
        8,
        45,
        5
    ],
    "head_selection_time": "0:00:01.120178"
}