{
    "function": "bin.model.main",
    "gpus": [
        "NVIDIA GeForce RTX 4090"
    ],
    "config": {
        "seed": 1,
        "batch_size": 512,
        "patience": 16,
        "n_epochs": -1,
        "gradient_clipping_norm": 1.0,
        "amp": true,
        "data": {
            "cache": true,
            "path": "data/otto"
        },
        "optimizer": {
            "type": "AdamW",
            "lr": 0.0001019287055215591,
            "weight_decay": 0.0006971737495410442
        },
        "model": {
            "arch_type": "moe-sparse",
            "backbone": {
                "k": 6,
                "n_blocks": 1,
                "d_block": 592,
                "dropout": 0.43638325397216426,
                "moe_ratio": 0.25,
                "num_experts": 48
            }
        }
    },
    "n_parameters": 8500537,
    "prediction_type": "probs",
    "epoch_size": 78,
    "best_step": 3120,
    "metrics": {
        "train": {
            "0": {
                "precision": 0.8053753475440223,
                "recall": 0.7036437246963563,
                "f1-score": 0.7510803802938635,
                "support": 1235.0
            },
            "1": {
                "precision": 0.7768374164810691,
                "recall": 0.8451250242295019,
                "f1-score": 0.8095437032910922,
                "support": 10318.0
            },
            "2": {
                "precision": 0.6362176269825336,
                "recall": 0.6187036313939868,
                "f1-score": 0.6273384143323765,
                "support": 5122.0
            },
            "3": {
                "precision": 0.8033216783216783,
                "recall": 0.5336817653890824,
                "f1-score": 0.6413119330076762,
                "support": 1722.0
            },
            "4": {
                "precision": 0.9794050343249427,
                "recall": 0.9766115231032516,
                "f1-score": 0.9780062839188804,
                "support": 1753.0
            },
            "5": {
                "precision": 0.9650116627790737,
                "recall": 0.9604244970152553,
                "f1-score": 0.9627126156573772,
                "support": 9046.0
            },
            "6": {
                "precision": 0.8178228990411731,
                "recall": 0.7980187121629059,
                "f1-score": 0.807799442896936,
                "support": 1817.0
            },
            "7": {
                "precision": 0.946392509638333,
                "recall": 0.9516337456156544,
                "f1-score": 0.9490058910162001,
                "support": 5417.0
            },
            "8": {
                "precision": 0.9044048734770385,
                "recall": 0.912961210974456,
                "f1-score": 0.9086629001883239,
                "support": 3171.0
            },
            "accuracy": 0.8478826292265347,
            "macro avg": {
                "precision": 0.8483098942877628,
                "recall": 0.8112004260644945,
                "f1-score": 0.8261623960669695,
                "support": 39601.0
            },
            "weighted avg": {
                "precision": 0.8479312756162339,
                "recall": 0.8478826292265347,
                "f1-score": 0.8462178379306622,
                "support": 39601.0
            },
            "cross-entropy": 0.37886343529241523,
            "score": 0.8478826292265347
        },
        "val": {
            "0": {
                "precision": 0.5886792452830188,
                "recall": 0.5064935064935064,
                "f1-score": 0.544502617801047,
                "support": 308.0
            },
            "1": {
                "precision": 0.7495553183920313,
                "recall": 0.8166666666666667,
                "f1-score": 0.7816731589686514,
                "support": 2580.0
            },
            "2": {
                "precision": 0.5924468922108576,
                "recall": 0.5878220140515222,
                "f1-score": 0.5901253918495298,
                "support": 1281.0
            },
            "3": {
                "precision": 0.7634408602150538,
                "recall": 0.494199535962877,
                "f1-score": 0.6,
                "support": 431.0
            },
            "4": {
                "precision": 0.9792626728110599,
                "recall": 0.9703196347031964,
                "f1-score": 0.974770642201835,
                "support": 438.0
            },
            "5": {
                "precision": 0.9468037550290568,
                "recall": 0.9363395225464191,
                "f1-score": 0.9415425650144477,
                "support": 2262.0
            },
            "6": {
                "precision": 0.740139211136891,
                "recall": 0.7026431718061674,
                "f1-score": 0.72090395480226,
                "support": 454.0
            },
            "7": {
                "precision": 0.9110787172011662,
                "recall": 0.9231905465288035,
                "f1-score": 0.917094644167278,
                "support": 1354.0
            },
            "8": {
                "precision": 0.8526841448189763,
                "recall": 0.8612862547288777,
                "f1-score": 0.8569636135508155,
                "support": 793.0
            },
            "accuracy": 0.8104231895768105,
            "macro avg": {
                "precision": 0.7915656463442347,
                "recall": 0.7554400948320041,
                "f1-score": 0.7697307320395406,
                "support": 9901.0
            },
            "weighted avg": {
                "precision": 0.8099709993968643,
                "recall": 0.8104231895768105,
                "f1-score": 0.8084336628579631,
                "support": 9901.0
            },
            "cross-entropy": 0.5264851411973271,
            "score": 0.8104231895768105
        },
        "test": {
            "0": {
                "precision": 0.6602564102564102,
                "recall": 0.533678756476684,
                "f1-score": 0.5902578796561605,
                "support": 386.0
            },
            "1": {
                "precision": 0.7471590909090909,
                "recall": 0.81575682382134,
                "f1-score": 0.779952550415184,
                "support": 3224.0
            },
            "2": {
                "precision": 0.5873533246414603,
                "recall": 0.5627732667083073,
                "f1-score": 0.5748006379585326,
                "support": 1601.0
            },
            "3": {
                "precision": 0.6925133689839572,
                "recall": 0.48141263940520446,
                "f1-score": 0.5679824561403509,
                "support": 538.0
            },
            "4": {
                "precision": 0.974169741697417,
                "recall": 0.9635036496350365,
                "f1-score": 0.9688073394495413,
                "support": 548.0
            },
            "5": {
                "precision": 0.9506084466714388,
                "recall": 0.9395118500176866,
                "f1-score": 0.9450275751645616,
                "support": 2827.0
            },
            "6": {
                "precision": 0.7226277372262774,
                "recall": 0.6971830985915493,
                "f1-score": 0.7096774193548387,
                "support": 568.0
            },
            "7": {
                "precision": 0.9012775842044135,
                "recall": 0.9167158889545186,
                "f1-score": 0.9089311859443632,
                "support": 1693.0
            },
            "8": {
                "precision": 0.8495145631067961,
                "recall": 0.8829465186680121,
                "f1-score": 0.8659079663532905,
                "support": 991.0
            },
            "accuracy": 0.8082579185520362,
            "macro avg": {
                "precision": 0.7872755852996958,
                "recall": 0.7548313880309264,