{
    "function": "bin.ensemble.main",
    "config": {
        "seeds": [
            0,
            1,
            2,
            3,
            4
        ],
        "data": {
            "path": "data/classif-num-medium-0-credit"
        }
    },
    "single_model_function": "bin.qtabformerv3.main",
    "prediction_type": "probs",
    "metrics": {
        "train": {
            "0": {
                "precision": 0.7807034780899981,
                "recall": 0.7895468998410174,
                "f1-score": 0.7851002865329512,
                "support": 5032.0
            },
            "1": {
                "precision": 0.7843616371411118,
                "recall": 0.7753623188405797,
                "f1-score": 0.779836015791072,
                "support": 4968.0
            },
            "accuracy": 0.7825,
            "macro avg": {
                "precision": 0.782532557615555,
                "recall": 0.7824546093407986,
                "f1-score": 0.7824681511620115,
                "support": 10000.0
            },
            "weighted avg": {
                "precision": 0.7825208515065915,
                "recall": 0.7825,
                "f1-score": 0.7824849968283856,
                "support": 10000.0
            },
            "cross-entropy": 0.46417385687941853,
            "roc-auc": 0.8618493413490217,
            "score": 0.7825
        },
        "val": {
            "0": {
                "precision": 0.7876984126984127,
                "recall": 0.8004032258064516,
                "f1-score": 0.794,
                "support": 992.0
            },
            "1": {
                "precision": 0.8031809145129225,
                "recall": 0.7906066536203522,
                "f1-score": 0.7968441814595661,
                "support": 1022.0
            },
            "accuracy": 0.7954319761668321,
            "macro avg": {
                "precision": 0.7954396636056675,
                "recall": 0.795504939713402,
                "f1-score": 0.7954220907297831,
                "support": 2014.0
            },
            "weighted avg": {
                "precision": 0.7955549751881987,
                "recall": 0.7954319761668321,
                "f1-score": 0.7954432738091741,
                "support": 2014.0
            },
            "cross-entropy": 0.46382469923298886,
            "roc-auc": 0.8618872703743451,
            "score": 0.7954319761668321
        },
        "test": {
            "0": {
                "precision": 0.7612065354000838,
                "recall": 0.7788255465066438,
                "f1-score": 0.7699152542372881,
                "support": 2333.0
            },
            "1": {
                "precision": 0.7769130998702983,
                "recall": 0.7591888466413181,
                "f1-score": 0.7679487179487179,
                "support": 2367.0
            },
            "accuracy": 0.768936170212766,
            "macro avg": {
                "precision": 0.769059817635191,
                "recall": 0.769007196573981,
                "f1-score": 0.7689319860930031,
                "support": 4700.0
            },
            "weighted avg": {
                "precision": 0.769116628613062,
                "recall": 0.768936170212766,
                "f1-score": 0.768924873089406,
                "support": 4700.0
            },
            "cross-entropy": 0.48042206150577466,
            "roc-auc": 0.8516201209986364,
            "score": 0.768936170212766
        }
    }
}