{
    "function": "bin.model.main",
    "gpus": [
        "NVIDIA GeForce RTX 4090"
    ],
    "config": {
        "seed": 8,
        "batch_size": 256,
        "patience": 16,
        "n_epochs": -1,
        "gradient_clipping_norm": 1.0,
        "amp": true,
        "data": {
            "cache": true,
            "path": "data/regression-cat-medium-2-Brazilian_houses",
            "num_policy": "noisy-quantile",
            "cat_policy": "ordinal"
        },
        "optimizer": {
            "type": "AdamW",
            "lr": 4.311777350221145e-05,
            "weight_decay": 0.0
        },
        "model": {
            "arch_type": "tabrmv2-mini",
            "sample_rate": 0.470294597304156,
            "k": 48,
            "backbone": {
                "n_blocks": 1,
                "d_block": 208,
                "dropout": 0.0
            },
            "num_embeddings": {
                "type": "PeriodicEmbeddings",
                "n_frequencies": 88,
                "d_embedding": 28,
                "frequency_init_scale": 0.08003409964270032,
                "lite": false
            }
        }
    },
    "n_parameters": 390256,
    "prediction_type": "labels",
    "epoch_size": 30,
    "best_step": 3660,
    "metrics": {
        "train": {
            "rmse": 0.0887978461402254,
            "mae": 0.03225267305970192,
            "r2": 0.9875917633197997,
            "score": -0.0887978461402254
        },
        "val": {
            "rmse": 0.048765576354640856,
            "mae": 0.03240177407860756,
            "r2": 0.9962336149236032,
            "score": -0.048765576354640856
        },
        "test": {
            "rmse": 0.11157874708318755,
            "mae": 0.03292696923017502,
            "r2": 0.9807026031001823,
            "score": -0.11157874708318755
        }
    },
    "time": "0:01:13.513597",
    "chunk_size": null,
    "eval_batch_size": 32768
}