{
    "function": "bin.model.main",
    "gpus": [
        "NVIDIA GeForce RTX 4090"
    ],
    "config": {
        "seed": 6,
        "batch_size": 256,
        "patience": 16,
        "n_epochs": -1,
        "gradient_clipping_norm": 1.0,
        "amp": true,
        "data": {
            "cache": true,
            "path": "data/house",
            "num_policy": "noisy-quantile"
        },
        "optimizer": {
            "type": "AdamW",
            "lr": 0.0001278170574856786,
            "weight_decay": 0.0005244515534556946
        },
        "model": {
            "arch_type": "tabrmv2-mini",
            "sample_rate": 0.1694453573889761,
            "k": 32,
            "backbone": {
                "n_blocks": 1,
                "d_block": 496,
                "dropout": 0.29665686591587265
            },
            "num_embeddings": {
                "type": "PeriodicEmbeddings",
                "n_frequencies": 20,
                "d_embedding": 16,
                "frequency_init_scale": 0.016241091700676162,
                "lite": false
            }
        }
    },
    "n_parameters": 1681872,
    "prediction_type": "labels",
    "epoch_size": 57,
    "best_step": 4731,
    "metrics": {
        "train": {
            "rmse": 20455.920218851068,
            "mae": 11941.9609375,
            "r2": 0.8459068332709923,
            "score": -20455.920218851068
        },
        "val": {
            "rmse": 28035.326286669108,
            "mae": 14525.2060546875,
            "r2": 0.7362467533222122,
            "score": -28035.326286669108
        },
        "test": {
            "rmse": 31251.7447832917,
            "mae": 15118.125,
            "r2": 0.6616887747086777,
            "score": -31251.7447832917
        }
    },
    "time": "0:01:28.430161",
    "chunk_size": null,
    "eval_batch_size": 32768
}