{
    "function": "bin.qtab.main",
    "gpus": [
        "NVIDIA GeForce RTX 4090"
    ],
    "config": {
        "seed": 11,
        "batch_size": 256,
        "patience": 16,
        "n_epochs": -1,
        "amp": true,
        "data": {
            "cache": true,
            "path": "data/regression-cat-medium-0-OnlineNewsPopularity",
            "num_policy": "noisy-quantile"
        },
        "optimizer": {
            "type": "AdamW",
            "lr": 0.0003608400091893399,
            "weight_decay": 0.0
        },
        "model": {
            "encoder_n_blocks": 1,
            "temperature": 0.01,
            "momentum": 0.999,
            "queue_ratio": 64,
            "d_main": 512,
            "d_multiplier": 2.0,
            "mixer_normalization": "auto",
            "dropout0": 0.05563966689695959,
            "dropout1": 0.0,
            "normalization": "LayerNorm",
            "activation": "ReLU",
            "num_embeddings": {
                "type": "PeriodicEmbeddings",
                "n_frequencies": 63,
                "frequency_init_scale": 0.03218033772596021,
                "d_embedding": 62,
                "lite": true
            }
        }
    },
    "n_parameters": 2505173,
    "prediction_type": "labels",
    "epoch_size": 40,
    "best_step": 600,
    "metrics": {
        "train": {
            "rmse": 0.9051130002431055,
            "mae": 0.6694134473800659,
            "r2": 0.05374440096214983,
            "score": -0.9051130002431055
        },
        "val": {
            "rmse": 0.9003767231759631,
            "mae": 0.6690550446510315,
            "r2": 0.03857757946823415,
            "score": -0.9003767231759631
        },
        "test": {
            "rmse": 0.9209680783748685,
            "mae": 0.6777321100234985,
            "r2": 0.02795622515871965,
            "score": -0.9209680783748685
        }
    },
    "time": "0:00:16.228199",
    "chunk_size": null,
    "eval_batch_size": 32768
}