{
    "function": "bin.model.main",
    "gpus": [
        "NVIDIA GeForce RTX 4090"
    ],
    "config": {
        "seed": 0,
        "batch_size": 256,
        "patience": 16,
        "n_epochs": -1,
        "gradient_clipping_norm": 1.0,
        "amp": true,
        "data": {
            "cache": true,
            "path": "data/house",
            "num_policy": "noisy-quantile"
        },
        "optimizer": {
            "type": "AdamW",
            "lr": 0.00022771572086961096,
            "weight_decay": 0.00010401998169894583
        },
        "model": {
            "arch_type": "moe-sparse-shared",
            "backbone": {
                "k": 2,
                "n_blocks": 5,
                "d_block": 1008,
                "dropout": 0.0,
                "moe_ratio": 0.5,
                "num_experts": 16
            }
        }
    },
    "n_parameters": 91554625,
    "prediction_type": "labels",
    "epoch_size": 57,
    "best_step": 1254,
    "metrics": {
        "train": {
            "rmse": 17692.248246053976,
            "mae": 10420.2080078125,
            "r2": 0.8847313080847916,
            "score": -17692.248246053976
        },
        "val": {
            "rmse": 28195.872605755616,
            "mae": 14200.357421875,
            "r2": 0.7332172888846273,
            "score": -28195.872605755616
        },
        "test": {
            "rmse": 30992.363446500814,
            "mae": 14762.970703125,
            "r2": 0.6672812640387218,
            "score": -30992.363446500814
        }
    },
    "time": "0:01:05.252803",
    "chunk_size": null,
    "eval_batch_size": 32768
}