{
    "function": "bin.model.main",
    "gpus": [
        "NVIDIA GeForce RTX 4090"
    ],
    "config": {
        "seed": 13,
        "batch_size": 256,
        "patience": 16,
        "n_epochs": -1,
        "gradient_clipping_norm": 1.0,
        "amp": true,
        "data": {
            "cache": true,
            "path": "data/classif-num-medium-1-credit",
            "num_policy": "noisy-quantile"
        },
        "optimizer": {
            "type": "AdamW",
            "lr": 0.00042935225771501646,
            "weight_decay": 0.0
        },
        "model": {
            "arch_type": "tabrmv2-mini",
            "sample_rate": 0.17493526330960954,
            "k": 80,
            "backbone": {
                "n_blocks": 1,
                "d_block": 448,
                "dropout": 0.0
            },
            "num_embeddings": {
                "type": "PeriodicEmbeddings",
                "n_frequencies": 24,
                "d_embedding": 16,
                "frequency_init_scale": 0.11666412139653279,
                "lite": false
            }
        }
    },
    "n_parameters": 1503216,
    "prediction_type": "probs",
    "epoch_size": 40,
    "best_step": 280,
    "metrics": {
        "train": {
            "0": {
                "precision": 0.7931509545365085,
                "recall": 0.7992859976199921,
                "f1-score": 0.7962066581053049,
                "support": 5042.0
            },
            "1": {
                "precision": 0.7942671274649319,
                "recall": 0.7880193626462283,
                "f1-score": 0.7911309101954034,
                "support": 4958.0
            },
            "accuracy": 0.7937,
            "macro avg": {
                "precision": 0.7937090410007202,
                "recall": 0.7936526801331102,
                "f1-score": 0.7936687841503541,
                "support": 10000.0
            },
            "weighted avg": {
                "precision": 0.7937043530744209,
                "recall": 0.7937,
                "f1-score": 0.7936901022915758,
                "support": 10000.0
            },
            "cross-entropy": 0.4451196800803123,
            "roc-auc": 0.8742013636482191,
            "score": 0.7937
        },
        "val": {
            "0": {
                "precision": 0.7684003925417076,
                "recall": 0.7729516288252715,
                "f1-score": 0.7706692913385825,
                "support": 1013.0
            },
            "1": {
                "precision": 0.7688442211055276,
                "recall": 0.7642357642357642,
                "f1-score": 0.7665330661322646,
                "support": 1001.0
            },
            "accuracy": 0.7686196623634558,
            "macro avg": {
                "precision": 0.7686223068236175,
                "recall": 0.7685936965305178,
                "f1-score": 0.7686011787354236,
                "support": 2014.0
            },
            "weighted avg": {
                "precision": 0.7686209845935367,
                "recall": 0.7686196623634558,
                "f1-score": 0.7686135011541116,
                "support": 2014.0
            },
            "cross-entropy": 0.4906643824680034,
            "roc-auc": 0.8463555200968823,
            "score": 0.7686196623634558
        },
        "test": {
            "0": {
                "precision": 0.7678495083368961,
                "recall": 0.7801911381407471,
                "f1-score": 0.7739711269123034,
                "support": 2302.0
            },
            "1": {
                "precision": 0.7856840321897501,
                "recall": 0.7735613010842368,
                "f1-score": 0.7795755410800589,
                "support": 2398.0
            },
            "accuracy": 0.7768085106382979,
            "macro avg": {
                "precision": 0.7767667702633232,
                "recall": 0.776876219612492,
                "f1-score": 0.7767733339961811,
                "support": 4700.0
            },
            "weighted avg": {
                "precision": 0.7769489100813949,
                "recall": 0.7768085106382979,
                "f1-score": 0.776830570566405,
                "support": 4700.0
            },
            "cross-entropy": 0.48503080073354243,
            "roc-auc": 0.8517837047814968,
            "score": 0.7768085106382979
        }
    },
    "time": "0:00:17.793276",
    "chunk_size": null,
    "eval_batch_size": 32768,
    "heads": [
        23
    ],
    "head_selection_time": "0:00:00.520926"
}