{
    "function": "bin.model.main",
    "gpus": [
        "NVIDIA GeForce RTX 4090"
    ],
    "config": {
        "seed": 13,
        "batch_size": 256,
        "patience": 16,
        "n_epochs": -1,
        "gradient_clipping_norm": 1.0,
        "amp": true,
        "data": {
            "cache": true,
            "path": "data/sberbank-housing",
            "num_policy": "noisy-quantile",
            "cat_policy": "ordinal"
        },
        "optimizer": {
            "type": "AdamW",
            "lr": 0.00012380976653765752,
            "weight_decay": 0.0008337499797616241
        },
        "model": {
            "arch_type": "tabrmv2",
            "sample_rate": 0.41758703463071056,
            "k": 96,
            "backbone": {
                "n_blocks": 5,
                "d_block": 272,
                "dropout": 0.4473578550539652
            },
            "num_embeddings": {
                "type": "PeriodicEmbeddings",
                "n_frequencies": 92,
                "d_embedding": 28,
                "frequency_init_scale": 0.4026294088213244,
                "lite": false
            }
        }
    },
    "n_parameters": 7222392,
    "prediction_type": "labels",
    "epoch_size": 74,
    "best_step": 222,
    "metrics": {
        "train": {
            "rmse": 0.25224005455263465,
            "mae": 0.13195225596427917,
            "r2": 0.5935174572436397,
            "score": -0.25224005455263465
        },
        "val": {
            "rmse": 0.24813832076706915,
            "mae": 0.14405594766139984,
            "r2": 0.5887187585546474,
            "score": -0.24813832076706915
        },
        "test": {
            "rmse": 0.2754167043904227,
            "mae": 0.20393462479114532,
            "r2": 0.4816535203158976,
            "score": -0.2754167043904227
        }
    },
    "time": "0:01:54.815589",
    "chunk_size": null,
    "eval_batch_size": 32768,
    "heads": [
        16,
        2,
        31
    ],
    "head_selection_time": "0:00:00.261597"
}