{
    "function": "bin.model.main",
    "gpus": [
        "NVIDIA GeForce RTX 4090"
    ],
    "config": {
        "seed": 5,
        "batch_size": 256,
        "patience": 16,
        "n_epochs": -1,
        "gradient_clipping_norm": 1.0,
        "amp": true,
        "data": {
            "cache": true,
            "path": "data/classif-num-medium-0-credit",
            "num_policy": "noisy-quantile"
        },
        "optimizer": {
            "type": "AdamW",
            "lr": 0.00027489533137238124,
            "weight_decay": 0.0
        },
        "model": {
            "arch_type": "tabm-mini",
            "k": 32,
            "share_training_batches": false,
            "backbone": {
                "type": "MLP",
                "n_blocks": 3,
                "d_block": 592,
                "dropout": 0.0
            },
            "num_embeddings": {
                "type": "PiecewiseLinearEmbeddingsV2",
                "d_embedding": 32
            }
        },
        "bins": {
            "n_bins": 2
        }
    },
    "n_parameters": 941296,
    "prediction_type": "probs",
    "epoch_size": 40,
    "best_step": 1760,
    "metrics": {
        "train": {
            "0": {
                "precision": 0.783170877262781,
                "recall": 0.7823926868044515,
                "f1-score": 0.7827815886271001,
                "support": 5032.0
            },
            "1": {
                "precision": 0.779810979288156,
                "recall": 0.7805958132045089,
                "f1-score": 0.7802031988733529,
                "support": 4968.0
            },
            "accuracy": 0.7815,
            "macro avg": {
                "precision": 0.7814909282754685,
                "recall": 0.7814942500044801,
                "f1-score": 0.7814923937502265,
                "support": 10000.0
            },
            "weighted avg": {
                "precision": 0.7815016799489873,
                "recall": 0.7815,
                "f1-score": 0.7815006445974384,
                "support": 10000.0
            },
            "cross-entropy": 0.46615012764594277,
            "roc-auc": 0.8606038103320711,
            "score": 0.7815
        },
        "val": {
            "0": {
                "precision": 0.7887323943661971,
                "recall": 0.7903225806451613,
                "f1-score": 0.7895266868076535,
                "support": 992.0
            },
            "1": {
                "precision": 0.796078431372549,
                "recall": 0.7945205479452054,
                "f1-score": 0.7952987267384917,
                "support": 1022.0
            },
            "accuracy": 0.7924528301886793,
            "macro avg": {
                "precision": 0.792405412869373,
                "recall": 0.7924215642951833,
                "f1-score": 0.7924127067730726,
                "support": 2014.0
            },
            "weighted avg": {
                "precision": 0.7924601251608802,
                "recall": 0.7924528301886793,
                "f1-score": 0.7924556961469368,
                "support": 2014.0
            },
            "cross-entropy": 0.4625308232403536,
            "roc-auc": 0.863148830566252,
            "score": 0.7924528301886793
        },
        "test": {
            "0": {
                "precision": 0.7667934093789607,
                "recall": 0.7779682811830262,
                "f1-score": 0.7723404255319148,
                "support": 2333.0
            },
            "1": {
                "precision": 0.7779682811830262,
                "recall": 0.7667934093789607,
                "f1-score": 0.7723404255319148,
                "support": 2367.0
            },
            "accuracy": 0.7723404255319148,
            "macro avg": {
                "precision": 0.7723808452809935,
                "recall": 0.7723808452809935,
                "f1-score": 0.7723404255319148,
                "support": 4700.0
            },
            "weighted avg": {
                "precision": 0.7724212650300719,
                "recall": 0.7723404255319148,
                "f1-score": 0.7723404255319148,
                "support": 4700.0
            },
            "cross-entropy": 0.48159949593662066,
            "roc-auc": 0.8501452588465019,
            "score": 0.7723404255319148
        }
    },
    "time": "0:00:24.074543",
    "chunk_size": null,
    "eval_batch_size": 32768,
    "heads": [
        7
    ],
    "head_selection_time": "0:00:00.207294"
}