{
    "function": "bin.ensemble.main",
    "config": {
        "seeds": [
            5,
            6,
            7,
            8,
            9
        ],
        "data": {
            "path": "data/classif-num-medium-3-phoneme"
        }
    },
    "single_model_function": "bin.model.main",
    "prediction_type": "probs",
    "metrics": {
        "train": {
            "0": {
                "precision": 0.9317343173431735,
                "recall": 0.8828671328671329,
                "f1-score": 0.9066427289048474,
                "support": 1144.0
            },
            "1": {
                "precision": 0.8820422535211268,
                "recall": 0.9312267657992565,
                "f1-score": 0.9059674502712478,
                "support": 1076.0
            },
            "accuracy": 0.9063063063063063,
            "macro avg": {
                "precision": 0.90688828543215,
                "recall": 0.9070469493331947,
                "f1-score": 0.9063050895880476,
                "support": 2220.0
            },
            "weighted avg": {
                "precision": 0.9076493350582535,
                "recall": 0.9063063063063063,
                "f1-score": 0.9063154316932469,
                "support": 2220.0
            },
            "cross-entropy": 0.23536525445540832,
            "roc-auc": 0.9713325707749499,
            "score": 0.9063063063063063
        },
        "val": {
            "0": {
                "precision": 0.9206349206349206,
                "recall": 0.8787878787878788,
                "f1-score": 0.8992248062015504,
                "support": 132.0
            },
            "1": {
                "precision": 0.89937106918239,
                "recall": 0.934640522875817,
                "f1-score": 0.9166666666666666,
                "support": 153.0
            },
            "accuracy": 0.9087719298245615,
            "macro avg": {
                "precision": 0.9100029949086552,
                "recall": 0.9067142008318478,
                "f1-score": 0.9079457364341086,
                "support": 285.0
            },
            "weighted avg": {
                "precision": 0.909219589855141,
                "recall": 0.9087719298245615,
                "f1-score": 0.9085883312933497,
                "support": 285.0
            },
            "cross-entropy": 0.2535418869838549,
            "roc-auc": 0.9628144186967716,
            "score": 0.9087719298245615
        },
        "test": {
            "0": {
                "precision": 0.8996655518394648,
                "recall": 0.867741935483871,
                "f1-score": 0.8834154351395731,
                "support": 310.0
            },
            "1": {
                "precision": 0.8885869565217391,
                "recall": 0.9159663865546218,
                "f1-score": 0.9020689655172414,
                "support": 357.0
            },
            "accuracy": 0.8935532233883059,
            "macro avg": {
                "precision": 0.894126254180602,
                "recall": 0.8918541610192464,
                "f1-score": 0.8927422003284072,
                "support": 667.0
            },
            "weighted avg": {
                "precision": 0.8937359288583133,
                "recall": 0.8935532233883059,
                "f1-score": 0.8933994086700492,
                "support": 667.0
            },
            "cross-entropy": 0.2996709595745693,
            "roc-auc": 0.9461642721604772,
            "score": 0.8935532233883059
        }
    }
}