{
    "function": "bin.model.main",
    "gpus": [
        "NVIDIA GeForce RTX 4090"
    ],
    "config": {
        "seed": 4,
        "batch_size": 256,
        "patience": 16,
        "n_epochs": -1,
        "gradient_clipping_norm": 1.0,
        "amp": true,
        "data": {
            "cache": true,
            "path": "data/classif-num-medium-1-MagicTelescope",
            "num_policy": "noisy-quantile"
        },
        "optimizer": {
            "type": "AdamW",
            "lr": 7.181066336467548e-05,
            "weight_decay": 0.0
        },
        "model": {
            "arch_type": "tabrmv3",
            "sample_rate": 0.24086611872103608,
            "k": 8,
            "backbone": {
                "embed_type": "tabr",
                "ensemble_type": "mini-resnet",
                "context_shuffle": false,
                "context_size": 192,
                "encoder_n_blocks": 0,
                "n_blocks": 2,
                "d_block": 800,
                "dropout": 0.0
            },
            "num_embeddings": {
                "type": "PeriodicEmbeddings",
                "n_frequencies": 48,
                "d_embedding": 20,
                "frequency_init_scale": 0.19496300733242686,
                "lite": false
            }
        }
    },
    "n_parameters": 4048696,
    "prediction_type": "probs",
    "epoch_size": 37,
    "best_step": 222,
    "metrics": {
        "train": {
            "0": {
                "precision": 0.8327987169206095,
                "recall": 0.8889364433982453,
                "f1-score": 0.8599523858813787,
                "support": 4673.0
            },
            "1": {
                "precision": 0.8813714285714286,
                "recall": 0.8221748400852879,
                "f1-score": 0.8507446221731937,
                "support": 4690.0
            },
            "accuracy": 0.8554950336430631,
            "macro avg": {
                "precision": 0.8570850727460191,
                "recall": 0.8555556417417666,
                "f1-score": 0.8553485040272861,
                "support": 9363.0
            },
            "weighted avg": {
                "precision": 0.8571291684470798,
                "recall": 0.8554950336430631,
                "f1-score": 0.8553401449552452,
                "support": 9363.0
            },
            "cross-entropy": 0.3356488937605006,
            "roc-auc": 0.9285667060740442,
            "score": 0.8554950336430631
        },
        "val": {
            "0": {
                "precision": 0.8519685039370078,
                "recall": 0.8683788121990369,
                "f1-score": 0.8600953895071543,
                "support": 623.0
            },
            "1": {
                "precision": 0.8556338028169014,
                "recall": 0.8379310344827586,
                "f1-score": 0.8466898954703833,
                "support": 580.0
            },
            "accuracy": 0.8536990856192851,
            "macro avg": {
                "precision": 0.8538011533769546,
                "recall": 0.8531549233408977,
                "f1-score": 0.8533926424887688,
                "support": 1203.0
            },
            "weighted avg": {
                "precision": 0.8537356472041219,
                "recall": 0.8536990856192851,
                "f1-score": 0.8536322252998998,
                "support": 1203.0
            },
            "cross-entropy": 0.3426300788601421,
            "roc-auc": 0.9277218132506779,
            "score": 0.8536990856192851
        },
        "test": {
            "0": {
                "precision": 0.8331081081081081,
                "recall": 0.8857758620689655,
                "f1-score": 0.8586350974930361,
                "support": 1392.0
            },
            "1": {
                "precision": 0.8804511278195488,
                "recall": 0.8258110014104373,
                "f1-score": 0.8522561863173218,
                "support": 1418.0
            },
            "accuracy": 0.8555160142348754,
            "macro avg": {
                "precision": 0.8567796179638285,
                "recall": 0.8557934317397013,
                "f1-score": 0.855445641905179,
                "support": 2810.0
            },
            "weighted avg": {
                "precision": 0.8569986426101803,
                "recall": 0.8555160142348754,
                "f1-score": 0.8554161309282095,
                "support": 2810.0
            },
            "cross-entropy": 0.33273846223413367,
            "roc-auc": 0.929492830277386,
            "score": 0.8555160142348754
        }
    },
    "time": "0:00:19.891724",
    "chunk_size": null,
    "eval_batch_size": 32768
}