{
    "function": "bin.model.main",
    "gpus": [
        "NVIDIA GeForce RTX 4090"
    ],
    "config": {
        "seed": 11,
        "batch_size": 32,
        "patience": 16,
        "n_epochs": -1,
        "gradient_clipping_norm": 1.0,
        "amp": true,
        "data": {
            "cache": true,
            "path": "data/classif-num-medium-3-phoneme",
            "num_policy": "noisy-quantile"
        },
        "optimizer": {
            "type": "AdamW",
            "lr": 0.0021883773973482845,
            "weight_decay": 0.06478790965999318
        },
        "model": {
            "arch_type": "taba",
            "k": 128,
            "share_training_batches": false,
            "backbone": {
                "type": "MLP",
                "n_blocks": 4,
                "d_block": 752,
                "dropout": 0.0
            },
            "num_embeddings": {
                "type": "PiecewiseLinearEmbeddingsV2",
                "d_embedding": 16
            }
        },
        "bins": {
            "n_bins": 12
        }
    },
    "n_parameters": 938000,
    "prediction_type": "probs",
    "epoch_size": 70,
    "best_step": 1610,
    "metrics": {
        "train": {
            "0": {
                "precision": 0.9646739130434783,
                "recall": 0.9309440559440559,
                "f1-score": 0.947508896797153,
                "support": 1144.0
            },
            "1": {
                "precision": 0.9292114695340502,
                "recall": 0.9637546468401487,
                "f1-score": 0.9461678832116788,
                "support": 1076.0
            },
            "accuracy": 0.9468468468468468,
            "macro avg": {
                "precision": 0.9469426912887642,
                "recall": 0.9473493513921023,
                "f1-score": 0.9468383900044159,
                "support": 2220.0
            },
            "weighted avg": {
                "precision": 0.9474858097929628,
                "recall": 0.9468468468468468,
                "f1-score": 0.9468589280503195,
                "support": 2220.0
            },
            "cross-entropy": 0.13390865222571655,
            "roc-auc": 0.9912355882964617,
            "score": 0.9468468468468468
        },
        "val": {
            "0": {
                "precision": 0.912,
                "recall": 0.8636363636363636,
                "f1-score": 0.88715953307393,
                "support": 132.0
            },
            "1": {
                "precision": 0.8875,
                "recall": 0.9281045751633987,
                "f1-score": 0.9073482428115015,
                "support": 153.0
            },
            "accuracy": 0.8982456140350877,
            "macro avg": {
                "precision": 0.89975,
                "recall": 0.8958704693998811,
                "f1-score": 0.8972538879427158,
                "support": 285.0
            },
            "weighted avg": {
                "precision": 0.8988473684210526,
                "recall": 0.8982456140350877,
                "f1-score": 0.8979976825119946,
                "support": 285.0
            },
            "cross-entropy": 0.3308632209214096,
            "roc-auc": 0.9457565854624678,
            "score": 0.8982456140350877
        },
        "test": {
            "0": {
                "precision": 0.8704318936877077,
                "recall": 0.8451612903225807,
                "f1-score": 0.8576104746317513,
                "support": 310.0
            },
            "1": {
                "precision": 0.8688524590163934,
                "recall": 0.8907563025210085,
                "f1-score": 0.8796680497925311,
                "support": 357.0
            },
            "accuracy": 0.8695652173913043,
            "macro avg": {
                "precision": 0.8696421763520505,
                "recall": 0.8679587964217945,
                "f1-score": 0.8686392622121413,
                "support": 667.0
            },
            "weighted avg": {
                "precision": 0.8695865291035109,
                "recall": 0.8695652173913043,
                "f1-score": 0.8694164031660816,
                "support": 667.0
            },
            "cross-entropy": 0.3921892200560728,
            "roc-auc": 0.930726484142044,
            "score": 0.8695652173913043
        }
    },
    "time": "0:00:23.608523",
    "chunk_size": null,
    "eval_batch_size": 32768,
    "heads": [
        68
    ],
    "head_selection_time": "0:00:00.689406"
}