{
    "function": "bin.model.main",
    "gpus": [
        "NVIDIA GeForce RTX 4090"
    ],
    "config": {
        "seed": 1,
        "batch_size": 64,
        "patience": 16,
        "n_epochs": -1,
        "gradient_clipping_norm": 1.0,
        "amp": true,
        "data": {
            "cache": true,
            "path": "data/classif-num-medium-2-kdd_ipums_la_97-small",
            "num_policy": "noisy-quantile"
        },
        "optimizer": {
            "type": "AdamW",
            "lr": 0.00011856438497915427,
            "weight_decay": 0.0
        },
        "model": {
            "arch_type": "tabrmv2-mini",
            "sample_rate": 0.2832388407544872,
            "k": 32,
            "backbone": {
                "n_blocks": 2,
                "d_block": 64,
                "dropout": 0.0
            },
            "num_embeddings": {
                "type": "PeriodicEmbeddings",
                "n_frequencies": 64,
                "d_embedding": 28,
                "frequency_init_scale": 6.013505520487698,
                "lite": false
            }
        }
    },
    "n_parameters": 163376,
    "prediction_type": "probs",
    "epoch_size": 57,
    "best_step": 285,
    "metrics": {
        "train": {
            "0": {
                "precision": 0.9477244772447725,
                "recall": 0.855635757912271,
                "f1-score": 0.8993288590604027,
                "support": 1801.0
            },
            "1": {
                "precision": 0.8703241895261845,
                "recall": 0.953551912568306,
                "f1-score": 0.9100391134289438,
                "support": 1830.0
            },
            "accuracy": 0.90498485265767,
            "macro avg": {
                "precision": 0.9090243333854785,
                "recall": 0.9045938352402885,
                "f1-score": 0.9046839862446733,
                "support": 3631.0
            },
            "weighted avg": {
                "precision": 0.9087152438311079,
                "recall": 0.90498485265767,
                "f1-score": 0.9047267564700503,
                "support": 3631.0
            },
            "cross-entropy": 0.22417257566138113,
            "roc-auc": 0.9666649978912747,
            "score": 0.90498485265767
        },
        "val": {
            "0": {
                "precision": 0.9567307692307693,
                "recall": 0.8728070175438597,
                "f1-score": 0.9128440366972477,
                "support": 228.0
            },
            "1": {
                "precision": 0.888030888030888,
                "recall": 0.9623430962343096,
                "f1-score": 0.9236947791164658,
                "support": 239.0
            },
            "accuracy": 0.9186295503211992,
            "macro avg": {
                "precision": 0.9223808286308286,
                "recall": 0.9175750568890846,
                "f1-score": 0.9182694079068567,
                "support": 467.0
            },
            "weighted avg": {
                "precision": 0.9215717293875753,
                "recall": 0.9186295503211992,
                "f1-score": 0.918397200376462,
                "support": 467.0
            },
            "cross-entropy": 0.2458174306066012,
            "roc-auc": 0.955534757395581,
            "score": 0.9186295503211992
        },
        "test": {
            "0": {
                "precision": 0.9305555555555556,
                "recall": 0.8300884955752212,
                "f1-score": 0.8774555659494855,
                "support": 565.0
            },
            "1": {
                "precision": 0.8361774744027304,
                "recall": 0.9333333333333333,
                "f1-score": 0.8820882088208821,
                "support": 525.0
            },
            "accuracy": 0.8798165137614679,
            "macro avg": {
                "precision": 0.883366514979143,
                "recall": 0.8817109144542773,
                "f1-score": 0.8797718873851839,
                "support": 1090.0
            },
            "weighted avg": {
                "precision": 0.8850982228902039,
                "recall": 0.8798165137614679,
                "f1-score": 0.8796868847636903,
                "support": 1090.0
            },
            "cross-entropy": 0.27307072191677506,
            "roc-auc": 0.9435229667088074,
            "score": 0.8798165137614679
        }
    },
    "time": "0:00:22.886338",
    "chunk_size": null,
    "eval_batch_size": 32768,
    "heads": [
        19,
        31
    ],
    "head_selection_time": "0:00:00.560361"
}