{
    "function": "bin.model.main",
    "gpus": [
        "NVIDIA GeForce RTX 4090"
    ],
    "config": {
        "seed": 8,
        "batch_size": 32,
        "patience": 16,
        "n_epochs": -1,
        "gradient_clipping_norm": 1.0,
        "amp": true,
        "data": {
            "cache": true,
            "path": "data/classif-num-medium-1-wine",
            "num_policy": "noisy-quantile"
        },
        "optimizer": {
            "type": "AdamW",
            "lr": 0.0004382965124208417,
            "weight_decay": 0.0
        },
        "model": {
            "arch_type": "taba",
            "k": 128,
            "share_training_batches": false,
            "backbone": {
                "type": "MLP",
                "n_blocks": 6,
                "d_block": 928,
                "dropout": 0.0
            },
            "num_embeddings": {
                "type": "PiecewiseLinearEmbeddingsV2",
                "d_embedding": 16
            }
        },
        "bins": {
            "n_bins": 120
        }
    },
    "n_parameters": 1751248,
    "prediction_type": "probs",
    "epoch_size": 56,
    "best_step": 2072,
    "metrics": {
        "train": {
            "0": {
                "precision": 0.9710312862108922,
                "recall": 0.9342251950947603,
                "f1-score": 0.9522727272727273,
                "support": 897.0
            },
            "1": {
                "precision": 0.9361471861471862,
                "recall": 0.9719101123595506,
                "f1-score": 0.9536934950385888,
                "support": 890.0
            },
            "accuracy": 0.952993844432009,
            "macro avg": {
                "precision": 0.9535892361790392,
                "recall": 0.9530676537271554,
                "f1-score": 0.952983111155658,
                "support": 1787.0
            },
            "weighted avg": {
                "precision": 0.953657559822141,
                "recall": 0.952993844432009,
                "f1-score": 0.9529803284543817,
                "support": 1787.0
            },
            "cross-entropy": 0.13679039405717025,
            "roc-auc": 0.9921342051532575,
            "score": 0.952993844432009
        },
        "val": {
            "0": {
                "precision": 0.808,
                "recall": 0.8347107438016529,
                "f1-score": 0.8211382113821138,
                "support": 121.0
            },
            "1": {
                "precision": 0.8095238095238095,
                "recall": 0.7798165137614679,
                "f1-score": 0.794392523364486,
                "support": 109.0
            },
            "accuracy": 0.808695652173913,
            "macro avg": {
                "precision": 0.8087619047619048,
                "recall": 0.8072636287815604,
                "f1-score": 0.8077653673732998,
                "support": 230.0
            },
            "weighted avg": {
                "precision": 0.8087221532091098,
                "recall": 0.808695652173913,
                "f1-score": 0.8084630809737597,
                "support": 230.0
            },
            "cross-entropy": 0.7388509713765727,
            "roc-auc": 0.8275456820077338,
            "score": 0.808695652173913
        },
        "test": {
            "0": {
                "precision": 0.7322834645669292,
                "recall": 0.7181467181467182,
                "f1-score": 0.7251461988304094,
                "support": 259.0
            },
            "1": {
                "precision": 0.7420494699646644,
                "recall": 0.7553956834532374,
                "f1-score": 0.748663101604278,
                "support": 278.0
            },
            "accuracy": 0.7374301675977654,
            "macro avg": {
                "precision": 0.7371664672657967,
                "recall": 0.7367712007999778,
                "f1-score": 0.7369046502173437,
                "support": 537.0
            },
            "weighted avg": {
                "precision": 0.7373392364488107,
                "recall": 0.7374301675977654,
                "f1-score": 0.7373206848101775,
                "support": 537.0
            },
            "cross-entropy": 0.7784458982616996,
            "roc-auc": 0.8155815116246772,
            "score": 0.7374301675977654
        }
    },
    "time": "0:00:27.991134",
    "chunk_size": null,
    "eval_batch_size": 32768,
    "heads": [
        70
    ],
    "head_selection_time": "0:00:01.356024"
}