{
    "function": "bin.model.main",
    "gpus": [
        "NVIDIA GeForce RTX 4090"
    ],
    "config": {
        "seed": 7,
        "batch_size": 256,
        "patience": 16,
        "n_epochs": -1,
        "gradient_clipping_norm": 1.0,
        "amp": true,
        "data": {
            "cache": true,
            "path": "data/churn",
            "num_policy": "noisy-quantile",
            "cat_policy": "ordinal"
        },
        "optimizer": {
            "type": "AdamW",
            "lr": 0.00021468776515968038,
            "weight_decay": 0.003121971114882804
        },
        "model": {
            "arch_type": "taba-moe",
            "k": 32,
            "share_training_batches": false,
            "backbone": {
                "type": "MLP",
                "n_blocks": 1,
                "d_block": 688,
                "dropout": 0.0
            },
            "num_embeddings": {
                "type": "PiecewiseLinearEmbeddingsV2",
                "d_embedding": 12
            }
        },
        "bins": {
            "n_bins": 13
        }
    },
    "n_parameters": 134248,
    "prediction_type": "probs",
    "epoch_size": 25,
    "best_step": 750,
    "metrics": {
        "train": {
            "0": {
                "precision": 0.8752858399296394,
                "recall": 0.9764521193092621,
                "f1-score": 0.9231054633150912,
                "support": 5096.0
            },
            "1": {
                "precision": 0.8321678321678322,
                "recall": 0.4562883435582822,
                "f1-score": 0.5894006934125805,
                "support": 1304.0
            },
            "accuracy": 0.87046875,
            "macro avg": {
                "precision": 0.8537268360487358,
                "recall": 0.7163702314337721,
                "f1-score": 0.7562530783638359,
                "support": 6400.0
            },
            "weighted avg": {
                "precision": 0.8665005458481713,
                "recall": 0.87046875,
                "f1-score": 0.8551131164474548,
                "support": 6400.0
            },
            "cross-entropy": 0.31445489302420115,
            "roc-auc": 0.8887695961466228,
            "score": 0.87046875
        },
        "val": {
            "0": {
                "precision": 0.8719384184744576,
                "recall": 0.978021978021978,
                "f1-score": 0.9219385867554569,
                "support": 1274.0
            },
            "1": {
                "precision": 0.8362573099415205,
                "recall": 0.4386503067484663,
                "f1-score": 0.5754527162977867,
                "support": 326.0
            },
            "accuracy": 0.868125,
            "macro avg": {
                "precision": 0.854097864207989,
                "recall": 0.7083361423852221,
                "f1-score": 0.7486956515266219,
                "support": 1600.0
            },
            "weighted avg": {
                "precision": 0.8646683926108717,
                "recall": 0.868125,
                "f1-score": 0.8513420906497067,
                "support": 1600.0
            },
            "cross-entropy": 0.3432199686871631,
            "roc-auc": 0.8603945353507142,
            "score": 0.868125
        },
        "test": {
            "0": {
                "precision": 0.8652561247216035,
                "recall": 0.975517890772128,
                "f1-score": 0.9170846857480082,
                "support": 1593.0
            },
            "1": {
                "precision": 0.8088235294117647,
                "recall": 0.40540540540540543,
                "f1-score": 0.5400981996726677,
                "support": 407.0
            },
            "accuracy": 0.8595,
            "macro avg": {
                "precision": 0.8370398270666841,
                "recall": 0.6904616480887668,
                "f1-score": 0.7285914427103379,
                "support": 2000.0
            },
            "weighted avg": {
                "precision": 0.8537720915760514,
                "recall": 0.8595,
                "f1-score": 0.8403679358316763,
                "support": 2000.0
            },
            "cross-entropy": 0.35780323269367625,
            "roc-auc": 0.8473697117764916,
            "score": 0.8595
        }
    },
    "time": "0:00:11.802270",
    "chunk_size": null,
    "eval_batch_size": 32768,
    "heads": [
        17
    ],
    "head_selection_time": "0:00:00.605536"
}