{
    "function": "bin.ensemble.main",
    "config": {
        "seeds": [
            0,
            1,
            2,
            3,
            4
        ],
        "data": {
            "path": "data/churn"
        }
    },
    "single_model_function": "bin.model.main",
    "prediction_type": "probs",
    "metrics": {
        "train": {
            "0": {
                "precision": 0.8811086797957695,
                "recall": 0.9481946624803768,
                "f1-score": 0.913421550094518,
                "support": 5096.0
            },
            "1": {
                "precision": 0.7117903930131004,
                "recall": 0.5,
                "f1-score": 0.5873873873873874,
                "support": 1304.0
            },
            "accuracy": 0.856875,
            "macro avg": {
                "precision": 0.7964495364044349,
                "recall": 0.7240973312401884,
                "f1-score": 0.7504044687409527,
                "support": 6400.0
            },
            "weighted avg": {
                "precision": 0.8466100788638006,
                "recall": 0.856875,
                "f1-score": 0.8469920894429401,
                "support": 6400.0
            },
            "cross-entropy": 0.34070188463955264,
            "roc-auc": 0.8659065723387043,
            "score": 0.856875
        },
        "val": {
            "0": {
                "precision": 0.8846153846153846,
                "recall": 0.956828885400314,
                "f1-score": 0.9193061840120663,
                "support": 1274.0
            },
            "1": {
                "precision": 0.7522522522522522,
                "recall": 0.5122699386503068,
                "f1-score": 0.6094890510948905,
                "support": 326.0
            },
            "accuracy": 0.86625,
            "macro avg": {
                "precision": 0.8184338184338185,
                "recall": 0.7345494120253104,
                "f1-score": 0.7643976175534783,
                "support": 1600.0
            },
            "weighted avg": {
                "precision": 0.8576463963963964,
                "recall": 0.86625,
                "f1-score": 0.8561809431801919,
                "support": 1600.0
            },
            "cross-entropy": 0.3429792933209226,
            "roc-auc": 0.8618018703470063,
            "score": 0.86625
        },
        "test": {
            "0": {
                "precision": 0.8738479262672811,
                "recall": 0.9522912743251726,
                "f1-score": 0.9113848002403124,
                "support": 1593.0
            },
            "1": {
                "precision": 0.7121212121212122,
                "recall": 0.4619164619164619,
                "f1-score": 0.5603576751117735,
                "support": 407.0
            },
            "accuracy": 0.8525,
            "macro avg": {
                "precision": 0.7929845691942466,
                "recall": 0.7071038681208173,
                "f1-score": 0.735871237676043,
                "support": 2000.0
            },
            "weighted avg": {
                "precision": 0.8409365399385561,
                "recall": 0.8525,
                "f1-score": 0.8399507802766547,
                "support": 2000.0
            },
            "cross-entropy": 0.3503391825240542,
            "roc-auc": 0.8537597690140064,
            "score": 0.8525
        }
    }
}