{
    "function": "bin.model.main",
    "gpus": [
        "NVIDIA GeForce RTX 4090"
    ],
    "config": {
        "seed": 2,
        "batch_size": 256,
        "patience": 16,
        "n_epochs": -1,
        "gradient_clipping_norm": 1.0,
        "amp": true,
        "data": {
            "cache": true,
            "path": "data/classif-num-medium-1-bank-marketing",
            "num_policy": "noisy-quantile"
        },
        "optimizer": {
            "type": "AdamW",
            "lr": 0.0003556852417306976,
            "weight_decay": 0.0
        },
        "model": {
            "arch_type": "tabrmv3",
            "sample_rate": 0.527782070076665,
            "k": 4,
            "backbone": {
                "embed_type": "tabr",
                "ensemble_type": "shared-resnet",
                "context_shuffle": false,
                "context_size": 192,
                "encoder_n_blocks": 0,
                "n_blocks": 2,
                "d_block": 800,
                "dropout": 0.0
            },
            "num_embeddings": {
                "type": "PeriodicEmbeddings",
                "n_frequencies": 20,
                "d_embedding": 28,
                "frequency_init_scale": 0.25216653130029776,
                "lite": false
            }
        }
    },
    "n_parameters": 4020984,
    "prediction_type": "probs",
    "epoch_size": 29,
    "best_step": 377,
    "metrics": {
        "train": {
            "0": {
                "precision": 0.8268779342723005,
                "recall": 0.7699453551912568,
                "f1-score": 0.7973967176004527,
                "support": 3660.0
            },
            "1": {
                "precision": 0.7892892892892893,
                "recall": 0.8424145299145299,
                "f1-score": 0.8149870801033592,
                "support": 3744.0
            },
            "accuracy": 0.8065910318746623,
            "macro avg": {
                "precision": 0.8080836117807949,
                "recall": 0.8061799425528934,
                "f1-score": 0.8061918988519059,
                "support": 7404.0
            },
            "weighted avg": {
                "precision": 0.8078703860799189,
                "recall": 0.8065910318746623,
                "f1-score": 0.8062916821075949,
                "support": 7404.0
            },
            "cross-entropy": 0.43066101552166985,
            "roc-auc": 0.8841636600345618,
            "score": 0.8065910318746623
        },
        "val": {
            "0": {
                "precision": 0.8662420382165605,
                "recall": 0.7937743190661478,
                "f1-score": 0.8284263959390862,
                "support": 514.0
            },
            "1": {
                "precision": 0.7796257796257796,
                "recall": 0.8561643835616438,
                "f1-score": 0.8161044613710555,
                "support": 438.0
            },
            "accuracy": 0.8224789915966386,
            "macro avg": {
                "precision": 0.82293390892117,
                "recall": 0.8249693513138958,
                "f1-score": 0.8222654286550708,
                "support": 952.0
            },
            "weighted avg": {
                "precision": 0.8263912805876088,
                "recall": 0.8224789915966386,
                "f1-score": 0.8227572705811057,
                "support": 952.0
            },
            "cross-entropy": 0.423717169311152,
            "roc-auc": 0.8906019579624398,
            "score": 0.8224789915966386
        },
        "test": {
            "0": {
                "precision": 0.8053949903660886,
                "recall": 0.7497757847533633,
                "f1-score": 0.7765908035299581,
                "support": 1115.0
            },
            "1": {
                "precision": 0.7643581081081081,
                "recall": 0.8175248419150858,
                "f1-score": 0.7900480139676996,
                "support": 1107.0
            },
            "accuracy": 0.7835283528352835,
            "macro avg": {
                "precision": 0.7848765492370984,
                "recall": 0.7836503133342245,
                "f1-score": 0.7833194087488289,
                "support": 2222.0
            },
            "weighted avg": {
                "precision": 0.7849504230125403,
                "recall": 0.7835283528352835,
                "f1-score": 0.7832951833475008,
                "support": 2222.0
            },
            "cross-entropy": 0.4627929044591745,
            "roc-auc": 0.8631472772126825,
            "score": 0.7835283528352835
        }
    },
    "time": "0:00:20.523921",
    "chunk_size": null,
    "eval_batch_size": 32768
}