{
    "function": "bin.model.main",
    "gpus": [
        "NVIDIA GeForce RTX 4090"
    ],
    "config": {
        "seed": 8,
        "batch_size": 256,
        "patience": 16,
        "n_epochs": -1,
        "gradient_clipping_norm": 1.0,
        "amp": true,
        "data": {
            "cache": true,
            "path": "data/regression-cat-medium-0-house_sales",
            "num_policy": "noisy-quantile"
        },
        "optimizer": {
            "type": "AdamW",
            "lr": 0.000595704791204806,
            "weight_decay": 0.000605191077575874
        },
        "model": {
            "p": 57,
            "arch_type": "tabm-rankp",
            "k": 32,
            "share_training_batches": false,
            "backbone": {
                "type": "MLP",
                "n_blocks": 1,
                "d_block": 304,
                "dropout": 0.0
            },
            "num_embeddings": {
                "type": "PiecewiseLinearEmbeddingsV2",
                "d_embedding": 12
            }
        },
        "bins": {
            "n_bins": 2
        }
    },
    "n_parameters": 925756,
    "prediction_type": "labels",
    "epoch_size": 40,
    "best_step": 10680,
    "metrics": {
        "train": {
            "rmse": 0.15081325818814642,
            "mae": 0.10946932435035706,
            "r2": 0.9182815136827926,
            "score": -0.15081325818814642
        },
        "val": {
            "rmse": 0.16847404725753107,
            "mae": 0.11910995841026306,
            "r2": 0.8987872399827348,
            "score": -0.16847404725753107
        },
        "test": {
            "rmse": 0.16923051806395614,
            "mae": 0.12024099379777908,
            "r2": 0.8958119823497486,
            "score": -0.16923051806395614
        }
    },
    "time": "0:01:51.391042",
    "chunk_size": null,
    "eval_batch_size": 32768,
    "heads": [
        16,
        9,
        10,
        21,
        15,
        23
    ],
    "head_selection_time": "0:00:00.144299"
}