{
    "function": "bin.qtab.main",
    "gpus": [
        "NVIDIA GeForce RTX 4090"
    ],
    "config": {
        "seed": 4,
        "batch_size": 1024,
        "patience": 16,
        "n_epochs": -1,
        "amp": true,
        "data": {
            "cache": true,
            "path": "data/ecom-offers",
            "num_policy": "noisy-quantile"
        },
        "optimizer": {
            "type": "AdamW",
            "lr": 0.0004362760640773514,
            "weight_decay": 5.480586934297174e-06
        },
        "model": {
            "distance_metric": "l2",
            "encoder_n_blocks": 1,
            "temperature": 0.2,
            "momentum": 0.999,
            "queue_ratio": 64,
            "d_main": 256,
            "d_multiplier": 2.0,
            "mixer_normalization": "auto",
            "dropout0": 0.0,
            "dropout1": 0.0,
            "normalization": "LayerNorm",
            "activation": "ReLU",
            "num_embeddings": {
                "type": "PeriodicEmbeddings",
                "n_frequencies": 72,
                "frequency_init_scale": 0.013560958513088302,
                "d_embedding": 48,
                "lite": true
            }
        }
    },
    "n_parameters": 1559152,
    "prediction_type": "probs",
    "epoch_size": 107,
    "best_step": 428,
    "metrics": {
        "train": {
            "0": {
                "precision": 0.7801520001497538,
                "recall": 0.9901875764739424,
                "f1-score": 0.8727103302778229,
                "support": 84179.0
            },
            "1": {
                "precision": 0.6694677871148459,
                "recall": 0.06648915030601701,
                "f1-score": 0.12096453490473953,
                "support": 25162.0
            },
            "accuracy": 0.7776223008752435,
            "macro avg": {
                "precision": 0.7248098936322999,
                "recall": 0.5283383633899797,
                "f1-score": 0.4968374325912812,
                "support": 109341.0
            },
            "weighted avg": {
                "precision": 0.754680894449382,
                "recall": 0.7776223008752435,
                "f1-score": 0.6997155003130565,
                "support": 109341.0
            },
            "cross-entropy": 0.49641438429490575,
            "roc-auc": 0.6925309088400717,
            "score": 0.6925309088400717
        },
        "val": {
            "0": {
                "precision": 0.656768137555926,
                "recall": 0.9648794947802551,
                "f1-score": 0.7815533980582525,
                "support": 15518.0
            },
            "1": {
                "precision": 0.6274777853725222,
                "recall": 0.10499828434175912,
                "f1-score": 0.17989417989417988,
                "support": 8743.0
            },
            "accuracy": 0.6550018548287375,
            "macro avg": {
                "precision": 0.6421229614642241,
                "recall": 0.5349388895610071,
                "f1-score": 0.4807237889762162,
                "support": 24261.0
            },
            "weighted avg": {
                "precision": 0.6462126967604311,
                "recall": 0.6550018548287375,
                "f1-score": 0.5647318925799751,
                "support": 24261.0
            },
            "cross-entropy": 0.7189721581933073,
            "roc-auc": 0.6207886530902774,
            "score": 0.6207886530902774
        },
        "test": {
            "0": {
                "precision": 0.6477383600671272,
                "recall": 0.9807942323602411,
                "f1-score": 0.7802091902691267,
                "support": 16922.0
            },
            "1": {
                "precision": 0.609375,
                "recall": 0.05318367775097031,
                "f1-score": 0.09782923299565847,
                "support": 9533.0
            },
            "accuracy": 0.6465318465318465,
            "macro avg": {
                "precision": 0.6285566800335636,
                "recall": 0.5169889550556057,
                "f1-score": 0.4390192116323926,
                "support": 26455.0
            },
            "weighted avg": {
                "precision": 0.6339142091875232,
                "recall": 0.6465318465318465,
                "f1-score": 0.534315100959432,
                "support": 26455.0
            },
            "cross-entropy": 0.7889084050491687,
            "roc-auc": 0.5792423721166986,
            "score": 0.5792423721166986
        }
    },
    "time": "0:00:46.897392",
    "chunk_size": null,
    "eval_batch_size": 8192
}