{
    "function": "bin.ensemble.main",
    "config": {
        "seeds": [
            5,
            6,
            7,
            8,
            9
        ],
        "data": {
            "path": "data/ecom-offers"
        }
    },
    "single_model_function": "bin.reformer.main",
    "prediction_type": "probs",
    "metrics": {
        "train": {
            "0": {
                "precision": 0.7891532445408084,
                "recall": 0.9685194644745126,
                "f1-score": 0.8696844115184195,
                "support": 84179.0
            },
            "1": {
                "precision": 0.5604577873610881,
                "recall": 0.13428980208250538,
                "f1-score": 0.21666506364015262,
                "support": 25162.0
            },
            "accuracy": 0.7765431082576527,
            "macro avg": {
                "precision": 0.6748055159509483,
                "recall": 0.551404633278509,
                "f1-score": 0.543174737579286,
                "support": 109341.0
            },
            "weighted avg": {
                "precision": 0.7365249066478303,
                "recall": 0.7765431082576527,
                "f1-score": 0.7194089171355901,
                "support": 109341.0
            },
            "cross-entropy": 0.49159794286176434,
            "roc-auc": 0.7038678081743248,
            "score": 0.7038678081743248
        },
        "val": {
            "0": {
                "precision": 0.6842055185537583,
                "recall": 0.9267946900373759,
                "f1-score": 0.7872352071815643,
                "support": 15518.0
            },
            "1": {
                "precision": 0.6494908978710274,
                "recall": 0.24076403980327118,
                "f1-score": 0.35130173564753003,
                "support": 8743.0
            },
            "accuracy": 0.6795680309962491,
            "macro avg": {
                "precision": 0.6668482082123929,
                "recall": 0.5837793649203236,
                "f1-score": 0.5692684714145472,
                "support": 24261.0
            },
            "weighted avg": {
                "precision": 0.671695319937497,
                "recall": 0.6795680309962491,
                "f1-score": 0.6301367223036919,
                "support": 24261.0
            },
            "cross-entropy": 0.6663425686149802,
            "roc-auc": 0.6121706232107738,
            "score": 0.6121706232107738
        },
        "test": {
            "0": {
                "precision": 0.6634262882563744,
                "recall": 0.95177874955679,
                "f1-score": 0.7818636374669288,
                "support": 16922.0
            },
            "1": {
                "precision": 0.6253443526170799,
                "recall": 0.14287212839609775,
                "f1-score": 0.23260182734181536,
                "support": 9533.0
            },
            "accuracy": 0.6602910602910603,
            "macro avg": {
                "precision": 0.6443853204367271,
                "recall": 0.5473254389764439,
                "f1-score": 0.507232732404372,
                "support": 26455.0
            },
            "weighted avg": {
                "precision": 0.6497035480390471,
                "recall": 0.6602910602910603,
                "f1-score": 0.5839383743437874,
                "support": 26455.0
            },
            "cross-entropy": 0.7207017247265122,
            "roc-auc": 0.5765851669366457,
            "score": 0.5765851669366457
        }
    }
}