{
    "function": "bin.ensemble.main",
    "config": {
        "seeds": [
            10,
            11,
            12,
            13,
            14
        ],
        "data": {
            "path": "data/black-friday"
        }
    },
    "single_model_function": "bin.model.main",
    "prediction_type": "labels",
    "metrics": {
        "train": {
            "rmse": 0.6724719345518692,
            "mae": 0.5223827362060547,
            "r2": 0.5470147985054548,
            "score": -0.6724719345518692
        },
        "val": {
            "rmse": 0.6939281655836211,
            "mae": 0.5389664769172668,
            "r2": 0.5170927478811025,
            "score": -0.6939281655836211
        },
        "test": {
            "rmse": 0.6956065552657613,
            "mae": 0.5413128137588501,
            "r2": 0.5197850923968181,
            "score": -0.6956065552657613
        }
    }
}