{
    "function": "bin.model.main",
    "gpus": [
        "NVIDIA GeForce RTX 4090"
    ],
    "config": {
        "seed": 1,
        "batch_size": 256,
        "patience": 16,
        "n_epochs": -1,
        "amp": true,
        "data": {
            "cache": true,
            "path": "data/regression-cat-medium-0-OnlineNewsPopularity",
            "num_policy": "noisy-quantile"
        },
        "optimizer": {
            "type": "AdamW",
            "lr": 3.1242463169178775e-05,
            "weight_decay": 0.0
        },
        "model": {
            "arch_type": "tabr-pln",
            "k": 32,
            "context_size": 96,
            "d_main": 336,
            "context_dropout": 0.15419250013373723,
            "d_multiplier": 2.0,
            "encoder_n_blocks": 0,
            "predictor_n_blocks": 2,
            "mixer_normalization": "auto",
            "dropout0": 0.06830645044243588,
            "dropout1": 0.0,
            "normalization": "LayerNorm",
            "activation": "ReLU",
            "num_embeddings": {
                "type": "PeriodicEmbeddings",
                "n_frequencies": 64,
                "frequency_init_scale": 0.0693017998897308,
                "d_embedding": 59,
                "lite": true
            }
        }
    },
    "n_parameters": 2427676,
    "prediction_type": "labels",
    "epoch_size": 40,
    "best_step": 880,
    "metrics": {
        "train": {
            "rmse": 0.8240074863232644,
            "mae": 0.6103360056877136,
            "r2": 0.2157308280003446,
            "score": -0.8240074863232644
        },
        "val": {
            "rmse": 0.8423744220700526,
            "mae": 0.6251588463783264,
            "r2": 0.1584575519408865,
            "score": -0.8423744220700526
        },
        "test": {
            "rmse": 0.862042431464114,
            "mae": 0.6361383199691772,
            "r2": 0.14836407859698575,
            "score": -0.862042431464114
        }
    },
    "time": "0:00:39.220917",
    "chunk_size": null,
    "eval_batch_size": 32768
}