{
    "function": "bin.qtab.main",
    "gpus": [
        "NVIDIA GeForce RTX 4090"
    ],
    "config": {
        "seed": 14,
        "batch_size": 1024,
        "patience": 16,
        "n_epochs": -1,
        "amp": true,
        "data": {
            "cache": true,
            "path": "data/ecom-offers",
            "num_policy": "noisy-quantile"
        },
        "optimizer": {
            "type": "AdamW",
            "lr": 9.042908711336894e-05,
            "weight_decay": 6.182679682188498e-06
        },
        "model": {
            "temperature": 0.05,
            "distance_metric": "cossim",
            "encoder_n_blocks": 1,
            "momentum": 0.999,
            "queue_ratio": 64,
            "d_main": 256,
            "d_multiplier": 2.0,
            "mixer_normalization": "auto",
            "dropout0": 0.0,
            "dropout1": 0.0,
            "normalization": "LayerNorm",
            "activation": "ReLU",
            "num_embeddings": {
                "type": "PeriodicEmbeddings",
                "n_frequencies": 28,
                "frequency_init_scale": 0.011926564026016849,
                "d_embedding": 51,
                "lite": true
            }
        }
    },
    "n_parameters": 1630395,
    "prediction_type": "probs",
    "epoch_size": 107,
    "best_step": 107,
    "metrics": {
        "train": {
            "0": {
                "precision": 0.7790364303657978,
                "recall": 0.9909834994476057,
                "f1-score": 0.8723204015476314,
                "support": 84179.0
            },
            "1": {
                "precision": 0.6641592920353983,
                "recall": 0.05965344567204515,
                "f1-score": 0.109474144847203,
                "support": 25162.0
            },
            "accuracy": 0.7766620023595906,
            "macro avg": {
                "precision": 0.721597861200598,
                "recall": 0.5253184725598254,
                "f1-score": 0.49089727319741716,
                "support": 109341.0
            },
            "weighted avg": {
                "precision": 0.7526004314754501,
                "recall": 0.7766620023595906,
                "f1-score": 0.6967710878309452,
                "support": 109341.0
            },
            "cross-entropy": 0.49420645381025824,
            "roc-auc": 0.6985612630007868,
            "score": 0.6985612630007868
        },
        "val": {
            "0": {
                "precision": 0.6548299729160397,
                "recall": 0.9815697899213817,
                "f1-score": 0.7855798241316176,
                "support": 15518.0
            },
            "1": {
                "precision": 0.714,
                "recall": 0.08166533226581266,
                "f1-score": 0.1465667658831982,
                "support": 8743.0
            },
            "accuracy": 0.6572688677301018,
            "macro avg": {
                "precision": 0.6844149864580198,
                "recall": 0.5316175610935971,
                "f1-score": 0.4660732950074079,
                "support": 24261.0
            },
            "weighted avg": {
                "precision": 0.6761532302753845,
                "recall": 0.6572688677301018,
                "f1-score": 0.5552970176411213,
                "support": 24261.0
            },
            "cross-entropy": 0.6551369891916562,
            "roc-auc": 0.6228603894659925,
            "score": 0.6228603894659925
        },
        "test": {
            "0": {
                "precision": 0.6457435344827587,
                "recall": 0.991549462238506,
                "f1-score": 0.7821283736540345,
                "support": 16922.0
            },
            "1": {
                "precision": 0.6963906581740976,
                "recall": 0.03440679744046995,
                "f1-score": 0.06557377049180328,
                "support": 9533.0
            },
            "accuracy": 0.6466452466452467,
            "macro avg": {
                "precision": 0.6710670963284282,
                "recall": 0.512978129839488,
                "f1-score": 0.4238510720729189,
                "support": 26455.0
            },
            "weighted avg": {
                "precision": 0.6639941120729886,
                "recall": 0.6466452466452467,
                "f1-score": 0.5239195272376462,
                "support": 26455.0
            },
            "cross-entropy": 0.6910226147852333,
            "roc-auc": 0.5811447084458191,
            "score": 0.5811447084458191
        }
    },
    "time": "0:00:32.438853",
    "chunk_size": null,
    "eval_batch_size": 8192
}