{
    "function": "bin.model.main",
    "gpus": [
        "NVIDIA GeForce RTX 4090"
    ],
    "config": {
        "seed": 2,
        "batch_size": 256,
        "patience": 16,
        "n_epochs": -1,
        "gradient_clipping_norm": 1.0,
        "amp": true,
        "data": {
            "cache": true,
            "path": "data/sberbank-housing",
            "num_policy": "noisy-quantile",
            "cat_policy": "ordinal"
        },
        "optimizer": {
            "type": "AdamW",
            "lr": 0.0011782419642695386,
            "weight_decay": 0.0
        },
        "model": {
            "arch_type": "taba-moe",
            "k": 32,
            "share_training_batches": false,
            "backbone": {
                "type": "MLP",
                "n_blocks": 5,
                "d_block": 432,
                "dropout": 0.16515201516528424
            },
            "num_embeddings": {
                "type": "PiecewiseLinearEmbeddingsV2",
                "d_embedding": 32
            }
        },
        "bins": {
            "n_bins": 87
        }
    },
    "n_parameters": 7533200,
    "prediction_type": "labels",
    "epoch_size": 74,
    "best_step": 74,
    "metrics": {
        "train": {
            "rmse": 0.25292272079476236,
            "mae": 0.12776632606983185,
            "r2": 0.5913141998844276,
            "score": -0.25292272079476236
        },
        "val": {
            "rmse": 0.24118942288346187,
            "mae": 0.1319277584552765,
            "r2": 0.6114313176034678,
            "score": -0.24118942288346187
        },
        "test": {
            "rmse": 0.2400021787758119,
            "mae": 0.14733947813510895,
            "r2": 0.6063865242149242,
            "score": -0.2400021787758119
        }
    },
    "time": "0:01:19.482867",
    "chunk_size": null,
    "eval_batch_size": 32768,
    "heads": [
        0,
        26,
        28,
        26
    ],
    "head_selection_time": "0:00:00.105053"
}