{
    "function": "bin.model.main",
    "gpus": [
        "NVIDIA GeForce RTX 4090"
    ],
    "config": {
        "seed": 5,
        "batch_size": 64,
        "patience": 16,
        "n_epochs": -1,
        "gradient_clipping_norm": 1.0,
        "amp": true,
        "data": {
            "cache": true,
            "path": "data/classif-cat-medium-2-KDDCup09_upselling",
            "num_policy": "noisy-quantile",
            "cat_policy": "ordinal"
        },
        "optimizer": {
            "type": "AdamW",
            "lr": 0.000659074617089527,
            "weight_decay": 0.011956244022128892
        },
        "model": {
            "arch_type": "tabrmv2",
            "sample_rate": 0.4488898539008022,
            "k": 80,
            "backbone": {
                "n_blocks": 5,
                "d_block": 352,
                "dropout": 0.009596599154666763
            },
            "num_embeddings": {
                "type": "PeriodicEmbeddings",
                "n_frequencies": 40,
                "d_embedding": 28,
                "frequency_init_scale": 0.07417077580505224,
                "lite": false
            }
        }
    },
    "n_parameters": 4123464,
    "prediction_type": "probs",
    "epoch_size": 57,
    "best_step": 114,
    "metrics": {
        "train": {
            "0": {
                "precision": 0.7331052181351583,
                "recall": 0.9607623318385651,
                "f1-score": 0.83163512857836,
                "support": 1784.0
            },
            "1": {
                "precision": 0.9440447641886491,
                "recall": 0.6542936288088642,
                "f1-score": 0.7729057591623036,
                "support": 1805.0
            },
            "accuracy": 0.8066313736416829,
            "macro avg": {
                "precision": 0.8385749911619037,
                "recall": 0.8075279803237146,
                "f1-score": 0.8022704438703319,
                "support": 3589.0
            },
            "weighted avg": {
                "precision": 0.8391921171673542,
                "recall": 0.8066313736416829,
                "f1-score": 0.802098624873712,
                "support": 3589.0
            },
            "cross-entropy": 0.35483955158654007,
            "roc-auc": 0.9160674136367588,
            "score": 0.8066313736416829
        },
        "val": {
            "0": {
                "precision": 0.753125,
                "recall": 0.9757085020242915,
                "f1-score": 0.8500881834215168,
                "support": 247.0
            },
            "1": {
                "precision": 0.9571428571428572,
                "recall": 0.6291079812206573,
                "f1-score": 0.7592067988668556,
                "support": 213.0
            },
            "accuracy": 0.8152173913043478,
            "macro avg": {
                "precision": 0.8551339285714286,
                "recall": 0.8024082416224744,
                "f1-score": 0.8046474911441862,
                "support": 460.0
            },
            "weighted avg": {
                "precision": 0.8475941381987578,
                "recall": 0.8152173913043478,
                "f1-score": 0.8080061510081629,
                "support": 460.0
            },
            "cross-entropy": 0.37866342487268706,
            "roc-auc": 0.9019216513656839,
            "score": 0.8152173913043478
        },
        "test": {
            "0": {
                "precision": 0.7348703170028819,
                "recall": 0.96045197740113,
                "f1-score": 0.8326530612244898,
                "support": 531.0
            },
            "1": {
                "precision": 0.9451697127937336,
                "recall": 0.663003663003663,
                "f1-score": 0.7793326157158234,
                "support": 546.0
            },
            "accuracy": 0.8096564531104921,
            "macro avg": {
                "precision": 0.8400200148983077,
                "recall": 0.8117278202023965,
                "f1-score": 0.8059928384701566,
                "support": 1077.0
            },
            "weighted avg": {
                "precision": 0.8414844953703889,
                "recall": 0.8096564531104921,
                "f1-score": 0.8056215261755281,
                "support": 1077.0
            },
            "cross-entropy": 0.3737898003437908,
            "roc-auc": 0.8984706442333561,
            "score": 0.8096564531104921
        }
    },
    "time": "0:00:23.762296",
    "chunk_size": null,
    "eval_batch_size": 32768
}