{
    "function": "bin.model.main",
    "gpus": [
        "NVIDIA GeForce RTX 4090"
    ],
    "config": {
        "seed": 12,
        "batch_size": 256,
        "patience": 16,
        "n_epochs": -1,
        "gradient_clipping_norm": 1.0,
        "amp": true,
        "data": {
            "cache": true,
            "path": "data/classif-num-medium-0-MagicTelescope",
            "num_policy": "noisy-quantile"
        },
        "optimizer": {
            "type": "AdamW",
            "lr": 0.0009457435954888188,
            "weight_decay": 0.0724056573507867
        },
        "model": {
            "arch_type": "tabrmv2-mini",
            "sample_rate": 0.2939111311955071,
            "k": 32,
            "backbone": {
                "n_blocks": 1,
                "d_block": 272,
                "dropout": 0.4377442899713583
            },
            "num_embeddings": {
                "type": "PeriodicEmbeddings",
                "n_frequencies": 32,
                "d_embedding": 20,
                "frequency_init_scale": 0.11497430136904793,
                "lite": false
            }
        }
    },
    "n_parameters": 566360,
    "prediction_type": "probs",
    "epoch_size": 37,
    "best_step": 962,
    "metrics": {
        "train": {
            "0": {
                "precision": 0.8655378486055777,
                "recall": 0.9217225286380992,
                "f1-score": 0.8927470721183479,
                "support": 4714.0
            },
            "1": {
                "precision": 0.9150356896154732,
                "recall": 0.8548074854807486,
                "f1-score": 0.8838967971530249,
                "support": 4649.0
            },
            "accuracy": 0.8884972765139378,
            "macro avg": {
                "precision": 0.8902867691105254,
                "recall": 0.8882650070594239,
                "f1-score": 0.8883219346356864,
                "support": 9363.0
            },
            "weighted avg": {
                "precision": 0.8901149566751072,
                "recall": 0.8884972765139378,
                "f1-score": 0.8883526549108518,
                "support": 9363.0
            },
            "cross-entropy": 0.26001215760085156,
            "roc-auc": 0.9566596043528504,
            "score": 0.8884972765139378
        },
        "val": {
            "0": {
                "precision": 0.8464,
                "recall": 0.9104991394148021,
                "f1-score": 0.877280265339967,
                "support": 581.0
            },
            "1": {
                "precision": 0.9100346020761245,
                "recall": 0.8456591639871383,
                "f1-score": 0.8766666666666667,
                "support": 622.0
            },
            "accuracy": 0.8769742310889443,
            "macro avg": {
                "precision": 0.8782173010380623,
                "recall": 0.8780791517009702,
                "f1-score": 0.8769734660033168,
                "support": 1203.0
            },
            "weighted avg": {
                "precision": 0.8793016812064419,
                "recall": 0.8769742310889443,
                "f1-score": 0.8769630098330737,
                "support": 1203.0
            },
            "cross-entropy": 0.3005956063996258,
            "roc-auc": 0.9413100265093447,
            "score": 0.8769742310889443
        },
        "test": {
            "0": {
                "precision": 0.8351063829787234,
                "recall": 0.9016511127063891,
                "f1-score": 0.867103900586814,
                "support": 1393.0
            },
            "1": {
                "precision": 0.8950995405819295,
                "recall": 0.8249823570924488,
                "f1-score": 0.858611825192802,
                "support": 1417.0
            },
            "accuracy": 0.8629893238434164,
            "macro avg": {
                "precision": 0.8651029617803265,
                "recall": 0.863316734899419,
                "f1-score": 0.862857862889808,
                "support": 2810.0
            },
            "weighted avg": {
                "precision": 0.8653591603181336,
                "recall": 0.8629893238434164,
                "f1-score": 0.8628215977991575,
                "support": 2810.0
            },
            "cross-entropy": 0.32620453717048764,
            "roc-auc": 0.9320422558401444,
            "score": 0.8629893238434164
        }
    },
    "time": "0:00:29.009677",
    "chunk_size": null,
    "eval_batch_size": 32768,
    "heads": [
        10
    ],
    "head_selection_time": "0:00:00.191476"
}