{
    "function": "bin.model.main",
    "gpus": [
        "NVIDIA GeForce RTX 4090"
    ],
    "config": {
        "seed": 11,
        "batch_size": 32,
        "patience": 16,
        "n_epochs": -1,
        "amp": true,
        "data": {
            "cache": true,
            "path": "data/classif-num-medium-3-wine",
            "num_policy": "noisy-quantile"
        },
        "optimizer": {
            "type": "AdamW",
            "lr": 0.0004555734047592145,
            "weight_decay": 9.893664075639071e-05
        },
        "model": {
            "arch_type": "tabr-pln",
            "k": 32,
            "context_size": 96,
            "d_main": 191,
            "context_dropout": 0.0,
            "d_multiplier": 2.0,
            "encoder_n_blocks": 1,
            "predictor_n_blocks": 1,
            "mixer_normalization": "auto",
            "dropout0": 0.46573200777139023,
            "dropout1": 0.0,
            "normalization": "LayerNorm",
            "activation": "ReLU",
            "num_embeddings": {
                "type": "PeriodicEmbeddings",
                "n_frequencies": 36,
                "frequency_init_scale": 0.29839282948631024,
                "d_embedding": 39,
                "lite": true
            }
        }
    },
    "n_parameters": 575099,
    "prediction_type": "probs",
    "epoch_size": 56,
    "best_step": 728,
    "metrics": {
        "train": {
            "0": {
                "precision": 0.8984375,
                "recall": 0.8934517203107658,
                "f1-score": 0.895937673900946,
                "support": 901.0
            },
            "1": {
                "precision": 0.8922558922558923,
                "recall": 0.8972911963882618,
                "f1-score": 0.8947664603263928,
                "support": 886.0
            },
            "accuracy": 0.8953553441522104,
            "macro avg": {
                "precision": 0.8953466961279462,
                "recall": 0.8953714583495138,
                "f1-score": 0.8953520671136694,
                "support": 1787.0
            },
            "weighted avg": {
                "precision": 0.8953726402007389,
                "recall": 0.8953553441522104,
                "f1-score": 0.895356982671481,
                "support": 1787.0
            },
            "cross-entropy": 0.23074765196874564,
            "roc-auc": 0.967873042994616,
            "score": 0.8953553441522104
        },
        "val": {
            "0": {
                "precision": 0.8181818181818182,
                "recall": 0.7964601769911505,
                "f1-score": 0.8071748878923767,
                "support": 113.0
            },
            "1": {
                "precision": 0.8083333333333333,
                "recall": 0.8290598290598291,
                "f1-score": 0.818565400843882,
                "support": 117.0
            },
            "accuracy": 0.8130434782608695,
            "macro avg": {
                "precision": 0.8132575757575757,
                "recall": 0.8127600030254898,
                "f1-score": 0.8128701443681293,
                "support": 230.0
            },
            "weighted avg": {
                "precision": 0.8131719367588933,
                "recall": 0.8130434782608695,
                "f1-score": 0.8129691923068381,
                "support": 230.0
            },
            "cross-entropy": 0.4900715921860512,
            "roc-auc": 0.8755389153619243,
            "score": 0.8130434782608695
        },
        "test": {
            "0": {
                "precision": 0.7723880597014925,
                "recall": 0.7870722433460076,
                "f1-score": 0.7796610169491526,
                "support": 263.0
            },
            "1": {
                "precision": 0.79182156133829,
                "recall": 0.7773722627737226,
                "f1-score": 0.7845303867403315,
                "support": 274.0
            },
            "accuracy": 0.7821229050279329,
            "macro avg": {
                "precision": 0.7821048105198912,
                "recall": 0.782222253059865,
                "f1-score": 0.7820957018447421,
                "support": 537.0
            },
            "weighted avg": {
                "precision": 0.7823038501083499,
                "recall": 0.7821229050279329,
                "f1-score": 0.7821455743472587,
                "support": 537.0
            },
            "cross-entropy": 0.5501889412059177,
            "roc-auc": 0.8645610724098693,
            "score": 0.7821229050279329
        }
    },
    "time": "0:00:27.357194",
    "chunk_size": null,
    "eval_batch_size": 32768,
    "heads": [
        0
    ],
    "head_selection_time": "0:00:00.377851"
}