{
    "function": "bin.model.main",
    "gpus": [
        "NVIDIA GeForce RTX 4090"
    ],
    "config": {
        "seed": 5,
        "batch_size": 256,
        "patience": 16,
        "n_epochs": -1,
        "gradient_clipping_norm": 1.0,
        "amp": true,
        "data": {
            "cache": true,
            "path": "data/regression-cat-medium-0-house_sales",
            "num_policy": "noisy-quantile"
        },
        "optimizer": {
            "type": "AdamW",
            "lr": 7.479119958589417e-05,
            "weight_decay": 0.0
        },
        "model": {
            "arch_type": "tabrmv2",
            "sample_rate": 0.573490245106693,
            "k": 48,
            "backbone": {
                "n_blocks": 3,
                "d_block": 192,
                "dropout": 0.0
            },
            "num_embeddings": {
                "type": "PeriodicEmbeddings",
                "n_frequencies": 48,
                "d_embedding": 28,
                "frequency_init_scale": 0.051327622506788094,
                "lite": false
            }
        }
    },
    "n_parameters": 824676,
    "prediction_type": "labels",
    "epoch_size": 40,
    "best_step": 2360,
    "metrics": {
        "train": {
            "rmse": 0.1832070437664946,
            "mae": 0.13635723292827606,
            "r2": 0.8794060243797258,
            "score": -0.1832070437664946
        },
        "val": {
            "rmse": 0.19270711760953665,
            "mae": 0.14164197444915771,
            "r2": 0.8675765901568245,
            "score": -0.19270711760953665
        },
        "test": {
            "rmse": 0.19230567043873825,
            "mae": 0.140284463763237,
            "r2": 0.865462102347312,
            "score": -0.19230567043873825
        }
    },
    "time": "0:00:54.856601",
    "chunk_size": null,
    "eval_batch_size": 32768
}