{
    "function": "bin.model.main",
    "gpus": [
        "NVIDIA GeForce RTX 4090"
    ],
    "config": {
        "seed": 11,
        "batch_size": 32,
        "patience": 16,
        "n_epochs": -1,
        "gradient_clipping_norm": 1.0,
        "amp": true,
        "data": {
            "cache": true,
            "path": "data/classif-num-medium-3-wine",
            "num_policy": "noisy-quantile"
        },
        "optimizer": {
            "type": "AdamW",
            "lr": 0.00010723411529870647,
            "weight_decay": 0.0002971471828595232
        },
        "model": {
            "arch_type": "taba-moe",
            "k": 32,
            "share_training_batches": false,
            "backbone": {
                "type": "MLP",
                "n_blocks": 3,
                "d_block": 896,
                "dropout": 0.163117715787883
            },
            "num_embeddings": {
                "type": "PiecewiseLinearEmbeddingsV2",
                "d_embedding": 32
            }
        },
        "bins": {
            "n_bins": 25
        }
    },
    "n_parameters": 2256896,
    "prediction_type": "probs",
    "epoch_size": 56,
    "best_step": 952,
    "metrics": {
        "train": {
            "0": {
                "precision": 0.9977628635346756,
                "recall": 0.9900110987791343,
                "f1-score": 0.9938718662952647,
                "support": 901.0
            },
            "1": {
                "precision": 0.9899216125419933,
                "recall": 0.9977426636568849,
                "f1-score": 0.9938167509836988,
                "support": 886.0
            },
            "accuracy": 0.9938444320089536,
            "macro avg": {
                "precision": 0.9938422380383345,
                "recall": 0.9938768812180097,
                "f1-score": 0.9938443086394817,
                "support": 1787.0
            },
            "weighted avg": {
                "precision": 0.993875147597621,
                "recall": 0.9938444320089536,
                "f1-score": 0.9938445399572415,
                "support": 1787.0
            },
            "cross-entropy": 0.11093541367365749,
            "roc-auc": 0.9999423765417407,
            "score": 0.9938444320089536
        },
        "val": {
            "0": {
                "precision": 0.8380952380952381,
                "recall": 0.7787610619469026,
                "f1-score": 0.8073394495412844,
                "support": 113.0
            },
            "1": {
                "precision": 0.8,
                "recall": 0.8547008547008547,
                "f1-score": 0.8264462809917356,
                "support": 117.0
            },
            "accuracy": 0.8173913043478261,
            "macro avg": {
                "precision": 0.819047619047619,
                "recall": 0.8167309583238787,
                "f1-score": 0.81689286526651,
                "support": 230.0
            },
            "weighted avg": {
                "precision": 0.8187163561076605,
                "recall": 0.8173913043478261,
                "f1-score": 0.8170590116269487,
                "support": 230.0
            },
            "cross-entropy": 0.4674023714298037,
            "roc-auc": 0.8748203615460253,
            "score": 0.8173913043478261
        },
        "test": {
            "0": {
                "precision": 0.7896995708154506,
                "recall": 0.6996197718631179,
                "f1-score": 0.7419354838709677,
                "support": 263.0
            },
            "1": {
                "precision": 0.7401315789473685,
                "recall": 0.8211678832116789,
                "f1-score": 0.7785467128027681,
                "support": 274.0
            },
            "accuracy": 0.7616387337057728,
            "macro avg": {
                "precision": 0.7649155748814096,
                "recall": 0.7603938275373984,
                "f1-score": 0.7602410983368679,
                "support": 537.0
            },
            "weighted avg": {
                "precision": 0.764407895262649,
                "recall": 0.7616387337057728,
                "f1-score": 0.7606160736797449,
                "support": 537.0
            },
            "cross-entropy": 0.5668307855922864,
            "roc-auc": 0.8361688545974301,
            "score": 0.7616387337057728
        }
    },
    "time": "0:00:21.617902",
    "chunk_size": null,
    "eval_batch_size": 32768
}