{
    "function": "bin.ensemble.main",
    "config": {
        "seeds": [
            10,
            11,
            12,
            13,
            14
        ],
        "data": {
            "path": "data/regression-cat-medium-0-OnlineNewsPopularity"
        }
    },
    "single_model_function": "bin.qtab.main",
    "prediction_type": "labels",
    "metrics": {
        "train": {
            "rmse": 0.8821371077476488,
            "mae": 0.6529995799064636,
            "r2": 0.10117515914340591,
            "score": -0.8821371077476488
        },
        "val": {
            "rmse": 0.8767220377448246,
            "mae": 0.652542233467102,
            "r2": 0.08843102100809452,
            "score": -0.8767220377448246
        },
        "test": {
            "rmse": 0.8921321364025538,
            "mae": 0.6583905816078186,
            "r2": 0.08787353185778679,
            "score": -0.8921321364025538
        }
    }
}