{
    "function": "bin.model.main",
    "gpus": [
        "NVIDIA GeForce RTX 4090"
    ],
    "config": {
        "seed": 1,
        "batch_size": 256,
        "patience": 16,
        "n_epochs": -1,
        "gradient_clipping_norm": 1.0,
        "amp": true,
        "data": {
            "cache": true,
            "path": "data/classif-num-medium-0-credit",
            "num_policy": "noisy-quantile"
        },
        "optimizer": {
            "type": "AdamW",
            "lr": 3.590208008460646e-05,
            "weight_decay": 0.0
        },
        "model": {
            "arch_type": "tabrmv3",
            "sample_rate": 0.2993428712380761,
            "k": 4,
            "backbone": {
                "embed_type": "tabr",
                "ensemble_type": "mini-resnet",
                "context_shuffle": false,
                "context_size": 256,
                "encoder_n_blocks": 0,
                "n_blocks": 2,
                "d_block": 832,
                "dropout": 0.0
            },
            "num_embeddings": {
                "type": "PeriodicEmbeddings",
                "n_frequencies": 24,
                "d_embedding": 24,
                "frequency_init_scale": 0.12140509149667612,
                "lite": false
            }
        }
    },
    "n_parameters": 4385000,
    "prediction_type": "probs",
    "epoch_size": 40,
    "best_step": 400,
    "metrics": {
        "train": {
            "0": {
                "precision": 0.7824960127591707,
                "recall": 0.7800079491255962,
                "f1-score": 0.7812500000000001,
                "support": 5032.0
            },
            "1": {
                "precision": 0.7778892455858748,
                "recall": 0.7803945249597424,
                "f1-score": 0.7791398713826366,
                "support": 4968.0
            },
            "accuracy": 0.7802,
            "macro avg": {
                "precision": 0.7801926291725227,
                "recall": 0.7802012370426693,
                "f1-score": 0.7801949356913184,
                "support": 10000.0
            },
            "weighted avg": {
                "precision": 0.7802073708274773,
                "recall": 0.7802,
                "f1-score": 0.7802016881028939,
                "support": 10000.0
            },
            "cross-entropy": 0.46843677600750805,
            "roc-auc": 0.8602947976749127,
            "score": 0.7802
        },
        "val": {
            "0": {
                "precision": 0.7873620862587764,
                "recall": 0.7913306451612904,
                "f1-score": 0.7893413775766718,
                "support": 992.0
            },
            "1": {
                "precision": 0.7964601769911505,
                "recall": 0.7925636007827789,
                "f1-score": 0.7945071113290829,
                "support": 1022.0
            },
            "accuracy": 0.7919563058589871,
            "macro avg": {
                "precision": 0.7919111316249634,
                "recall": 0.7919471229720346,
                "f1-score": 0.7919242444528773,
                "support": 2014.0
            },
            "weighted avg": {
                "precision": 0.7919788929759989,
                "recall": 0.7919563058589871,
                "f1-score": 0.7919627181402091,
                "support": 2014.0
            },
            "cross-entropy": 0.4630334181214654,
            "roc-auc": 0.863586776403005,
            "score": 0.7919563058589871
        },
        "test": {
            "0": {
                "precision": 0.765704584040747,
                "recall": 0.773253321903129,
                "f1-score": 0.7694604393260823,
                "support": 2333.0
            },
            "1": {
                "precision": 0.7743174061433447,
                "recall": 0.7667934093789607,
                "f1-score": 0.7705370409679473,
                "support": 2367.0
            },
            "accuracy": 0.77,
            "macro avg": {
                "precision": 0.7700109950920458,
                "recall": 0.7700233656410449,
                "f1-score": 0.7699987401470147,
                "support": 4700.0
            },
            "weighted avg": {
                "precision": 0.7700421478528425,
                "recall": 0.77,
                "f1-score": 0.7700026342380598,
                "support": 4700.0
            },
            "cross-entropy": 0.4815553618013798,
            "roc-auc": 0.8508229765215418,
            "score": 0.77
        }
    },
    "time": "0:00:35.183950",
    "chunk_size": null,
    "eval_batch_size": 32768
}