{
    "function": "bin.model.main",
    "gpus": [
        "NVIDIA GeForce RTX 4090"
    ],
    "config": {
        "seed": 5,
        "batch_size": 256,
        "patience": 16,
        "n_epochs": -1,
        "gradient_clipping_norm": 1.0,
        "amp": true,
        "data": {
            "cache": true,
            "path": "data/california",
            "num_policy": "noisy-quantile"
        },
        "optimizer": {
            "type": "AdamW",
            "lr": 0.00047421845752243974,
            "weight_decay": 0.0
        },
        "model": {
            "p": 18,
            "arch_type": "tabm-rankp",
            "k": 32,
            "share_training_batches": false,
            "backbone": {
                "type": "MLP",
                "n_blocks": 3,
                "d_block": 752,
                "dropout": 0.0
            },
            "num_embeddings": {
                "type": "PiecewiseLinearEmbeddingsV2",
                "d_embedding": 8
            }
        },
        "bins": {
            "n_bins": 42
        }
    },
    "n_parameters": 2424032,
    "prediction_type": "labels",
    "epoch_size": 52,
    "best_step": 8632,
    "metrics": {
        "train": {
            "rmse": 0.21845814274456968,
            "mae": 0.16028596460819244,
            "r2": 0.9645693946117374,
            "score": -0.21845814274456968
        },
        "val": {
            "rmse": 0.4417693914605647,
            "mae": 0.2806454598903656,
            "r2": 0.8503223023165216,
            "score": -0.4417693914605647
        },
        "test": {
            "rmse": 0.4428058311213283,
            "mae": 0.2867417335510254,
            "r2": 0.8496290083361453,
            "score": -0.4428058311213283
        }
    },
    "time": "0:02:00.545732",
    "chunk_size": null,
    "eval_batch_size": 32768,
    "heads": [
        24,
        21,
        3,
        17,
        26,
        2,
        28,
        1,
        9,
        7,
        3,
        29,
        2,
        17,
        27,
        18,
        30,
        13,
        26
    ],
    "head_selection_time": "0:00:00.420950"
}