{
    "function": "bin.ensemble.main",
    "config": {
        "seeds": [
            10,
            11,
            12,
            13,
            14
        ],
        "data": {
            "path": "data/churn"
        }
    },
    "single_model_function": "bin.reformer.main",
    "prediction_type": "probs",
    "metrics": {
        "train": {
            "0": {
                "precision": 0.8832796276405299,
                "recall": 0.9682103610675039,
                "f1-score": 0.9237970417524808,
                "support": 5096.0
            },
            "1": {
                "precision": 0.800982800982801,
                "recall": 0.5,
                "f1-score": 0.6156751652502361,
                "support": 1304.0
            },
            "accuracy": 0.8728125,
            "macro avg": {
                "precision": 0.8421312143116655,
                "recall": 0.734105180533752,
                "f1-score": 0.7697361035013585,
                "support": 6400.0
            },
            "weighted avg": {
                "precision": 0.8665116492090177,
                "recall": 0.8728125,
                "f1-score": 0.8610172094151486,
                "support": 6400.0
            },
            "cross-entropy": 0.31200095304672776,
            "roc-auc": 0.8881311638624303,
            "score": 0.8728125
        },
        "val": {
            "0": {
                "precision": 0.8761500353857041,
                "recall": 0.9717425431711146,
                "f1-score": 0.9214737625604763,
                "support": 1274.0
            },
            "1": {
                "precision": 0.8074866310160428,
                "recall": 0.46319018404907975,
                "f1-score": 0.5886939571150098,
                "support": 326.0
            },
            "accuracy": 0.868125,
            "macro avg": {
                "precision": 0.8418183332008735,
                "recall": 0.7174663636100972,
                "f1-score": 0.7550838598377431,
                "support": 1600.0
            },
            "weighted avg": {
                "precision": 0.8621598667453857,
                "recall": 0.868125,
                "f1-score": 0.8536698772009627,
                "support": 1600.0
            },
            "cross-entropy": 0.341888774296451,
            "roc-auc": 0.8592111219192727,
            "score": 0.868125
        },
        "test": {
            "0": {
                "precision": 0.872953133822699,
                "recall": 0.970495919648462,
                "f1-score": 0.9191438763376932,
                "support": 1593.0
            },
            "1": {
                "precision": 0.7947598253275109,
                "recall": 0.44717444717444715,
                "f1-score": 0.5723270440251572,
                "support": 407.0
            },
            "accuracy": 0.864,
            "macro avg": {
                "precision": 0.8338564795751049,
                "recall": 0.7088351834114546,
                "f1-score": 0.7457354601814252,
                "support": 2000.0
            },
            "weighted avg": {
                "precision": 0.8570407955439282,
                "recall": 0.864,
                "f1-score": 0.8485666509620922,
                "support": 2000.0
            },
            "cross-entropy": 0.3451456428523719,
            "roc-auc": 0.8559777034353306,
            "score": 0.864
        }
    }
}