{
    "function": "bin.model.main",
    "gpus": [
        "NVIDIA GeForce RTX 4090"
    ],
    "config": {
        "seed": 7,
        "batch_size": 256,
        "patience": 16,
        "n_epochs": -1,
        "gradient_clipping_norm": 1.0,
        "amp": true,
        "data": {
            "cache": true,
            "path": "data/classif-num-medium-0-credit",
            "num_policy": "noisy-quantile"
        },
        "optimizer": {
            "type": "AdamW",
            "lr": 4.307323487410594e-05,
            "weight_decay": 0.0
        },
        "model": {
            "arch_type": "tabrmv3",
            "sample_rate": 0.32946193734328166,
            "k": 4,
            "backbone": {
                "embed_type": "tabr",
                "ensemble_type": "moe-droppath",
                "context_shuffle": false,
                "context_size": 192,
                "encoder_n_blocks": 0,
                "num_experts": 8,
                "moe_ratio": 0.75,
                "n_blocks": 2,
                "d_block": 608,
                "dropout_expert": 0.0,
                "dropout": 0.0
            },
            "num_embeddings": {
                "type": "PeriodicEmbeddings",
                "n_frequencies": 56,
                "d_embedding": 32,
                "frequency_init_scale": 0.1585258666850901,
                "lite": false
            }
        }
    },
    "n_parameters": 9866872,
    "prediction_type": "probs",
    "epoch_size": 40,
    "best_step": 160,
    "metrics": {
        "train": {
            "0": {
                "precision": 0.7678435839028094,
                "recall": 0.8038553259141494,
                "f1-score": 0.7854368932038834,
                "support": 5032.0
            },
            "1": {
                "precision": 0.7914201183431953,
                "recall": 0.7538244766505636,
                "f1-score": 0.7721649484536082,
                "support": 4968.0
            },
            "accuracy": 0.779,
            "macro avg": {
                "precision": 0.7796318511230023,
                "recall": 0.7788399012823566,
                "f1-score": 0.7788009208287459,
                "support": 10000.0
            },
            "weighted avg": {
                "precision": 0.7795564062127931,
                "recall": 0.779,
                "f1-score": 0.7788433910519467,
                "support": 10000.0
            },
            "cross-entropy": 0.47460071155903344,
            "roc-auc": 0.8546540866313884,
            "score": 0.779
        },
        "val": {
            "0": {
                "precision": 0.7721153846153846,
                "recall": 0.8094758064516129,
                "f1-score": 0.7903543307086615,
                "support": 992.0
            },
            "1": {
                "precision": 0.8059548254620124,
                "recall": 0.7681017612524462,
                "f1-score": 0.7865731462925852,
                "support": 1022.0
            },
            "accuracy": 0.788480635551142,
            "macro avg": {
                "precision": 0.7890351050386986,
                "recall": 0.7887887838520296,
                "f1-score": 0.7884637385006233,
                "support": 2014.0
            },
            "weighted avg": {
                "precision": 0.7892871366239513,
                "recall": 0.788480635551142,
                "f1-score": 0.7884355767497588,
                "support": 2014.0
            },
            "cross-entropy": 0.46918309901838073,
            "roc-auc": 0.8589286700650213,
            "score": 0.788480635551142
        },
        "test": {
            "0": {
                "precision": 0.7527539779681762,
                "recall": 0.7908272610372911,
                "f1-score": 0.7713210702341137,
                "support": 2333.0
            },
            "1": {
                "precision": 0.7830146731880836,
                "recall": 0.743979721166033,
                "f1-score": 0.762998266897747,
                "support": 2367.0
            },
            "accuracy": 0.7672340425531915,
            "macro avg": {
                "precision": 0.7678843255781299,
                "recall": 0.7674034911016621,
                "f1-score": 0.7671596685659303,
                "support": 4700.0
            },
            "weighted avg": {
                "precision": 0.7679937791565848,
                "recall": 0.7672340425531915,
                "f1-score": 0.7671295648091817,
                "support": 4700.0
            },
            "cross-entropy": 0.48533271878757966,
            "roc-auc": 0.847709187497544,
            "score": 0.7672340425531915
        }
    },
    "time": "0:00:19.059141",
    "chunk_size": null,
    "eval_batch_size": 32768,
    "heads": [
        0
    ],
    "head_selection_time": "0:00:00.075786"
}