{
    "function": "bin.model.main",
    "gpus": [
        "NVIDIA GeForce RTX 4090"
    ],
    "config": {
        "seed": 5,
        "batch_size": 256,
        "patience": 16,
        "n_epochs": -1,
        "gradient_clipping_norm": 1.0,
        "amp": true,
        "data": {
            "cache": true,
            "path": "data/adult",
            "num_policy": "noisy-quantile",
            "cat_policy": "ordinal"
        },
        "optimizer": {
            "type": "AdamW",
            "lr": 0.0025216687039185774,
            "weight_decay": 0.0
        },
        "model": {
            "arch_type": "taba",
            "k": 32,
            "share_training_batches": false,
            "backbone": {
                "type": "MLP",
                "n_blocks": 4,
                "d_block": 432,
                "dropout": 0.1724318487499808
            },
            "num_embeddings": {
                "type": "PiecewiseLinearEmbeddingsV2",
                "d_embedding": 28
            }
        },
        "bins": {
            "n_bins": 90
        }
    },
    "n_parameters": 265048,
    "prediction_type": "probs",
    "epoch_size": 102,
    "best_step": 5304,
    "metrics": {
        "train": {
            "0": {
                "precision": 0.9156748911465893,
                "recall": 0.957117572692794,
                "f1-score": 0.9359376931635554,
                "support": 19775.0
            },
            "1": {
                "precision": 0.8423205652658982,
                "recall": 0.7221425155428025,
                "f1-score": 0.7776156553085574,
                "support": 6273.0
            },
            "accuracy": 0.9005297911547911,
            "macro avg": {
                "precision": 0.8789977282062438,
                "recall": 0.8396300441177982,
                "f1-score": 0.8567766742360563,
                "support": 26048.0
            },
            "weighted avg": {
                "precision": 0.8980093626511357,
                "recall": 0.9005297911547911,
                "f1-score": 0.8978098467467708,
                "support": 26048.0
            },
            "cross-entropy": 0.22381935995253457,
            "roc-auc": 0.9578163433155117,
            "score": 0.9005297911547911
        },
        "val": {
            "0": {
                "precision": 0.8934568616097278,
                "recall": 0.9360970677451972,
                "f1-score": 0.9142800711040885,
                "support": 4945.0
            },
            "1": {
                "precision": 0.7627627627627628,
                "recall": 0.6479591836734694,
                "f1-score": 0.7006896551724138,
                "support": 1568.0
            },
            "accuracy": 0.8667280822969445,
            "macro avg": {
                "precision": 0.8281098121862454,
                "recall": 0.7920281257093333,
                "f1-score": 0.8074848631382512,
                "support": 6513.0
            },
            "weighted avg": {
                "precision": 0.8619923526289138,
                "recall": 0.8667280822969445,
                "f1-score": 0.8628583342422942,
                "support": 6513.0
            },
            "cross-entropy": 0.308207357059985,
            "roc-auc": 0.9165788598047915,
            "score": 0.8667280822969445
        },
        "test": {
            "0": {
                "precision": 0.8920205821365487,
                "recall": 0.9340570969039003,
                "f1-score": 0.9125549968573224,
                "support": 12435.0
            },
            "1": {
                "precision": 0.7484662576687117,
                "recall": 0.6344253770150806,
                "f1-score": 0.6867435969603153,
                "support": 3846.0
            },
            "accuracy": 0.863276211534918,
            "macro avg": {
                "precision": 0.8202434199026302,
                "recall": 0.7842412369594904,
                "f1-score": 0.7996492969088189,
                "support": 16281.0
            },
            "weighted avg": {
                "precision": 0.8581092786599009,
                "recall": 0.863276211534918,
                "f1-score": 0.8592124107751474,
                "support": 16281.0
            },
            "cross-entropy": 0.31036587334732807,
            "roc-auc": 0.912860969605652,
            "score": 0.863276211534918
        }
    },
    "time": "0:01:09.506970",
    "chunk_size": null,
    "eval_batch_size": 32768,
    "heads": [
        15
    ],
    "head_selection_time": "0:00:00.396522"
}