{
    "function": "bin.model.main",
    "gpus": [
        "NVIDIA GeForce RTX 4090"
    ],
    "config": {
        "seed": 10,
        "batch_size": 256,
        "patience": 16,
        "n_epochs": -1,
        "gradient_clipping_norm": 1.0,
        "amp": true,
        "data": {
            "cache": true,
            "path": "data/regression-cat-medium-0-house_sales",
            "num_policy": "noisy-quantile"
        },
        "optimizer": {
            "type": "AdamW",
            "lr": 0.00018527142682131783,
            "weight_decay": 0.00038149463955134636
        },
        "model": {
            "arch_type": "tabrmv2",
            "sample_rate": 0.5572347966375351,
            "k": 32,
            "backbone": {
                "n_blocks": 2,
                "d_block": 320,
                "dropout": 0.0
            },
            "num_embeddings": {
                "type": "PiecewiseLinearEmbeddingsV2",
                "d_embedding": 28
            }
        },
        "bins": {
            "n_bins": 84
        }
    },
    "n_parameters": 1341012,
    "prediction_type": "labels",
    "epoch_size": 40,
    "best_step": 1080,
    "metrics": {
        "train": {
            "rmse": 0.17962120740625712,
            "mae": 0.1330816149711609,
            "r2": 0.8840804936234764,
            "score": -0.17962120740625712
        },
        "val": {
            "rmse": 0.1926387594687927,
            "mae": 0.13959187269210815,
            "r2": 0.8676705371586434,
            "score": -0.1926387594687927
        },
        "test": {
            "rmse": 0.1907906070885856,
            "mae": 0.14032308757305145,
            "r2": 0.8675736646256265,
            "score": -0.1907906070885856
        }
    },
    "time": "0:00:38.322729",
    "chunk_size": null,
    "eval_batch_size": 32768,
    "heads": [
        22,
        2,
        9,
        4,
        2,
        25,
        0,
        9,
        2
    ],
    "head_selection_time": "0:00:00.198733"
}