{
    "function": "bin.model.main",
    "gpus": [
        "NVIDIA GeForce RTX 4090"
    ],
    "config": {
        "seed": 7,
        "batch_size": 256,
        "patience": 16,
        "n_epochs": -1,
        "gradient_clipping_norm": 1.0,
        "amp": true,
        "data": {
            "cache": true,
            "path": "data/regression-num-medium-0-elevators",
            "num_policy": "noisy-quantile"
        },
        "optimizer": {
            "type": "AdamW",
            "lr": 0.00012186206656803897,
            "weight_decay": 0.0
        },
        "model": {
            "arch_type": "tabrmv2",
            "sample_rate": 0.45477182152537926,
            "k": 80,
            "backbone": {
                "n_blocks": 1,
                "d_block": 176,
                "dropout": 0.0
            },
            "num_embeddings": {
                "type": "PiecewiseLinearEmbeddingsV2",
                "d_embedding": 28
            }
        },
        "bins": {
            "n_bins": 2
        }
    },
    "n_parameters": 380000,
    "prediction_type": "labels",
    "epoch_size": 40,
    "best_step": 1840,
    "metrics": {
        "train": {
            "rmse": 0.002229978001994685,
            "mae": 0.0016190105816349387,
            "r2": 0.8874149682304178,
            "score": -0.002229978001994685
        },
        "val": {
            "rmse": 0.0023297703361881334,
            "mae": 0.0016730427742004395,
            "r2": 0.8806515290597963,
            "score": -0.0023297703361881334
        },
        "test": {
            "rmse": 0.002275980669973436,
            "mae": 0.0016533654415979981,
            "r2": 0.8897940906486285,
            "score": -0.002275980669973436
        }
    },
    "time": "0:00:40.448826",
    "chunk_size": null,
    "eval_batch_size": 32768,
    "heads": [
        62
    ],
    "head_selection_time": "0:00:00.065022"
}