{
    "function": "bin.qtab.main",
    "gpus": [
        "NVIDIA GeForce RTX 4090"
    ],
    "config": {
        "seed": 12,
        "batch_size": 512,
        "patience": 16,
        "n_epochs": -1,
        "amp": true,
        "data": {
            "cache": true,
            "path": "data/regression-num-medium-0-medical_charges",
            "num_policy": "noisy-quantile"
        },
        "optimizer": {
            "type": "AdamW",
            "lr": 0.000626712240628132,
            "weight_decay": 2.590814779604693e-05
        },
        "model": {
            "distance_metric": "l2",
            "encoder_n_blocks": 1,
            "temperature": 1,
            "momentum": 0.999,
            "queue_ratio": 64,
            "d_main": 256,
            "d_multiplier": 2.0,
            "mixer_normalization": "auto",
            "dropout0": 0.0,
            "dropout1": 0.0,
            "normalization": "LayerNorm",
            "activation": "ReLU",
            "num_embeddings": {
                "type": "PeriodicEmbeddings",
                "n_frequencies": 59,
                "frequency_init_scale": 0.03859469949121025,
                "d_embedding": 41,
                "lite": true
            }
        }
    },
    "n_parameters": 300224,
    "prediction_type": "labels",
    "epoch_size": 20,
    "best_step": 200,
    "metrics": {
        "train": {
            "rmse": 0.08048246229798713,
            "mae": 0.05329896882176399,
            "r2": 0.9793189741254523,
            "score": -0.08048246229798713
        },
        "val": {
            "rmse": 0.08320451318899133,
            "mae": 0.054098743945360184,
            "r2": 0.97843956066232,
            "score": -0.08320451318899133
        },
        "test": {
            "rmse": 0.08277637811759726,
            "mae": 0.05380050837993622,
            "r2": 0.9787120397029165,
            "score": -0.08277637811759726
        }
    },
    "time": "0:00:07.615997",
    "chunk_size": null,
    "eval_batch_size": 32768
}