{
    "function": "bin.model.main",
    "gpus": [
        "NVIDIA GeForce RTX 4090"
    ],
    "config": {
        "seed": 4,
        "batch_size": 64,
        "patience": 16,
        "n_epochs": -1,
        "gradient_clipping_norm": 1.0,
        "amp": true,
        "data": {
            "cache": true,
            "path": "data/classif-num-medium-0-kdd_ipums_la_97-small",
            "num_policy": "noisy-quantile"
        },
        "optimizer": {
            "type": "AdamW",
            "lr": 0.0014893637325503837,
            "weight_decay": 0.00017759342831784227
        },
        "model": {
            "arch_type": "tabm-mini",
            "k": 32,
            "share_training_batches": false,
            "backbone": {
                "type": "MLP",
                "n_blocks": 4,
                "d_block": 416,
                "dropout": 0.0
            },
            "num_embeddings": {
                "type": "PiecewiseLinearEmbeddingsV2",
                "d_embedding": 16
            }
        },
        "bins": {
            "n_bins": 20
        }
    },
    "n_parameters": 697600,
    "prediction_type": "probs",
    "epoch_size": 57,
    "best_step": 513,
    "metrics": {
        "train": {
            "0": {
                "precision": 0.9667085427135679,
                "recall": 0.840983606557377,
                "f1-score": 0.8994739918176505,
                "support": 1830.0
            },
            "1": {
                "precision": 0.8572829818538499,
                "recall": 0.9705719044975014,
                "f1-score": 0.9104166666666668,
                "support": 1801.0
            },
            "accuracy": 0.9052602588818507,
            "macro avg": {
                "precision": 0.9119957622837089,
                "recall": 0.9057777555274392,
                "f1-score": 0.9049453292421586,
                "support": 3631.0
            },
            "weighted avg": {
                "precision": 0.9124327412516147,
                "recall": 0.9052602588818507,
                "f1-score": 0.9049016308711009,
                "support": 3631.0
            },
            "cross-entropy": 0.23049117220700494,
            "roc-auc": 0.96058140134655,
            "score": 0.9052602588818507
        },
        "val": {
            "0": {
                "precision": 0.967741935483871,
                "recall": 0.8677685950413223,
                "f1-score": 0.9150326797385622,
                "support": 242.0
            },
            "1": {
                "precision": 0.872,
                "recall": 0.9688888888888889,
                "f1-score": 0.9178947368421053,
                "support": 225.0
            },
            "accuracy": 0.9164882226980728,
            "macro avg": {
                "precision": 0.9198709677419354,
                "recall": 0.9183287419651056,
                "f1-score": 0.9164637082903337,
                "support": 467.0
            },
            "weighted avg": {
                "precision": 0.9216135939766525,
                "recall": 0.9164882226980728,
                "f1-score": 0.9164116151738881,
                "support": 467.0
            },
            "cross-entropy": 0.24113519681607298,
            "roc-auc": 0.9582920110192837,
            "score": 0.9164882226980728
        },
        "test": {
            "0": {
                "precision": 0.9195652173913044,
                "recall": 0.8103448275862069,
                "f1-score": 0.8615071283095722,
                "support": 522.0
            },
            "1": {
                "precision": 0.8428571428571429,
                "recall": 0.9348591549295775,
                "f1-score": 0.8864774624373956,
                "support": 568.0
            },
            "accuracy": 0.8752293577981651,
            "macro avg": {
                "precision": 0.8812111801242236,
                "recall": 0.8726019912578922,
                "f1-score": 0.8739922953734839,
                "support": 1090.0
            },
            "weighted avg": {
                "precision": 0.8795925693771725,
                "recall": 0.8752293577981651,
                "f1-score": 0.8745191923321444,
                "support": 1090.0
            },
            "cross-entropy": 0.2766976315324597,
            "roc-auc": 0.9434798445847499,
            "score": 0.8752293577981651
        }
    },
    "time": "0:00:16.424123",
    "chunk_size": null,
    "eval_batch_size": 32768,
    "heads": [
        28,
        21,
        11,
        7
    ],
    "head_selection_time": "0:00:00.887554"
}