{
    "function": "bin.model.main",
    "gpus": [
        "NVIDIA GeForce RTX 4090"
    ],
    "config": {
        "seed": 2,
        "batch_size": 256,
        "patience": 16,
        "n_epochs": -1,
        "gradient_clipping_norm": 1.0,
        "amp": true,
        "data": {
            "cache": true,
            "path": "data/classif-num-medium-0-bank-marketing",
            "num_policy": "noisy-quantile"
        },
        "optimizer": {
            "type": "AdamW",
            "lr": 0.0012414834495026728,
            "weight_decay": 0.0012165005206204462
        },
        "model": {
            "arch_type": "tabm-mini",
            "k": 32,
            "share_training_batches": false,
            "backbone": {
                "type": "MLP",
                "n_blocks": 3,
                "d_block": 768,
                "dropout": 0.14768256895094872
            },
            "num_embeddings": {
                "type": "PiecewiseLinearEmbeddingsV2",
                "d_embedding": 28
            }
        },
        "bins": {
            "n_bins": 59
        }
    },
    "n_parameters": 1399728,
    "prediction_type": "probs",
    "epoch_size": 29,
    "best_step": 319,
    "metrics": {
        "train": {
            "0": {
                "precision": 0.8375778155065082,
                "recall": 0.7931404072883173,
                "f1-score": 0.8147536471235893,
                "support": 3732.0
            },
            "1": {
                "precision": 0.8005167958656331,
                "recall": 0.843681917211329,
                "f1-score": 0.8215327499337045,
                "support": 3672.0
            },
            "accuracy": 0.818206374932469,
            "macro avg": {
                "precision": 0.8190473056860706,
                "recall": 0.8184111622498231,
                "f1-score": 0.8181431985286469,
                "support": 7404.0
            },
            "weighted avg": {
                "precision": 0.8191974718920708,
                "recall": 0.818206374932469,
                "f1-score": 0.8181157305269852,
                "support": 7404.0
            },
            "cross-entropy": 0.3984747436042416,
            "roc-auc": 0.9002800588795719,
            "score": 0.818206374932469
        },
        "val": {
            "0": {
                "precision": 0.850356294536817,
                "recall": 0.7850877192982456,
                "f1-score": 0.8164196123147093,
                "support": 456.0
            },
            "1": {
                "precision": 0.815442561205273,
                "recall": 0.8729838709677419,
                "f1-score": 0.8432327166504381,
                "support": 496.0
            },
            "accuracy": 0.8308823529411765,
            "macro avg": {
                "precision": 0.8328994278710451,
                "recall": 0.8290357951329937,
                "f1-score": 0.8298261644825737,
                "support": 952.0
            },
            "weighted avg": {
                "precision": 0.8321659460783655,
                "recall": 0.8308823529411765,
                "f1-score": 0.8303894649938285,
                "support": 952.0
            },
            "cross-entropy": 0.41743122613587236,
            "roc-auc": 0.8900657010469724,
            "score": 0.8308823529411765
        },
        "test": {
            "0": {
                "precision": 0.8024574669187146,
                "recall": 0.771117166212534,
                "f1-score": 0.7864752200092635,
                "support": 1101.0
            },
            "1": {
                "precision": 0.7835051546391752,
                "recall": 0.8135593220338984,
                "f1-score": 0.7982494529540483,
                "support": 1121.0
            },
            "accuracy": 0.7925292529252925,
            "macro avg": {
                "precision": 0.792981310778945,
                "recall": 0.7923382441232162,
                "f1-score": 0.7923623364816559,
                "support": 2222.0
            },
            "weighted avg": {
                "precision": 0.7928960168442934,
                "recall": 0.7925292529252925,
                "f1-score": 0.7924153258288421,
                "support": 2222.0
            },
            "cross-entropy": 0.43824722196346705,
            "roc-auc": 0.8790962072432732,
            "score": 0.7925292529252925
        }
    },
    "time": "0:00:03.422646",
    "chunk_size": null,
    "eval_batch_size": 32768,
    "heads": [
        4
    ],
    "head_selection_time": "0:00:00.388837"
}