{
    "function": "bin.ensemble.main",
    "config": {
        "seeds": [
            10,
            11,
            12,
            13,
            14
        ],
        "data": {
            "path": "data/regression-cat-medium-0-OnlineNewsPopularity"
        }
    },
    "single_model_function": "bin.reformer.main",
    "prediction_type": "labels",
    "metrics": {
        "train": {
            "rmse": 0.8060974435117175,
            "mae": 0.5923829674720764,
            "r2": 0.24945288830900603,
            "score": -0.8060974435117175
        },
        "val": {
            "rmse": 0.8438480461516139,
            "mae": 0.6223812699317932,
            "r2": 0.15551062227898527,
            "score": -0.8438480461516139
        },
        "test": {
            "rmse": 0.8609012575361682,
            "mae": 0.6300541758537292,
            "r2": 0.15061735861316083,
            "score": -0.8609012575361682
        }
    }
}