{
    "function": "bin.model.main",
    "gpus": [
        "NVIDIA GeForce RTX 4090"
    ],
    "config": {
        "seed": 1,
        "batch_size": 256,
        "patience": 16,
        "n_epochs": -1,
        "gradient_clipping_norm": 1.0,
        "amp": true,
        "data": {
            "cache": true,
            "path": "data/classif-num-medium-0-bank-marketing",
            "num_policy": "noisy-quantile"
        },
        "optimizer": {
            "type": "AdamW",
            "lr": 0.00037397593095279383,
            "weight_decay": 0.0019282665942802412
        },
        "model": {
            "arch_type": "taba-moe",
            "k": 32,
            "share_training_batches": false,
            "backbone": {
                "type": "MLP",
                "n_blocks": 4,
                "d_block": 208,
                "dropout": 0.42050689077530534
            },
            "num_embeddings": {
                "type": "PiecewiseLinearEmbeddingsV2",
                "d_embedding": 8
            }
        },
        "bins": {
            "n_bins": 66
        }
    },
    "n_parameters": 246888,
    "prediction_type": "probs",
    "epoch_size": 29,
    "best_step": 551,
    "metrics": {
        "train": {
            "0": {
                "precision": 0.8452980132450331,
                "recall": 0.855037513397642,
                "f1-score": 0.8501398694551751,
                "support": 3732.0
            },
            "1": {
                "precision": 0.8509231193166161,
                "recall": 0.840958605664488,
                "f1-score": 0.8459115189700042,
                "support": 3672.0
            },
            "accuracy": 0.8480551053484603,
            "macro avg": {
                "precision": 0.8481105662808246,
                "recall": 0.847998059531065,
                "f1-score": 0.8480256942125897,
                "support": 7404.0
            },
            "weighted avg": {
                "precision": 0.8480877741168392,
                "recall": 0.8480551053484603,
                "f1-score": 0.8480428269130968,
                "support": 7404.0
            },
            "cross-entropy": 0.3525580787601169,
            "roc-auc": 0.9234265651598259,
            "score": 0.8480551053484603
        },
        "val": {
            "0": {
                "precision": 0.8140043763676149,
                "recall": 0.8157894736842105,
                "f1-score": 0.814895947426068,
                "support": 456.0
            },
            "1": {
                "precision": 0.8303030303030303,
                "recall": 0.8286290322580645,
                "f1-score": 0.829465186680121,
                "support": 496.0
            },
            "accuracy": 0.8224789915966386,
            "macro avg": {
                "precision": 0.8221537033353226,
                "recall": 0.8222092529711376,
                "f1-score": 0.8221805670530945,
                "support": 952.0
            },
            "weighted avg": {
                "precision": 0.8224961120314447,
                "recall": 0.8224789915966386,
                "f1-score": 0.8224866435080115,
                "support": 952.0
            },
            "cross-entropy": 0.42788526858871834,
            "roc-auc": 0.8872913129598189,
            "score": 0.8224789915966386
        },
        "test": {
            "0": {
                "precision": 0.7788378143972247,
                "recall": 0.815622161671208,
                "f1-score": 0.7968056787932564,
                "support": 1101.0
            },
            "1": {
                "precision": 0.8101028999064547,
                "recall": 0.7725245316681534,
                "f1-score": 0.7908675799086758,
                "support": 1121.0
            },
            "accuracy": 0.7938793879387939,
            "macro avg": {
                "precision": 0.7944703571518397,
                "recall": 0.7940733466696808,
                "f1-score": 0.7938366293509661,
                "support": 2222.0
            },
            "weighted avg": {
                "precision": 0.7946110641073266,
                "recall": 0.7938793879387939,
                "f1-score": 0.7938099052335738,
                "support": 2222.0
            },
            "cross-entropy": 0.44935679336183953,
            "roc-auc": 0.8797176518629969,
            "score": 0.7938793879387939
        }
    },
    "time": "0:00:18.458736",
    "chunk_size": null,
    "eval_batch_size": 32768
}