{
    "function": "bin.model.main",
    "gpus": [
        "NVIDIA GeForce RTX 4090"
    ],
    "config": {
        "seed": 0,
        "batch_size": 256,
        "patience": 16,
        "n_epochs": -1,
        "gradient_clipping_norm": 1.0,
        "amp": true,
        "data": {
            "cache": true,
            "path": "data/regression-num-medium-0-Ailerons",
            "num_policy": "noisy-quantile"
        },
        "optimizer": {
            "type": "AdamW",
            "lr": 3.6746865059999846e-05,
            "weight_decay": 0.047038294711330565
        },
        "model": {
            "arch_type": "tabrmv2-mini",
            "sample_rate": 0.5803255594944146,
            "k": 32,
            "backbone": {
                "n_blocks": 4,
                "d_block": 192,
                "dropout": 0.0
            },
            "num_embeddings": {
                "type": "PeriodicEmbeddings",
                "n_frequencies": 48,
                "d_embedding": 32,
                "frequency_init_scale": 0.010714257567332401,
                "lite": false
            }
        }
    },
    "n_parameters": 997808,
    "prediction_type": "labels",
    "epoch_size": 38,
    "best_step": 3382,
    "metrics": {
        "train": {
            "rmse": 0.00016017329630021142,
            "mae": 0.00011765351518988609,
            "r2": 0.8492622440970875,
            "score": -0.00016017329630021142
        },
        "val": {
            "rmse": 0.00015348059459189775,
            "mae": 0.00011503821588121355,
            "r2": 0.8406944370960083,
            "score": -0.00015348059459189775
        },
        "test": {
            "rmse": 0.00016054416744821834,
            "mae": 0.00011830719449790195,
            "r2": 0.839875109749928,
            "score": -0.00016054416744821834
        }
    },
    "time": "0:01:14.473013",
    "chunk_size": null,
    "eval_batch_size": 32768,
    "heads": [
        6
    ],
    "head_selection_time": "0:00:00.031401"
}