{
    "function": "bin.model.main",
    "gpus": [
        "NVIDIA GeForce RTX 4090"
    ],
    "config": {
        "seed": 3,
        "batch_size": 256,
        "patience": 16,
        "n_epochs": -1,
        "gradient_clipping_norm": 1.0,
        "amp": true,
        "data": {
            "cache": true,
            "path": "data/classif-num-medium-0-bank-marketing",
            "num_policy": "noisy-quantile"
        },
        "optimizer": {
            "type": "AdamW",
            "lr": 0.0022626747015088884,
            "weight_decay": 0.09470964232019378
        },
        "model": {
            "arch_type": "taba",
            "k": 32,
            "share_training_batches": false,
            "backbone": {
                "type": "MLP",
                "n_blocks": 10,
                "d_block": 448,
                "dropout": 0.1299148981992097
            },
            "num_embeddings": {
                "type": "PiecewiseLinearEmbeddingsV2",
                "d_embedding": 16
            }
        },
        "bins": {
            "n_bins": 48
        }
    },
    "n_parameters": 360368,
    "prediction_type": "probs",
    "epoch_size": 29,
    "best_step": 696,
    "metrics": {
        "train": {
            "0": {
                "precision": 0.8271468144044322,
                "recall": 0.80010718113612,
                "f1-score": 0.8134023426859165,
                "support": 3732.0
            },
            "1": {
                "precision": 0.8033737480231945,
                "recall": 0.8300653594771242,
                "f1-score": 0.8165014733458344,
                "support": 3672.0
            },
            "accuracy": 0.8149648838465694,
            "macro avg": {
                "precision": 0.8152602812138133,
                "recall": 0.8150862703066222,
                "f1-score": 0.8149519080158755,
                "support": 7404.0
            },
            "weighted avg": {
                "precision": 0.8153566064422625,
                "recall": 0.8149648838465694,
                "f1-score": 0.8149393507603653,
                "support": 7404.0
            },
            "cross-entropy": 0.42560080566573666,
            "roc-auc": 0.8975726552083259,
            "score": 0.8149648838465694
        },
        "val": {
            "0": {
                "precision": 0.8481308411214953,
                "recall": 0.7960526315789473,
                "f1-score": 0.8212669683257917,
                "support": 456.0
            },
            "1": {
                "precision": 0.8225190839694656,
                "recall": 0.8689516129032258,
                "f1-score": 0.8450980392156863,
                "support": 496.0
            },
            "accuracy": 0.8340336134453782,
            "macro avg": {
                "precision": 0.8353249625454804,
                "recall": 0.8325021222410866,
                "f1-score": 0.833182503770739,
                "support": 952.0
            },
            "weighted avg": {
                "precision": 0.8347869004204378,
                "recall": 0.8340336134453782,
                "f1-score": 0.8336831565205267,
                "support": 952.0
            },
            "cross-entropy": 0.4313225625175411,
            "roc-auc": 0.8932689586870401,
            "score": 0.8340336134453782
        },
        "test": {
            "0": {
                "precision": 0.8068391866913124,
                "recall": 0.7929155313351499,
                "f1-score": 0.799816765918461,
                "support": 1101.0
            },
            "1": {
                "precision": 0.8,
                "recall": 0.8135593220338984,
                "f1-score": 0.8067226890756303,
                "support": 1121.0
            },
            "accuracy": 0.8033303330333034,
            "macro avg": {
                "precision": 0.8034195933456563,
                "recall": 0.8032374266845241,
                "f1-score": 0.8032697274970456,
                "support": 2222.0
            },
            "weighted avg": {
                "precision": 0.8033888139276035,
                "recall": 0.8033303330333034,
                "f1-score": 0.803300807259229,
                "support": 2222.0
            },
            "cross-entropy": 0.4455616606598687,
            "roc-auc": 0.8818728574542161,
            "score": 0.8033303330333034
        }
    },
    "time": "0:00:14.491333",
    "chunk_size": null,
    "eval_batch_size": 32768
}