{
    "function": "bin.model.main",
    "gpus": [
        "NVIDIA GeForce RTX 4090"
    ],
    "config": {
        "seed": 7,
        "batch_size": 256,
        "patience": 16,
        "n_epochs": -1,
        "gradient_clipping_norm": 1.0,
        "amp": true,
        "data": {
            "cache": true,
            "path": "data/classif-num-medium-0-bank-marketing",
            "num_policy": "noisy-quantile"
        },
        "optimizer": {
            "type": "AdamW",
            "lr": 0.0003879791314675207,
            "weight_decay": 0.00014555058825551698
        },
        "model": {
            "arch_type": "tabrmv2",
            "sample_rate": 0.15999808869302,
            "k": 32,
            "backbone": {
                "n_blocks": 4,
                "d_block": 160,
                "dropout": 0.3522072009617664
            },
            "num_embeddings": {
                "type": "PiecewiseLinearEmbeddingsV2",
                "d_embedding": 8
            }
        },
        "bins": {
            "n_bins": 22
        }
    },
    "n_parameters": 615592,
    "prediction_type": "probs",
    "epoch_size": 29,
    "best_step": 1015,
    "metrics": {
        "train": {
            "0": {
                "precision": 0.8459827634139561,
                "recall": 0.8153804930332261,
                "f1-score": 0.8303997816891799,
                "support": 3732.0
            },
            "1": {
                "precision": 0.8190175991594432,
                "recall": 0.849128540305011,
                "f1-score": 0.8338013103356064,
                "support": 3672.0
            },
            "accuracy": 0.832117774176121,
            "macro avg": {
                "precision": 0.8325001812866997,
                "recall": 0.8322545166691185,
                "f1-score": 0.8321005460123931,
                "support": 7404.0
            },
            "weighted avg": {
                "precision": 0.8326094404611506,
                "recall": 0.832117774176121,
                "f1-score": 0.8320867634814109,
                "support": 7404.0
            },
            "cross-entropy": 0.37282376573732384,
            "roc-auc": 0.9132704811709129,
            "score": 0.832117774176121
        },
        "val": {
            "0": {
                "precision": 0.841726618705036,
                "recall": 0.7697368421052632,
                "f1-score": 0.8041237113402062,
                "support": 456.0
            },
            "1": {
                "precision": 0.8037383177570093,
                "recall": 0.8669354838709677,
                "f1-score": 0.8341416100872939,
                "support": 496.0
            },
            "accuracy": 0.8203781512605042,
            "macro avg": {
                "precision": 0.8227324682310226,
                "recall": 0.8183361629881154,
                "f1-score": 0.8191326607137501,
                "support": 952.0
            },
            "weighted avg": {
                "precision": 0.8219343946816943,
                "recall": 0.8203781512605042,
                "f1-score": 0.819763288838689,
                "support": 952.0
            },
            "cross-entropy": 0.4258593890514943,
            "roc-auc": 0.8866457979626486,
            "score": 0.8203781512605042
        },
        "test": {
            "0": {
                "precision": 0.8005591798695247,
                "recall": 0.7801998183469573,
                "f1-score": 0.7902483900643974,
                "support": 1101.0
            },
            "1": {
                "precision": 0.7893820713664056,
                "recall": 0.8090990187332738,
                "f1-score": 0.7991189427312777,
                "support": 1121.0
            },
            "accuracy": 0.7947794779477948,
            "macro avg": {
                "precision": 0.7949706256179652,
                "recall": 0.7946494185401156,
                "f1-score": 0.7946836663978376,
                "support": 2222.0
            },
            "weighted avg": {
                "precision": 0.7949203235994992,
                "recall": 0.7947794779477948,
                "f1-score": 0.7947235878769864,
                "support": 2222.0
            },
            "cross-entropy": 0.4470436054868884,
            "roc-auc": 0.8782527602431007,
            "score": 0.7947794779477948
        }
    },
    "time": "0:00:31.925209",
    "chunk_size": null,
    "eval_batch_size": 32768
}