{
    "function": "bin.model.main",
    "gpus": [
        "NVIDIA GeForce RTX 4090"
    ],
    "config": {
        "seed": 6,
        "batch_size": 512,
        "patience": 16,
        "n_epochs": -1,
        "gradient_clipping_norm": 1.0,
        "amp": true,
        "data": {
            "cache": true,
            "path": "data/regression-num-large-0-year",
            "num_policy": "noisy-quantile"
        },
        "optimizer": {
            "type": "AdamW",
            "lr": 0.00269425503874533,
            "weight_decay": 0.0
        },
        "model": {
            "arch_type": "tabm-mini",
            "k": 32,
            "share_training_batches": false,
            "backbone": {
                "type": "MLP",
                "n_blocks": 4,
                "d_block": 512,
                "dropout": 0.4990971496493867
            },
            "num_embeddings": {
                "type": "PiecewiseLinearEmbeddingsV2",
                "d_embedding": 8
            }
        },
        "bins": {
            "n_bins": 2
        }
    },
    "n_parameters": 1198736,
    "prediction_type": "labels",
    "epoch_size": 98,
    "best_step": 1470,
    "metrics": {
        "train": {
            "rmse": 8.594539647669972,
            "mae": 5.977245807647705,
            "r2": 0.38854332011692516,
            "score": -8.594539647669972
        },
        "val": {
            "rmse": 8.88340039350189,
            "mae": 6.170705795288086,
            "r2": 0.31637362398791036,
            "score": -8.88340039350189
        },
        "test": {
            "rmse": 9.000589987172368,
            "mae": 6.200008869171143,
            "r2": 0.3178614525755752,
            "score": -9.000589987172368
        }
    },
    "time": "0:00:27.467830",
    "chunk_size": null,
    "eval_batch_size": 32768,
    "heads": [
        21
    ],
    "head_selection_time": "0:00:00.043807"
}