{
    "function": "bin.qtab.main",
    "gpus": [
        "NVIDIA GeForce RTX 4090"
    ],
    "config": {
        "seed": 1,
        "batch_size": 1024,
        "patience": 16,
        "n_epochs": -1,
        "amp": true,
        "data": {
            "cache": true,
            "path": "data/ecom-offers",
            "num_policy": "noisy-quantile"
        },
        "optimizer": {
            "type": "AdamW",
            "lr": 0.00031153463513382485,
            "weight_decay": 3.7915098265376816e-06
        },
        "model": {
            "encoder_n_blocks": 1,
            "temperature": 0.01,
            "momentum": 0.999,
            "queue_ratio": 64,
            "d_main": 128,
            "d_multiplier": 2.0,
            "mixer_normalization": "auto",
            "dropout0": 0.0,
            "dropout1": 0.0,
            "normalization": "LayerNorm",
            "activation": "ReLU",
            "num_embeddings": {
                "type": "PeriodicEmbeddings",
                "n_frequencies": 83,
                "frequency_init_scale": 0.010441957103804479,
                "d_embedding": 49,
                "lite": true
            }
        }
    },
    "n_parameters": 736943,
    "prediction_type": "probs",
    "epoch_size": 107,
    "best_step": 107,
    "metrics": {
        "train": {
            "0": {
                "precision": 0.7782134350157327,
                "recall": 0.9431212060014968,
                "f1-score": 0.8527680508711251,
                "support": 84179.0
            },
            "1": {
                "precision": 0.3462588749317313,
                "recall": 0.1007869008822828,
                "f1-score": 0.1561287939420058,
                "support": 25162.0
            },
            "accuracy": 0.7492797761132604,
            "macro avg": {
                "precision": 0.562236154973732,
                "recall": 0.5219540534418898,
                "f1-score": 0.5044484224065654,
                "support": 109341.0
            },
            "weighted avg": {
                "precision": 0.678810277546589,
                "recall": 0.7492797761132604,
                "f1-score": 0.6924545638639593,
                "support": 109341.0
            },
            "cross-entropy": 3.8606660250062133,
            "roc-auc": 0.5071371502140937,
            "score": 0.5071371502140937
        },
        "val": {
            "0": {
                "precision": 0.7045937898766482,
                "recall": 0.853976027838639,
                "f1-score": 0.7721260851832429,
                "support": 15518.0
            },
            "1": {
                "precision": 0.5844489271960389,
                "recall": 0.36452018757863436,
                "f1-score": 0.4489997182304875,
                "support": 8743.0
            },
            "accuracy": 0.6775895470096039,
            "macro avg": {
                "precision": 0.6445213585363436,
                "recall": 0.6092481077086367,
                "f1-score": 0.6105629017068652,
                "support": 24261.0
            },
            "weighted avg": {
                "precision": 0.6612968715955977,
                "recall": 0.6775895470096039,
                "f1-score": 0.6556801915157131,
                "support": 24261.0
            },
            "cross-entropy": 4.928588744997259,
            "roc-auc": 0.6141636340390781,
            "score": 0.6141636340390781
        },
        "test": {
            "0": {
                "precision": 0.678913313242333,
                "recall": 0.9052712445337431,
                "f1-score": 0.7759205794458796,
                "support": 16922.0
            },
            "1": {
                "precision": 0.588023644307376,
                "recall": 0.24000839190181475,
                "f1-score": 0.3408820023837902,
                "support": 9533.0
            },
            "accuracy": 0.6655452655452655,
            "macro avg": {
                "precision": 0.6334684787748545,
                "recall": 0.5726398182177789,
                "f1-score": 0.5584012909148348,
                "support": 26455.0
            },
            "weighted avg": {
                "precision": 0.6461614246028717,
                "recall": 0.6655452655452655,
                "f1-score": 0.6191554025366791,
                "support": 26455.0
            },
            "cross-entropy": 5.074230325057624,
            "roc-auc": 0.579695906504236,
            "score": 0.579695906504236
        }
    },
    "time": "0:00:36.806370",
    "chunk_size": null,
    "eval_batch_size": 8192
}