{
    "function": "bin.model.main",
    "gpus": [
        "NVIDIA GeForce RTX 4090"
    ],
    "config": {
        "seed": 14,
        "batch_size": 256,
        "patience": 16,
        "n_epochs": -1,
        "gradient_clipping_norm": 1.0,
        "amp": true,
        "data": {
            "cache": true,
            "path": "data/classif-num-medium-0-bank-marketing",
            "num_policy": "noisy-quantile"
        },
        "optimizer": {
            "type": "AdamW",
            "lr": 0.0012414834495026728,
            "weight_decay": 0.0012165005206204462
        },
        "model": {
            "arch_type": "tabm-mini",
            "k": 32,
            "share_training_batches": false,
            "backbone": {
                "type": "MLP",
                "n_blocks": 3,
                "d_block": 768,
                "dropout": 0.14768256895094872
            },
            "num_embeddings": {
                "type": "PiecewiseLinearEmbeddingsV2",
                "d_embedding": 28
            }
        },
        "bins": {
            "n_bins": 59
        }
    },
    "n_parameters": 1399728,
    "prediction_type": "probs",
    "epoch_size": 29,
    "best_step": 174,
    "metrics": {
        "train": {
            "0": {
                "precision": 0.8061812467260345,
                "recall": 0.8247588424437299,
                "f1-score": 0.815364238410596,
                "support": 3732.0
            },
            "1": {
                "precision": 0.8176240936977134,
                "recall": 0.7984749455337691,
                "f1-score": 0.8079360705428493,
                "support": 3672.0
            },
            "accuracy": 0.81172339276067,
            "macro avg": {
                "precision": 0.8119026702118739,
                "recall": 0.8116168939887495,
                "f1-score": 0.8116501544767227,
                "support": 7404.0
            },
            "weighted avg": {
                "precision": 0.811856305353804,
                "recall": 0.81172339276067,
                "f1-score": 0.8116802524016326,
                "support": 7404.0
            },
            "cross-entropy": 0.41079808382304234,
            "roc-auc": 0.8945826678295471,
            "score": 0.81172339276067
        },
        "val": {
            "0": {
                "precision": 0.8241758241758241,
                "recall": 0.8223684210526315,
                "f1-score": 0.823271130625686,
                "support": 456.0
            },
            "1": {
                "precision": 0.8370221327967807,
                "recall": 0.8387096774193549,
                "f1-score": 0.837865055387714,
                "support": 496.0
            },
            "accuracy": 0.8308823529411765,
            "macro avg": {
                "precision": 0.8305989784863024,
                "recall": 0.8305390492359932,
                "f1-score": 0.8305680930067001,
                "support": 952.0
            },
            "weighted avg": {
                "precision": 0.8308688589195158,
                "recall": 0.8308823529411765,
                "f1-score": 0.830874688064726,
                "support": 952.0
            },
            "cross-entropy": 0.41102410620290136,
            "roc-auc": 0.8935872948500283,
            "score": 0.8308823529411765
        },
        "test": {
            "0": {
                "precision": 0.7789291882556131,
                "recall": 0.8192552225249773,
                "f1-score": 0.7985834440017707,
                "support": 1101.0
            },
            "1": {
                "precision": 0.8129699248120301,
                "recall": 0.7716324710080286,
                "f1-score": 0.7917620137299771,
                "support": 1121.0
            },
            "accuracy": 0.7952295229522952,
            "macro avg": {
                "precision": 0.7959495565338216,
                "recall": 0.7954438467665029,
                "f1-score": 0.7951727288658739,
                "support": 2222.0
            },
            "weighted avg": {
                "precision": 0.796102755168189,
                "recall": 0.7952295229522952,
                "f1-score": 0.7951420293597002,
                "support": 2222.0
            },
            "cross-entropy": 0.435678559578482,
            "roc-auc": 0.8816565266674282,
            "score": 0.7952295229522952
        }
    },
    "time": "0:00:07.066849",
    "chunk_size": null,
    "eval_batch_size": 32768,
    "heads": [
        24
    ],
    "head_selection_time": "0:00:00.186100"
}