{
    "function": "bin.model.main",
    "gpus": [
        "NVIDIA GeForce RTX 4090"
    ],
    "config": {
        "seed": 0,
        "batch_size": 256,
        "patience": 16,
        "n_epochs": -1,
        "amp": true,
        "data": {
            "cache": true,
            "path": "data/adult",
            "num_policy": "noisy-quantile",
            "cat_policy": "ordinal"
        },
        "optimizer": {
            "type": "AdamW",
            "lr": 0.00032018869009894105,
            "weight_decay": 0.0
        },
        "model": {
            "arch_type": "tabr-pln",
            "k": 32,
            "context_size": 96,
            "d_main": 261,
            "context_dropout": 0.5377003775025173,
            "d_multiplier": 2.0,
            "encoder_n_blocks": 1,
            "predictor_n_blocks": 1,
            "mixer_normalization": "auto",
            "dropout0": 0.0,
            "dropout1": 0.0,
            "normalization": "LayerNorm",
            "activation": "ReLU",
            "num_embeddings": {
                "type": "PeriodicEmbeddings",
                "n_frequencies": 81,
                "frequency_init_scale": 35.32996943687034,
                "d_embedding": 26,
                "lite": true
            }
        }
    },
    "n_parameters": 979039,
    "prediction_type": "probs",
    "epoch_size": 102,
    "best_step": 612,
    "metrics": {
        "train": {
            "0": {
                "precision": 0.9038368842186446,
                "recall": 0.9482174462705436,
                "f1-score": 0.9254954221267984,
                "support": 19775.0
            },
            "1": {
                "precision": 0.8068653338362882,
                "recall": 0.6819703491152559,
                "f1-score": 0.7391792656587474,
                "support": 6273.0
            },
            "accuracy": 0.8840985872235873,
            "macro avg": {
                "precision": 0.8553511090274664,
                "recall": 0.8150938976928997,
                "f1-score": 0.8323373438927728,
                "support": 26048.0
            },
            "weighted avg": {
                "precision": 0.8804837463367143,
                "recall": 0.8840985872235873,
                "f1-score": 0.8806259024122681,
                "support": 26048.0
            },
            "cross-entropy": 0.2522688415266033,
            "roc-auc": 0.9417471704128806,
            "score": 0.8840985872235873
        },
        "val": {
            "0": {
                "precision": 0.8948378430243715,
                "recall": 0.9429726996966633,
                "f1-score": 0.918274911382434,
                "support": 4945.0
            },
            "1": {
                "precision": 0.783410138248848,
                "recall": 0.6505102040816326,
                "f1-score": 0.7108013937282232,
                "support": 1568.0
            },
            "accuracy": 0.8725625671733456,
            "macro avg": {
                "precision": 0.8391239906366097,
                "recall": 0.796741451889148,
                "f1-score": 0.8145381525553286,
                "support": 6513.0
            },
            "weighted avg": {
                "precision": 0.8680117043650714,
                "recall": 0.8725625671733456,
                "f1-score": 0.8683258133198204,
                "support": 6513.0
            },
            "cross-entropy": 0.285569789954524,
            "roc-auc": 0.9258879562947523,
            "score": 0.8725625671733456
        },
        "test": {
            "0": {
                "precision": 0.8955635583480193,
                "recall": 0.9399276236429434,
                "f1-score": 0.9172094483245704,
                "support": 12435.0
            },
            "1": {
                "precision": 0.7687306501547988,
                "recall": 0.6456058242329693,
                "f1-score": 0.7018089315997738,
                "support": 3846.0
            },
            "accuracy": 0.8704010810146797,
            "macro avg": {
                "precision": 0.832147104251409,
                "recall": 0.7927667239379563,
                "f1-score": 0.809509189962172,
                "support": 16281.0
            },
            "weighted avg": {
                "precision": 0.8656022927678261,
                "recall": 0.8704010810146797,
                "f1-score": 0.8663261864043218,
                "support": 16281.0
            },
            "cross-entropy": 0.28777699758670927,
            "roc-auc": 0.9229120391192811,
            "score": 0.8704010810146797
        }
    },
    "time": "0:00:45.204077",
    "chunk_size": null,
    "eval_batch_size": 32768
}