{
    "function": "bin.reformer.main",
    "gpus": [
        "NVIDIA GeForce RTX 4090"
    ],
    "config": {
        "seed": 8,
        "batch_size": 256,
        "patience": 16,
        "n_epochs": -1,
        "amp": true,
        "data": {
            "cache": true,
            "path": "data/regression-cat-medium-0-OnlineNewsPopularity",
            "num_policy": "noisy-quantile"
        },
        "optimizer": {
            "type": "AdamW",
            "lr": 3.2200649363810096e-05,
            "weight_decay": 3.3128257232507392e-06
        },
        "model": {
            "predictor_n_blocks": 3,
            "k": 32,
            "context_size": 32,
            "encoder_n_blocks": 1,
            "predictor_type": "mha",
            "use_adapter": true,
            "num_heads": 4,
            "momentum": 0.999,
            "use_aux_loss": false,
            "multi_output_head": false,
            "queue_ratio": 64,
            "arch_type": "retransformer",
            "d_main": 128,
            "d_multiplier": 2.0,
            "mixer_normalization": "auto",
            "dropout0": 0.09654863019323506,
            "dropout1": 0.0,
            "normalization": "LayerNorm",
            "activation": "ReLU",
            "num_embeddings": {
                "type": "PeriodicEmbeddings",
                "n_frequencies": 36,
                "frequency_init_scale": 0.04077037108410707,
                "d_embedding": 57,
                "lite": true
            }
        }
    },
    "n_parameters": 805270,
    "prediction_type": "labels",
    "epoch_size": 40,
    "best_step": 1320,
    "metrics": {
        "train": {
            "rmse": 0.820199686194906,
            "mae": 0.6058481931686401,
            "r2": 0.22296231269292244,
            "score": -0.820199686194906
        },
        "val": {
            "rmse": 0.8485360919017816,
            "mae": 0.6293613314628601,
            "r2": 0.14610133626200006,
            "score": -0.8485360919017816
        },
        "test": {
            "rmse": 0.8648017163214647,
            "mae": 0.6364084482192993,
            "r2": 0.14290342008417767,
            "score": -0.8648017163214647
        }
    },
    "time": "0:01:02.779828",
    "chunk_size": null,
    "eval_batch_size": 32768
}