{
    "function": "bin.model.main",
    "gpus": [
        "NVIDIA GeForce RTX 4090"
    ],
    "config": {
        "seed": 5,
        "batch_size": 256,
        "patience": 16,
        "n_epochs": -1,
        "amp": true,
        "data": {
            "cache": true,
            "path": "data/adult",
            "num_policy": "noisy-quantile",
            "cat_policy": "ordinal"
        },
        "optimizer": {
            "type": "AdamW",
            "lr": 0.00032018869009894105,
            "weight_decay": 0.0
        },
        "model": {
            "arch_type": "tabr-pln",
            "k": 32,
            "context_size": 96,
            "d_main": 261,
            "context_dropout": 0.5377003775025173,
            "d_multiplier": 2.0,
            "encoder_n_blocks": 1,
            "predictor_n_blocks": 1,
            "mixer_normalization": "auto",
            "dropout0": 0.0,
            "dropout1": 0.0,
            "normalization": "LayerNorm",
            "activation": "ReLU",
            "num_embeddings": {
                "type": "PeriodicEmbeddings",
                "n_frequencies": 81,
                "frequency_init_scale": 35.32996943687034,
                "d_embedding": 26,
                "lite": true
            }
        }
    },
    "n_parameters": 979039,
    "prediction_type": "probs",
    "epoch_size": 102,
    "best_step": 408,
    "metrics": {
        "train": {
            "0": {
                "precision": 0.8924893717524799,
                "recall": 0.955448798988622,
                "f1-score": 0.9228965685675907,
                "support": 19775.0
            },
            "1": {
                "precision": 0.8193931939319393,
                "recall": 0.6371751952813646,
                "f1-score": 0.7168863779033271,
                "support": 6273.0
            },
            "accuracy": 0.8788006756756757,
            "macro avg": {
                "precision": 0.8559412828422096,
                "recall": 0.7963119971349932,
                "f1-score": 0.819891473235459,
                "support": 26048.0
            },
            "weighted avg": {
                "precision": 0.8748860116684715,
                "recall": 0.8788006756756757,
                "f1-score": 0.873284240326001,
                "support": 26048.0
            },
            "cross-entropy": 0.2664070589935457,
            "roc-auc": 0.9352183005729812,
            "score": 0.8788006756756757
        },
        "val": {
            "0": {
                "precision": 0.8863078375826251,
                "recall": 0.9490394337714864,
                "f1-score": 0.9166015625,
                "support": 4945.0
            },
            "1": {
                "precision": 0.7931034482758621,
                "recall": 0.6160714285714286,
                "f1-score": 0.6934673366834171,
                "support": 1568.0
            },
            "accuracy": 0.8688776293566712,
            "macro avg": {
                "precision": 0.8397056429292435,
                "recall": 0.7825554311714575,
                "f1-score": 0.8050344495917086,
                "support": 6513.0
            },
            "weighted avg": {
                "precision": 0.8638689488319719,
                "recall": 0.8688776293566712,
                "f1-score": 0.8628821603688159,
                "support": 6513.0
            },
            "cross-entropy": 0.28451059995301703,
            "roc-auc": 0.9263158777161015,
            "score": 0.8688776293566712
        },
        "test": {
            "0": {
                "precision": 0.8890980274055112,
                "recall": 0.9496582227583434,
                "f1-score": 0.9183808375782557,
                "support": 12435.0
            },
            "1": {
                "precision": 0.7912637545848616,
                "recall": 0.6170046801872074,
                "f1-score": 0.6933528122717312,
                "support": 3846.0
            },
            "accuracy": 0.8710767151894847,
            "macro avg": {
                "precision": 0.8401808909951864,
                "recall": 0.7833314514727754,
                "f1-score": 0.8058668249249934,
                "support": 16281.0
            },
            "weighted avg": {
                "precision": 0.8659870014692531,
                "recall": 0.8710767151894847,
                "f1-score": 0.8652233051583249,
                "support": 16281.0
            },
            "cross-entropy": 0.28715292331101117,
            "roc-auc": 0.9225545483419659,
            "score": 0.8710767151894847
        }
    },
    "time": "0:00:40.827475",
    "chunk_size": null,
    "eval_batch_size": 32768
}