{
    "function": "bin.model.main",
    "gpus": [
        "NVIDIA GeForce RTX 4090"
    ],
    "config": {
        "seed": 5,
        "batch_size": 256,
        "patience": 16,
        "n_epochs": -1,
        "gradient_clipping_norm": 1.0,
        "amp": true,
        "data": {
            "cache": true,
            "path": "data/classif-num-medium-2-bank-marketing",
            "num_policy": "noisy-quantile"
        },
        "optimizer": {
            "type": "AdamW",
            "lr": 5.238568833415503e-05,
            "weight_decay": 0.0002597459914786609
        },
        "model": {
            "arch_type": "tabrmv2",
            "sample_rate": 0.1581202989240294,
            "k": 64,
            "backbone": {
                "n_blocks": 4,
                "d_block": 96,
                "dropout": 0.0
            },
            "num_embeddings": {
                "type": "PiecewiseLinearEmbeddingsV2",
                "d_embedding": 32
            }
        },
        "bins": {
            "n_bins": 61
        }
    },
    "n_parameters": 374112,
    "prediction_type": "probs",
    "epoch_size": 29,
    "best_step": 435,
    "metrics": {
        "train": {
            "0": {
                "precision": 0.819248200479872,
                "recall": 0.830765071640984,
                "f1-score": 0.82496644295302,
                "support": 3699.0
            },
            "1": {
                "precision": 0.8286339994525048,
                "recall": 0.8170040485829959,
                "f1-score": 0.8227779287849959,
                "support": 3705.0
            },
            "accuracy": 0.823878984332793,
            "macro avg": {
                "precision": 0.8239410999661885,
                "recall": 0.82388456011199,
                "f1-score": 0.8238721858690079,
                "support": 7404.0
            },
            "weighted avg": {
                "precision": 0.8239449029641515,
                "recall": 0.823878984332793,
                "f1-score": 0.8238712991128622,
                "support": 7404.0
            },
            "cross-entropy": 0.3974130437066185,
            "roc-auc": 0.9015042545328112,
            "score": 0.823878984332793
        },
        "val": {
            "0": {
                "precision": 0.8096280087527352,
                "recall": 0.7991360691144709,
                "f1-score": 0.8043478260869565,
                "support": 463.0
            },
            "1": {
                "precision": 0.8121212121212121,
                "recall": 0.8220858895705522,
                "f1-score": 0.8170731707317073,
                "support": 489.0
            },
            "accuracy": 0.8109243697478992,
            "macro avg": {
                "precision": 0.8108746104369737,
                "recall": 0.8106109793425116,
                "f1-score": 0.8107104984093318,
                "support": 952.0
            },
            "weighted avg": {
                "precision": 0.8109086562812912,
                "recall": 0.8109243697478992,
                "f1-score": 0.8108842688719178,
                "support": 952.0
            },
            "cross-entropy": 0.4357697653879309,
            "roc-auc": 0.879659197816322,
            "score": 0.8109243697478992
        },
        "test": {
            "0": {
                "precision": 0.7968885047536733,
                "recall": 0.8181011535048802,
                "f1-score": 0.8073555166374782,
                "support": 1127.0
            },
            "1": {
                "precision": 0.8075117370892019,
                "recall": 0.7853881278538812,
                "f1-score": 0.7962962962962963,
                "support": 1095.0
            },
            "accuracy": 0.801980198019802,
            "macro avg": {
                "precision": 0.8022001209214376,
                "recall": 0.8017446406793807,
                "f1-score": 0.8018259064668872,
                "support": 2222.0
            },
            "weighted avg": {
                "precision": 0.8021236259991296,
                "recall": 0.801980198019802,
                "f1-score": 0.8019055408167787,
                "support": 2222.0
            },
            "cross-entropy": 0.4419224259680838,
            "roc-auc": 0.8780274944998845,
            "score": 0.801980198019802
        }
    },
    "time": "0:00:19.660475",
    "chunk_size": null,
    "eval_batch_size": 32768,
    "heads": [
        58
    ],
    "head_selection_time": "0:00:00.365456"
}