{
    "function": "bin.qreformer.main",
    "gpus": [
        "NVIDIA GeForce RTX 4090"
    ],
    "config": {
        "seed": 6,
        "batch_size": 256,
        "patience": 16,
        "n_epochs": -1,
        "amp": true,
        "data": {
            "cache": true,
            "path": "data/classif-num-medium-0-credit",
            "num_policy": "noisy-quantile"
        },
        "optimizer": {
            "type": "AdamW",
            "lr": 8.331997000061181e-05,
            "weight_decay": 0.0
        },
        "model": {
            "predictor_n_blocks": 3,
            "context_size": 32,
            "encoder_n_blocks": 1,
            "num_heads": 4,
            "momentum": 0.999,
            "use_aux_loss": false,
            "multi_output_head": false,
            "queue_ratio": 64,
            "arch_type": "retransformer",
            "d_main": 32,
            "d_multiplier": 2.0,
            "mixer_normalization": "auto",
            "dropout0": 0.10878403015401096,
            "dropout1": 0.0,
            "normalization": "LayerNorm",
            "activation": "ReLU",
            "num_embeddings": {
                "type": "PeriodicEmbeddings",
                "n_frequencies": 96,
                "frequency_init_scale": 0.07155143139825909,
                "d_embedding": 40,
                "lite": true
            }
        }
    },
    "n_parameters": 51434,
    "prediction_type": "probs",
    "epoch_size": 40,
    "best_step": 760,
    "metrics": {
        "train": {
            "0": {
                "precision": 0.7804644022260603,
                "recall": 0.8082273449920508,
                "f1-score": 0.7941032900517425,
                "support": 5032.0
            },
            "1": {
                "precision": 0.7984965546043016,
                "recall": 0.7697262479871175,
                "f1-score": 0.7838474941067951,
                "support": 4968.0
            },
            "accuracy": 0.7891,
            "macro avg": {
                "precision": 0.789480478415181,
                "recall": 0.7889767964895842,
                "f1-score": 0.7889753920792688,
                "support": 10000.0
            },
            "weighted avg": {
                "precision": 0.7894227755275706,
                "recall": 0.7891,
                "f1-score": 0.7890082106262926,
                "support": 10000.0
            },
            "cross-entropy": 0.45447032926521286,
            "roc-auc": 0.8692290236208076,
            "score": 0.7891
        },
        "val": {
            "0": {
                "precision": 0.7750730282375852,
                "recall": 0.8024193548387096,
                "f1-score": 0.7885091629519564,
                "support": 992.0
            },
            "1": {
                "precision": 0.8014184397163121,
                "recall": 0.773972602739726,
                "f1-score": 0.7874564459930314,
                "support": 1022.0
            },
            "accuracy": 0.7879841112214498,
            "macro avg": {
                "precision": 0.7882457339769486,
                "recall": 0.7881959787892179,
                "f1-score": 0.7879828044724939,
                "support": 2014.0
            },
            "weighted avg": {
                "precision": 0.7884419510435726,
                "recall": 0.7879841112214498,
                "f1-score": 0.7879749639787582,
                "support": 2014.0
            },
            "cross-entropy": 0.4685047412662474,
            "roc-auc": 0.8589577678176882,
            "score": 0.7879841112214498
        },
        "test": {
            "0": {
                "precision": 0.7556283258288989,
                "recall": 0.7912558936990999,
                "f1-score": 0.7730318257956449,
                "support": 2333.0
            },
            "1": {
                "precision": 0.7842268498006203,
                "recall": 0.7477820025348543,
                "f1-score": 0.7655709342560555,
                "support": 2367.0
            },
            "accuracy": 0.7693617021276595,
            "macro avg": {
                "precision": 0.7699275878147596,
                "recall": 0.7695189481169771,
                "f1-score": 0.7693013800258501,
                "support": 4700.0
            },
            "weighted avg": {
                "precision": 0.7700310292844444,
                "recall": 0.7693617021276595,
                "f1-score": 0.7692743938224091,
                "support": 4700.0
            },
            "cross-entropy": 0.4849440564530035,
            "roc-auc": 0.8480256368327831,
            "score": 0.7693617021276595
        }
    },
    "time": "0:00:40.018323",
    "chunk_size": null,
    "eval_batch_size": 32768
}