{
    "function": "bin.model.main",
    "gpus": [
        "NVIDIA GeForce RTX 4090"
    ],
    "config": {
        "seed": 14,
        "batch_size": 256,
        "patience": 16,
        "n_epochs": -1,
        "gradient_clipping_norm": 1.0,
        "amp": true,
        "data": {
            "cache": true,
            "path": "data/classif-num-medium-2-MagicTelescope",
            "num_policy": "noisy-quantile"
        },
        "optimizer": {
            "type": "AdamW",
            "lr": 0.0003227550067502641,
            "weight_decay": 0.010721067503046652
        },
        "model": {
            "arch_type": "tabrmv2-mini",
            "sample_rate": 0.5066471323134488,
            "k": 128,
            "backbone": {
                "n_blocks": 3,
                "d_block": 480,
                "dropout": 0.46420072220182795
            },
            "num_embeddings": {
                "type": "PeriodicEmbeddings",
                "n_frequencies": 68,
                "d_embedding": 20,
                "frequency_init_scale": 0.09347284715918829,
                "lite": false
            }
        }
    },
    "n_parameters": 3724816,
    "prediction_type": "probs",
    "epoch_size": 37,
    "best_step": 1887,
    "metrics": {
        "train": {
            "0": {
                "precision": 0.8625347636074692,
                "recall": 0.9305615087869695,
                "f1-score": 0.8952577319587628,
                "support": 4666.0
            },
            "1": {
                "precision": 0.9251559251559252,
                "recall": 0.8526719182456888,
                "f1-score": 0.8874362951473521,
                "support": 4697.0
            },
            "accuracy": 0.891487771013564,
            "macro avg": {
                "precision": 0.8938453443816972,
                "recall": 0.8916167135163291,
                "f1-score": 0.8913470135530575,
                "support": 9363.0
            },
            "weighted avg": {
                "precision": 0.893949010728381,
                "recall": 0.891487771013564,
                "f1-score": 0.8913340655374025,
                "support": 9363.0
            },
            "cross-entropy": 0.247036533576496,
            "roc-auc": 0.9608256713457924,
            "score": 0.891487771013564
        },
        "val": {
            "0": {
                "precision": 0.8407350689127105,
                "recall": 0.915,
                "f1-score": 0.8762968874700718,
                "support": 600.0
            },
            "1": {
                "precision": 0.9072727272727272,
                "recall": 0.8275290215588723,
                "f1-score": 0.865568083261058,
                "support": 603.0
            },
            "accuracy": 0.8711554447215295,
            "macro avg": {
                "precision": 0.874003898092719,
                "recall": 0.8712645107794361,
                "f1-score": 0.8709324853655649,
                "support": 1203.0
            },
            "weighted avg": {
                "precision": 0.8740868627540155,
                "recall": 0.8711554447215295,
                "f1-score": 0.8709191078042071,
                "support": 1203.0
            },
            "cross-entropy": 0.35294915137672755,
            "roc-auc": 0.9285281923714759,
            "score": 0.8711554447215295
        },
        "test": {
            "0": {
                "precision": 0.8409387222946545,
                "recall": 0.9071729957805907,
                "f1-score": 0.8728010825439784,
                "support": 1422.0
            },
            "1": {
                "precision": 0.896551724137931,
                "recall": 0.8242074927953891,
                "f1-score": 0.8588588588588589,
                "support": 1388.0
            },
            "accuracy": 0.8661921708185053,
            "macro avg": {
                "precision": 0.8687452232162928,
                "recall": 0.8656902442879899,
                "f1-score": 0.8658299707014186,
                "support": 2810.0
            },
            "weighted avg": {
                "precision": 0.868408774450693,
                "recall": 0.8661921708185053,
                "f1-score": 0.8659143186738909,
                "support": 2810.0
            },
            "cross-entropy": 0.313626249290669,
            "roc-auc": 0.9398645512875076,
            "score": 0.8661921708185053
        }
    },
    "time": "0:01:01.162137",
    "chunk_size": null,
    "eval_batch_size": 32768,
    "heads": [
        12
    ],
    "head_selection_time": "0:00:00.756227"
}