{
    "function": "bin.model.main",
    "gpus": [
        "NVIDIA GeForce RTX 4090"
    ],
    "config": {
        "seed": 6,
        "batch_size": 256,
        "patience": 16,
        "n_epochs": -1,
        "gradient_clipping_norm": 1.0,
        "amp": true,
        "data": {
            "cache": true,
            "path": "data/regression-cat-medium-0-OnlineNewsPopularity",
            "num_policy": "noisy-quantile"
        },
        "optimizer": {
            "type": "AdamW",
            "lr": 5.5305475148100105e-05,
            "weight_decay": 0.012826816126192069
        },
        "model": {
            "arch_type": "tabrmv3",
            "sample_rate": 0.33605789384228013,
            "k": 4,
            "backbone": {
                "embed_type": "tabr",
                "ensemble_type": "mini-resnet",
                "context_shuffle": false,
                "context_size": 128,
                "encoder_n_blocks": 0,
                "n_blocks": 2,
                "d_block": 816,
                "dropout": 0.0
            },
            "num_embeddings": {
                "type": "PeriodicEmbeddings",
                "n_frequencies": 68,
                "d_embedding": 24,
                "frequency_init_scale": 0.1900945400965046,
                "lite": false
            }
        }
    },
    "n_parameters": 5066608,
    "prediction_type": "labels",
    "epoch_size": 40,
    "best_step": 80,
    "metrics": {
        "train": {
            "rmse": 0.8362154275792595,
            "mae": 0.6202712059020996,
            "r2": 0.19232019081837304,
            "score": -0.8362154275792595
        },
        "val": {
            "rmse": 0.8453814663490946,
            "mae": 0.6309159994125366,
            "r2": 0.15243869420910505,
            "score": -0.8453814663490946
        },
        "test": {
            "rmse": 0.861689692791557,
            "mae": 0.6382367014884949,
            "r2": 0.1490608801860075,
            "score": -0.861689692791557
        }
    },
    "time": "0:00:22.296235",
    "chunk_size": null,
    "eval_batch_size": 8192
}