{
    "function": "bin.model.main",
    "gpus": [
        "NVIDIA GeForce RTX 4090"
    ],
    "config": {
        "seed": 11,
        "batch_size": 256,
        "patience": 16,
        "n_epochs": -1,
        "gradient_clipping_norm": 1.0,
        "amp": true,
        "data": {
            "cache": true,
            "path": "data/regression-cat-medium-0-house_sales",
            "num_policy": "noisy-quantile"
        },
        "optimizer": {
            "type": "AdamW",
            "lr": 0.0008566934025101248,
            "weight_decay": 0.0
        },
        "model": {
            "arch_type": "tabrmv2-mini",
            "sample_rate": 0.5609312649951386,
            "k": 48,
            "backbone": {
                "n_blocks": 1,
                "d_block": 96,
                "dropout": 0.0
            },
            "num_embeddings": {
                "type": "PeriodicEmbeddings",
                "n_frequencies": 64,
                "d_embedding": 24,
                "frequency_init_scale": 0.03036260919701431,
                "lite": false
            }
        }
    },
    "n_parameters": 156984,
    "prediction_type": "labels",
    "epoch_size": 40,
    "best_step": 1760,
    "metrics": {
        "train": {
            "rmse": 0.15277392224181524,
            "mae": 0.11106401681900024,
            "r2": 0.9161429189859598,
            "score": -0.15277392224181524
        },
        "val": {
            "rmse": 0.17400982821731456,
            "mae": 0.12230261415243149,
            "r2": 0.892026592271687,
            "score": -0.17400982821731456
        },
        "test": {
            "rmse": 0.1726904673350751,
            "mae": 0.12313894927501678,
            "r2": 0.891508146966307,
            "score": -0.1726904673350751
        }
    },
    "time": "0:00:41.971303",
    "chunk_size": null,
    "eval_batch_size": 32768,
    "heads": [
        8,
        6,
        9,
        24,
        3,
        26
    ],
    "head_selection_time": "0:00:00.246167"
}