{
    "function": "bin.model.main",
    "gpus": [
        "NVIDIA GeForce RTX 4090"
    ],
    "config": {
        "seed": 7,
        "batch_size": 128,
        "patience": 16,
        "n_epochs": -1,
        "amp": true,
        "data": {
            "cache": true,
            "path": "data/regression-num-medium-1-wine_quality",
            "num_policy": "noisy-quantile"
        },
        "optimizer": {
            "type": "AdamW",
            "lr": 4.626802040442914e-05,
            "weight_decay": 7.80814795854549e-05
        },
        "model": {
            "arch_type": "tabr-pln",
            "k": 32,
            "context_size": 96,
            "d_main": 260,
            "context_dropout": 0.0,
            "d_multiplier": 2.0,
            "encoder_n_blocks": 1,
            "predictor_n_blocks": 2,
            "mixer_normalization": "auto",
            "dropout0": 0.0,
            "dropout1": 0.0,
            "normalization": "LayerNorm",
            "activation": "ReLU",
            "num_embeddings": {
                "type": "PeriodicEmbeddings",
                "n_frequencies": 75,
                "frequency_init_scale": 0.08217471367614095,
                "d_embedding": 42,
                "lite": true
            }
        }
    },
    "n_parameters": 1314968,
    "prediction_type": "labels",
    "epoch_size": 36,
    "best_step": 792,
    "metrics": {
        "train": {
            "rmse": 0.590775593728282,
            "mae": 0.4409540593624115,
            "r2": 0.5488804233694679,
            "score": -0.590775593728282
        },
        "val": {
            "rmse": 0.60461924855271,
            "mae": 0.4629994034767151,
            "r2": 0.4949648249393188,
            "score": -0.60461924855271
        },
        "test": {
            "rmse": 0.615969312785934,
            "mae": 0.4612870216369629,
            "r2": 0.4871014287233896,
            "score": -0.615969312785934
        }
    },
    "time": "0:00:26.306956",
    "chunk_size": null,
    "eval_batch_size": 32768
}