{
    "function": "bin.model.main",
    "gpus": [
        "NVIDIA GeForce RTX 4090"
    ],
    "config": {
        "seed": 1,
        "batch_size": 32,
        "patience": 16,
        "n_epochs": -1,
        "amp": true,
        "data": {
            "cache": true,
            "path": "data/classif-num-medium-2-wine",
            "num_policy": "noisy-quantile"
        },
        "optimizer": {
            "type": "AdamW",
            "lr": 0.00011253648982375229,
            "weight_decay": 6.286641422495364e-06
        },
        "model": {
            "arch_type": "tabr",
            "k": 1,
            "context_size": 96,
            "d_main": 252,
            "context_dropout": 0.0,
            "d_multiplier": 2.0,
            "encoder_n_blocks": 1,
            "predictor_n_blocks": 2,
            "mixer_normalization": "auto",
            "dropout0": 0.0,
            "dropout1": 0.0,
            "normalization": "LayerNorm",
            "activation": "ReLU",
            "num_embeddings": {
                "type": "PeriodicEmbeddings",
                "n_frequencies": 36,
                "frequency_init_scale": 0.04662315588934585,
                "d_embedding": 46,
                "lite": true
            }
        }
    },
    "n_parameters": 1217136,
    "prediction_type": "probs",
    "epoch_size": 56,
    "best_step": 952,
    "metrics": {
        "train": {
            "0": {
                "precision": 0.8469945355191257,
                "recall": 0.8507135016465422,
                "f1-score": 0.8488499452354875,
                "support": 911.0
            },
            "1": {
                "precision": 0.8440366972477065,
                "recall": 0.8401826484018264,
                "f1-score": 0.8421052631578947,
                "support": 876.0
            },
            "accuracy": 0.8455512031337437,
            "macro avg": {
                "precision": 0.8455156163834161,
                "recall": 0.8454480750241844,
                "f1-score": 0.8454776041966912,
                "support": 1787.0
            },
            "weighted avg": {
                "precision": 0.8455445823429851,
                "recall": 0.8455512031337437,
                "f1-score": 0.8455436545248152,
                "support": 1787.0
            },
            "cross-entropy": 0.3484953552432176,
            "roc-auc": 0.9284737781252977,
            "score": 0.8455512031337437
        },
        "val": {
            "0": {
                "precision": 0.8709677419354839,
                "recall": 0.7714285714285715,
                "f1-score": 0.8181818181818182,
                "support": 105.0
            },
            "1": {
                "precision": 0.8248175182481752,
                "recall": 0.904,
                "f1-score": 0.8625954198473282,
                "support": 125.0
            },
            "accuracy": 0.8434782608695652,
            "macro avg": {
                "precision": 0.8478926300918295,
                "recall": 0.8377142857142857,
                "f1-score": 0.8403886190145733,
                "support": 230.0
            },
            "weighted avg": {
                "precision": 0.8458860986271639,
                "recall": 0.8434782608695652,
                "f1-score": 0.8423196451739433,
                "support": 230.0
            },
            "cross-entropy": 0.37601601097400295,
            "roc-auc": 0.9121523809523809,
            "score": 0.8434782608695652
        },
        "test": {
            "0": {
                "precision": 0.8023255813953488,
                "recall": 0.7931034482758621,
                "f1-score": 0.7976878612716762,
                "support": 261.0
            },
            "1": {
                "precision": 0.8064516129032258,
                "recall": 0.8152173913043478,
                "f1-score": 0.8108108108108107,
                "support": 276.0
            },
            "accuracy": 0.8044692737430168,
            "macro avg": {
                "precision": 0.8043885971492872,
                "recall": 0.8041604197901049,
                "f1-score": 0.8042493360412435,
                "support": 537.0
            },
            "weighted avg": {
                "precision": 0.8044462232876654,
                "recall": 0.8044692737430168,
                "f1-score": 0.8044326174593879,
                "support": 537.0
            },
            "cross-entropy": 0.4254115161494716,
            "roc-auc": 0.8884932533733132,
            "score": 0.8044692737430168
        }
    },
    "time": "0:00:35.050681",
    "chunk_size": null,
    "eval_batch_size": 32768
}