{
    "function": "bin.qtabformerv2.main",
    "gpus": [
        "NVIDIA GeForce RTX 4090"
    ],
    "config": {
        "seed": 9,
        "batch_size": 512,
        "patience": 16,
        "n_epochs": -1,
        "amp": true,
        "data": {
            "cache": true,
            "path": "data/regression-num-medium-0-medical_charges",
            "num_policy": "noisy-quantile"
        },
        "optimizer": {
            "type": "AdamW",
            "lr": 0.000845965328569121,
            "weight_decay": 6.933776988089519e-05
        },
        "model": {
            "temperature": 0.1,
            "encoder_n_blocks": 1,
            "distance_metric": "cossim",
            "momentum": 0.999,
            "queue_ratio": 64,
            "d_main": 16,
            "d_multiplier": 2.0,
            "mixer_normalization": "auto",
            "dropout0": 0.0,
            "dropout1": 0.0,
            "normalization": "LayerNorm",
            "activation": "ReLU",
            "num_embeddings": {
                "type": "PeriodicEmbeddings",
                "n_frequencies": 86,
                "frequency_init_scale": 0.11735237487859411,
                "d_embedding": 36,
                "lite": true
            }
        }
    },
    "n_parameters": 9655,
    "prediction_type": "labels",
    "epoch_size": 20,
    "best_step": 680,
    "metrics": {
        "train": {
            "rmse": 0.079800204908764,
            "mae": 0.051611121743917465,
            "r2": 0.9796681174679583,
            "score": -0.079800204908764
        },
        "val": {
            "rmse": 0.08302132833060846,
            "mae": 0.052162524312734604,
            "r2": 0.9785343929677504,
            "score": -0.08302132833060846
        },
        "test": {
            "rmse": 0.08231561905459113,
            "mae": 0.051860496401786804,
            "r2": 0.9789483720427122,
            "score": -0.08231561905459113
        }
    },
    "time": "0:00:13.804011",
    "chunk_size": null,
    "eval_batch_size": 32768
}