{
    "function": "bin.model.main",
    "gpus": [
        "NVIDIA GeForce RTX 4090"
    ],
    "config": {
        "seed": 11,
        "batch_size": 256,
        "patience": 16,
        "n_epochs": -1,
        "gradient_clipping_norm": 1.0,
        "amp": true,
        "data": {
            "cache": true,
            "path": "data/classif-num-medium-1-MagicTelescope",
            "num_policy": "noisy-quantile"
        },
        "optimizer": {
            "type": "AdamW",
            "lr": 0.00011325588535633829,
            "weight_decay": 0.0
        },
        "model": {
            "arch_type": "tabrmv3",
            "sample_rate": 0.5998184501805676,
            "k": 4,
            "backbone": {
                "embed_type": "tabr",
                "ensemble_type": "shared-resnet",
                "context_shuffle": false,
                "context_size": 256,
                "encoder_n_blocks": 0,
                "n_blocks": 1,
                "d_block": 992,
                "dropout": 0.10584402393188508
            },
            "num_embeddings": {
                "type": "PeriodicEmbeddings",
                "n_frequencies": 32,
                "d_embedding": 32,
                "frequency_init_scale": 0.14151213928152573,
                "lite": false
            }
        }
    },
    "n_parameters": 4290696,
    "prediction_type": "probs",
    "epoch_size": 37,
    "best_step": 333,
    "metrics": {
        "train": {
            "0": {
                "precision": 0.8365578395808142,
                "recall": 0.8882944575219345,
                "f1-score": 0.8616502335236118,
                "support": 4673.0
            },
            "1": {
                "precision": 0.8813905930470347,
                "recall": 0.8270788912579957,
                "f1-score": 0.8533714662853372,
                "support": 4690.0
            },
            "accuracy": 0.8576311011427961,
            "macro avg": {
                "precision": 0.8589742163139245,
                "recall": 0.8576866743899652,
                "f1-score": 0.8575108499044746,
                "support": 9363.0
            },
            "weighted avg": {
                "precision": 0.8590149167736556,
                "recall": 0.8576311011427961,
                "f1-score": 0.8575033342020795,
                "support": 9363.0
            },
            "cross-entropy": 0.3238331811190455,
            "roc-auc": 0.9331019233568333,
            "score": 0.8576311011427961
        },
        "val": {
            "0": {
                "precision": 0.8623417721518988,
                "recall": 0.8747993579454254,
                "f1-score": 0.8685258964143426,
                "support": 623.0
            },
            "1": {
                "precision": 0.8633975481611208,
                "recall": 0.85,
                "f1-score": 0.8566463944396178,
                "support": 580.0
            },
            "accuracy": 0.8628428927680798,
            "macro avg": {
                "precision": 0.8628696601565098,
                "recall": 0.8623996789727126,
                "f1-score": 0.8625861454269802,
                "support": 1203.0
            },
            "weighted avg": {
                "precision": 0.8628507913417149,
                "recall": 0.8628428927680798,
                "f1-score": 0.8627984557282741,
                "support": 1203.0
            },
            "cross-entropy": 0.346166325777613,
            "roc-auc": 0.9253805280345381,
            "score": 0.8628428927680798
        },
        "test": {
            "0": {
                "precision": 0.8351278600269179,
                "recall": 0.8915229885057471,
                "f1-score": 0.862404447533009,
                "support": 1392.0
            },
            "1": {
                "precision": 0.8859516616314199,
                "recall": 0.8272214386459803,
                "f1-score": 0.8555798687089716,
                "support": 1418.0
            },
            "accuracy": 0.8590747330960854,
            "macro avg": {
                "precision": 0.8605397608291689,
                "recall": 0.8593722135758637,
                "f1-score": 0.8589921581209903,
                "support": 2810.0
            },
            "weighted avg": {
                "precision": 0.8607748887369477,
                "recall": 0.8590747330960854,
                "f1-score": 0.8589605853363951,
                "support": 2810.0
            },
            "cross-entropy": 0.32499774675996396,
            "roc-auc": 0.9332995922701555,
            "score": 0.8590747330960854
        }
    },
    "time": "0:00:29.156759",
    "chunk_size": null,
    "eval_batch_size": 32768
}