{
    "function": "bin.model.main",
    "gpus": [
        "NVIDIA GeForce RTX 4090"
    ],
    "config": {
        "seed": 10,
        "batch_size": 32,
        "patience": 16,
        "n_epochs": -1,
        "gradient_clipping_norm": 1.0,
        "amp": true,
        "data": {
            "cache": true,
            "path": "data/classif-num-medium-1-wine",
            "num_policy": "noisy-quantile"
        },
        "optimizer": {
            "type": "AdamW",
            "lr": 4.022358668982505e-05,
            "weight_decay": 0.0
        },
        "model": {
            "arch_type": "tabrmv2-mini",
            "sample_rate": 0.3809671006234796,
            "k": 96,
            "backbone": {
                "n_blocks": 4,
                "d_block": 416,
                "dropout": 0.0
            },
            "num_embeddings": {
                "type": "PeriodicEmbeddings",
                "n_frequencies": 28,
                "d_embedding": 32,
                "frequency_init_scale": 0.018237815114854384,
                "lite": false
            }
        }
    },
    "n_parameters": 3527860,
    "prediction_type": "probs",
    "epoch_size": 56,
    "best_step": 1232,
    "metrics": {
        "train": {
            "0": {
                "precision": 0.8004750593824228,
                "recall": 0.7513935340022296,
                "f1-score": 0.7751581368602646,
                "support": 897.0
            },
            "1": {
                "precision": 0.764021164021164,
                "recall": 0.8112359550561797,
                "f1-score": 0.7869209809264306,
                "support": 890.0
            },
            "accuracy": 0.7811975377728035,
            "macro avg": {
                "precision": 0.7822481117017934,
                "recall": 0.7813147445292047,
                "f1-score": 0.7810395588933476,
                "support": 1787.0
            },
            "weighted avg": {
                "precision": 0.7823195099299772,
                "recall": 0.7811975377728035,
                "f1-score": 0.7810165203067602,
                "support": 1787.0
            },
            "cross-entropy": 0.4549435525606359,
            "roc-auc": 0.8667819072313455,
            "score": 0.7811975377728035
        },
        "val": {
            "0": {
                "precision": 0.8032786885245902,
                "recall": 0.8099173553719008,
                "f1-score": 0.8065843621399177,
                "support": 121.0
            },
            "1": {
                "precision": 0.7870370370370371,
                "recall": 0.7798165137614679,
                "f1-score": 0.7834101382488479,
                "support": 109.0
            },
            "accuracy": 0.7956521739130434,
            "macro avg": {
                "precision": 0.7951578627808136,
                "recall": 0.7948669345666843,
                "f1-score": 0.7949972501943827,
                "support": 230.0
            },
            "weighted avg": {
                "precision": 0.7955815580370107,
                "recall": 0.7956521739130434,
                "f1-score": 0.7956017951654542,
                "support": 230.0
            },
            "cross-entropy": 0.4951654116850393,
            "roc-auc": 0.8437713245886723,
            "score": 0.7956521739130434
        },
        "test": {
            "0": {
                "precision": 0.8042553191489362,
                "recall": 0.7297297297297297,
                "f1-score": 0.7651821862348178,
                "support": 259.0
            },
            "1": {
                "precision": 0.7682119205298014,
                "recall": 0.8345323741007195,
                "f1-score": 0.8,
                "support": 278.0
            },
            "accuracy": 0.7839851024208566,
            "macro avg": {
                "precision": 0.7862336198393688,
                "recall": 0.7821310519152246,
                "f1-score": 0.7825910931174089,
                "support": 537.0
            },
            "weighted avg": {
                "precision": 0.7855959805714327,
                "recall": 0.7839851024208566,
                "f1-score": 0.7832070507166067,
                "support": 537.0
            },
            "cross-entropy": 0.4803250091955979,
            "roc-auc": 0.8416363434349047,
            "score": 0.7839851024208566
        }
    },
    "time": "0:00:39.327672",
    "chunk_size": null,
    "eval_batch_size": 32768,
    "heads": [
        7
    ],
    "head_selection_time": "0:00:00.518909"
}