{
    "function": "bin.model.main",
    "gpus": [
        "NVIDIA GeForce RTX 4090"
    ],
    "config": {
        "seed": 7,
        "batch_size": 256,
        "patience": 16,
        "n_epochs": -1,
        "gradient_clipping_norm": 1.0,
        "amp": true,
        "data": {
            "cache": true,
            "path": "data/churn",
            "num_policy": "noisy-quantile",
            "cat_policy": "ordinal"
        },
        "optimizer": {
            "type": "AdamW",
            "lr": 0.0005508073596705366,
            "weight_decay": 0.0
        },
        "model": {
            "arch_type": "taba",
            "k": 32,
            "share_training_batches": false,
            "backbone": {
                "type": "MLP",
                "n_blocks": 7,
                "d_block": 784,
                "dropout": 0.059083712852661056
            },
            "num_embeddings": {
                "type": "PiecewiseLinearEmbeddingsV2",
                "d_embedding": 16
            }
        },
        "bins": {
            "n_bins": 98
        }
    },
    "n_parameters": 486208,
    "prediction_type": "probs",
    "epoch_size": 25,
    "best_step": 800,
    "metrics": {
        "train": {
            "0": {
                "precision": 0.8869251577998196,
                "recall": 0.9650706436420722,
                "f1-score": 0.924349215299314,
                "support": 5096.0
            },
            "1": {
                "precision": 0.791812865497076,
                "recall": 0.5191717791411042,
                "f1-score": 0.6271421954608615,
                "support": 1304.0
            },
            "accuracy": 0.87421875,
            "macro avg": {
                "precision": 0.8393690116484478,
                "recall": 0.7421212113915883,
                "f1-score": 0.7757457053800878,
                "support": 6400.0
            },
            "weighted avg": {
                "precision": 0.8675460282431355,
                "recall": 0.87421875,
                "f1-score": 0.8637932850072293,
                "support": 6400.0
            },
            "cross-entropy": 0.3073603424633051,
            "roc-auc": 0.891588178747195,
            "score": 0.87421875
        },
        "val": {
            "0": {
                "precision": 0.8828571428571429,
                "recall": 0.9701726844583988,
                "f1-score": 0.924457741211668,
                "support": 1274.0
            },
            "1": {
                "precision": 0.81,
                "recall": 0.49693251533742333,
                "f1-score": 0.6159695817490495,
                "support": 326.0
            },
            "accuracy": 0.87375,
            "macro avg": {
                "precision": 0.8464285714285715,
                "recall": 0.7335525998979111,
                "f1-score": 0.7702136614803587,
                "support": 1600.0
            },
            "weighted avg": {
                "precision": 0.8680125,
                "recall": 0.87375,
                "f1-score": 0.8616032787211596,
                "support": 1600.0
            },
            "cross-entropy": 0.32930185282249513,
            "roc-auc": 0.8675901224104556,
            "score": 0.87375
        },
        "test": {
            "0": {
                "precision": 0.8756417569880205,
                "recall": 0.9635907093534212,
                "f1-score": 0.917513448894202,
                "support": 1593.0
            },
            "1": {
                "precision": 0.7651821862348178,
                "recall": 0.4643734643734644,
                "f1-score": 0.5779816513761468,
                "support": 407.0
            },
            "accuracy": 0.862,
            "macro avg": {
                "precision": 0.8204119716114191,
                "recall": 0.7139820868634428,
                "f1-score": 0.7477475501351745,
                "support": 2000.0
            },
            "weighted avg": {
                "precision": 0.8531632343397436,
                "recall": 0.862,
                "f1-score": 0.8484187280992778,
                "support": 2000.0
            },
            "cross-entropy": 0.3418507136009727,
            "roc-auc": 0.8555473809711097,
            "score": 0.862
        }
    },
    "time": "0:00:16.346413",
    "chunk_size": null,
    "eval_batch_size": 32768,
    "heads": [
        24,
        28
    ],
    "head_selection_time": "0:00:00.803497"
}