{
    "function": "bin.model.main",
    "gpus": [
        "NVIDIA GeForce RTX 4090"
    ],
    "config": {
        "seed": 1,
        "batch_size": 256,
        "patience": 16,
        "n_epochs": -1,
        "gradient_clipping_norm": 1.0,
        "amp": true,
        "data": {
            "cache": true,
            "path": "data/classif-num-medium-2-bank-marketing",
            "num_policy": "noisy-quantile"
        },
        "optimizer": {
            "type": "AdamW",
            "lr": 0.0003520136295379428,
            "weight_decay": 0.0
        },
        "model": {
            "arch_type": "tabpln-mini",
            "k": 32,
            "share_training_batches": false,
            "backbone": {
                "type": "MLP",
                "n_blocks": 4,
                "d_block": 608,
                "dropout": 0.3263393529583558
            },
            "num_embeddings": {
                "type": "PiecewiseLinearEmbeddingsV2",
                "d_embedding": 20
            }
        },
        "bins": {
            "n_bins": 18
        }
    },
    "n_parameters": 1247140,
    "prediction_type": "probs",
    "epoch_size": 29,
    "best_step": 957,
    "metrics": {
        "train": {
            "0": {
                "precision": 0.8287848319448434,
                "recall": 0.7799405244660719,
                "f1-score": 0.8036211699164346,
                "support": 3699.0
            },
            "1": {
                "precision": 0.7925057354065767,
                "recall": 0.839136302294197,
                "f1-score": 0.8151546932354483,
                "support": 3705.0
            },
            "accuracy": 0.8095623987034035,
            "macro avg": {
                "precision": 0.8106452836757101,
                "recall": 0.8095384133801344,
                "f1-score": 0.8093879315759415,
                "support": 7404.0
            },
            "weighted avg": {
                "precision": 0.810630583879706,
                "recall": 0.8095623987034035,
                "f1-score": 0.8093926048025699,
                "support": 7404.0
            },
            "cross-entropy": 0.4218483836298184,
            "roc-auc": 0.8883513398047909,
            "score": 0.8095623987034035
        },
        "val": {
            "0": {
                "precision": 0.8411214953271028,
                "recall": 0.7775377969762419,
                "f1-score": 0.8080808080808082,
                "support": 463.0
            },
            "1": {
                "precision": 0.8034351145038168,
                "recall": 0.8609406952965235,
                "f1-score": 0.8311944718657452,
                "support": 489.0
            },
            "accuracy": 0.8203781512605042,
            "macro avg": {
                "precision": 0.8222783049154598,
                "recall": 0.8192392461363827,
                "f1-score": 0.8196376399732768,
                "support": 952.0
            },
            "weighted avg": {
                "precision": 0.8217636799672426,
                "recall": 0.8203781512605042,
                "f1-score": 0.8199532677350458,
                "support": 952.0
            },
            "cross-entropy": 0.42816715722247595,
            "roc-auc": 0.8834687090063469,
            "score": 0.8203781512605042
        },
        "test": {
            "0": {
                "precision": 0.819626168224299,
                "recall": 0.7781721384205856,
                "f1-score": 0.7983614019116978,
                "support": 1127.0
            },
            "1": {
                "precision": 0.7829861111111112,
                "recall": 0.8237442922374429,
                "f1-score": 0.8028482421005785,
                "support": 1095.0
            },
            "accuracy": 0.8006300630063007,
            "macro avg": {
                "precision": 0.801306139667705,
                "recall": 0.8009582153290142,
                "f1-score": 0.8006048220061381,
                "support": 2222.0
            },
            "weighted avg": {
                "precision": 0.8015699744623994,
                "recall": 0.8006300630063007,
                "f1-score": 0.8005725135259302,
                "support": 2222.0
            },
            "cross-entropy": 0.43540045631052776,
            "roc-auc": 0.8811233606009408,
            "score": 0.8006300630063007
        }
    },
    "time": "0:00:20.698907",
    "chunk_size": null,
    "eval_batch_size": 32768,
    "heads": [
        12
    ],
    "head_selection_time": "0:00:00.183083"
}