{
    "function": "bin.model.main",
    "gpus": [
        "NVIDIA GeForce RTX 4090"
    ],
    "config": {
        "seed": 4,
        "batch_size": 256,
        "patience": 16,
        "n_epochs": -1,
        "amp": true,
        "data": {
            "cache": true,
            "path": "data/classif-num-medium-0-MagicTelescope",
            "num_policy": "noisy-quantile"
        },
        "optimizer": {
            "type": "AdamW",
            "lr": 0.00011948288576319926,
            "weight_decay": 2.9664246818165596e-05
        },
        "model": {
            "arch_type": "tabr-pln",
            "k": 32,
            "context_size": 96,
            "d_main": 383,
            "context_dropout": 0.0,
            "d_multiplier": 2.0,
            "encoder_n_blocks": 1,
            "predictor_n_blocks": 1,
            "mixer_normalization": "auto",
            "dropout0": 0.43456372512186736,
            "dropout1": 0.0,
            "normalization": "LayerNorm",
            "activation": "ReLU",
            "num_embeddings": {
                "type": "PeriodicEmbeddings",
                "n_frequencies": 70,
                "frequency_init_scale": 0.04277474158580645,
                "d_embedding": 64,
                "lite": true
            }
        }
    },
    "n_parameters": 2193209,
    "prediction_type": "probs",
    "epoch_size": 37,
    "best_step": 2516,
    "metrics": {
        "train": {
            "0": {
                "precision": 0.8806060606060606,
                "recall": 0.9246924056003394,
                "f1-score": 0.9021109271523179,
                "support": 4714.0
            },
            "1": {
                "precision": 0.9195558576931793,
                "recall": 0.8728758872875887,
                "f1-score": 0.8956080335466785,
                "support": 4649.0
            },
            "accuracy": 0.8989640072626295,
            "macro avg": {
                "precision": 0.9000809591496199,
                "recall": 0.8987841464439641,
                "f1-score": 0.8988594803494983,
                "support": 9363.0
            },
            "weighted avg": {
                "precision": 0.8999457601316414,
                "recall": 0.8989640072626295,
                "f1-score": 0.8988820526064867,
                "support": 9363.0
            },
            "cross-entropy": 0.2381513199780094,
            "roc-auc": 0.9641868502795252,
            "score": 0.8989640072626295
        },
        "val": {
            "0": {
                "precision": 0.8641571194762684,
                "recall": 0.9087779690189329,
                "f1-score": 0.8859060402684563,
                "support": 581.0
            },
            "1": {
                "precision": 0.910472972972973,
                "recall": 0.8665594855305466,
                "f1-score": 0.8879736408566721,
                "support": 622.0
            },
            "accuracy": 0.8869492934330839,
            "macro avg": {
                "precision": 0.8873150462246207,
                "recall": 0.8876687272747398,
                "f1-score": 0.8869398405625641,
                "support": 1203.0
            },
            "weighted avg": {
                "precision": 0.8881043022484632,
                "recall": 0.8869492934330839,
                "f1-score": 0.8869750739890466,
                "support": 1203.0
            },
            "cross-entropy": 0.2974008308237688,
            "roc-auc": 0.9429634016082704,
            "score": 0.8869492934330839
        },
        "test": {
            "0": {
                "precision": 0.8323108384458078,
                "recall": 0.8765254845656856,
                "f1-score": 0.8538461538461538,
                "support": 1393.0
            },
            "1": {
                "precision": 0.8719285182427401,
                "recall": 0.826393789696542,
                "f1-score": 0.8485507246376811,
                "support": 1417.0
            },
            "accuracy": 0.8512455516014235,
            "macro avg": {
                "precision": 0.8521196783442739,
                "recall": 0.8514596371311138,
                "f1-score": 0.8511984392419174,
                "support": 2810.0
            },
            "weighted avg": {
                "precision": 0.8522888641654707,
                "recall": 0.8512455516014235,
                "f1-score": 0.8511758253093545,
                "support": 2810.0
            },
            "cross-entropy": 0.34244162397899774,
            "roc-auc": 0.9285405249860554,
            "score": 0.8512455516014235
        }
    },
    "time": "0:00:54.809984",
    "chunk_size": null,
    "eval_batch_size": 32768,
    "heads": [
        4
    ],
    "head_selection_time": "0:00:00.200186"
}