{
    "function": "bin.model.main",
    "gpus": [
        "NVIDIA GeForce RTX 4090"
    ],
    "config": {
        "seed": 1,
        "batch_size": 256,
        "patience": 16,
        "n_epochs": -1,
        "gradient_clipping_norm": 1.0,
        "amp": true,
        "data": {
            "cache": true,
            "path": "data/regression-cat-medium-2-Brazilian_houses",
            "num_policy": "noisy-quantile",
            "cat_policy": "ordinal"
        },
        "optimizer": {
            "type": "AdamW",
            "lr": 4.311777350221145e-05,
            "weight_decay": 0.0
        },
        "model": {
            "arch_type": "tabrmv2-mini",
            "sample_rate": 0.470294597304156,
            "k": 48,
            "backbone": {
                "n_blocks": 1,
                "d_block": 208,
                "dropout": 0.0
            },
            "num_embeddings": {
                "type": "PeriodicEmbeddings",
                "n_frequencies": 88,
                "d_embedding": 28,
                "frequency_init_scale": 0.08003409964270032,
                "lite": false
            }
        }
    },
    "n_parameters": 390256,
    "prediction_type": "labels",
    "epoch_size": 30,
    "best_step": 3690,
    "metrics": {
        "train": {
            "rmse": 0.07578353435966706,
            "mae": 0.03382820636034012,
            "r2": 0.9909623632313006,
            "score": -0.07578353435966706
        },
        "val": {
            "rmse": 0.05012407229179207,
            "mae": 0.033618323504924774,
            "r2": 0.996020846511761,
            "score": -0.05012407229179207
        },
        "test": {
            "rmse": 0.11319779742218156,
            "mae": 0.034913137555122375,
            "r2": 0.9801385153403421,
            "score": -0.11319779742218156
        }
    },
    "time": "0:01:18.069253",
    "chunk_size": null,
    "eval_batch_size": 32768,
    "heads": [
        0,
        12,
        31,
        2
    ],
    "head_selection_time": "0:00:00.176599"
}