{
    "function": "bin.model.main",
    "gpus": [
        "NVIDIA GeForce RTX 4090"
    ],
    "config": {
        "seed": 14,
        "batch_size": 256,
        "patience": 16,
        "n_epochs": -1,
        "gradient_clipping_norm": 1.0,
        "amp": true,
        "data": {
            "cache": true,
            "path": "data/churn",
            "num_policy": "noisy-quantile",
            "cat_policy": "ordinal"
        },
        "optimizer": {
            "type": "AdamW",
            "lr": 0.0018797903709602472,
            "weight_decay": 0.00019049701526925724
        },
        "model": {
            "arch_type": "moe-sparse",
            "backbone": {
                "k": 3,
                "n_blocks": 1,
                "d_block": 224,
                "dropout": 0.2864466913203585,
                "moe_ratio": 0.5,
                "num_experts": 4
            },
            "num_embeddings": {
                "type": "PiecewiseLinearEmbeddingsV2",
                "d_embedding": 16
            }
        },
        "bins": {
            "n_bins": 2
        }
    },
    "n_parameters": 229714,
    "prediction_type": "probs",
    "epoch_size": 25,
    "best_step": 625,
    "metrics": {
        "train": {
            "0": {
                "precision": 0.8720420683610868,
                "recall": 0.9762558869701727,
                "f1-score": 0.9212109989815759,
                "support": 5096.0
            },
            "1": {
                "precision": 0.8258992805755395,
                "recall": 0.4401840490797546,
                "f1-score": 0.5742871435717858,
                "support": 1304.0
            },
            "accuracy": 0.86703125,
            "macro avg": {
                "precision": 0.8489706744683132,
                "recall": 0.7082199680249637,
                "f1-score": 0.7477490712766808,
                "support": 6400.0
            },
            "weighted avg": {
                "precision": 0.8626404753497815,
                "recall": 0.86703125,
                "f1-score": 0.8505252634418312,
                "support": 6400.0
            },
            "cross-entropy": 0.3189167244140233,
            "roc-auc": 0.8793952883772668,
            "score": 0.86703125
        },
        "val": {
            "0": {
                "precision": 0.8707197763801537,
                "recall": 0.978021978021978,
                "f1-score": 0.921256931608133,
                "support": 1274.0
            },
            "1": {
                "precision": 0.834319526627219,
                "recall": 0.4325153374233129,
                "f1-score": 0.5696969696969697,
                "support": 326.0
            },
            "accuracy": 0.866875,
            "macro avg": {
                "precision": 0.8525196515036864,
                "recall": 0.7052686577226455,
                "f1-score": 0.7454769506525514,
                "support": 1600.0
            },
            "weighted avg": {
                "precision": 0.8633032254929934,
                "recall": 0.866875,
                "f1-score": 0.8496265893687336,
                "support": 1600.0
            },
            "cross-entropy": 0.3402541603884035,
            "roc-auc": 0.8591846365728925,
            "score": 0.866875
        },
        "test": {
            "0": {
                "precision": 0.863006100942873,
                "recall": 0.9767733835530445,
                "f1-score": 0.9163722025912838,
                "support": 1593.0
            },
            "1": {
                "precision": 0.8121827411167513,
                "recall": 0.3931203931203931,
                "f1-score": 0.5298013245033112,
                "support": 407.0
            },
            "accuracy": 0.858,
            "macro avg": {
                "precision": 0.8375944210298121,
                "recall": 0.6849468883367188,
                "f1-score": 0.7230867635472975,
                "support": 2000.0
            },
            "weighted avg": {
                "precision": 0.8526635472182572,
                "recall": 0.858,
                "f1-score": 0.8377050289003815,
                "support": 2000.0
            },
            "cross-entropy": 0.35242372112212283,
            "roc-auc": 0.8517623941352754,
            "score": 0.858
        }
    },
    "time": "0:00:12.866703",
    "chunk_size": null,
    "eval_batch_size": 32768
}