{
    "function": "bin.ensemble.main",
    "config": {
        "seeds": [
            5,
            6,
            7,
            8,
            9
        ],
        "data": {
            "path": "data/churn"
        }
    },
    "single_model_function": "bin.qtab.main",
    "prediction_type": "probs",
    "metrics": {
        "train": {
            "0": {
                "precision": 0.8750659862748549,
                "recall": 0.9758634222919937,
                "f1-score": 0.9227201039057427,
                "support": 5096.0
            },
            "1": {
                "precision": 0.8284518828451883,
                "recall": 0.455521472392638,
                "f1-score": 0.5878278080158338,
                "support": 1304.0
            },
            "accuracy": 0.86984375,
            "macro avg": {
                "precision": 0.8517589345600216,
                "recall": 0.7156924473423159,
                "f1-score": 0.7552739559607882,
                "support": 6400.0
            },
            "weighted avg": {
                "precision": 0.8655683627010603,
                "recall": 0.86984375,
                "f1-score": 0.8544857986181738,
                "support": 6400.0
            },
            "cross-entropy": 0.3165458956471475,
            "roc-auc": 0.8930712076595623,
            "score": 0.86984375
        },
        "val": {
            "0": {
                "precision": 0.8709902370990237,
                "recall": 0.9803767660910518,
                "f1-score": 0.9224519940915805,
                "support": 1274.0
            },
            "1": {
                "precision": 0.8493975903614458,
                "recall": 0.4325153374233129,
                "f1-score": 0.573170731707317,
                "support": 326.0
            },
            "accuracy": 0.86875,
            "macro avg": {
                "precision": 0.8601939137302348,
                "recall": 0.7064460517571823,
                "f1-score": 0.7478113628994487,
                "support": 1600.0
            },
            "weighted avg": {
                "precision": 0.8665907353262422,
                "recall": 0.86875,
                "f1-score": 0.8512859368807868,
                "support": 1600.0
            },
            "cross-entropy": 0.34285244073932974,
            "roc-auc": 0.8619680057015727,
            "score": 0.86875
        },
        "test": {
            "0": {
                "precision": 0.8658129175946548,
                "recall": 0.9761456371625863,
                "f1-score": 0.9176748303334317,
                "support": 1593.0
            },
            "1": {
                "precision": 0.8137254901960784,
                "recall": 0.40786240786240785,
                "f1-score": 0.5433715220949265,
                "support": 407.0
            },
            "accuracy": 0.8605,
            "macro avg": {
                "precision": 0.8397692038953666,
                "recall": 0.692004022512497,
                "f1-score": 0.7305231762141791,
                "support": 2000.0
            },
            "weighted avg": {
                "precision": 0.8552131261190445,
                "recall": 0.8605,
                "f1-score": 0.8415041071068958,
                "support": 2000.0
            },
            "cross-entropy": 0.349442116276511,
            "roc-auc": 0.8527340900222256,
            "score": 0.8605
        }
    }
}