{
    "function": "bin.model.main",
    "gpus": [
        "NVIDIA GeForce RTX 4090"
    ],
    "config": {
        "seed": 11,
        "batch_size": 64,
        "patience": 16,
        "n_epochs": -1,
        "gradient_clipping_norm": 1.0,
        "amp": true,
        "data": {
            "cache": true,
            "path": "data/classif-num-medium-0-kdd_ipums_la_97-small",
            "num_policy": "noisy-quantile"
        },
        "optimizer": {
            "type": "AdamW",
            "lr": 0.0008423829208901981,
            "weight_decay": 0.04064459946321458
        },
        "model": {
            "arch_type": "tabrmv2",
            "sample_rate": 0.34732729857014055,
            "k": 96,
            "backbone": {
                "n_blocks": 5,
                "d_block": 272,
                "dropout": 0.0
            },
            "num_embeddings": {
                "type": "PeriodicEmbeddings",
                "n_frequencies": 32,
                "d_embedding": 24,
                "frequency_init_scale": 0.0627303840105741,
                "lite": false
            }
        }
    },
    "n_parameters": 2679952,
    "prediction_type": "probs",
    "epoch_size": 57,
    "best_step": 855,
    "metrics": {
        "train": {
            "0": {
                "precision": 0.9696010132995567,
                "recall": 0.8366120218579235,
                "f1-score": 0.8982106189498387,
                "support": 1830.0
            },
            "1": {
                "precision": 0.8542884990253411,
                "recall": 0.9733481399222654,
                "f1-score": 0.9099403062548663,
                "support": 1801.0
            },
            "accuracy": 0.9044340402093087,
            "macro avg": {
                "precision": 0.911944756162449,
                "recall": 0.9049800808900945,
                "f1-score": 0.9040754626023525,
                "support": 3631.0
            },
            "weighted avg": {
                "precision": 0.9124052440327259,
                "recall": 0.9044340402093087,
                "f1-score": 0.9040286213834258,
                "support": 3631.0
            },
            "cross-entropy": 0.23743034102809843,
            "roc-auc": 0.9591958626506828,
            "score": 0.9044340402093087
        },
        "val": {
            "0": {
                "precision": 0.9547511312217195,
                "recall": 0.871900826446281,
                "f1-score": 0.9114470842332614,
                "support": 242.0
            },
            "1": {
                "precision": 0.8739837398373984,
                "recall": 0.9555555555555556,
                "f1-score": 0.9129511677282378,
                "support": 225.0
            },
            "accuracy": 0.9122055674518201,
            "macro avg": {
                "precision": 0.914367435529559,
                "recall": 0.9137281910009183,
                "f1-score": 0.9121991259807496,
                "support": 467.0
            },
            "weighted avg": {
                "precision": 0.9158375058224213,
                "recall": 0.9122055674518201,
                "f1-score": 0.9121717497286997,
                "support": 467.0
            },
            "cross-entropy": 0.2514323890270633,
            "roc-auc": 0.9553627180899907,
            "score": 0.9122055674518201
        },
        "test": {
            "0": {
                "precision": 0.9161290322580645,
                "recall": 0.8160919540229885,
                "f1-score": 0.8632218844984803,
                "support": 522.0
            },
            "1": {
                "precision": 0.8464,
                "recall": 0.9313380281690141,
                "f1-score": 0.886839899413244,
                "support": 568.0
            },
            "accuracy": 0.8761467889908257,
            "macro avg": {
                "precision": 0.8812645161290322,
                "recall": 0.8737149910960014,
                "f1-score": 0.8750308919558621,
                "support": 1090.0
            },
            "weighted avg": {
                "precision": 0.879793169576798,
                "recall": 0.8761467889908257,
                "f1-score": 0.8755292537384672,
                "support": 1090.0
            },
            "cross-entropy": 0.27957049394802563,
            "roc-auc": 0.9439486536074685,
            "score": 0.8761467889908257
        }
    },
    "time": "0:00:35.258247",
    "chunk_size": null,
    "eval_batch_size": 32768,
    "heads": [
        25
    ],
    "head_selection_time": "0:00:01.074533"
}