{
    "function": "bin.model.main",
    "gpus": [
        "NVIDIA GeForce RTX 4090"
    ],
    "config": {
        "seed": 7,
        "batch_size": 128,
        "patience": 16,
        "n_epochs": -1,
        "gradient_clipping_norm": 1.0,
        "amp": true,
        "data": {
            "cache": true,
            "path": "data/regression-num-medium-0-cpu_act",
            "num_policy": "noisy-quantile"
        },
        "optimizer": {
            "type": "AdamW",
            "lr": 0.0020707580208991607,
            "weight_decay": 0.001290713821714286
        },
        "model": {
            "arch_type": "tabm-mini",
            "k": 32,
            "share_training_batches": false,
            "backbone": {
                "type": "MLP",
                "n_blocks": 4,
                "d_block": 976,
                "dropout": 0.05406816583878223
            },
            "num_embeddings": {
                "type": "PiecewiseLinearEmbeddingsV2",
                "d_embedding": 8
            }
        },
        "bins": {
            "n_bins": 39
        }
    },
    "n_parameters": 3068960,
    "prediction_type": "labels",
    "epoch_size": 45,
    "best_step": 2295,
    "metrics": {
        "train": {
            "rmse": 0.7454707155699474,
            "mae": 0.575447142124176,
            "r2": 0.9983312420608966,
            "score": -0.7454707155699474
        },
        "val": {
            "rmse": 2.1972023645407375,
            "mae": 1.5772405862808228,
            "r2": 0.9857400287924675,
            "score": -2.1972023645407375
        },
        "test": {
            "rmse": 2.094659408524385,
            "mae": 1.4906139373779297,
            "r2": 0.9877138198788352,
            "score": -2.094659408524385
        }
    },
    "time": "0:00:36.864804",
    "chunk_size": null,
    "eval_batch_size": 32768
}