{
    "function": "bin.model.main",
    "gpus": [
        "NVIDIA GeForce RTX 4090"
    ],
    "config": {
        "seed": 9,
        "batch_size": 256,
        "patience": 16,
        "n_epochs": -1,
        "gradient_clipping_norm": 1.0,
        "amp": true,
        "data": {
            "cache": true,
            "path": "data/regression-cat-medium-1-Brazilian_houses",
            "num_policy": "noisy-quantile",
            "cat_policy": "ordinal"
        },
        "optimizer": {
            "type": "AdamW",
            "lr": 0.0005398412748941805,
            "weight_decay": 0.03336815037066883
        },
        "model": {
            "arch_type": "tabrmv2-mini",
            "sample_rate": 0.5469639150008572,
            "k": 48,
            "backbone": {
                "n_blocks": 1,
                "d_block": 384,
                "dropout": 0.0
            },
            "num_embeddings": {
                "type": "PeriodicEmbeddings",
                "n_frequencies": 80,
                "d_embedding": 16,
                "frequency_init_scale": 0.010985067653308585,
                "lite": false
            }
        }
    },
    "n_parameters": 1035824,
    "prediction_type": "labels",
    "epoch_size": 30,
    "best_step": 1260,
    "metrics": {
        "train": {
            "rmse": 0.10668840997041917,
            "mae": 0.057551901787519455,
            "r2": 0.9823968490720671,
            "score": -0.10668840997041917
        },
        "val": {
            "rmse": 0.1278843180453444,
            "mae": 0.059124041348695755,
            "r2": 0.9735988130847257,
            "score": -0.1278843180453444
        },
        "test": {
            "rmse": 0.08714512318148446,
            "mae": 0.05658388510346413,
            "r2": 0.9876262000530995,
            "score": -0.08714512318148446
        }
    },
    "time": "0:00:31.340943",
    "chunk_size": null,
    "eval_batch_size": 32768,
    "heads": [
        15
    ],
    "head_selection_time": "0:00:00.046129"
}