{
    "function": "bin.model.main",
    "gpus": [
        "NVIDIA GeForce RTX 4090"
    ],
    "config": {
        "seed": 8,
        "batch_size": 256,
        "patience": 16,
        "n_epochs": -1,
        "gradient_clipping_norm": 1.0,
        "amp": true,
        "data": {
            "cache": true,
            "path": "data/regression-cat-medium-0-house_sales",
            "num_policy": "noisy-quantile"
        },
        "optimizer": {
            "type": "AdamW",
            "lr": 7.479119958589417e-05,
            "weight_decay": 0.0
        },
        "model": {
            "arch_type": "tabrmv2",
            "sample_rate": 0.573490245106693,
            "k": 48,
            "backbone": {
                "n_blocks": 3,
                "d_block": 192,
                "dropout": 0.0
            },
            "num_embeddings": {
                "type": "PeriodicEmbeddings",
                "n_frequencies": 48,
                "d_embedding": 28,
                "frequency_init_scale": 0.051327622506788094,
                "lite": false
            }
        }
    },
    "n_parameters": 824676,
    "prediction_type": "labels",
    "epoch_size": 40,
    "best_step": 2000,
    "metrics": {
        "train": {
            "rmse": 0.18317184262501973,
            "mae": 0.134922593832016,
            "r2": 0.8794523456498788,
            "score": -0.18317184262501973
        },
        "val": {
            "rmse": 0.1928373476275238,
            "mae": 0.14005161821842194,
            "r2": 0.8673975371407314,
            "score": -0.1928373476275238
        },
        "test": {
            "rmse": 0.1910875645226725,
            "mae": 0.13866418600082397,
            "r2": 0.8671611050448933,
            "score": -0.1910875645226725
        }
    },
    "time": "0:00:52.542129",
    "chunk_size": null,
    "eval_batch_size": 32768,
    "heads": [
        14,
        0,
        13
    ],
    "head_selection_time": "0:00:00.135490"
}