{
    "function": "bin.model.main",
    "gpus": [
        "NVIDIA GeForce RTX 4090"
    ],
    "config": {
        "seed": 3,
        "batch_size": 256,
        "patience": 16,
        "n_epochs": -1,
        "gradient_clipping_norm": 1.0,
        "amp": true,
        "data": {
            "cache": true,
            "path": "data/regression-cat-medium-0-house_sales",
            "num_policy": "noisy-quantile"
        },
        "optimizer": {
            "type": "AdamW",
            "lr": 0.00018527142682131783,
            "weight_decay": 0.00038149463955134636
        },
        "model": {
            "arch_type": "tabrmv2",
            "sample_rate": 0.5572347966375351,
            "k": 32,
            "backbone": {
                "n_blocks": 2,
                "d_block": 320,
                "dropout": 0.0
            },
            "num_embeddings": {
                "type": "PiecewiseLinearEmbeddingsV2",
                "d_embedding": 28
            }
        },
        "bins": {
            "n_bins": 84
        }
    },
    "n_parameters": 1341012,
    "prediction_type": "labels",
    "epoch_size": 40,
    "best_step": 1400,
    "metrics": {
        "train": {
            "rmse": 0.1783812039752659,
            "mae": 0.13179239630699158,
            "r2": 0.8856754499163584,
            "score": -0.1783812039752659
        },
        "val": {
            "rmse": 0.19290554849486885,
            "mae": 0.13848018646240234,
            "r2": 0.8673037425206781,
            "score": -0.19290554849486885
        },
        "test": {
            "rmse": 0.1895939608274551,
            "mae": 0.13906021416187286,
            "r2": 0.86922961633914,
            "score": -0.1895939608274551
        }
    },
    "time": "0:00:45.697228",
    "chunk_size": null,
    "eval_batch_size": 32768,
    "heads": [
        3,
        0,
        1,
        0,
        27
    ],
    "head_selection_time": "0:00:00.141183"
}