{
    "function": "bin.model.main",
    "gpus": [
        "NVIDIA GeForce RTX 4090"
    ],
    "config": {
        "seed": 13,
        "batch_size": 256,
        "patience": 16,
        "n_epochs": -1,
        "gradient_clipping_norm": 1.0,
        "amp": true,
        "data": {
            "cache": true,
            "path": "data/regression-cat-medium-0-OnlineNewsPopularity",
            "num_policy": "noisy-quantile"
        },
        "optimizer": {
            "type": "AdamW",
            "lr": 4.23993439985612e-05,
            "weight_decay": 0.013000197419728656
        },
        "model": {
            "arch_type": "tabrmv3",
            "sample_rate": 0.5586865022675959,
            "k": 4,
            "backbone": {
                "ensemble_type": "mini",
                "context_size": 64,
                "n_blocks": 1,
                "d_block": 1024,
                "dropout": 0.2829317990177435
            },
            "num_embeddings": {
                "type": "PeriodicEmbeddings",
                "n_frequencies": 48,
                "d_embedding": 16,
                "frequency_init_scale": 0.17022049112537807,
                "lite": false
            }
        }
    },
    "n_parameters": 6100292,
    "prediction_type": "labels",
    "epoch_size": 40,
    "best_step": 800,
    "metrics": {
        "train": {
            "rmse": 0.8180084568649791,
            "mae": 0.6047870516777039,
            "r2": 0.22710864047428858,
            "score": -0.8180084568649791
        },
        "val": {
            "rmse": 0.853690541935112,
            "mae": 0.634776771068573,
            "r2": 0.13569578023438023,
            "score": -0.853690541935112
        },
        "test": {
            "rmse": 0.8699091909962982,
            "mae": 0.6425309777259827,
            "r2": 0.13274953295027347,
            "score": -0.8699091909962982
        }
    },
    "time": "0:01:52.472932",
    "chunk_size": null,
    "eval_batch_size": 32768,
    "heads": [
        0
    ],
    "head_selection_time": "0:00:00.002616"
}