{
    "function": "bin.model.main",
    "gpus": [
        "NVIDIA GeForce RTX 4090"
    ],
    "config": {
        "seed": 14,
        "batch_size": 32,
        "patience": 16,
        "n_epochs": -1,
        "gradient_clipping_norm": 1.0,
        "amp": true,
        "data": {
            "cache": true,
            "path": "data/classif-num-medium-1-phoneme",
            "num_policy": "noisy-quantile"
        },
        "optimizer": {
            "type": "AdamW",
            "lr": 0.0020259843283051,
            "weight_decay": 0.0
        },
        "model": {
            "arch_type": "taba",
            "k": 128,
            "share_training_batches": false,
            "backbone": {
                "type": "MLP",
                "n_blocks": 9,
                "d_block": 848,
                "dropout": 0.03971339938026372
            },
            "num_embeddings": {
                "type": "PiecewiseLinearEmbeddingsV2",
                "d_embedding": 24
            }
        },
        "bins": {
            "n_bins": 14
        }
    },
    "n_parameters": 2181512,
    "prediction_type": "probs",
    "epoch_size": 70,
    "best_step": 4340,
    "metrics": {
        "train": {
            "0": {
                "precision": 1.0,
                "recall": 0.9990892531876139,
                "f1-score": 0.9995444191343964,
                "support": 1098.0
            },
            "1": {
                "precision": 0.9991095280498664,
                "recall": 1.0,
                "f1-score": 0.9995545657015591,
                "support": 1122.0
            },
            "accuracy": 0.9995495495495496,
            "macro avg": {
                "precision": 0.9995547640249332,
                "recall": 0.9995446265938069,
                "f1-score": 0.9995494924179777,
                "support": 2220.0
            },
            "weighted avg": {
                "precision": 0.9995499506630404,
                "recall": 0.9995495495495496,
                "f1-score": 0.9995495472642868,
                "support": 2220.0
            },
            "cross-entropy": 0.016354266538906526,
            "roc-auc": 1.0,
            "score": 0.9995495495495496
        },
        "val": {
            "0": {
                "precision": 0.9315068493150684,
                "recall": 0.9006622516556292,
                "f1-score": 0.9158249158249159,
                "support": 151.0
            },
            "1": {
                "precision": 0.8920863309352518,
                "recall": 0.9253731343283582,
                "f1-score": 0.9084249084249084,
                "support": 134.0
            },
            "accuracy": 0.9122807017543859,
            "macro avg": {
                "precision": 0.9117965901251601,
                "recall": 0.9130176929919938,
                "f1-score": 0.9121249121249122,
                "support": 285.0
            },
            "weighted avg": {
                "precision": 0.9129722897961371,
                "recall": 0.9122807017543859,
                "f1-score": 0.9123456141000001,
                "support": 285.0
            },
            "cross-entropy": 0.3707383316704525,
            "roc-auc": 0.9510230305426509,
            "score": 0.9122807017543859
        },
        "test": {
            "0": {
                "precision": 0.9140127388535032,
                "recall": 0.8516320474777448,
                "f1-score": 0.8817204301075269,
                "support": 337.0
            },
            "1": {
                "precision": 0.8583569405099151,
                "recall": 0.9181818181818182,
                "f1-score": 0.8872620790629575,
                "support": 330.0
            },
            "accuracy": 0.8845577211394303,
            "macro avg": {
                "precision": 0.8861848396817091,
                "recall": 0.8849069328297815,
                "f1-score": 0.8844912545852421,
                "support": 667.0
            },
            "weighted avg": {
                "precision": 0.8864768865995541,
                "recall": 0.8845577211394303,
                "f1-score": 0.884462175467785,
                "support": 667.0
            },
            "cross-entropy": 0.4023187266920576,
            "roc-auc": 0.9503506878877799,
            "score": 0.8845577211394303
        }
    },
    "time": "0:00:55.977878",
    "chunk_size": null,
    "eval_batch_size": 32768
}