{
    "function": "bin.model.main",
    "gpus": [
        "NVIDIA GeForce RTX 4090"
    ],
    "config": {
        "seed": 10,
        "batch_size": 32,
        "patience": 16,
        "n_epochs": -1,
        "amp": true,
        "data": {
            "cache": true,
            "path": "data/classif-num-medium-1-phoneme",
            "num_policy": "noisy-quantile"
        },
        "optimizer": {
            "type": "AdamW",
            "lr": 0.0003135172108996364,
            "weight_decay": 7.46234555612828e-06
        },
        "model": {
            "aux_loss_weight": 0.7494864891970955,
            "arch_type": "retransformer",
            "k": 1,
            "context_size": 96,
            "d_main": 62,
            "context_dropout": 0.2958119871709607,
            "d_multiplier": 2.0,
            "encoder_n_blocks": 1,
            "predictor_n_blocks": 2,
            "mixer_normalization": "auto",
            "dropout0": 0.0,
            "dropout1": 0.0,
            "normalization": "LayerNorm",
            "activation": "ReLU",
            "num_embeddings": {
                "type": "PeriodicEmbeddings",
                "n_frequencies": 83,
                "frequency_init_scale": 0.48113280860180163,
                "d_embedding": 32,
                "lite": true
            }
        }
    },
    "n_parameters": 114573,
    "prediction_type": "probs",
    "epoch_size": 70,
    "best_step": 2310,
    "metrics": {
        "train": {
            "0": {
                "precision": 0.9845594913714805,
                "recall": 0.9872495446265938,
                "f1-score": 0.9859026830377444,
                "support": 1098.0
            },
            "1": {
                "precision": 0.9874888293118856,
                "recall": 0.9848484848484849,
                "f1-score": 0.9861668897813476,
                "support": 1122.0
            },
            "accuracy": 0.9860360360360361,
            "macro avg": {
                "precision": 0.986024160341683,
                "recall": 0.9860490147375394,
                "f1-score": 0.986034786409546,
                "support": 2220.0
            },
            "weighted avg": {
                "precision": 0.9860399946008204,
                "recall": 0.9860360360360361,
                "f1-score": 0.986036214554106,
                "support": 2220.0
            },
            "cross-entropy": 0.03938626478927838,
            "roc-auc": 0.9990186337823753,
            "score": 0.9860360360360361
        },
        "val": {
            "0": {
                "precision": 0.896774193548387,
                "recall": 0.9205298013245033,
                "f1-score": 0.9084967320261438,
                "support": 151.0
            },
            "1": {
                "precision": 0.9076923076923077,
                "recall": 0.8805970149253731,
                "f1-score": 0.8939393939393939,
                "support": 134.0
            },
            "accuracy": 0.9017543859649123,
            "macro avg": {
                "precision": 0.9022332506203474,
                "recall": 0.9005634081249383,
                "f1-score": 0.9012180629827689,
                "support": 285.0
            },
            "weighted avg": {
                "precision": 0.9019076226546515,
                "recall": 0.9017543859649123,
                "f1-score": 0.9016522292064086,
                "support": 285.0
            },
            "cross-entropy": 0.43610081438123044,
            "roc-auc": 0.9474399525551053,
            "score": 0.9017543859649123
        },
        "test": {
            "0": {
                "precision": 0.8919753086419753,
                "recall": 0.857566765578635,
                "f1-score": 0.8744326777609682,
                "support": 337.0
            },
            "1": {
                "precision": 0.8600583090379009,
                "recall": 0.8939393939393939,
                "f1-score": 0.8766716196136702,
                "support": 330.0
            },
            "accuracy": 0.8755622188905547,
            "macro avg": {
                "precision": 0.876016808839938,
                "recall": 0.8757530797590145,
                "f1-score": 0.8755521486873192,
                "support": 667.0
            },
            "weighted avg": {
                "precision": 0.8761842893476057,
                "recall": 0.8755622188905547,
                "f1-score": 0.8755404001168777,
                "support": 667.0
            },
            "cross-entropy": 0.5012846024314456,
            "roc-auc": 0.9372133800917184,
            "score": 0.8755622188905547
        }
    },
    "time": "0:01:20.507163",
    "chunk_size": null,
    "eval_batch_size": 32768
}