{
    "function": "bin.model.main",
    "gpus": [
        "NVIDIA GeForce RTX 4090"
    ],
    "config": {
        "seed": 14,
        "batch_size": 128,
        "patience": 16,
        "n_epochs": -1,
        "gradient_clipping_norm": 1.0,
        "amp": true,
        "data": {
            "cache": true,
            "path": "data/regression-num-medium-1-cpu_act",
            "num_policy": "noisy-quantile"
        },
        "optimizer": {
            "type": "AdamW",
            "lr": 0.0016920464675997517,
            "weight_decay": 0.04770188778753576
        },
        "model": {
            "arch_type": "tabm-mini",
            "k": 32,
            "share_training_batches": false,
            "backbone": {
                "type": "MLP",
                "n_blocks": 4,
                "d_block": 512,
                "dropout": 0.0
            },
            "num_embeddings": {
                "type": "PiecewiseLinearEmbeddingsV2",
                "d_embedding": 12
            }
        },
        "bins": {
            "n_bins": 4
        }
    },
    "n_parameters": 943244,
    "prediction_type": "labels",
    "epoch_size": 45,
    "best_step": 4905,
    "metrics": {
        "train": {
            "rmse": 1.295408223737015,
            "mae": 0.9814014434814453,
            "r2": 0.994760463418404,
            "score": -1.295408223737015
        },
        "val": {
            "rmse": 2.199565744890334,
            "mae": 1.5614264011383057,
            "r2": 0.9892091435320541,
            "score": -2.199565744890334
        },
        "test": {
            "rmse": 2.4036874378332986,
            "mae": 1.6869804859161377,
            "r2": 0.9835758546061374,
            "score": -2.4036874378332986
        }
    },
    "time": "0:01:04.124847",
    "chunk_size": null,
    "eval_batch_size": 32768,
    "heads": [
        10
    ],
    "head_selection_time": "0:00:00.029911"
}