{
    "function": "bin.ensemble.main",
    "config": {
        "seeds": [
            0,
            1,
            2,
            3,
            4
        ],
        "data": {
            "path": "data/otto"
        }
    },
    "single_model_function": "bin.model.main",
    "prediction_type": "probs",
    "metrics": {
        "train": {
            "0": {
                "precision": 0.9701230228471002,
                "recall": 0.8939271255060729,
                "f1-score": 0.9304677623261695,
                "support": 1235.0
            },
            "1": {
                "precision": 0.8378136200716846,
                "recall": 0.906183368869936,
                "f1-score": 0.8706583480771021,
                "support": 10318.0
            },
            "2": {
                "precision": 0.7671027235685182,
                "recall": 0.6983600156188988,
                "f1-score": 0.7311190597853857,
                "support": 5122.0
            },
            "3": {
                "precision": 0.9223300970873787,
                "recall": 0.7723577235772358,
                "f1-score": 0.8407079646017699,
                "support": 1722.0
            },
            "4": {
                "precision": 0.9885974914481186,
                "recall": 0.9891614375356532,
                "f1-score": 0.988879384088965,
                "support": 1753.0
            },
            "5": {
                "precision": 0.990128660159716,
                "recall": 0.9868450143709927,
                "f1-score": 0.9884841102867898,
                "support": 9046.0
            },
            "6": {
                "precision": 0.9255610290093049,
                "recall": 0.9306549257017062,
                "f1-score": 0.9281009879253569,
                "support": 1817.0
            },
            "7": {
                "precision": 0.986856719733432,
                "recall": 0.9841240539043751,
                "f1-score": 0.9854884924669562,
                "support": 5417.0
            },
            "8": {
                "precision": 0.9637386683338544,
                "recall": 0.9722485020498266,
                "f1-score": 0.9679748822605967,
                "support": 3171.0
            },
            "accuracy": 0.9122749425519557,
            "macro avg": {
                "precision": 0.9280280035843452,
                "recall": 0.9037624630149664,
                "f1-score": 0.9146534435354545,
                "support": 39601.0
            },
            "weighted avg": {
                "precision": 0.9124338593097175,
                "recall": 0.9122749425519557,
                "f1-score": 0.9114568645630624,
                "support": 39601.0
            },
            "cross-entropy": 0.22850020247120845,
            "score": 0.9122749425519557
        },
        "val": {
            "0": {
                "precision": 0.7184873949579832,
                "recall": 0.5551948051948052,
                "f1-score": 0.6263736263736264,
                "support": 308.0
            },
            "1": {
                "precision": 0.7599436818021823,
                "recall": 0.8368217054263566,
                "f1-score": 0.7965320051650987,
                "support": 2580.0
            },
            "2": {
                "precision": 0.6194539249146758,
                "recall": 0.5667447306791569,
                "f1-score": 0.5919282511210763,
                "support": 1281.0
            },
            "3": {
                "precision": 0.7376543209876543,
                "recall": 0.5545243619489559,
                "f1-score": 0.633112582781457,
                "support": 431.0
            },
            "4": {
                "precision": 0.9792147806004619,
                "recall": 0.9680365296803652,
                "f1-score": 0.9735935706084959,
                "support": 438.0
            },
            "5": {
                "precision": 0.949508489722967,
                "recall": 0.9394341290893015,
                "f1-score": 0.9444444444444444,
                "support": 2262.0
            },
            "6": {
                "precision": 0.737417943107221,
                "recall": 0.7422907488986784,
                "f1-score": 0.7398463227222832,
                "support": 454.0
            },
            "7": {
                "precision": 0.9137931034482759,
                "recall": 0.9394387001477105,
                "f1-score": 0.9264384559359068,
                "support": 1354.0
            },
            "8": {
                "precision": 0.8672456575682382,
                "recall": 0.8814627994955864,
                "f1-score": 0.874296435272045,
                "support": 793.0
            },
            "accuracy": 0.8233511766488234,
            "macro avg": {
                "precision": 0.8091910330121844,
                "recall": 0.7759942789512129,
                "f1-score": 0.7896184104916038,
                "support": 9901.0
            },
            "weighted avg": {
                "precision": 0.8211162508035227,
                "recall": 0.8233511766488234,
                "f1-score": 0.8206726142205494,
                "support": 9901.0
            },
            "cross-entropy": 0.4955505632652239,
            "score": 0.8233511766488234
        },
        "test": {
            "0": {
                "precision": 0.6878980891719745,
                "recall": 0.5595854922279793,
                "f1-score": 0.6171428571428571,
                "support": 386.0
            },
            "1": {
                "precision": 0.7634194831013916,
                "recall": 0.8337468982630273,
                "f1-score": 0.7970348406226835,
                "support": 3224.0
            },
            "2": {
                "precision": 0.6174825174825175,
                "recall": 0.551530293566521,
                "f1-score": 0.5826459914219728,
                "support": 1601.0
            },
            "3": {
                "precision": 0.7090909090909091,
                "recall": 0.5799256505576208,
                "f1-score": 0.6380368098159509,
                "support": 538.0
            },
            "4": {
                "precision": 0.9762340036563071,
                "recall": 0.9744525547445255,
                "f1-score": 0.9753424657534246,
                "support": 548.0
            },
            "5": {
                "precision": 0.9484827099505999,
                "recall": 0.9508312698974177,
                "f1-score": 0.949655537890832,
                "support": 2827.0
            },
            "6": {
                "precision": 0.7482394366197183,
                "recall": 0.7482394366197183,
                "f1-score": 0.7482394366197184,
                "support": 568.0
            },
            "7": {
                "precision": 0.9211764705882353,
                "recall": 0.9249852333136445,
                "f1-score": 0.923076923076923,
                "support": 1693.0
            },
            "8": {
                "precision": 0.863013698630137,
                "recall": 0.8900100908173562,
                "f1-score": 0.8763040238450074,
                "support": 991.0
            },
            "accuracy": 0.8236910148674854,
            "macro avg": {
                "precision": 0.8038930353657545,
                "recall": 0.7792563244453123,
                "f1-score": 0.7897198762432632,
                "support": 12376.0
            },
            "weighted avg": {
                "precision": 0.8203788534746315,
                "recall": 0.8236910148674854,
                "f1-score": 0.8208862233534361,
                "support": 12376.0
            },
            "cross-entropy": 0.4950104298064771,
            "score": 0.8236910148674854
        }
    }
}