{
    "function": "bin.ensemble.main",
    "config": {
        "seeds": [
            0,
            1,
            2,
            3,
            4
        ],
        "data": {
            "path": "data/regression-cat-medium-0-OnlineNewsPopularity"
        }
    },
    "single_model_function": "bin.model.main",
    "prediction_type": "labels",
    "metrics": {
        "train": {
            "rmse": 0.8306195456825901,
            "mae": 0.6108691692352295,
            "r2": 0.20309397378200333,
            "score": -0.8306195456825901
        },
        "val": {
            "rmse": 0.8420929001030837,
            "mae": 0.6223472952842712,
            "r2": 0.15901991914425295,
            "score": -0.8420929001030837
        },
        "test": {
            "rmse": 0.8602902133991146,
            "mae": 0.6318933963775635,
            "r2": 0.15182274999432677,
            "score": -0.8602902133991146
        }
    }
}