{
    "function": "bin.model.main",
    "gpus": [
        "NVIDIA GeForce RTX 4090"
    ],
    "config": {
        "seed": 7,
        "batch_size": 512,
        "patience": 16,
        "n_epochs": -1,
        "gradient_clipping_norm": 1.0,
        "amp": true,
        "data": {
            "cache": true,
            "path": "data/regression-num-large-0-year",
            "num_policy": "noisy-quantile"
        },
        "optimizer": {
            "type": "AdamW",
            "lr": 0.00020145596195589001,
            "weight_decay": 0.0
        },
        "model": {
            "p": 63,
            "arch_type": "tabm-rankp",
            "k": 32,
            "share_training_batches": false,
            "backbone": {
                "type": "MLP",
                "n_blocks": 4,
                "d_block": 864,
                "dropout": 0.0
            },
            "num_embeddings": {
                "type": "PiecewiseLinearEmbeddingsV2",
                "d_embedding": 16
            }
        },
        "bins": {
            "n_bins": 2
        }
    },
    "n_parameters": 15478016,
    "prediction_type": "labels",
    "epoch_size": 98,
    "best_step": 4998,
    "metrics": {
        "train": {
            "rmse": 8.367077624599535,
            "mae": 5.870213985443115,
            "r2": 0.42048059641924207,
            "score": -8.367077624599535
        },
        "val": {
            "rmse": 8.870467627067447,
            "mae": 6.169399261474609,
            "r2": 0.3183626614036277,
            "score": -8.870467627067447
        },
        "test": {
            "rmse": 8.93365780065583,
            "mae": 6.173069953918457,
            "r2": 0.3279690261286846,
            "score": -8.93365780065583
        }
    },
    "time": "0:02:08.061486",
    "chunk_size": null,
    "eval_batch_size": 32768
}