{
    "function": "bin.qtabformerv3.main",
    "gpus": [
        "NVIDIA GeForce RTX 4090"
    ],
    "config": {
        "seed": 3,
        "batch_size": 512,
        "patience": 16,
        "n_epochs": -1,
        "amp": true,
        "data": {
            "cache": true,
            "path": "data/regression-num-medium-0-medical_charges",
            "num_policy": "noisy-quantile"
        },
        "optimizer": {
            "type": "AdamW",
            "lr": 0.00017059556138553162,
            "weight_decay": 2.0475503165660704e-05
        },
        "model": {
            "temperature": 0.15,
            "use_mlp_head": false,
            "use_key_as_value": true,
            "encoder_n_blocks": 1,
            "distance_metric": "cossim",
            "momentum": 0.999,
            "queue_ratio": 64,
            "d_main": 32,
            "d_multiplier": 2.0,
            "mixer_normalization": "auto",
            "dropout0": 0.0,
            "dropout1": 0.0,
            "normalization": "LayerNorm",
            "activation": "ReLU",
            "num_embeddings": {
                "type": "PeriodicEmbeddings",
                "n_frequencies": 96,
                "frequency_init_scale": 0.049255932586041246,
                "d_embedding": 41,
                "lite": true
            }
        }
    },
    "n_parameters": 18634,
    "prediction_type": "labels",
    "epoch_size": 20,
    "best_step": 400,
    "metrics": {
        "train": {
            "rmse": 0.08041821346541272,
            "mae": 0.05115119367837906,
            "r2": 0.9793519804178299,
            "score": -0.08041821346541272
        },
        "val": {
            "rmse": 0.08321604975306508,
            "mae": 0.05166497826576233,
            "r2": 0.9784335803865075,
            "score": -0.08321604975306508
        },
        "test": {
            "rmse": 0.0825647055541044,
            "mae": 0.0514034777879715,
            "r2": 0.9788207751497965,
            "score": -0.0825647055541044
        }
    },
    "time": "0:00:11.031511",
    "chunk_size": null,
    "eval_batch_size": 32768
}