{
    "function": "bin.ensemble.main",
    "config": {
        "seeds": [
            5,
            6,
            7,
            8,
            9
        ],
        "data": {
            "path": "data/adult"
        }
    },
    "single_model_function": "bin.model.main",
    "prediction_type": "probs",
    "metrics": {
        "train": {
            "0": {
                "precision": 0.9049023399729259,
                "recall": 0.9464981036662452,
                "f1-score": 0.925232951877209,
                "support": 19775.0
            },
            "1": {
                "precision": 0.8027591349739001,
                "recall": 0.6864339231627611,
                "f1-score": 0.740053278336341,
                "support": 6273.0
            },
            "accuracy": 0.8838682432432432,
            "macro avg": {
                "precision": 0.853830737473413,
                "recall": 0.8164660134145032,
                "f1-score": 0.832643115106775,
                "support": 26048.0
            },
            "weighted avg": {
                "precision": 0.8803037402739513,
                "recall": 0.8838682432432432,
                "f1-score": 0.8806371252447663,
                "support": 26048.0
            },
            "cross-entropy": 0.27122673359572785,
            "roc-auc": 0.9399869083542475,
            "score": 0.8838682432432432
        },
        "val": {
            "0": {
                "precision": 0.8941062801932367,
                "recall": 0.9356926188068756,
                "f1-score": 0.9144268774703557,
                "support": 4945.0
            },
            "1": {
                "precision": 0.7623318385650224,
                "recall": 0.6505102040816326,
                "f1-score": 0.7019958706125258,
                "support": 1568.0
            },
            "accuracy": 0.8670351604483341,
            "macro avg": {
                "precision": 0.8282190593791295,
                "recall": 0.7931014114442541,
                "f1-score": 0.8082113740414407,
                "support": 6513.0
            },
            "weighted avg": {
                "precision": 0.8623816794757424,
                "recall": 0.8670351604483341,
                "f1-score": 0.8632842674975203,
                "support": 6513.0
            },
            "cross-entropy": 0.29931560246273126,
            "roc-auc": 0.9225048234662925,
            "score": 0.8670351604483341
        },
        "test": {
            "0": {
                "precision": 0.891377723227984,
                "recall": 0.9344591877764374,
                "f1-score": 0.9124101919830395,
                "support": 12435.0
            },
            "1": {
                "precision": 0.74884437596302,
                "recall": 0.6318252730109204,
                "f1-score": 0.6853758285150189,
                "support": 3846.0
            },
            "accuracy": 0.8629691050918248,
            "macro avg": {
                "precision": 0.820111049595502,
                "recall": 0.7831422303936789,
                "f1-score": 0.7988930102490293,
                "support": 16281.0
            },
            "weighted avg": {
                "precision": 0.8577076013938797,
                "recall": 0.8629691050918248,
                "f1-score": 0.8587787097707672,
                "support": 16281.0
            },
            "cross-entropy": 0.30592278177876925,
            "roc-auc": 0.9167866248224517,
            "score": 0.8629691050918248
        }
    }
}