{
    "function": "bin.model.main",
    "gpus": [
        "NVIDIA GeForce RTX 4090"
    ],
    "config": {
        "seed": 4,
        "batch_size": 256,
        "patience": 16,
        "n_epochs": -1,
        "amp": true,
        "data": {
            "cache": true,
            "path": "data/house",
            "num_policy": "noisy-quantile"
        },
        "optimizer": {
            "type": "AdamW",
            "lr": 0.00039174401588581466,
            "weight_decay": 3.7410623084950296e-05
        },
        "model": {
            "is_multihead": true,
            "arch_type": "tabr-pln",
            "k": 32,
            "context_size": 96,
            "d_main": 105,
            "context_dropout": 0.37041619846389423,
            "d_multiplier": 2.0,
            "encoder_n_blocks": 1,
            "predictor_n_blocks": 2,
            "mixer_normalization": "auto",
            "dropout0": 0.5323893131880799,
            "dropout1": 0.0,
            "normalization": "LayerNorm",
            "activation": "ReLU",
            "num_embeddings": {
                "type": "PeriodicEmbeddings",
                "n_frequencies": 31,
                "frequency_init_scale": 0.04131648243371671,
                "d_embedding": 37,
                "lite": true
            }
        }
    },
    "n_parameters": 277749,
    "prediction_type": "labels",
    "epoch_size": 57,
    "best_step": 3249,
    "metrics": {
        "train": {
            "rmse": 22459.42759733649,
            "mae": 12282.5283203125,
            "r2": 0.814244044307886,
            "score": -22459.42759733649
        },
        "val": {
            "rmse": 27656.02661265714,
            "mae": 13923.3779296875,
            "r2": 0.7433353219174808,
            "score": -27656.02661265714
        },
        "test": {
            "rmse": 30768.08528329314,
            "mae": 14688.923828125,
            "r2": 0.6720793539429855,
            "score": -30768.08528329314
        }
    },
    "time": "0:01:23.163801",
    "chunk_size": null,
    "eval_batch_size": 32768
}