{
    "function": "bin.model.main",
    "gpus": [
        "NVIDIA GeForce RTX 4090"
    ],
    "config": {
        "seed": 10,
        "batch_size": 64,
        "patience": 16,
        "n_epochs": -1,
        "amp": true,
        "data": {
            "cache": true,
            "path": "data/classif-cat-medium-0-KDDCup09_upselling",
            "num_policy": "noisy-quantile",
            "cat_policy": "ordinal"
        },
        "optimizer": {
            "type": "AdamW",
            "lr": 0.00022605698513154763,
            "weight_decay": 0.0
        },
        "model": {
            "arch_type": "tabr-pln",
            "k": 32,
            "context_size": 96,
            "d_main": 262,
            "context_dropout": 0.17364365576832066,
            "d_multiplier": 2.0,
            "encoder_n_blocks": 0,
            "predictor_n_blocks": 2,
            "mixer_normalization": "auto",
            "dropout0": 0.002817285715528239,
            "dropout1": 0.0,
            "normalization": "LayerNorm",
            "activation": "ReLU",
            "num_embeddings": {
                "type": "PeriodicEmbeddings",
                "n_frequencies": 70,
                "frequency_init_scale": 0.12023527271263165,
                "d_embedding": 52,
                "lite": true
            }
        }
    },
    "n_parameters": 1420584,
    "prediction_type": "probs",
    "epoch_size": 57,
    "best_step": 912,
    "metrics": {
        "train": {
            "0": {
                "precision": 0.8288770053475936,
                "recall": 0.858250276854928,
                "f1-score": 0.8433079434167573,
                "support": 1806.0
            },
            "1": {
                "precision": 0.8510762070971495,
                "recall": 0.820527201346046,
                "f1-score": 0.8355225585379782,
                "support": 1783.0
            },
            "accuracy": 0.839509612705489,
            "macro avg": {
                "precision": 0.8399766062223715,
                "recall": 0.8393887391004871,
                "f1-score": 0.8394152509773678,
                "support": 3589.0
            },
            "weighted avg": {
                "precision": 0.8399054747595351,
                "recall": 0.839509612705489,
                "f1-score": 0.8394401971813538,
                "support": 3589.0
            },
            "cross-entropy": 0.30532080116693544,
            "roc-auc": 0.9383660062519836,
            "score": 0.839509612705489
        },
        "val": {
            "0": {
                "precision": 0.7610619469026548,
                "recall": 0.8269230769230769,
                "f1-score": 0.7926267281105989,
                "support": 208.0
            },
            "1": {
                "precision": 0.8454935622317596,
                "recall": 0.7848605577689243,
                "f1-score": 0.8140495867768595,
                "support": 251.0
            },
            "accuracy": 0.803921568627451,
            "macro avg": {
                "precision": 0.8032777545672072,
                "recall": 0.8058918173460006,
                "f1-score": 0.8033381574437292,
                "support": 459.0
            },
            "weighted avg": {
                "precision": 0.8072326123658472,
                "recall": 0.803921568627451,
                "f1-score": 0.8043416246797305,
                "support": 459.0
            },
            "cross-entropy": 0.3680670947236345,
            "roc-auc": 0.9048517468587189,
            "score": 0.803921568627451
        },
        "test": {
            "0": {
                "precision": 0.791814946619217,
                "recall": 0.8120437956204379,
                "f1-score": 0.8018018018018018,
                "support": 548.0
            },
            "1": {
                "precision": 0.7996108949416343,
                "recall": 0.7784090909090909,
                "f1-score": 0.7888675623800383,
                "support": 528.0
            },
            "accuracy": 0.7955390334572491,
            "macro avg": {
                "precision": 0.7957129207804257,
                "recall": 0.7952264432647644,
                "f1-score": 0.7953346820909201,
                "support": 1076.0
            },
            "weighted avg": {
                "precision": 0.795640467729102,
                "recall": 0.7955390334572491,
                "f1-score": 0.7954548887769959,
                "support": 1076.0
            },
            "cross-entropy": 0.41122303504210894,
            "roc-auc": 0.8941571278478212,
            "score": 0.7955390334572491
        }
    },
    "time": "0:00:37.992977",
    "chunk_size": null,
    "eval_batch_size": 32768,
    "heads": [
        0
    ],
    "head_selection_time": "0:00:00.190201"
}