{
    "function": "bin.model.main",
    "gpus": [
        "NVIDIA GeForce RTX 4090"
    ],
    "config": {
        "seed": 4,
        "batch_size": 256,
        "patience": 16,
        "n_epochs": -1,
        "gradient_clipping_norm": 1.0,
        "amp": true,
        "data": {
            "cache": true,
            "path": "data/adult",
            "num_policy": "noisy-quantile",
            "cat_policy": "ordinal"
        },
        "optimizer": {
            "type": "AdamW",
            "lr": 4.735754917598464e-05,
            "weight_decay": 0.0
        },
        "model": {
            "arch_type": "tabrmv3",
            "sample_rate": 0.5847909696773961,
            "k": 8,
            "backbone": {
                "embed_type": "tabr",
                "ensemble_type": "mini-resnet",
                "context_shuffle": false,
                "context_size": 64,
                "encoder_n_blocks": 0,
                "n_blocks": 2,
                "d_block": 512,
                "dropout": 0.45063365984535486
            },
            "num_embeddings": {
                "type": "PeriodicEmbeddings",
                "n_frequencies": 36,
                "d_embedding": 24,
                "frequency_init_scale": 7.282568477315642,
                "lite": false
            }
        }
    },
    "n_parameters": 1727992,
    "prediction_type": "probs",
    "epoch_size": 102,
    "best_step": 1326,
    "metrics": {
        "train": {
            "0": {
                "precision": 0.8860045146726863,
                "recall": 0.9527180783817952,
                "f1-score": 0.9181510270718098,
                "support": 19775.0
            },
            "1": {
                "precision": 0.804556856187291,
                "recall": 0.6135820181731229,
                "f1-score": 0.6962105453558832,
                "support": 6273.0
            },
            "accuracy": 0.8710457616707616,
            "macro avg": {
                "precision": 0.8452806854299886,
                "recall": 0.783150048277459,
                "f1-score": 0.8071807862138465,
                "support": 26048.0
            },
            "weighted avg": {
                "precision": 0.8663899123355056,
                "recall": 0.8710457616707616,
                "f1-score": 0.8647022923588181,
                "support": 26048.0
            },
            "cross-entropy": 0.2822753217895385,
            "roc-auc": 0.9274950518375564,
            "score": 0.8710457616707616
        },
        "val": {
            "0": {
                "precision": 0.8846009036144579,
                "recall": 0.9502527805864509,
                "f1-score": 0.9162523154918593,
                "support": 4945.0
            },
            "1": {
                "precision": 0.7951706910907577,
                "recall": 0.6090561224489796,
                "f1-score": 0.6897797038642108,
                "support": 1568.0
            },
            "accuracy": 0.8681099339781975,
            "macro avg": {
                "precision": 0.8398857973526077,
                "recall": 0.7796544515177153,
                "f1-score": 0.803016009678035,
                "support": 6513.0
            },
            "weighted avg": {
                "precision": 0.8630706451717798,
                "recall": 0.8681099339781975,
                "f1-score": 0.8617291994113813,
                "support": 6513.0
            },
            "cross-entropy": 0.2967379732526901,
            "roc-auc": 0.9175581911227584,
            "score": 0.8681099339781975
        },
        "test": {
            "0": {
                "precision": 0.8852729454109178,
                "recall": 0.949416968234821,
                "f1-score": 0.9162236622560243,
                "support": 12435.0
            },
            "1": {
                "precision": 0.7864176570458404,
                "recall": 0.6021840873634945,
                "f1-score": 0.682079222500368,
                "support": 3846.0
            },
            "accuracy": 0.8673914378723666,
            "macro avg": {
                "precision": 0.8358453012283791,
                "recall": 0.7758005277991578,
                "f1-score": 0.7991514423781961,
                "support": 16281.0
            },
            "weighted avg": {
                "precision": 0.8619207287748335,
                "recall": 0.8673914378723666,
                "f1-score": 0.8609125932000539,
                "support": 16281.0
            },
            "cross-entropy": 0.2954136550757202,
            "roc-auc": 0.9172117789416042,
            "score": 0.8673914378723666
        }
    },
    "time": "0:01:05.414622",
    "chunk_size": null,
    "eval_batch_size": 32768,
    "heads": [
        6,
        1,
        0,
        7
    ],
    "head_selection_time": "0:00:00.754029"
}