{
    "function": "bin.model.main",
    "gpus": [
        "NVIDIA GeForce RTX 4090"
    ],
    "config": {
        "seed": 3,
        "batch_size": 512,
        "patience": 16,
        "n_epochs": -1,
        "gradient_clipping_norm": 1.0,
        "amp": true,
        "data": {
            "cache": true,
            "path": "data/regression-num-medium-0-medical_charges",
            "num_policy": "noisy-quantile"
        },
        "optimizer": {
            "type": "AdamW",
            "lr": 5.523019406714274e-05,
            "weight_decay": 0.00035715968447093253
        },
        "model": {
            "arch_type": "tabrmv2",
            "sample_rate": 0.10654113388135134,
            "k": 96,
            "backbone": {
                "n_blocks": 4,
                "d_block": 160,
                "dropout": 0.30461218863759437
            },
            "num_embeddings": {
                "type": "PeriodicEmbeddings",
                "n_frequencies": 28,
                "d_embedding": 28,
                "frequency_init_scale": 0.11710659402611126,
                "lite": false
            }
        }
    },
    "n_parameters": 879688,
    "prediction_type": "labels",
    "epoch_size": 20,
    "best_step": 320,
    "metrics": {
        "train": {
            "rmse": 0.08270603750070851,
            "mae": 0.05503902584314346,
            "r2": 0.978160433901918,
            "score": -0.08270603750070851
        },
        "val": {
            "rmse": 0.0845412130486826,
            "mae": 0.05536883324384689,
            "r2": 0.9777412491413057,
            "score": -0.0845412130486826
        },
        "test": {
            "rmse": 0.08394307962095528,
            "mae": 0.05518495291471481,
            "r2": 0.9781077224234779,
            "score": -0.08394307962095528
        }
    },
    "time": "0:00:28.381872",
    "chunk_size": null,
    "eval_batch_size": 32768
}