{
    "function": "bin.model.main",
    "gpus": [
        "NVIDIA GeForce RTX 4090"
    ],
    "config": {
        "seed": 2,
        "batch_size": 256,
        "patience": 16,
        "n_epochs": -1,
        "gradient_clipping_norm": 1.0,
        "amp": true,
        "data": {
            "cache": true,
            "path": "data/regression-num-medium-0-pol",
            "num_policy": "noisy-quantile"
        },
        "optimizer": {
            "type": "AdamW",
            "lr": 0.001101146057604222,
            "weight_decay": 0.026344513154789355
        },
        "model": {
            "arch_type": "taba-moe",
            "k": 32,
            "share_training_batches": false,
            "backbone": {
                "type": "MLP",
                "n_blocks": 3,
                "d_block": 528,
                "dropout": 0.0
            },
            "num_embeddings": {
                "type": "PiecewiseLinearEmbeddingsV2",
                "d_embedding": 32
            }
        },
        "bins": {
            "n_bins": 128
        }
    },
    "n_parameters": 1271520,
    "prediction_type": "labels",
    "epoch_size": 40,
    "best_step": 560,
    "metrics": {
        "train": {
            "rmse": 1.0546447745252188,
            "mae": 0.6010457873344421,
            "r2": 0.9993539685024926,
            "score": -1.0546447745252188
        },
        "val": {
            "rmse": 2.509380575247494,
            "mae": 1.1309946775436401,
            "r2": 0.9964658832397073,
            "score": -2.509380575247494
        },
        "test": {
            "rmse": 2.5661811439578335,
            "mae": 1.1110526323318481,
            "r2": 0.9962940811273702,
            "score": -2.5661811439578335
        }
    },
    "time": "0:00:18.873024",
    "chunk_size": null,
    "eval_batch_size": 32768,
    "heads": [
        13,
        11
    ],
    "head_selection_time": "0:00:00.069876"
}