{
    "function": "bin.ensemble.main",
    "config": {
        "seeds": [
            5,
            6,
            7,
            8,
            9
        ],
        "data": {
            "path": "data/california"
        }
    },
    "single_model_function": "bin.model.main",
    "prediction_type": "labels",
    "metrics": {
        "train": {
            "rmse": 0.022655679432491728,
            "mae": 0.016904717311263084,
            "r2": 0.999618937440312,
            "score": -0.022655679432491728
        },
        "val": {
            "rmse": 0.4460517035074741,
            "mae": 0.27931538224220276,
            "r2": 0.8474064359320105,
            "score": -0.4460517035074741
        },
        "test": {
            "rmse": 0.44930153788768873,
            "mae": 0.28534647822380066,
            "r2": 0.8451849252827616,
            "score": -0.44930153788768873
        }
    }
}