{
    "function": "bin.model.main",
    "gpus": [
        "NVIDIA GeForce RTX 4090"
    ],
    "config": {
        "seed": 2,
        "batch_size": 256,
        "patience": 16,
        "n_epochs": -1,
        "gradient_clipping_norm": 1.0,
        "amp": true,
        "data": {
            "cache": true,
            "path": "data/classif-num-medium-0-bank-marketing",
            "num_policy": "noisy-quantile"
        },
        "optimizer": {
            "type": "AdamW",
            "lr": 0.0022626747015088884,
            "weight_decay": 0.09470964232019378
        },
        "model": {
            "arch_type": "taba",
            "k": 32,
            "share_training_batches": false,
            "backbone": {
                "type": "MLP",
                "n_blocks": 10,
                "d_block": 448,
                "dropout": 0.1299148981992097
            },
            "num_embeddings": {
                "type": "PiecewiseLinearEmbeddingsV2",
                "d_embedding": 16
            }
        },
        "bins": {
            "n_bins": 48
        }
    },
    "n_parameters": 360368,
    "prediction_type": "probs",
    "epoch_size": 29,
    "best_step": 928,
    "metrics": {
        "train": {
            "0": {
                "precision": 0.7979434447300772,
                "recall": 0.8317256162915327,
                "f1-score": 0.8144843872999213,
                "support": 3732.0
            },
            "1": {
                "precision": 0.8212862834376778,
                "recall": 0.7859477124183006,
                "f1-score": 0.8032284998608406,
                "support": 3672.0
            },
            "accuracy": 0.809022150189087,
            "macro avg": {
                "precision": 0.8096148640838775,
                "recall": 0.8088366643549167,
                "f1-score": 0.8088564435803809,
                "support": 7404.0
            },
            "weighted avg": {
                "precision": 0.8095202820793896,
                "recall": 0.809022150189087,
                "f1-score": 0.808902050903878,
                "support": 7404.0
            },
            "cross-entropy": 0.4281650904372427,
            "roc-auc": 0.8955098488722629,
            "score": 0.809022150189087
        },
        "val": {
            "0": {
                "precision": 0.8187772925764192,
                "recall": 0.8223684210526315,
                "f1-score": 0.8205689277899342,
                "support": 456.0
            },
            "1": {
                "precision": 0.8360323886639676,
                "recall": 0.8326612903225806,
                "f1-score": 0.8343434343434344,
                "support": 496.0
            },
            "accuracy": 0.8277310924369747,
            "macro avg": {
                "precision": 0.8274048406201934,
                "recall": 0.8275148556876061,
                "f1-score": 0.8274561810666843,
                "support": 952.0
            },
            "weighted avg": {
                "precision": 0.8277673426388393,
                "recall": 0.8277310924369747,
                "f1-score": 0.8277455614564637,
                "support": 952.0
            },
            "cross-entropy": 0.4313952577967613,
            "roc-auc": 0.893879102999434,
            "score": 0.8277310924369747
        },
        "test": {
            "0": {
                "precision": 0.7801724137931034,
                "recall": 0.8219800181653043,
                "f1-score": 0.800530738611234,
                "support": 1101.0
            },
            "1": {
                "precision": 0.815442561205273,
                "recall": 0.7725245316681534,
                "f1-score": 0.7934035730645901,
                "support": 1121.0
            },
            "accuracy": 0.7970297029702971,
            "macro avg": {
                "precision": 0.7978074874991883,
                "recall": 0.7972522749167288,
                "f1-score": 0.7969671558379121,
                "support": 2222.0
            },
            "weighted avg": {
                "precision": 0.7979662190356966,
                "recall": 0.7970297029702971,
                "f1-score": 0.796935080385407,
                "support": 2222.0
            },
            "cross-entropy": 0.44918143492253376,
            "roc-auc": 0.8792347561741374,
            "score": 0.7970297029702971
        }
    },
    "time": "0:00:17.347965",
    "chunk_size": null,
    "eval_batch_size": 32768,
    "heads": [
        2
    ],
    "head_selection_time": "0:00:00.182757"
}