{
    "function": "bin.model.main",
    "gpus": [
        "NVIDIA GeForce RTX 4090"
    ],
    "config": {
        "seed": 3,
        "batch_size": 64,
        "patience": 16,
        "n_epochs": -1,
        "gradient_clipping_norm": 1.0,
        "amp": true,
        "data": {
            "cache": true,
            "path": "data/classif-num-medium-0-kdd_ipums_la_97-small",
            "num_policy": "noisy-quantile"
        },
        "optimizer": {
            "type": "AdamW",
            "lr": 0.0007546847652500704,
            "weight_decay": 0.0
        },
        "model": {
            "arch_type": "taba-moe",
            "k": 32,
            "share_training_batches": false,
            "backbone": {
                "type": "MLP",
                "n_blocks": 5,
                "d_block": 784,
                "dropout": 0.0
            },
            "num_embeddings": {
                "type": "PiecewiseLinearEmbeddingsV2",
                "d_embedding": 16
            }
        },
        "bins": {
            "n_bins": 9
        }
    },
    "n_parameters": 3199680,
    "prediction_type": "probs",
    "epoch_size": 57,
    "best_step": 57,
    "metrics": {
        "train": {
            "0": {
                "precision": 0.9683462532299741,
                "recall": 0.8191256830601092,
                "f1-score": 0.8875074008288928,
                "support": 1830.0
            },
            "1": {
                "precision": 0.8410945751320211,
                "recall": 0.9727928928373126,
                "f1-score": 0.90216271884655,
                "support": 1801.0
            },
            "accuracy": 0.8953456348113468,
            "macro avg": {
                "precision": 0.9047204141809977,
                "recall": 0.8959592879487109,
                "f1-score": 0.8948350598377214,
                "support": 3631.0
            },
            "weighted avg": {
                "precision": 0.9052285797916889,
                "recall": 0.8953456348113468,
                "f1-score": 0.8947765354336299,
                "support": 3631.0
            },
            "cross-entropy": 0.2533668495058433,
            "roc-auc": 0.950513072579593,
            "score": 0.8953456348113468
        },
        "val": {
            "0": {
                "precision": 0.9620853080568721,
                "recall": 0.8388429752066116,
                "f1-score": 0.8962472406181016,
                "support": 242.0
            },
            "1": {
                "precision": 0.84765625,
                "recall": 0.9644444444444444,
                "f1-score": 0.9022869022869022,
                "support": 225.0
            },
            "accuracy": 0.8993576017130621,
            "macro avg": {
                "precision": 0.904870779028436,
                "recall": 0.901643709825528,
                "f1-score": 0.899267071452502,
                "support": 467.0
            },
            "weighted avg": {
                "precision": 0.9069535349031328,
                "recall": 0.8993576017130621,
                "f1-score": 0.8991571418503932,
                "support": 467.0
            },
            "cross-entropy": 0.2501679945234674,
            "roc-auc": 0.9556932966023874,
            "score": 0.8993576017130621
        },
        "test": {
            "0": {
                "precision": 0.9210526315789473,
                "recall": 0.8045977011494253,
                "f1-score": 0.8588957055214723,
                "support": 522.0
            },
            "1": {
                "precision": 0.8391167192429022,
                "recall": 0.9366197183098591,
                "f1-score": 0.8851913477537438,
                "support": 568.0
            },
            "accuracy": 0.8733944954128441,
            "macro avg": {
                "precision": 0.8800846754109248,
                "recall": 0.8706087097296422,
                "f1-score": 0.8720435266376081,
                "support": 1090.0
            },
            "weighted avg": {
                "precision": 0.8783557524900725,
                "recall": 0.8733944954128441,
                "f1-score": 0.8725983888131514,
                "support": 1090.0
            },
            "cross-entropy": 0.2908128761075297,
            "roc-auc": 0.9418339539150613,
            "score": 0.8733944954128441
        }
    },
    "time": "0:00:16.664666",
    "chunk_size": null,
    "eval_batch_size": 32768,
    "heads": [
        0
    ],
    "head_selection_time": "0:00:00.382393"
}