{
    "function": "bin.model.main",
    "gpus": [
        "NVIDIA GeForce RTX 4090"
    ],
    "config": {
        "seed": 5,
        "batch_size": 512,
        "patience": 16,
        "n_epochs": -1,
        "gradient_clipping_norm": 1.0,
        "amp": true,
        "data": {
            "cache": true,
            "path": "data/diamond",
            "num_policy": "noisy-quantile",
            "cat_policy": "ordinal"
        },
        "optimizer": {
            "type": "AdamW",
            "lr": 0.0007495350911381734,
            "weight_decay": 0.0
        },
        "model": {
            "arch_type": "moe-sparse",
            "backbone": {
                "k": 4,
                "n_blocks": 4,
                "d_block": 352,
                "dropout": 0.0,
                "moe_ratio": 0.5,
                "num_experts": 8
            },
            "num_embeddings": {
                "type": "PiecewiseLinearEmbeddingsV2",
                "d_embedding": 28
            }
        },
        "bins": {
            "n_bins": 119
        }
    },
    "n_parameters": 4063233,
    "prediction_type": "labels",
    "epoch_size": 68,
    "best_step": 2652,
    "metrics": {
        "train": {
            "rmse": 0.12049964169170997,
            "mae": 0.06468874216079712,
            "r2": 0.9854112808732273,
            "score": -0.12049964169170997
        },
        "val": {
            "rmse": 0.13165589507195696,
            "mae": 0.07037150114774704,
            "r2": 0.9830684035099946,
            "score": -0.13165589507195696
        },
        "test": {
            "rmse": 0.13809930097348141,
            "mae": 0.07098524272441864,
            "r2": 0.9808519999593505,
            "score": -0.13809930097348141
        }
    },
    "time": "0:01:10.097076",
    "chunk_size": null,
    "eval_batch_size": 32768
}