{
    "function": "bin.ensemble.main",
    "config": {
        "seeds": [
            5,
            6,
            7,
            8,
            9
        ],
        "data": {
            "path": "data/churn"
        }
    },
    "single_model_function": "bin.qtab.main",
    "prediction_type": "probs",
    "metrics": {
        "train": {
            "0": {
                "precision": 0.8798852635353173,
                "recall": 0.9631083202511774,
                "f1-score": 0.9196177627880833,
                "support": 5096.0
            },
            "1": {
                "precision": 0.7712895377128953,
                "recall": 0.48619631901840493,
                "f1-score": 0.5964252116650988,
                "support": 1304.0
            },
            "accuracy": 0.8659375,
            "macro avg": {
                "precision": 0.8255874006241063,
                "recall": 0.7246523196347912,
                "f1-score": 0.758021487226591,
                "support": 6400.0
            },
            "weighted avg": {
                "precision": 0.8577588843989988,
                "recall": 0.8659375,
                "f1-score": 0.8537672804967752,
                "support": 6400.0
            },
            "cross-entropy": 0.3233215701640034,
            "roc-auc": 0.8785699538191869,
            "score": 0.8659375
        },
        "val": {
            "0": {
                "precision": 0.8782051282051282,
                "recall": 0.9678178963893249,
                "f1-score": 0.9208364451082898,
                "support": 1274.0
            },
            "1": {
                "precision": 0.7908163265306123,
                "recall": 0.4754601226993865,
                "f1-score": 0.5938697318007663,
                "support": 326.0
            },
            "accuracy": 0.8675,
            "macro avg": {
                "precision": 0.8345107273678702,
                "recall": 0.7216390095443557,
                "f1-score": 0.7573530884545281,
                "support": 1600.0
            },
            "weighted avg": {
                "precision": 0.8603996598639455,
                "recall": 0.8675,
                "f1-score": 0.8542169772718818,
                "support": 1600.0
            },
            "cross-entropy": 0.3368201862635991,
            "roc-auc": 0.8636100971771437,
            "score": 0.8675
        },
        "test": {
            "0": {
                "precision": 0.8718094157685763,
                "recall": 0.9648462021343377,
                "f1-score": 0.9159713945172825,
                "support": 1593.0
            },
            "1": {
                "precision": 0.7637130801687764,
                "recall": 0.44471744471744473,
                "f1-score": 0.562111801242236,
                "support": 407.0
            },
            "accuracy": 0.859,
            "macro avg": {
                "precision": 0.8177612479686763,
                "recall": 0.7047818234258912,
                "f1-score": 0.7390415978797593,
                "support": 2000.0
            },
            "weighted avg": {
                "precision": 0.849811811474017,
                "recall": 0.859,
                "f1-score": 0.8439609672858105,
                "support": 2000.0
            },
            "cross-entropy": 0.3446549997297036,
            "roc-auc": 0.8568861619709076,
            "score": 0.859
        }
    }
}