{
    "function": "bin.model.main",
    "gpus": [
        "NVIDIA GeForce RTX 4090"
    ],
    "config": {
        "seed": 9,
        "batch_size": 512,
        "patience": 16,
        "n_epochs": -1,
        "gradient_clipping_norm": 1.0,
        "amp": true,
        "data": {
            "cache": true,
            "path": "data/regression-num-medium-0-medical_charges",
            "num_policy": "noisy-quantile"
        },
        "optimizer": {
            "type": "AdamW",
            "lr": 0.0005856247974595217,
            "weight_decay": 0.049680299044234315
        },
        "model": {
            "arch_type": "tabrmv2-mini",
            "sample_rate": 0.37146351120614224,
            "k": 96,
            "backbone": {
                "n_blocks": 4,
                "d_block": 96,
                "dropout": 0.0
            },
            "num_embeddings": {
                "type": "PeriodicEmbeddings",
                "n_frequencies": 92,
                "d_embedding": 24,
                "frequency_init_scale": 0.10526516172576561,
                "lite": false
            }
        }
    },
    "n_parameters": 224796,
    "prediction_type": "labels",
    "epoch_size": 20,
    "best_step": 240,
    "metrics": {
        "train": {
            "rmse": 0.08002952519792125,
            "mae": 0.051867078989744186,
            "r2": 0.979551094623794,
            "score": -0.08002952519792125
        },
        "val": {
            "rmse": 0.08249233011966244,
            "mae": 0.05216123163700104,
            "r2": 0.9788070693749349,
            "score": -0.08249233011966244
        },
        "test": {
            "rmse": 0.08180863111500856,
            "mae": 0.05190179869532585,
            "r2": 0.9792068920547623,
            "score": -0.08180863111500856
        }
    },
    "time": "0:00:14.369635",
    "chunk_size": null,
    "eval_batch_size": 32768,
    "heads": [
        15,
        9,
        12,
        23,
        0,
        7,
        12,
        9,
        0,
        9,
        42,
        12,
        2,
        0,
        9,
        12,
        7,
        0,
        9,
        59,
        7,
        0,
        9,
        12
    ],
    "head_selection_time": "0:00:12.497752"
}