{
    "function": "bin.model.main",
    "gpus": [
        "NVIDIA GeForce RTX 4090"
    ],
    "config": {
        "seed": 13,
        "batch_size": 64,
        "patience": 16,
        "n_epochs": -1,
        "gradient_clipping_norm": 1.0,
        "amp": true,
        "data": {
            "cache": true,
            "path": "data/classif-cat-medium-2-KDDCup09_upselling",
            "num_policy": "noisy-quantile",
            "cat_policy": "ordinal"
        },
        "optimizer": {
            "type": "AdamW",
            "lr": 0.0009234216332756218,
            "weight_decay": 0.006799275624842578
        },
        "model": {
            "arch_type": "tabrmv2-mini",
            "sample_rate": 0.1410225636123763,
            "k": 96,
            "backbone": {
                "n_blocks": 5,
                "d_block": 160,
                "dropout": 0.0
            },
            "num_embeddings": {
                "type": "PeriodicEmbeddings",
                "n_frequencies": 68,
                "d_embedding": 32,
                "frequency_init_scale": 0.13810317391210974,
                "lite": false
            }
        }
    },
    "n_parameters": 994600,
    "prediction_type": "probs",
    "epoch_size": 57,
    "best_step": 741,
    "metrics": {
        "train": {
            "0": {
                "precision": 0.8400664084117322,
                "recall": 0.850896860986547,
                "f1-score": 0.8454469507101086,
                "support": 1784.0
            },
            "1": {
                "precision": 0.8507295173961841,
                "recall": 0.8398891966759002,
                "f1-score": 0.8452746027320881,
                "support": 1805.0
            },
            "accuracy": 0.845360824742268,
            "macro avg": {
                "precision": 0.8453979629039581,
                "recall": 0.8453930288312237,
                "f1-score": 0.8453607767210983,
                "support": 3589.0
            },
            "weighted avg": {
                "precision": 0.8454291589597778,
                "recall": 0.845360824742268,
                "f1-score": 0.8453602724988165,
                "support": 3589.0
            },
            "cross-entropy": 0.3005509212275197,
            "roc-auc": 0.9405609107735116,
            "score": 0.845360824742268
        },
        "val": {
            "0": {
                "precision": 0.8619246861924686,
                "recall": 0.8340080971659919,
                "f1-score": 0.8477366255144033,
                "support": 247.0
            },
            "1": {
                "precision": 0.8144796380090498,
                "recall": 0.8450704225352113,
                "f1-score": 0.8294930875576038,
                "support": 213.0
            },
            "accuracy": 0.8391304347826087,
            "macro avg": {
                "precision": 0.8382021621007592,
                "recall": 0.8395392598506015,
                "f1-score": 0.8386148565360035,
                "support": 460.0
            },
            "weighted avg": {
                "precision": 0.8399555660553638,
                "recall": 0.8391304347826087,
                "f1-score": 0.8392890742431026,
                "support": 460.0
            },
            "cross-entropy": 0.36930895584176815,
            "roc-auc": 0.9140483929216324,
            "score": 0.8391304347826087
        },
        "test": {
            "0": {
                "precision": 0.7911275415896488,
                "recall": 0.8060263653483992,
                "f1-score": 0.7985074626865671,
                "support": 531.0
            },
            "1": {
                "precision": 0.8078358208955224,
                "recall": 0.793040293040293,
                "f1-score": 0.8003696857670979,
                "support": 546.0
            },
            "accuracy": 0.7994428969359332,
            "macro avg": {
                "precision": 0.7994816812425856,
                "recall": 0.799533329194346,
                "f1-score": 0.7994385742268325,
                "support": 1077.0
            },
            "weighted avg": {
                "precision": 0.799598034162543,
                "recall": 0.7994428969359332,
                "f1-score": 0.7994515423541343,
                "support": 1077.0
            },
            "cross-entropy": 0.38560513627604337,
            "roc-auc": 0.89929154335934,
            "score": 0.7994428969359332
        }
    },
    "time": "0:00:34.050421",
    "chunk_size": null,
    "eval_batch_size": 32768,
    "heads": [
        3,
        31,
        62
    ],
    "head_selection_time": "0:00:02.209915"
}