{
    "function": "bin.qtab.main",
    "gpus": [
        "NVIDIA GeForce RTX 4090"
    ],
    "config": {
        "seed": 1,
        "batch_size": 256,
        "patience": 16,
        "n_epochs": -1,
        "amp": true,
        "data": {
            "cache": true,
            "path": "data/churn",
            "num_policy": "noisy-quantile",
            "cat_policy": "ordinal"
        },
        "optimizer": {
            "type": "AdamW",
            "lr": 0.00050969600220939,
            "weight_decay": 2.2114516696677794e-06
        },
        "model": {
            "encoder_n_blocks": 1,
            "temperature": 1,
            "momentum": 0.999,
            "queue_ratio": 64,
            "d_main": 64,
            "d_multiplier": 2.0,
            "mixer_normalization": "auto",
            "dropout0": 0.4910216379694348,
            "dropout1": 0.0,
            "normalization": "LayerNorm",
            "activation": "ReLU",
            "num_embeddings": {
                "type": "PeriodicEmbeddings",
                "n_frequencies": 59,
                "frequency_init_scale": 0.15171974202160787,
                "d_embedding": 41,
                "lite": true
            }
        }
    },
    "n_parameters": 41004,
    "prediction_type": "probs",
    "epoch_size": 25,
    "best_step": 1125,
    "metrics": {
        "train": {
            "0": {
                "precision": 0.8732271055857118,
                "recall": 0.9786106750392465,
                "f1-score": 0.9229203294161192,
                "support": 5096.0
            },
            "1": {
                "precision": 0.841799709724238,
                "recall": 0.4447852760736196,
                "f1-score": 0.582037129954842,
                "support": 1304.0
            },
            "accuracy": 0.86984375,
            "macro avg": {
                "precision": 0.8575134076549749,
                "recall": 0.711697975556433,
                "f1-score": 0.7524787296854807,
                "support": 6400.0
            },
            "weighted avg": {
                "precision": 0.8668237736789366,
                "recall": 0.86984375,
                "f1-score": 0.8534653775258839,
                "support": 6400.0
            },
            "cross-entropy": 0.31676993017507565,
            "roc-auc": 0.8917604839835888,
            "score": 0.86984375
        },
        "val": {
            "0": {
                "precision": 0.8707435719249479,
                "recall": 0.9835164835164835,
                "f1-score": 0.923700700331736,
                "support": 1274.0
            },
            "1": {
                "precision": 0.8695652173913043,
                "recall": 0.4294478527607362,
                "f1-score": 0.5749486652977412,
                "support": 326.0
            },
            "accuracy": 0.870625,
            "macro avg": {
                "precision": 0.870154394658126,
                "recall": 0.7064821681386099,
                "f1-score": 0.7493246828147386,
                "support": 1600.0
            },
            "weighted avg": {
                "precision": 0.8705034821887181,
                "recall": 0.870625,
                "f1-score": 0.8526424731935596,
                "support": 1600.0
            },
            "cross-entropy": 0.34246802533750154,
            "roc-auc": 0.8625747609095549,
            "score": 0.870625
        },
        "test": {
            "0": {
                "precision": 0.8662597114317425,
                "recall": 0.9799121155053359,
                "f1-score": 0.9195876288659793,
                "support": 1593.0
            },
            "1": {
                "precision": 0.8383838383838383,
                "recall": 0.40786240786240785,
                "f1-score": 0.5487603305785124,
                "support": 407.0
            },
            "accuracy": 0.8635,
            "macro avg": {
                "precision": 0.8523217749077905,
                "recall": 0.6938872616838718,
                "f1-score": 0.7341739797222459,
                "support": 2000.0
            },
            "weighted avg": {
                "precision": 0.860586971266494,
                "recall": 0.8635,
                "f1-score": 0.8441242736644798,
                "support": 2000.0
            },
            "cross-entropy": 0.3462877103916057,
            "roc-auc": 0.8560440255355509,
            "score": 0.8635
        }
    },
    "time": "0:00:21.548056",
    "chunk_size": null,
    "eval_batch_size": 32768
}