{
    "function": "bin.model.main",
    "gpus": [
        "NVIDIA GeForce RTX 4090"
    ],
    "config": {
        "seed": 14,
        "batch_size": 256,
        "patience": 16,
        "n_epochs": -1,
        "gradient_clipping_norm": 1.0,
        "amp": true,
        "data": {
            "cache": true,
            "path": "data/classif-num-medium-2-bank-marketing",
            "num_policy": "noisy-quantile"
        },
        "optimizer": {
            "type": "AdamW",
            "lr": 0.0003520136295379428,
            "weight_decay": 0.0
        },
        "model": {
            "arch_type": "tabpln-mini",
            "k": 32,
            "share_training_batches": false,
            "backbone": {
                "type": "MLP",
                "n_blocks": 4,
                "d_block": 608,
                "dropout": 0.3263393529583558
            },
            "num_embeddings": {
                "type": "PiecewiseLinearEmbeddingsV2",
                "d_embedding": 20
            }
        },
        "bins": {
            "n_bins": 18
        }
    },
    "n_parameters": 1247140,
    "prediction_type": "probs",
    "epoch_size": 29,
    "best_step": 957,
    "metrics": {
        "train": {
            "0": {
                "precision": 0.8390611902766136,
                "recall": 0.8118410381184104,
                "f1-score": 0.8252267106347897,
                "support": 3699.0
            },
            "1": {
                "precision": 0.8180392156862745,
                "recall": 0.8445344129554656,
                "f1-score": 0.8310756972111554,
                "support": 3705.0
            },
            "accuracy": 0.8282009724473258,
            "macro avg": {
                "precision": 0.828550202981444,
                "recall": 0.828187725536938,
                "f1-score": 0.8281512039229726,
                "support": 7404.0
            },
            "weighted avg": {
                "precision": 0.8285416851635387,
                "recall": 0.8282009724473258,
                "f1-score": 0.8281535738527036,
                "support": 7404.0
            },
            "cross-entropy": 0.3925610603323,
            "roc-auc": 0.9047241494673943,
            "score": 0.8282009724473258
        },
        "val": {
            "0": {
                "precision": 0.8451025056947609,
                "recall": 0.8012958963282938,
                "f1-score": 0.8226164079822618,
                "support": 463.0
            },
            "1": {
                "precision": 0.8206627680311891,
                "recall": 0.8609406952965235,
                "f1-score": 0.8403193612774451,
                "support": 489.0
            },
            "accuracy": 0.8319327731092437,
            "macro avg": {
                "precision": 0.8328826368629749,
                "recall": 0.8311182958124086,
                "f1-score": 0.8314678846298534,
                "support": 952.0
            },
            "weighted avg": {
                "precision": 0.8325489009495018,
                "recall": 0.8319327731092437,
                "f1-score": 0.8317096266391364,
                "support": 952.0
            },
            "cross-entropy": 0.42430361634837604,
            "roc-auc": 0.8849682209472322,
            "score": 0.8319327731092437
        },
        "test": {
            "0": {
                "precision": 0.8198362147406734,
                "recall": 0.7994676131322094,
                "f1-score": 0.8095238095238095,
                "support": 1127.0
            },
            "1": {
                "precision": 0.798753339269813,
                "recall": 0.8191780821917808,
                "f1-score": 0.8088367899008115,
                "support": 1095.0
            },
            "accuracy": 0.8091809180918091,
            "macro avg": {
                "precision": 0.8092947770052432,
                "recall": 0.8093228476619951,
                "f1-score": 0.8091802997123105,
                "support": 2222.0
            },
            "weighted avg": {
                "precision": 0.8094465888898218,
                "recall": 0.8091809180918091,
                "f1-score": 0.8091852467482997,
                "support": 2222.0
            },
            "cross-entropy": 0.42798434704823796,
            "roc-auc": 0.8852734661464348,
            "score": 0.8091809180918091
        }
    },
    "time": "0:00:18.333975",
    "chunk_size": null,
    "eval_batch_size": 32768,
    "heads": [
        26,
        19,
        21,
        28
    ],
    "head_selection_time": "0:00:00.930093"
}