{
    "function": "bin.model.main",
    "gpus": [
        "NVIDIA GeForce RTX 4090"
    ],
    "config": {
        "seed": 9,
        "batch_size": 256,
        "patience": 16,
        "n_epochs": -1,
        "amp": true,
        "data": {
            "cache": true,
            "path": "data/classif-num-medium-0-bank-marketing",
            "num_policy": "noisy-quantile"
        },
        "optimizer": {
            "type": "AdamW",
            "lr": 0.00015152734107052131,
            "weight_decay": 0.0
        },
        "model": {
            "arch_type": "tabr-pln",
            "k": 32,
            "context_size": 96,
            "d_main": 245,
            "context_dropout": 0.0,
            "d_multiplier": 2.0,
            "encoder_n_blocks": 1,
            "predictor_n_blocks": 1,
            "mixer_normalization": "auto",
            "dropout0": 0.0,
            "dropout1": 0.0,
            "normalization": "LayerNorm",
            "activation": "ReLU",
            "num_embeddings": {
                "type": "PeriodicEmbeddings",
                "n_frequencies": 22,
                "frequency_init_scale": 0.0716092938006001,
                "d_embedding": 32,
                "lite": true
            }
        }
    },
    "n_parameters": 856891,
    "prediction_type": "probs",
    "epoch_size": 29,
    "best_step": 754,
    "metrics": {
        "train": {
            "0": {
                "precision": 0.809207025013305,
                "recall": 0.814844587352626,
                "f1-score": 0.8120160213618157,
                "support": 3732.0
            },
            "1": {
                "precision": 0.810477235326385,
                "recall": 0.8047385620915033,
                "f1-score": 0.8075977042907898,
                "support": 3672.0
            },
            "accuracy": 0.8098325229605619,
            "macro avg": {
                "precision": 0.8098421301698451,
                "recall": 0.8097915747220646,
                "f1-score": 0.8098068628263028,
                "support": 7404.0
            },
            "weighted avg": {
                "precision": 0.8098369834505861,
                "recall": 0.8098325229605619,
                "f1-score": 0.8098247652455534,
                "support": 7404.0
            },
            "cross-entropy": 0.42278638552671044,
            "roc-auc": 0.8870273755566296,
            "score": 0.8098325229605619
        },
        "val": {
            "0": {
                "precision": 0.8231292517006803,
                "recall": 0.7960526315789473,
                "f1-score": 0.8093645484949833,
                "support": 456.0
            },
            "1": {
                "precision": 0.8180039138943248,
                "recall": 0.842741935483871,
                "f1-score": 0.8301886792452831,
                "support": 496.0
            },
            "accuracy": 0.8203781512605042,
            "macro avg": {
                "precision": 0.8205665827975026,
                "recall": 0.8193972835314092,
                "f1-score": 0.8197766138701332,
                "support": 952.0
            },
            "weighted avg": {
                "precision": 0.8204589076335035,
                "recall": 0.8203781512605042,
                "f1-score": 0.8202140956085849,
                "support": 952.0
            },
            "cross-entropy": 0.42592301738150945,
            "roc-auc": 0.8830623054612339,
            "score": 0.8203781512605042
        },
        "test": {
            "0": {
                "precision": 0.7895204262877442,
                "recall": 0.8074477747502271,
                "f1-score": 0.7983834755276157,
                "support": 1101.0
            },
            "1": {
                "precision": 0.8065693430656934,
                "recall": 0.7885816235504014,
                "f1-score": 0.7974740640505187,
                "support": 1121.0
            },
            "accuracy": 0.7979297929792979,
            "macro avg": {
                "precision": 0.7980448846767187,
                "recall": 0.7980146991503143,
                "f1-score": 0.7979287697890671,
                "support": 2222.0
            },
            "weighted avg": {
                "precision": 0.7981216124749995,
                "recall": 0.7979297929792979,
                "f1-score": 0.7979246770281442,
                "support": 2222.0
            },
            "cross-entropy": 0.4525166347837,
            "roc-auc": 0.8727456427981699,
            "score": 0.7979297929792979
        }
    },
    "time": "0:00:23.272981",
    "chunk_size": null,
    "eval_batch_size": 32768,
    "heads": [
        5,
        14
    ],
    "head_selection_time": "0:00:00.559927"
}