{
    "function": "bin.model.main",
    "gpus": [
        "NVIDIA GeForce RTX 4090"
    ],
    "config": {
        "seed": 11,
        "batch_size": 32,
        "patience": 16,
        "n_epochs": -1,
        "gradient_clipping_norm": 1.0,
        "amp": true,
        "data": {
            "cache": true,
            "path": "data/classif-num-medium-3-wine",
            "num_policy": "noisy-quantile"
        },
        "optimizer": {
            "type": "AdamW",
            "lr": 0.0018378723715844222,
            "weight_decay": 0.0
        },
        "model": {
            "arch_type": "tabm-mini",
            "k": 32,
            "share_training_batches": false,
            "backbone": {
                "type": "MLP",
                "n_blocks": 3,
                "d_block": 656,
                "dropout": 0.0
            },
            "num_embeddings": {
                "type": "PiecewiseLinearEmbeddingsV2",
                "d_embedding": 24
            }
        },
        "bins": {
            "n_bins": 8
        }
    },
    "n_parameters": 1088696,
    "prediction_type": "probs",
    "epoch_size": 56,
    "best_step": 1120,
    "metrics": {
        "train": {
            "0": {
                "precision": 0.9899665551839465,
                "recall": 0.9855715871254163,
                "f1-score": 0.9877641824249166,
                "support": 901.0
            },
            "1": {
                "precision": 0.9853932584269663,
                "recall": 0.989841986455982,
                "f1-score": 0.9876126126126127,
                "support": 886.0
            },
            "accuracy": 0.9876888640179071,
            "macro avg": {
                "precision": 0.9876799068054565,
                "recall": 0.9877067867906991,
                "f1-score": 0.9876883975187647,
                "support": 1787.0
            },
            "weighted avg": {
                "precision": 0.9876991008321365,
                "recall": 0.9876888640179071,
                "f1-score": 0.987689033653959,
                "support": 1787.0
            },
            "cross-entropy": 0.0437720795694229,
            "roc-auc": 0.9994325342045333,
            "score": 0.9876888640179071
        },
        "val": {
            "0": {
                "precision": 0.8035714285714286,
                "recall": 0.7964601769911505,
                "f1-score": 0.7999999999999999,
                "support": 113.0
            },
            "1": {
                "precision": 0.8050847457627118,
                "recall": 0.811965811965812,
                "f1-score": 0.8085106382978724,
                "support": 117.0
            },
            "accuracy": 0.8043478260869565,
            "macro avg": {
                "precision": 0.8043280871670702,
                "recall": 0.8042129944784813,
                "f1-score": 0.8042553191489361,
                "support": 230.0
            },
            "weighted avg": {
                "precision": 0.8043412464469945,
                "recall": 0.8043478260869565,
                "f1-score": 0.8043293246993525,
                "support": 230.0
            },
            "cross-entropy": 1.0977316732229772,
            "roc-auc": 0.8203615460252629,
            "score": 0.8043478260869565
        },
        "test": {
            "0": {
                "precision": 0.7721518987341772,
                "recall": 0.6958174904942965,
                "f1-score": 0.732,
                "support": 263.0
            },
            "1": {
                "precision": 0.7333333333333333,
                "recall": 0.8029197080291971,
                "f1-score": 0.7665505226480835,
                "support": 274.0
            },
            "accuracy": 0.750465549348231,
            "macro avg": {
                "precision": 0.7527426160337553,
                "recall": 0.7493685992617468,
                "f1-score": 0.7492752613240418,
                "support": 537.0
            },
            "weighted avg": {
                "precision": 0.7523450329616795,
                "recall": 0.750465549348231,
                "f1-score": 0.7496291307366385,
                "support": 537.0
            },
            "cross-entropy": 1.163486690652829,
            "roc-auc": 0.8073325747273181,
            "score": 0.750465549348231
        }
    },
    "time": "0:00:16.944386",
    "chunk_size": null,
    "eval_batch_size": 32768,
    "heads": [
        7
    ],
    "head_selection_time": "0:00:00.186472"
}