{
    "function": "bin.model.main",
    "gpus": [
        "NVIDIA GeForce RTX 4090"
    ],
    "config": {
        "seed": 6,
        "batch_size": 256,
        "patience": 16,
        "n_epochs": -1,
        "gradient_clipping_norm": 1.0,
        "amp": true,
        "data": {
            "cache": true,
            "path": "data/regression-cat-medium-0-house_sales",
            "num_policy": "noisy-quantile"
        },
        "optimizer": {
            "type": "AdamW",
            "lr": 0.00030374751927859375,
            "weight_decay": 0.0001825869471274889
        },
        "model": {
            "arch_type": "taba-moe",
            "k": 32,
            "share_training_batches": false,
            "backbone": {
                "type": "MLP",
                "n_blocks": 1,
                "d_block": 1008,
                "dropout": 0.0
            },
            "num_embeddings": {
                "type": "PiecewiseLinearEmbeddingsV2",
                "d_embedding": 20
            }
        },
        "bins": {
            "n_bins": 109
        }
    },
    "n_parameters": 413704,
    "prediction_type": "labels",
    "epoch_size": 40,
    "best_step": 920,
    "metrics": {
        "train": {
            "rmse": 0.13673154226129666,
            "mae": 0.09967519342899323,
            "r2": 0.9328294786497093,
            "score": -0.13673154226129666
        },
        "val": {
            "rmse": 0.17120904216896585,
            "mae": 0.12231823801994324,
            "r2": 0.8954744030618221,
            "score": -0.17120904216896585
        },
        "test": {
            "rmse": 0.16996971092822175,
            "mae": 0.12118924409151077,
            "r2": 0.8948998253983316,
            "score": -0.16996971092822175
        }
    },
    "time": "0:00:14.545269",
    "chunk_size": null,
    "eval_batch_size": 32768,
    "heads": [
        27
    ],
    "head_selection_time": "0:00:00.034327"
}