{
    "function": "bin.model.main",
    "gpus": [
        "NVIDIA GeForce RTX 4090"
    ],
    "config": {
        "seed": 13,
        "batch_size": 256,
        "patience": 16,
        "n_epochs": -1,
        "amp": true,
        "data": {
            "cache": true,
            "path": "data/classif-num-medium-0-credit",
            "num_policy": "noisy-quantile"
        },
        "optimizer": {
            "type": "AdamW",
            "lr": 6.720911126198637e-05,
            "weight_decay": 9.753333346085885e-05
        },
        "model": {
            "arch_type": "retransformer",
            "k": 1,
            "context_size": 96,
            "d_main": 272,
            "context_dropout": 0.0,
            "d_multiplier": 2.0,
            "encoder_n_blocks": 0,
            "predictor_n_blocks": 1,
            "mixer_normalization": "auto",
            "dropout0": 0.0,
            "dropout1": 0.0,
            "normalization": "LayerNorm",
            "activation": "ReLU",
            "num_embeddings": {
                "type": "PeriodicEmbeddings",
                "n_frequencies": 65,
                "frequency_init_scale": 0.020146975653235893,
                "d_embedding": 29,
                "lite": true
            }
        }
    },
    "n_parameters": 1051379,
    "prediction_type": "probs",
    "epoch_size": 40,
    "best_step": 880,
    "metrics": {
        "train": {
            "0": {
                "precision": 0.7754820936639119,
                "recall": 0.7831875993640699,
                "f1-score": 0.7793157998813526,
                "support": 5032.0
            },
            "1": {
                "precision": 0.7781618544123627,
                "recall": 0.770330112721417,
                "f1-score": 0.7742261784341492,
                "support": 4968.0
            },
            "accuracy": 0.7768,
            "macro avg": {
                "precision": 0.7768219740381372,
                "recall": 0.7767588560427434,
                "f1-score": 0.7767709891577509,
                "support": 10000.0
            },
            "weighted avg": {
                "precision": 0.7768133988037422,
                "recall": 0.7768,
                "f1-score": 0.776787275946382,
                "support": 10000.0
            },
            "cross-entropy": 0.4735336014159745,
            "roc-auc": 0.856706750708509,
            "score": 0.7768
        },
        "val": {
            "0": {
                "precision": 0.7894211576846307,
                "recall": 0.7973790322580645,
                "f1-score": 0.7933801404212638,
                "support": 992.0
            },
            "1": {
                "precision": 0.8013833992094862,
                "recall": 0.7935420743639922,
                "f1-score": 0.7974434611602753,
                "support": 1022.0
            },
            "accuracy": 0.7954319761668321,
            "macro avg": {
                "precision": 0.7954022784470585,
                "recall": 0.7954605533110284,
                "f1-score": 0.7954118007907696,
                "support": 2014.0
            },
            "weighted avg": {
                "precision": 0.7954913716063796,
                "recall": 0.7954319761668321,
                "f1-score": 0.7954420638548634,
                "support": 2014.0
            },
            "cross-entropy": 0.46549198542319553,
            "roc-auc": 0.8618675430844013,
            "score": 0.7954319761668321
        },
        "test": {
            "0": {
                "precision": 0.7629255989911727,
                "recall": 0.7779682811830262,
                "f1-score": 0.7703735144312394,
                "support": 2333.0
            },
            "1": {
                "precision": 0.7768203360620423,
                "recall": 0.761723700887199,
                "f1-score": 0.76919795221843,
                "support": 2367.0
            },
            "accuracy": 0.7697872340425532,
            "macro avg": {
                "precision": 0.7698729675266075,
                "recall": 0.7698459910351125,
                "f1-score": 0.7697857333248347,
                "support": 4700.0
            },
            "weighted avg": {
                "precision": 0.7699232250862255,
                "recall": 0.7697872340425532,
                "f1-score": 0.769781481291299,
                "support": 4700.0
            },
            "cross-entropy": 0.4877521872258243,
            "roc-auc": 0.8468478477189663,
            "score": 0.7697872340425532
        }
    },
    "time": "0:01:33.841794",
    "chunk_size": null,
    "eval_batch_size": 32768
}