{
    "function": "bin.model.main",
    "gpus": [
        "NVIDIA GeForce RTX 4090"
    ],
    "config": {
        "seed": 2,
        "batch_size": 32,
        "patience": 16,
        "n_epochs": -1,
        "amp": true,
        "data": {
            "cache": true,
            "path": "data/classif-num-medium-3-phoneme",
            "num_policy": "noisy-quantile"
        },
        "optimizer": {
            "type": "AdamW",
            "lr": 0.00023164913230846828,
            "weight_decay": 0.0
        },
        "model": {
            "arch_type": "tabr-pln",
            "k": 32,
            "context_size": 96,
            "d_main": 148,
            "context_dropout": 0.5624631919776238,
            "d_multiplier": 2.0,
            "encoder_n_blocks": 1,
            "predictor_n_blocks": 1,
            "mixer_normalization": "auto",
            "dropout0": 0.0,
            "dropout1": 0.0,
            "normalization": "LayerNorm",
            "activation": "ReLU",
            "num_embeddings": {
                "type": "PeriodicEmbeddings",
                "n_frequencies": 49,
                "frequency_init_scale": 0.4364104553251908,
                "d_embedding": 17,
                "lite": true
            }
        }
    },
    "n_parameters": 311398,
    "prediction_type": "probs",
    "epoch_size": 70,
    "best_step": 1330,
    "metrics": {
        "train": {
            "0": {
                "precision": 0.96718322698268,
                "recall": 0.9274475524475524,
                "f1-score": 0.9468987059348505,
                "support": 1144.0
            },
            "1": {
                "precision": 0.9260908281389136,
                "recall": 0.966542750929368,
                "f1-score": 0.9458844929513415,
                "support": 1076.0
            },
            "accuracy": 0.9463963963963964,
            "macro avg": {
                "precision": 0.9466370275607968,
                "recall": 0.9469951516884603,
                "f1-score": 0.946391599443096,
                "support": 2220.0
            },
            "weighted avg": {
                "precision": 0.9472663706061519,
                "recall": 0.9463963963963964,
                "f1-score": 0.9464071324347353,
                "support": 2220.0
            },
            "cross-entropy": 0.12889644098110054,
            "roc-auc": 0.9905182526581227,
            "score": 0.9463963963963964
        },
        "val": {
            "0": {
                "precision": 0.9206349206349206,
                "recall": 0.8787878787878788,
                "f1-score": 0.8992248062015504,
                "support": 132.0
            },
            "1": {
                "precision": 0.89937106918239,
                "recall": 0.934640522875817,
                "f1-score": 0.9166666666666666,
                "support": 153.0
            },
            "accuracy": 0.9087719298245615,
            "macro avg": {
                "precision": 0.9100029949086552,
                "recall": 0.9067142008318478,
                "f1-score": 0.9079457364341086,
                "support": 285.0
            },
            "weighted avg": {
                "precision": 0.909219589855141,
                "recall": 0.9087719298245615,
                "f1-score": 0.9085883312933497,
                "support": 285.0
            },
            "cross-entropy": 0.3362636400015379,
            "roc-auc": 0.9520944741532976,
            "score": 0.9087719298245615
        },
        "test": {
            "0": {
                "precision": 0.9,
                "recall": 0.8419354838709677,
                "f1-score": 0.87,
                "support": 310.0
            },
            "1": {
                "precision": 0.870026525198939,
                "recall": 0.9187675070028011,
                "f1-score": 0.8937329700272478,
                "support": 357.0
            },
            "accuracy": 0.8830584707646177,
            "macro avg": {
                "precision": 0.8850132625994696,
                "recall": 0.8803514954368844,
                "f1-score": 0.881866485013624,
                "support": 667.0
            },
            "weighted avg": {
                "precision": 0.883957225631216,
                "recall": 0.8830584707646177,
                "f1-score": 0.8827026541225299,
                "support": 667.0
            },
            "cross-entropy": 0.39653327863255033,
            "roc-auc": 0.9398436794072468,
            "score": 0.8830584707646177
        }
    },
    "time": "0:00:38.513805",
    "chunk_size": null,
    "eval_batch_size": 32768,
    "heads": [
        1
    ],
    "head_selection_time": "0:00:00.380048"
}