{
    "function": "bin.model.main",
    "gpus": [
        "NVIDIA GeForce RTX 4090"
    ],
    "config": {
        "seed": 8,
        "batch_size": 64,
        "patience": 16,
        "n_epochs": -1,
        "gradient_clipping_norm": 1.0,
        "amp": true,
        "data": {
            "cache": true,
            "path": "data/classif-num-medium-1-kdd_ipums_la_97-small",
            "num_policy": "noisy-quantile"
        },
        "optimizer": {
            "type": "AdamW",
            "lr": 7.29032639928878e-05,
            "weight_decay": 0.0
        },
        "model": {
            "arch_type": "tabrmv3",
            "sample_rate": 0.13308929330640162,
            "k": 4,
            "backbone": {
                "embed_type": "tabr",
                "ensemble_type": "shared-resnet",
                "context_shuffle": false,
                "context_size": 192,
                "encoder_n_blocks": 0,
                "n_blocks": 1,
                "d_block": 976,
                "dropout": 0.2587489251039819
            },
            "num_embeddings": {
                "type": "PeriodicEmbeddings",
                "n_frequencies": 56,
                "d_embedding": 24,
                "frequency_init_scale": 0.42963464694665887,
                "lite": false
            }
        }
    },
    "n_parameters": 4349768,
    "prediction_type": "probs",
    "epoch_size": 57,
    "best_step": 342,
    "metrics": {
        "train": {
            "0": {
                "precision": 0.9312461632903621,
                "recall": 0.8437152391546162,
                "f1-score": 0.8853224394514151,
                "support": 1798.0
            },
            "1": {
                "precision": 0.8596403596403597,
                "recall": 0.938897981451173,
                "f1-score": 0.8975228161668841,
                "support": 1833.0
            },
            "accuracy": 0.8917653538969981,
            "macro avg": {
                "precision": 0.8954432614653609,
                "recall": 0.8913066103028946,
                "f1-score": 0.8914226278091496,
                "support": 3631.0
            },
            "weighted avg": {
                "precision": 0.8950981494951392,
                "recall": 0.8917653538969981,
                "f1-score": 0.8914814288536335,
                "support": 3631.0
            },
            "cross-entropy": 0.26002052712630785,
            "roc-auc": 0.9535526835600203,
            "score": 0.8917653538969981
        },
        "val": {
            "0": {
                "precision": 0.9485981308411215,
                "recall": 0.8787878787878788,
                "f1-score": 0.9123595505617977,
                "support": 231.0
            },
            "1": {
                "precision": 0.8893280632411067,
                "recall": 0.9533898305084746,
                "f1-score": 0.920245398773006,
                "support": 236.0
            },
            "accuracy": 0.9164882226980728,
            "macro avg": {
                "precision": 0.9189630970411141,
                "recall": 0.9160888546481767,
                "f1-score": 0.9163024746674019,
                "support": 467.0
            },
            "weighted avg": {
                "precision": 0.9186458054586729,
                "recall": 0.9164882226980728,
                "f1-score": 0.916344690128918,
                "support": 467.0
            },
            "cross-entropy": 0.25436490758336533,
            "roc-auc": 0.9475750238462102,
            "score": 0.9164882226980728
        },
        "test": {
            "0": {
                "precision": 0.9185606060606061,
                "recall": 0.8584070796460177,
                "f1-score": 0.8874656907593778,
                "support": 565.0
            },
            "1": {
                "precision": 0.8576512455516014,
                "recall": 0.9180952380952381,
                "f1-score": 0.8868445262189513,
                "support": 525.0
            },
            "accuracy": 0.8871559633027523,
            "macro avg": {
                "precision": 0.8881059258061037,
                "recall": 0.8882511588706279,
                "f1-score": 0.8871551084891645,
                "support": 1090.0
            },
            "weighted avg": {
                "precision": 0.889223528751223,
                "recall": 0.8871559633027523,
                "f1-score": 0.8871665060036678,
                "support": 1090.0
            },
            "cross-entropy": 0.2696142563303165,
            "roc-auc": 0.9455018963337548,
            "score": 0.8871559633027523
        }
    },
    "time": "0:00:23.538181",
    "chunk_size": null,
    "eval_batch_size": 32768,
    "heads": [
        0
    ],
    "head_selection_time": "0:00:00.028281"
}