{
    "function": "bin.model.main",
    "gpus": [
        "NVIDIA GeForce RTX 4090"
    ],
    "config": {
        "seed": 6,
        "batch_size": 128,
        "patience": 16,
        "n_epochs": -1,
        "gradient_clipping_norm": 1.0,
        "amp": true,
        "data": {
            "cache": true,
            "path": "data/regression-num-medium-0-isolet",
            "num_policy": "noisy-quantile"
        },
        "optimizer": {
            "type": "AdamW",
            "lr": 0.0029900698121945028,
            "weight_decay": 0.07835732343873261
        },
        "model": {
            "arch_type": "taba-moe",
            "k": 32,
            "share_training_batches": false,
            "backbone": {
                "type": "MLP",
                "n_blocks": 10,
                "d_block": 432,
                "dropout": 0.17043516955653903
            },
            "num_embeddings": {
                "type": "PiecewiseLinearEmbeddingsV2",
                "d_embedding": 20
            }
        },
        "bins": {
            "n_bins": 47
        }
    },
    "n_parameters": 8482080,
    "prediction_type": "labels",
    "epoch_size": 43,
    "best_step": 860,
    "metrics": {
        "train": {
            "rmse": 0.3436347161227618,
            "mae": 0.21548186242580414,
            "r2": 0.9978949252560827,
            "score": -0.3436347161227618
        },
        "val": {
            "rmse": 2.2250560281964322,
            "mae": 0.6873752474784851,
            "r2": 0.9126411396657065,
            "score": -2.2250560281964322
        },
        "test": {
            "rmse": 2.3516734150934573,
            "mae": 0.6844105124473572,
            "r2": 0.9022982560867102,
            "score": -2.3516734150934573
        }
    },
    "time": "0:02:21.928581",
    "chunk_size": null,
    "eval_batch_size": 32768,
    "heads": [
        30
    ],
    "head_selection_time": "0:00:00.018868"
}