{
    "function": "bin.qtabformerv2.main",
    "gpus": [
        "NVIDIA GeForce RTX 4090"
    ],
    "config": {
        "seed": 13,
        "batch_size": 256,
        "patience": 16,
        "n_epochs": -1,
        "amp": true,
        "data": {
            "cache": true,
            "path": "data/classif-num-medium-0-credit",
            "num_policy": "noisy-quantile"
        },
        "optimizer": {
            "type": "AdamW",
            "lr": 3.0011886677930468e-05,
            "weight_decay": 0.0
        },
        "model": {
            "temperature": 0.1,
            "encoder_n_blocks": 1,
            "distance_metric": "cossim",
            "momentum": 0.999,
            "queue_ratio": 64,
            "d_main": 256,
            "d_multiplier": 2.0,
            "mixer_normalization": "auto",
            "dropout0": 0.05965352646256554,
            "dropout1": 0.0,
            "normalization": "LayerNorm",
            "activation": "ReLU",
            "num_embeddings": {
                "type": "PeriodicEmbeddings",
                "n_frequencies": 49,
                "frequency_init_scale": 0.024147312484536585,
                "d_embedding": 64,
                "lite": true
            }
        }
    },
    "n_parameters": 501164,
    "prediction_type": "probs",
    "epoch_size": 40,
    "best_step": 1160,
    "metrics": {
        "train": {
            "0": {
                "precision": 0.7775280898876404,
                "recall": 0.8251192368839427,
                "f1-score": 0.8006170458927881,
                "support": 5032.0
            },
            "1": {
                "precision": 0.8111587982832618,
                "recall": 0.7608695652173914,
                "f1-score": 0.7852098047361861,
                "support": 4968.0
            },
            "accuracy": 0.7932,
            "macro avg": {
                "precision": 0.7943434440854511,
                "recall": 0.7929944010506671,
                "f1-score": 0.7929134253144872,
                "support": 10000.0
            },
            "weighted avg": {
                "precision": 0.7942358258185852,
                "recall": 0.7932,
                "f1-score": 0.7929627284861883,
                "support": 10000.0
            },
            "cross-entropy": 0.44565576922444905,
            "roc-auc": 0.8729894576481853,
            "score": 0.7932
        },
        "val": {
            "0": {
                "precision": 0.7731568998109641,
                "recall": 0.8245967741935484,
                "f1-score": 0.7980487804878048,
                "support": 992.0
            },
            "1": {
                "precision": 0.8179916317991632,
                "recall": 0.7651663405088063,
                "f1-score": 0.7906976744186047,
                "support": 1022.0
            },
            "accuracy": 0.7944389275074478,
            "macro avg": {
                "precision": 0.7955742658050637,
                "recall": 0.7948815573511774,
                "f1-score": 0.7943732274532047,
                "support": 2014.0
            },
            "weighted avg": {
                "precision": 0.7959081888337742,
                "recall": 0.7944389275074478,
                "f1-score": 0.7943184774080022,
                "support": 2014.0
            },
            "cross-entropy": 0.46713115537509625,
            "roc-auc": 0.8613339198914209,
            "score": 0.7944389275074478
        },
        "test": {
            "0": {
                "precision": 0.7560096153846154,
                "recall": 0.8088298328332619,
                "f1-score": 0.7815282667218886,
                "support": 2333.0
            },
            "1": {
                "precision": 0.7976406533575318,
                "recall": 0.7427122940430925,
                "f1-score": 0.7691971122292716,
                "support": 2367.0
            },
            "accuracy": 0.7755319148936171,
            "macro avg": {
                "precision": 0.7768251343710736,
                "recall": 0.7757710634381771,
                "f1-score": 0.7753626894755801,
                "support": 4700.0
            },
            "weighted avg": {
                "precision": 0.7769757147211884,
                "recall": 0.7755319148936171,
                "f1-score": 0.7753180874274153,
                "support": 4700.0
            },
            "cross-entropy": 0.4790222190223058,
            "roc-auc": 0.8530687255521385,
            "score": 0.7755319148936171
        }
    },
    "time": "0:00:23.166943",
    "chunk_size": null,
    "eval_batch_size": 32768
}