{
    "function": "bin.qtab.main",
    "gpus": [
        "NVIDIA GeForce RTX 4090"
    ],
    "config": {
        "seed": 12,
        "batch_size": 256,
        "patience": 16,
        "n_epochs": -1,
        "amp": true,
        "data": {
            "cache": true,
            "path": "data/classif-num-medium-0-credit",
            "num_policy": "noisy-quantile"
        },
        "optimizer": {
            "type": "AdamW",
            "lr": 0.0002521804625709015,
            "weight_decay": 0.0
        },
        "model": {
            "encoder_n_blocks": 1,
            "temperature": 1,
            "momentum": 0.999,
            "queue_ratio": 64,
            "d_main": 32,
            "d_multiplier": 2.0,
            "mixer_normalization": "auto",
            "dropout0": 0.0,
            "dropout1": 0.0,
            "normalization": "LayerNorm",
            "activation": "ReLU",
            "num_embeddings": {
                "type": "PeriodicEmbeddings",
                "n_frequencies": 84,
                "frequency_init_scale": 0.029684417722921002,
                "d_embedding": 63,
                "lite": true
            }
        }
    },
    "n_parameters": 35935,
    "prediction_type": "probs",
    "epoch_size": 40,
    "best_step": 560,
    "metrics": {
        "train": {
            "0": {
                "precision": 0.7750483558994198,
                "recall": 0.7963036565977742,
                "f1-score": 0.7855322485787101,
                "support": 5032.0
            },
            "1": {
                "precision": 0.7877846790890269,
                "recall": 0.7659017713365539,
                "f1-score": 0.7766891202286182,
                "support": 4968.0
            },
            "accuracy": 0.7812,
            "macro avg": {
                "precision": 0.7814165174942234,
                "recall": 0.781102713967164,
                "f1-score": 0.7811106844036642,
                "support": 10000.0
            },
            "weighted avg": {
                "precision": 0.7813757612600166,
                "recall": 0.7812,
                "f1-score": 0.7811389824143845,
                "support": 10000.0
            },
            "cross-entropy": 0.4683057293484694,
            "roc-auc": 0.8602052340063848,
            "score": 0.7812
        },
        "val": {
            "0": {
                "precision": 0.7771260997067448,
                "recall": 0.8014112903225806,
                "f1-score": 0.7890818858560794,
                "support": 992.0
            },
            "1": {
                "precision": 0.8012108980827447,
                "recall": 0.776908023483366,
                "f1-score": 0.7888723298559364,
                "support": 1022.0
            },
            "accuracy": 0.7889771598808342,
            "macro avg": {
                "precision": 0.7891684988947447,
                "recall": 0.7891596569029733,
                "f1-score": 0.7889771078560079,
                "support": 2014.0
            },
            "weighted avg": {
                "precision": 0.7893478792202859,
                "recall": 0.7889771598808342,
                "f1-score": 0.7889755471112203,
                "support": 2014.0
            },
            "cross-entropy": 0.4719327714295454,
            "roc-auc": 0.8588468018117543,
            "score": 0.7889771598808342
        },
        "test": {
            "0": {
                "precision": 0.750620347394541,
                "recall": 0.7779682811830262,
                "f1-score": 0.7640496737528941,
                "support": 2333.0
            },
            "1": {
                "precision": 0.7730061349693251,
                "recall": 0.7452471482889734,
                "f1-score": 0.7588728758872876,
                "support": 2367.0
            },
            "accuracy": 0.7614893617021277,
            "macro avg": {
                "precision": 0.761813241181933,
                "recall": 0.7616077147359999,
                "f1-score": 0.7614612748200908,
                "support": 4700.0
            },
            "weighted avg": {
                "precision": 0.7618942110518844,
                "recall": 0.7614893617021277,
                "f1-score": 0.7614425502320663,
                "support": 4700.0
            },
            "cross-entropy": 0.4950357144412136,
            "roc-auc": 0.8455422112628438,
            "score": 0.7614893617021277
        }
    },
    "time": "0:00:13.099585",
    "chunk_size": null,
    "eval_batch_size": 32768
}