{
    "function": "bin.reformer.main",
    "gpus": [
        "NVIDIA GeForce RTX 4090"
    ],
    "config": {
        "seed": 8,
        "batch_size": 256,
        "patience": 16,
        "n_epochs": -1,
        "amp": true,
        "data": {
            "cache": true,
            "path": "data/churn",
            "num_policy": "noisy-quantile",
            "cat_policy": "ordinal"
        },
        "optimizer": {
            "type": "AdamW",
            "lr": 0.00010285815594689568,
            "weight_decay": 0.0
        },
        "model": {
            "predictor_n_blocks": 3,
            "context_size": 32,
            "encoder_n_blocks": 1,
            "num_heads": 4,
            "momentum": 0.999,
            "use_aux_loss": true,
            "multi_output_head": false,
            "queue_ratio": 64,
            "arch_type": "retransformer",
            "d_main": 512,
            "d_multiplier": 2.0,
            "mixer_normalization": "auto",
            "dropout0": 0.11214759965830814,
            "dropout1": 0.0,
            "normalization": "LayerNorm",
            "activation": "ReLU",
            "num_embeddings": {
                "type": "PeriodicEmbeddings",
                "n_frequencies": 48,
                "frequency_init_scale": 0.1452384271556033,
                "d_embedding": 19,
                "lite": true
            }
        }
    },
    "n_parameters": 7434373,
    "prediction_type": "probs",
    "epoch_size": 25,
    "best_step": 425,
    "metrics": {
        "train": {
            "0": {
                "precision": 0.8815883190883191,
                "recall": 0.9715463108320251,
                "f1-score": 0.9243838685586259,
                "support": 5096.0
            },
            "1": {
                "precision": 0.8150510204081632,
                "recall": 0.49003067484662577,
                "f1-score": 0.6120689655172413,
                "support": 1304.0
            },
            "accuracy": 0.8734375,
            "macro avg": {
                "precision": 0.8483196697482411,
                "recall": 0.7307884928393255,
                "f1-score": 0.7682264170379336,
                "support": 6400.0
            },
            "weighted avg": {
                "precision": 0.8680313444822373,
                "recall": 0.8734375,
                "f1-score": 0.8607497070639438,
                "support": 6400.0
            },
            "cross-entropy": 0.32258369968560274,
            "roc-auc": 0.8742152963710261,
            "score": 0.8734375
        },
        "val": {
            "0": {
                "precision": 0.8741159830268741,
                "recall": 0.9701726844583988,
                "f1-score": 0.9196428571428571,
                "support": 1274.0
            },
            "1": {
                "precision": 0.7956989247311828,
                "recall": 0.4539877300613497,
                "f1-score": 0.578125,
                "support": 326.0
            },
            "accuracy": 0.865,
            "macro avg": {
                "precision": 0.8349074538790284,
                "recall": 0.7120802072598742,
                "f1-score": 0.7488839285714286,
                "support": 1600.0
            },
            "weighted avg": {
                "precision": 0.8581385073991271,
                "recall": 0.865,
                "f1-score": 0.85005859375,
                "support": 1600.0
            },
            "cross-entropy": 0.3511333057920654,
            "roc-auc": 0.8460539241652301,
            "score": 0.865
        },
        "test": {
            "0": {
                "precision": 0.8701007838745801,
                "recall": 0.975517890772128,
                "f1-score": 0.9197987570287067,
                "support": 1593.0
            },
            "1": {
                "precision": 0.8177570093457944,
                "recall": 0.42997542997543,
                "f1-score": 0.5636070853462158,
                "support": 407.0
            },
            "accuracy": 0.8645,
            "macro avg": {
                "precision": 0.8439288966101872,
                "recall": 0.702746660373779,
                "f1-score": 0.7417029211874613,
                "support": 2000.0
            },
            "weighted avg": {
                "precision": 0.8594488257579722,
                "recall": 0.8645,
                "f1-score": 0.8473137518413199,
                "support": 2000.0
            },
            "cross-entropy": 0.35557509526623865,
            "roc-auc": 0.840553959198027,
            "score": 0.8645
        }
    },
    "time": "0:00:27.901954",
    "chunk_size": null,
    "eval_batch_size": 32768,
    "heads": [
        3
    ],
    "head_selection_time": "0:00:00.033212"
}