{
    "function": "bin.ensemble.main",
    "config": {
        "seeds": [
            0,
            1,
            2,
            3,
            4
        ],
        "data": {
            "path": "data/regression-cat-medium-0-house_sales"
        }
    },
    "single_model_function": "bin.model.main",
    "prediction_type": "labels",
    "metrics": {
        "train": {
            "rmse": 0.17434115194137692,
            "mae": 0.1280188411474228,
            "r2": 0.8907953484029363,
            "score": -0.17434115194137692
        },
        "val": {
            "rmse": 0.18307570151919106,
            "mae": 0.1317581981420517,
            "r2": 0.8804827348312743,
            "score": -0.18307570151919106
        },
        "test": {
            "rmse": 0.18283361981328025,
            "mae": 0.13168957829475403,
            "r2": 0.8783890996509315,
            "score": -0.18283361981328025
        }
    }
}