{
    "function": "bin.qtabformer.main",
    "gpus": [
        "NVIDIA GeForce RTX 4090"
    ],
    "config": {
        "seed": 9,
        "batch_size": 256,
        "patience": 16,
        "n_epochs": -1,
        "amp": true,
        "data": {
            "cache": true,
            "path": "data/sberbank-housing",
            "num_policy": "noisy-quantile",
            "cat_policy": "ordinal"
        },
        "optimizer": {
            "type": "AdamW",
            "lr": 0.00017378140187305984,
            "weight_decay": 9.186843078841973e-05
        },
        "model": {
            "num_heads": 4,
            "predictor_n_blocks": 1,
            "encoder_n_blocks": 1,
            "use_multi_output_head": true,
            "dropout1": 0.0,
            "use_mlp_head": false,
            "query_expansion_ratio": 4,
            "attention_type": "mqa",
            "use_key_as_value": true,
            "momentum": 0.999,
            "queue_ratio": 64,
            "d_main": 512,
            "d_multiplier": 2.0,
            "mixer_normalization": "auto",
            "dropout0": 0.5863791143782916,
            "num_embeddings": {
                "type": "PeriodicEmbeddings",
                "n_frequencies": 96,
                "frequency_init_scale": 0.17966119963404809,
                "d_embedding": 25,
                "lite": true
            }
        }
    },
    "n_parameters": 8887229,
    "prediction_type": "labels",
    "epoch_size": 74,
    "best_step": 1258,
    "metrics": {
        "train": {
            "rmse": 0.23007758938738357,
            "mae": 0.12768863141536713,
            "r2": 0.6618086820234101,
            "score": -0.23007758938738357
        },
        "val": {
            "rmse": 0.24244598469167597,
            "mae": 0.135955810546875,
            "r2": 0.6073720433031207,
            "score": -0.24244598469167597
        },
        "test": {
            "rmse": 0.25270639232216086,
            "mae": 0.17104482650756836,
            "r2": 0.5636127797028812,
            "score": -0.25270639232216086
        }
    },
    "time": "0:00:52.127962",
    "chunk_size": null,
    "eval_batch_size": 32768
}