{
    "function": "bin.reformer.main",
    "gpus": [
        "NVIDIA GeForce RTX 4090"
    ],
    "config": {
        "seed": 11,
        "batch_size": 1024,
        "patience": 16,
        "n_epochs": -1,
        "amp": true,
        "data": {
            "cache": true,
            "path": "data/ecom-offers",
            "num_policy": "noisy-quantile"
        },
        "optimizer": {
            "type": "AdamW",
            "lr": 5.440143977648763e-05,
            "weight_decay": 0.0
        },
        "model": {
            "predictor_n_blocks": 3,
            "k": 1,
            "context_size": 96,
            "encoder_n_blocks": 1,
            "predictor_type": "mha",
            "use_adapter": false,
            "num_heads": 4,
            "momentum": 0.999,
            "use_aux_loss": false,
            "multi_output_head": false,
            "queue_ratio": 64,
            "arch_type": "retransformer",
            "d_main": 256,
            "d_multiplier": 2.0,
            "mixer_normalization": "auto",
            "dropout0": 0.007099436621494072,
            "dropout1": 0.0,
            "normalization": "LayerNorm",
            "activation": "ReLU",
            "num_embeddings": {
                "type": "PeriodicEmbeddings",
                "n_frequencies": 19,
                "frequency_init_scale": 0.04429891783539526,
                "d_embedding": 49,
                "lite": true
            }
        }
    },
    "n_parameters": 3156273,
    "prediction_type": "probs",
    "epoch_size": 107,
    "best_step": 321,
    "metrics": {
        "train": {
            "0": {
                "precision": 0.7808267153823583,
                "recall": 0.9799593722900011,
                "f1-score": 0.8691327847607809,
                "support": 84179.0
            },
            "1": {
                "precision": 0.5433134813210612,
                "recall": 0.07976313488593911,
                "f1-score": 0.13910451899085113,
                "support": 25162.0
            },
            "accuracy": 0.772802516896681,
            "macro avg": {
                "precision": 0.6620700983517097,
                "recall": 0.5298612535879701,
                "f1-score": 0.5041186518758161,
                "support": 109341.0
            },
            "weighted avg": {
                "precision": 0.7261691944574502,
                "recall": 0.772802516896681,
                "f1-score": 0.7011356819054662,
                "support": 109341.0
            },
            "cross-entropy": 0.5025986879743604,
            "roc-auc": 0.6771160495074067,
            "score": 0.6771160495074067
        },
        "val": {
            "0": {
                "precision": 0.6762001570946726,
                "recall": 0.9430983374146152,
                "f1-score": 0.7876537229891553,
                "support": 15518.0
            },
            "1": {
                "precision": 0.6627196333078686,
                "recall": 0.19844446986160358,
                "f1-score": 0.30543085995951064,
                "support": 8743.0
            },
            "accuracy": 0.6747454762788013,
            "macro avg": {
                "precision": 0.6694598952012707,
                "recall": 0.5707714036381094,
                "f1-score": 0.546542291474333,
                "support": 24261.0
            },
            "weighted avg": {
                "precision": 0.6713421454930063,
                "recall": 0.6747454762788013,
                "f1-score": 0.6138738090751293,
                "support": 24261.0
            },
            "cross-entropy": 0.6790787215228368,
            "roc-auc": 0.6071187441732517,
            "score": 0.6071187441732517
        },
        "test": {
            "0": {
                "precision": 0.6576375314158056,
                "recall": 0.9741756293582319,
                "f1-score": 0.7852056490985735,
                "support": 16922.0
            },
            "1": {
                "precision": 0.6851585014409222,
                "recall": 0.09975873282282598,
                "f1-score": 0.17415987546927936,
                "support": 9533.0
            },
            "accuracy": 0.6590814590814591,
            "macro avg": {
                "precision": 0.6713980164283639,
                "recall": 0.5369671810905289,
                "f1-score": 0.4796827622839264,
                "support": 26455.0
            },
            "weighted avg": {
                "precision": 0.6675546513269542,
                "recall": 0.6590814590814591,
                "f1-score": 0.5650166731012928,
                "support": 26455.0
            },
            "cross-entropy": 0.741528917365971,
            "roc-auc": 0.5801216168673556,
            "score": 0.5801216168673556
        }
    },
    "time": "0:01:23.097084",
    "chunk_size": null,
    "eval_batch_size": 32768
}