{
    "function": "bin.qtab.main",
    "gpus": [
        "NVIDIA GeForce RTX 4090"
    ],
    "config": {
        "seed": 2,
        "batch_size": 512,
        "patience": 16,
        "n_epochs": -1,
        "amp": true,
        "data": {
            "cache": true,
            "path": "data/regression-num-medium-0-medical_charges",
            "num_policy": "noisy-quantile"
        },
        "optimizer": {
            "type": "AdamW",
            "lr": 0.0005080919659403695,
            "weight_decay": 3.075268112293229e-05
        },
        "model": {
            "temperature": 0.01,
            "distance_metric": "cossim",
            "encoder_n_blocks": 1,
            "momentum": 0.999,
            "queue_ratio": 64,
            "d_main": 256,
            "d_multiplier": 2.0,
            "mixer_normalization": "auto",
            "dropout0": 0.24715620407890382,
            "dropout1": 0.0,
            "normalization": "LayerNorm",
            "activation": "ReLU",
            "num_embeddings": {
                "type": "PeriodicEmbeddings",
                "n_frequencies": 38,
                "frequency_init_scale": 0.07622707724697729,
                "d_embedding": 23,
                "lite": true
            }
        }
    },
    "n_parameters": 283229,
    "prediction_type": "labels",
    "epoch_size": 20,
    "best_step": 960,
    "metrics": {
        "train": {
            "rmse": 0.07922756790709615,
            "mae": 0.05064874142408371,
            "r2": 0.9799588694895207,
            "score": -0.07922756790709615
        },
        "val": {
            "rmse": 0.0821699462890226,
            "mae": 0.05119628831744194,
            "r2": 0.978972393282557,
            "score": -0.0821699462890226
        },
        "test": {
            "rmse": 0.08141001409845226,
            "mae": 0.05083851516246796,
            "r2": 0.9794090281539312,
            "score": -0.08141001409845226
        }
    },
    "time": "0:00:18.357103",
    "chunk_size": null,
    "eval_batch_size": 32768
}