{
    "function": "bin.qtabformer.main",
    "gpus": [
        "NVIDIA GeForce RTX 4090"
    ],
    "config": {
        "seed": 8,
        "batch_size": 256,
        "patience": 16,
        "n_epochs": -1,
        "amp": true,
        "data": {
            "cache": true,
            "path": "data/churn",
            "num_policy": "noisy-quantile",
            "cat_policy": "ordinal"
        },
        "optimizer": {
            "type": "AdamW",
            "lr": 0.0007247946887548224,
            "weight_decay": 3.0936225583824203e-06
        },
        "model": {
            "use_mlp_head": false,
            "query_expansion_ratio": 1,
            "attention_type": "mqa",
            "predictor_n_blocks": 1,
            "use_key_as_value": true,
            "encoder_n_blocks": 1,
            "num_heads": 4,
            "momentum": 0.999,
            "queue_ratio": 64,
            "d_main": 256,
            "d_multiplier": 2.0,
            "mixer_normalization": "auto",
            "dropout0": 0.4280570460290106,
            "dropout1": 0.0,
            "num_embeddings": {
                "type": "PeriodicEmbeddings",
                "n_frequencies": 81,
                "frequency_init_scale": 0.08451128929502011,
                "d_embedding": 53,
                "lite": true
            }
        }
    },
    "n_parameters": 931320,
    "prediction_type": "probs",
    "epoch_size": 25,
    "best_step": 200,
    "metrics": {
        "train": {
            "0": {
                "precision": 0.8781824611032532,
                "recall": 0.9746860282574569,
                "f1-score": 0.9239211309523809,
                "support": 5096.0
            },
            "1": {
                "precision": 0.8266129032258065,
                "recall": 0.47162576687116564,
                "f1-score": 0.6005859375,
                "support": 1304.0
            },
            "accuracy": 0.8721875,
            "macro avg": {
                "precision": 0.8523976821645298,
                "recall": 0.7231558975643113,
                "f1-score": 0.7622535342261905,
                "support": 6400.0
            },
            "weighted avg": {
                "precision": 0.8676751636857234,
                "recall": 0.8721875,
                "f1-score": 0.8580415852864582,
                "support": 6400.0
            },
            "cross-entropy": 0.31421459032883,
            "roc-auc": 0.8891634151891055,
            "score": 0.8721875
        },
        "val": {
            "0": {
                "precision": 0.8719384184744576,
                "recall": 0.978021978021978,
                "f1-score": 0.9219385867554569,
                "support": 1274.0
            },
            "1": {
                "precision": 0.8362573099415205,
                "recall": 0.4386503067484663,
                "f1-score": 0.5754527162977867,
                "support": 326.0
            },
            "accuracy": 0.868125,
            "macro avg": {
                "precision": 0.854097864207989,
                "recall": 0.7083361423852221,
                "f1-score": 0.7486956515266219,
                "support": 1600.0
            },
            "weighted avg": {
                "precision": 0.8646683926108717,
                "recall": 0.868125,
                "f1-score": 0.8513420906497067,
                "support": 1600.0
            },
            "cross-entropy": 0.34066235349823765,
            "roc-auc": 0.8650005778621028,
            "score": 0.868125
        },
        "test": {
            "0": {
                "precision": 0.8688340807174888,
                "recall": 0.9730069052102951,
                "f1-score": 0.9179745336097128,
                "support": 1593.0
            },
            "1": {
                "precision": 0.8009259259259259,
                "recall": 0.4250614250614251,
                "f1-score": 0.5553772070626003,
                "support": 407.0
            },
            "accuracy": 0.8615,
            "macro avg": {
                "precision": 0.8348800033217074,
                "recall": 0.69903416513586,
                "f1-score": 0.7366758703361566,
                "support": 2000.0
            },
            "weighted avg": {
                "precision": 0.8550147712174058,
                "recall": 0.8615,
                "f1-score": 0.8441859776573755,
                "support": 2000.0
            },
            "cross-entropy": 0.35152279187091623,
            "roc-auc": 0.8551394229360331,
            "score": 0.8615
        }
    },
    "time": "0:00:11.184733",
    "chunk_size": null,
    "eval_batch_size": 32768
}