{
    "function": "bin.ensemble.main",
    "config": {
        "seeds": [
            5,
            6,
            7,
            8,
            9
        ],
        "data": {
            "path": "data/sberbank-housing"
        }
    },
    "single_model_function": "bin.qtabformer.main",
    "prediction_type": "labels",
    "metrics": {
        "train": {
            "rmse": 0.22573943097328855,
            "mae": 0.11605187505483627,
            "r2": 0.6744417575418415,
            "score": -0.22573943097328855
        },
        "val": {
            "rmse": 0.24040610680426497,
            "mae": 0.13253311812877655,
            "r2": 0.6139511918372856,
            "score": -0.24040610680426497
        },
        "test": {
            "rmse": 0.2583319892130514,
            "mae": 0.1805073469877243,
            "r2": 0.54396731356427,
            "score": -0.2583319892130514
        }
    }
}