{
    "function": "bin.model.main",
    "gpus": [
        "NVIDIA GeForce RTX 4090"
    ],
    "config": {
        "seed": 3,
        "batch_size": 256,
        "patience": 16,
        "n_epochs": -1,
        "gradient_clipping_norm": 1.0,
        "amp": true,
        "data": {
            "cache": true,
            "path": "data/classif-num-medium-0-credit",
            "num_policy": "noisy-quantile"
        },
        "optimizer": {
            "type": "AdamW",
            "lr": 3.590208008460646e-05,
            "weight_decay": 0.0
        },
        "model": {
            "arch_type": "tabrmv3",
            "sample_rate": 0.2993428712380761,
            "k": 4,
            "backbone": {
                "embed_type": "tabr",
                "ensemble_type": "mini-resnet",
                "context_shuffle": false,
                "context_size": 256,
                "encoder_n_blocks": 0,
                "n_blocks": 2,
                "d_block": 832,
                "dropout": 0.0
            },
            "num_embeddings": {
                "type": "PeriodicEmbeddings",
                "n_frequencies": 24,
                "d_embedding": 24,
                "frequency_init_scale": 0.12140509149667612,
                "lite": false
            }
        }
    },
    "n_parameters": 4385000,
    "prediction_type": "probs",
    "epoch_size": 40,
    "best_step": 320,
    "metrics": {
        "train": {
            "0": {
                "precision": 0.7803135542766422,
                "recall": 0.7813990461049285,
                "f1-score": 0.7808559229470757,
                "support": 5032.0
            },
            "1": {
                "precision": 0.7782705099778271,
                "recall": 0.7771739130434783,
                "f1-score": 0.7777218249571961,
                "support": 4968.0
            },
            "accuracy": 0.7793,
            "macro avg": {
                "precision": 0.7792920321272346,
                "recall": 0.7792864795742034,
                "f1-score": 0.779288873952136,
                "support": 10000.0
            },
            "weighted avg": {
                "precision": 0.7792985698689908,
                "recall": 0.7793,
                "f1-score": 0.7792989030657035,
                "support": 10000.0
            },
            "cross-entropy": 0.4718509959235735,
            "roc-auc": 0.8573918587705353,
            "score": 0.7793
        },
        "val": {
            "0": {
                "precision": 0.7816550348953141,
                "recall": 0.7903225806451613,
                "f1-score": 0.7859649122807018,
                "support": 992.0
            },
            "1": {
                "precision": 0.7942631058358062,
                "recall": 0.7857142857142857,
                "f1-score": 0.7899655681259222,
                "support": 1022.0
            },
            "accuracy": 0.7879841112214498,
            "macro avg": {
                "precision": 0.7879590703655601,
                "recall": 0.7880184331797235,
                "f1-score": 0.7879652402033119,
                "support": 2014.0
            },
            "weighted avg": {
                "precision": 0.7880529735751467,
                "recall": 0.7879841112214498,
                "f1-score": 0.7879950365477402,
                "support": 2014.0
            },
            "cross-entropy": 0.46307976818849106,
            "roc-auc": 0.8630048213496623,
            "score": 0.7879841112214498
        },
        "test": {
            "0": {
                "precision": 0.7638830012717253,
                "recall": 0.7723960565795114,
                "f1-score": 0.7681159420289855,
                "support": 2333.0
            },
            "1": {
                "precision": 0.7731738573259291,
                "recall": 0.7646810308407267,
                "f1-score": 0.7689039932030587,
                "support": 2367.0
            },
            "accuracy": 0.7685106382978724,
            "macro avg": {
                "precision": 0.7685284292988273,
                "recall": 0.7685385437101191,
                "f1-score": 0.7685099676160221,
                "support": 4700.0
            },
            "weighted avg": {
                "precision": 0.7685620345228531,
                "recall": 0.7685106382978724,
                "f1-score": 0.7685128180138857,
                "support": 4700.0
            },
            "cross-entropy": 0.4828197540153972,
            "roc-auc": 0.8497619884499161,
            "score": 0.7685106382978724
        }
    },
    "time": "0:00:28.810925",
    "chunk_size": null,
    "eval_batch_size": 32768,
    "heads": [
        1
    ],
    "head_selection_time": "0:00:00.027995"
}