{
    "function": "bin.model.main",
    "gpus": [
        "NVIDIA GeForce RTX 4090"
    ],
    "config": {
        "seed": 9,
        "batch_size": 256,
        "patience": 16,
        "n_epochs": -1,
        "gradient_clipping_norm": 1.0,
        "amp": true,
        "data": {
            "cache": true,
            "path": "data/sberbank-housing",
            "num_policy": "noisy-quantile",
            "cat_policy": "ordinal"
        },
        "optimizer": {
            "type": "AdamW",
            "lr": 4.0007863200687915e-05,
            "weight_decay": 0.0
        },
        "model": {
            "arch_type": "tabrmv3",
            "sample_rate": 0.41476163626332785,
            "k": 32,
            "backbone": {
                "ensemble_type": "mini",
                "context_size": 32,
                "n_blocks": 1,
                "d_block": 720,
                "dropout": 0.09047343813523749
            },
            "num_embeddings": {
                "type": "PeriodicEmbeddings",
                "n_frequencies": 24,
                "d_embedding": 16,
                "frequency_init_scale": 2.639461865974056,
                "lite": false
            }
        }
    },
    "n_parameters": 7286152,
    "prediction_type": "labels",
    "epoch_size": 74,
    "best_step": 2738,
    "metrics": {
        "train": {
            "rmse": 0.27268114386212433,
            "mae": 0.1497199833393097,
            "r2": 0.5249666878667631,
            "score": -0.27268114386212433
        },
        "val": {
            "rmse": 0.25242802125135816,
            "mae": 0.14723749458789825,
            "r2": 0.5743757314314726,
            "score": -0.25242802125135816
        },
        "test": {
            "rmse": 0.2745418319008842,
            "mae": 0.18890127539634705,
            "r2": 0.4849414053557235,
            "score": -0.2745418319008842
        }
    },
    "time": "0:06:25.298891",
    "chunk_size": null,
    "eval_batch_size": 32768
}