{
    "function": "bin.model.main",
    "gpus": [
        "NVIDIA GeForce RTX 4090"
    ],
    "config": {
        "seed": 10,
        "batch_size": 256,
        "patience": 16,
        "n_epochs": -1,
        "amp": true,
        "data": {
            "cache": true,
            "path": "data/regression-cat-medium-0-Brazilian_houses",
            "num_policy": "noisy-quantile",
            "cat_policy": "ordinal"
        },
        "optimizer": {
            "type": "AdamW",
            "lr": 0.00013238137741839533,
            "weight_decay": 0.0
        },
        "model": {
            "arch_type": "tabr",
            "k": 1,
            "context_size": 96,
            "d_main": 191,
            "context_dropout": 0.08728131058645976,
            "d_multiplier": 2.0,
            "encoder_n_blocks": 1,
            "predictor_n_blocks": 2,
            "mixer_normalization": "auto",
            "dropout0": 0.3475042562693122,
            "dropout1": 0.0,
            "normalization": "LayerNorm",
            "activation": "ReLU",
            "num_embeddings": {
                "type": "PeriodicEmbeddings",
                "n_frequencies": 30,
                "frequency_init_scale": 0.1105810483649258,
                "d_embedding": 55,
                "lite": true
            }
        }
    },
    "n_parameters": 714116,
    "prediction_type": "labels",
    "epoch_size": 30,
    "best_step": 1920,
    "metrics": {
        "train": {
            "rmse": 0.042632025813404174,
            "mae": 0.01855580136179924,
            "r2": 0.9971768521008443,
            "score": -0.042632025813404174
        },
        "val": {
            "rmse": 0.04767878636629485,
            "mae": 0.01942465454339981,
            "r2": 0.9964773160848175,
            "score": -0.04767878636629485
        },
        "test": {
            "rmse": 0.02876251989559872,
            "mae": 0.017946435138583183,
            "r2": 0.9986464773213679,
            "score": -0.02876251989559872
        }
    },
    "time": "0:00:45.161724",
    "chunk_size": null,
    "eval_batch_size": 32768
}