{
    "function": "bin.model.main",
    "gpus": [
        "NVIDIA GeForce RTX 4090"
    ],
    "config": {
        "seed": 13,
        "batch_size": 256,
        "patience": 16,
        "n_epochs": -1,
        "amp": true,
        "data": {
            "cache": true,
            "path": "data/regression-num-medium-0-elevators",
            "num_policy": "noisy-quantile"
        },
        "optimizer": {
            "type": "AdamW",
            "lr": 4.404526013357188e-05,
            "weight_decay": 2.117532275886956e-06
        },
        "model": {
            "arch_type": "tabr",
            "k": 1,
            "context_size": 96,
            "d_main": 329,
            "context_dropout": 0.08437177925353587,
            "d_multiplier": 2.0,
            "encoder_n_blocks": 0,
            "predictor_n_blocks": 2,
            "mixer_normalization": "auto",
            "dropout0": 0.3034554719716867,
            "dropout1": 0.0,
            "normalization": "LayerNorm",
            "activation": "ReLU",
            "num_embeddings": {
                "type": "PeriodicEmbeddings",
                "n_frequencies": 77,
                "frequency_init_scale": 0.05118224124832475,
                "d_embedding": 60,
                "lite": true
            }
        }
    },
    "n_parameters": 1739757,
    "prediction_type": "labels",
    "epoch_size": 40,
    "best_step": 2400,
    "metrics": {
        "train": {
            "rmse": 0.0017459843625955414,
            "mae": 0.0013112412998452783,
            "r2": 0.9309823479864695,
            "score": -0.0017459843625955414
        },
        "val": {
            "rmse": 0.0018627078885002648,
            "mae": 0.0013849877286702394,
            "r2": 0.9237077999656771,
            "score": -0.0018627078885002648
        },
        "test": {
            "rmse": 0.0018580937473037852,
            "mae": 0.001393563230521977,
            "r2": 0.9265481036611035,
            "score": -0.0018580937473037852
        }
    },
    "time": "0:00:51.978076",
    "chunk_size": null,
    "eval_batch_size": 32768
}