{
    "function": "bin.model.main",
    "gpus": [
        "NVIDIA GeForce RTX 4090"
    ],
    "config": {
        "seed": 3,
        "batch_size": 32,
        "patience": 16,
        "n_epochs": -1,
        "gradient_clipping_norm": 1.0,
        "amp": true,
        "data": {
            "cache": true,
            "path": "data/classif-num-medium-0-wine",
            "num_policy": "noisy-quantile"
        },
        "optimizer": {
            "type": "AdamW",
            "lr": 0.0016417382799666534,
            "weight_decay": 0.0
        },
        "model": {
            "arch_type": "taba",
            "k": 32,
            "share_training_batches": false,
            "backbone": {
                "type": "MLP",
                "n_blocks": 2,
                "d_block": 736,
                "dropout": 0.12321583911358859
            },
            "num_embeddings": {
                "type": "PiecewiseLinearEmbeddingsV2",
                "d_embedding": 20
            }
        },
        "bins": {
            "n_bins": 14
        }
    },
    "n_parameters": 290084,
    "prediction_type": "probs",
    "epoch_size": 56,
    "best_step": 504,
    "metrics": {
        "train": {
            "0": {
                "precision": 0.875,
                "recall": 0.8125,
                "f1-score": 0.8425925925925926,
                "support": 896.0
            },
            "1": {
                "precision": 0.8240837696335078,
                "recall": 0.8832772166105499,
                "f1-score": 0.8526543878656554,
                "support": 891.0
            },
            "accuracy": 0.8477895914941243,
            "macro avg": {
                "precision": 0.849541884816754,
                "recall": 0.847888608305275,
                "f1-score": 0.847623490229124,
                "support": 1787.0
            },
            "weighted avg": {
                "precision": 0.8496131162526331,
                "recall": 0.8477895914941243,
                "f1-score": 0.8476094138507341,
                "support": 1787.0
            },
            "cross-entropy": 0.36061549252365394,
            "roc-auc": 0.9193034010742344,
            "score": 0.8477895914941243
        },
        "val": {
            "0": {
                "precision": 0.8,
                "recall": 0.8440366972477065,
                "f1-score": 0.8214285714285714,
                "support": 109.0
            },
            "1": {
                "precision": 0.8521739130434782,
                "recall": 0.8099173553719008,
                "f1-score": 0.8305084745762712,
                "support": 121.0
            },
            "accuracy": 0.8260869565217391,
            "macro avg": {
                "precision": 0.8260869565217391,
                "recall": 0.8269770263098036,
                "f1-score": 0.8259685230024213,
                "support": 230.0
            },
            "weighted avg": {
                "precision": 0.8274480151228732,
                "recall": 0.8260869565217391,
                "f1-score": 0.826205390041057,
                "support": 230.0
            },
            "cross-entropy": 0.4477716477455248,
            "roc-auc": 0.8849799074986732,
            "score": 0.8260869565217391
        },
        "test": {
            "0": {
                "precision": 0.7890625,
                "recall": 0.7426470588235294,
                "f1-score": 0.7651515151515152,
                "support": 272.0
            },
            "1": {
                "precision": 0.7508896797153025,
                "recall": 0.7962264150943397,
                "f1-score": 0.7728937728937729,
                "support": 265.0
            },
            "accuracy": 0.7690875232774674,
            "macro avg": {
                "precision": 0.7699760898576513,
                "recall": 0.7694367369589346,
                "f1-score": 0.7690226440226441,
                "support": 537.0
            },
            "weighted avg": {
                "precision": 0.7702248885001028,
                "recall": 0.7690875232774674,
                "f1-score": 0.7689721823800038,
                "support": 537.0
            },
            "cross-entropy": 0.47663484367717956,
            "roc-auc": 0.8501942286348503,
            "score": 0.7690875232774674
        }
    },
    "time": "0:00:10.600552",
    "chunk_size": null,
    "eval_batch_size": 32768,
    "heads": [
        25,
        17,
        9
    ],
    "head_selection_time": "0:00:00.708478"
}