{
    "function": "bin.qtabformerv2.main",
    "gpus": [
        "NVIDIA GeForce RTX 4090"
    ],
    "config": {
        "seed": 12,
        "batch_size": 256,
        "patience": 16,
        "n_epochs": -1,
        "amp": true,
        "data": {
            "cache": true,
            "path": "data/regression-cat-medium-0-OnlineNewsPopularity",
            "num_policy": "noisy-quantile"
        },
        "optimizer": {
            "type": "AdamW",
            "lr": 0.0001006198677080036,
            "weight_decay": 2.2752440764749804e-05
        },
        "model": {
            "encoder_n_blocks": 1,
            "distance_metric": "cossim",
            "temperature": 0.1,
            "momentum": 0.999,
            "queue_ratio": 64,
            "d_main": 128,
            "d_multiplier": 2.0,
            "mixer_normalization": "auto",
            "dropout0": 0.47988431226217443,
            "dropout1": 0.0,
            "normalization": "LayerNorm",
            "activation": "ReLU",
            "num_embeddings": {
                "type": "PeriodicEmbeddings",
                "n_frequencies": 70,
                "frequency_init_scale": 0.033306415343519004,
                "d_embedding": 41,
                "lite": true
            }
        }
    },
    "n_parameters": 331876,
    "prediction_type": "labels",
    "epoch_size": 40,
    "best_step": 1160,
    "metrics": {
        "train": {
            "rmse": 0.8084018866646753,
            "mae": 0.596174955368042,
            "r2": 0.24515553228072973,
            "score": -0.8084018866646753
        },
        "val": {
            "rmse": 0.8459584685405382,
            "mae": 0.6270869970321655,
            "r2": 0.15128132645455517,
            "score": -0.8459584685405382
        },
        "test": {
            "rmse": 0.8609974544301433,
            "mae": 0.6330263614654541,
            "r2": 0.15042758532227363,
            "score": -0.8609974544301433
        }
    },
    "time": "0:00:26.062356",
    "chunk_size": null,
    "eval_batch_size": 32768
}