{
    "function": "bin.model.main",
    "gpus": [
        "NVIDIA GeForce RTX 4090"
    ],
    "config": {
        "seed": 7,
        "batch_size": 256,
        "patience": 16,
        "n_epochs": -1,
        "gradient_clipping_norm": 1.0,
        "amp": true,
        "data": {
            "cache": true,
            "path": "data/adult",
            "num_policy": "noisy-quantile",
            "cat_policy": "ordinal"
        },
        "optimizer": {
            "type": "AdamW",
            "lr": 0.0025216687039185774,
            "weight_decay": 0.0
        },
        "model": {
            "arch_type": "taba",
            "k": 32,
            "share_training_batches": false,
            "backbone": {
                "type": "MLP",
                "n_blocks": 4,
                "d_block": 432,
                "dropout": 0.1724318487499808
            },
            "num_embeddings": {
                "type": "PiecewiseLinearEmbeddingsV2",
                "d_embedding": 28
            }
        },
        "bins": {
            "n_bins": 90
        }
    },
    "n_parameters": 265048,
    "prediction_type": "probs",
    "epoch_size": 102,
    "best_step": 3978,
    "metrics": {
        "train": {
            "0": {
                "precision": 0.9183251610422075,
                "recall": 0.9660176991150442,
                "f1-score": 0.9415678832836335,
                "support": 19775.0
            },
            "1": {
                "precision": 0.8719024018299657,
                "recall": 0.7291567033317392,
                "f1-score": 0.7941661602569668,
                "support": 6273.0
            },
            "accuracy": 0.9089757371007371,
            "macro avg": {
                "precision": 0.8951137814360866,
                "recall": 0.8475872012233917,
                "f1-score": 0.8678670217703002,
                "support": 26048.0
            },
            "weighted avg": {
                "precision": 0.9071454171640445,
                "recall": 0.9089757371007371,
                "f1-score": 0.9060699176606958,
                "support": 26048.0
            },
            "cross-entropy": 0.21369910433383799,
            "roc-auc": 0.9659431879809988,
            "score": 0.9089757371007371
        },
        "val": {
            "0": {
                "precision": 0.8885289634146342,
                "recall": 0.9429726996966633,
                "f1-score": 0.9149416266064947,
                "support": 4945.0
            },
            "1": {
                "precision": 0.7770750988142292,
                "recall": 0.6269132653061225,
                "f1-score": 0.6939639957642075,
                "support": 1568.0
            },
            "accuracy": 0.8668816213726394,
            "macro avg": {
                "precision": 0.8328020311144317,
                "recall": 0.7849429825013929,
                "f1-score": 0.8044528111853511,
                "support": 6513.0
            },
            "weighted avg": {
                "precision": 0.8616965267965726,
                "recall": 0.8668816213726394,
                "f1-score": 0.8617414231425448,
                "support": 6513.0
            },
            "cross-entropy": 0.29017483038565967,
            "roc-auc": 0.9222978271187141,
            "score": 0.8668816213726394
        },
        "test": {
            "0": {
                "precision": 0.8897064401122659,
                "recall": 0.9432247687977483,
                "f1-score": 0.9156842844874697,
                "support": 12435.0
            },
            "1": {
                "precision": 0.7721110393802453,
                "recall": 0.6219448777951118,
                "f1-score": 0.6889400921658986,
                "support": 3846.0
            },
            "accuracy": 0.867330016583748,
            "macro avg": {
                "precision": 0.8309087397462556,
                "recall": 0.7825848232964301,
                "f1-score": 0.8023121883266842,
                "support": 16281.0
            },
            "weighted avg": {
                "precision": 0.861927316519406,
                "recall": 0.867330016583748,
                "f1-score": 0.8621213483245337,
                "support": 16281.0
            },
            "cross-entropy": 0.29397495355442715,
            "roc-auc": 0.9190920503728072,
            "score": 0.867330016583748
        }
    },
    "time": "0:00:56.266661",
    "chunk_size": null,
    "eval_batch_size": 32768
}