{
    "function": "bin.model.main",
    "gpus": [
        "NVIDIA GeForce RTX 4090"
    ],
    "config": {
        "seed": 13,
        "batch_size": 256,
        "patience": 16,
        "n_epochs": -1,
        "gradient_clipping_norm": 1.0,
        "amp": true,
        "data": {
            "cache": true,
            "path": "data/sberbank-housing",
            "num_policy": "noisy-quantile",
            "cat_policy": "ordinal"
        },
        "optimizer": {
            "type": "AdamW",
            "lr": 0.00021039257452791743,
            "weight_decay": 0.00020896045288148357
        },
        "model": {
            "arch_type": "tabrmv2-mini",
            "sample_rate": 0.5131188585109978,
            "k": 48,
            "backbone": {
                "n_blocks": 1,
                "d_block": 272,
                "dropout": 0.0
            },
            "num_embeddings": {
                "type": "PeriodicEmbeddings",
                "n_frequencies": 96,
                "d_embedding": 20,
                "frequency_init_scale": 0.6081356704186623,
                "lite": false
            }
        }
    },
    "n_parameters": 3981204,
    "prediction_type": "labels",
    "epoch_size": 74,
    "best_step": 148,
    "metrics": {
        "train": {
            "rmse": 0.2524544363883206,
            "mae": 0.13194940984249115,
            "r2": 0.592826183160129,
            "score": -0.2524544363883206
        },
        "val": {
            "rmse": 0.24593345023169066,
            "mae": 0.14083559811115265,
            "r2": 0.5959952958876378,
            "score": -0.24593345023169066
        },
        "test": {
            "rmse": 0.26999410333640544,
            "mae": 0.19575707614421844,
            "r2": 0.501863780715805,
            "score": -0.26999410333640544
        }
    },
    "time": "0:01:38.924617",
    "chunk_size": null,
    "eval_batch_size": 32768,
    "heads": [
        12
    ],
    "head_selection_time": "0:00:00.031633"
}