{
    "function": "bin.model.main",
    "gpus": [
        "NVIDIA GeForce RTX 4090"
    ],
    "config": {
        "seed": 13,
        "batch_size": 64,
        "patience": 16,
        "n_epochs": -1,
        "gradient_clipping_norm": 1.0,
        "amp": true,
        "data": {
            "cache": true,
            "path": "data/classif-cat-medium-1-KDDCup09_upselling",
            "num_policy": "noisy-quantile",
            "cat_policy": "ordinal"
        },
        "optimizer": {
            "type": "AdamW",
            "lr": 0.00011636570782221883,
            "weight_decay": 0.05079472344659331
        },
        "model": {
            "arch_type": "tabrmv3",
            "sample_rate": 0.5999142777644949,
            "k": 8,
            "backbone": {
                "embed_type": "tabr",
                "ensemble_type": "shared-resnet",
                "context_shuffle": false,
                "context_size": 192,
                "encoder_n_blocks": 0,
                "n_blocks": 2,
                "d_block": 288,
                "dropout": 0.0
            },
            "num_embeddings": {
                "type": "PeriodicEmbeddings",
                "n_frequencies": 96,
                "d_embedding": 32,
                "frequency_init_scale": 7.119966059060159,
                "lite": false
            }
        }
    },
    "n_parameters": 1052496,
    "prediction_type": "probs",
    "epoch_size": 57,
    "best_step": 342,
    "metrics": {
        "train": {
            "0": {
                "precision": 0.8029776674937965,
                "recall": 0.9054280917739228,
                "f1-score": 0.8511309836927933,
                "support": 1787.0
            },
            "1": {
                "precision": 0.8926302414231257,
                "recall": 0.7796892341842397,
                "f1-score": 0.8323459715639812,
                "support": 1802.0
            },
            "accuracy": 0.8422959041515743,
            "macro avg": {
                "precision": 0.8478039544584611,
                "recall": 0.8425586629790813,
                "f1-score": 0.8417384776283872,
                "support": 3589.0
            },
            "weighted avg": {
                "precision": 0.8479913031083552,
                "recall": 0.8422959041515743,
                "f1-score": 0.8416992222394304,
                "support": 3589.0
            },
            "cross-entropy": 0.3448809845965409,
            "roc-auc": 0.9283298045385125,
            "score": 0.8422959041515743
        },
        "val": {
            "0": {
                "precision": 0.8060836501901141,
                "recall": 0.8983050847457628,
                "f1-score": 0.8496993987975952,
                "support": 236.0
            },
            "1": {
                "precision": 0.8787878787878788,
                "recall": 0.7733333333333333,
                "f1-score": 0.8226950354609929,
                "support": 225.0
            },
            "accuracy": 0.8373101952277657,
            "macro avg": {
                "precision": 0.8424357644889964,
                "recall": 0.835819209039548,
                "f1-score": 0.836197217129294,
                "support": 461.0
            },
            "weighted avg": {
                "precision": 0.8415683604601728,
                "recall": 0.8373101952277657,
                "f1-score": 0.8365193949999041,
                "support": 461.0
            },
            "cross-entropy": 0.40001559428590755,
            "roc-auc": 0.8921468926553673,
            "score": 0.8373101952277657
        },
        "test": {
            "0": {
                "precision": 0.7450980392156863,
                "recall": 0.8428835489833642,
                "f1-score": 0.7909800520381614,
                "support": 541.0
            },
            "1": {
                "precision": 0.8175965665236051,
                "recall": 0.7094972067039106,
                "f1-score": 0.7597208374875374,
                "support": 537.0
            },
            "accuracy": 0.7764378478664193,
            "macro avg": {
                "precision": 0.7813473028696457,
                "recall": 0.7761903778436374,
                "f1-score": 0.7753504447628494,
                "support": 1078.0
            },
            "weighted avg": {
                "precision": 0.781212797253119,
                "recall": 0.7764378478664193,
                "f1-score": 0.7754084395950397,
                "support": 1078.0
            },
            "cross-entropy": 0.4893069438804998,
            "roc-auc": 0.8506696682121873,
            "score": 0.7764378478664193
        }
    },
    "time": "0:00:26.515347",
    "chunk_size": null,
    "eval_batch_size": 32768,
    "heads": [
        1
    ],
    "head_selection_time": "0:00:00.056622"
}