{
    "function": "bin.model.main",
    "gpus": [
        "NVIDIA GeForce RTX 4090"
    ],
    "config": {
        "seed": 4,
        "batch_size": 1024,
        "patience": 16,
        "n_epochs": -1,
        "gradient_clipping_norm": 1.0,
        "amp": true,
        "data": {
            "cache": true,
            "path": "data/microsoft",
            "num_policy": "noisy-quantile"
        },
        "optimizer": {
            "type": "AdamW",
            "lr": 0.0002000968126200079,
            "weight_decay": 0.0
        },
        "model": {
            "arch_type": "moe-sparse-shared",
            "backbone": {
                "k": 4,
                "n_blocks": 2,
                "d_block": 592,
                "dropout": 0.1394675019104608,
                "moe_ratio": 0.25,
                "num_experts": 32
            }
        }
    },
    "n_parameters": 12741617,
    "prediction_type": "labels",
    "epoch_size": 707,
    "best_step": 4242,
    "metrics": {
        "train": {
            "rmse": 0.7138712787641398,
            "mae": 0.5639395117759705,
            "r2": 0.2460161531408619,
            "score": -0.7138712787641398
        },
        "val": {
            "rmse": 0.7480001808513076,
            "mae": 0.5873757600784302,
            "r2": 0.18789016079909637,
            "score": -0.7480001808513076
        },
        "test": {
            "rmse": 0.7519328721526846,
            "mae": 0.5887345671653748,
            "r2": 0.1846373187324697,
            "score": -0.7519328721526846
        }
    },
    "time": "0:03:49.814954",
    "chunk_size": null,
    "eval_batch_size": 32768
}