{
    "function": "bin.model.main",
    "gpus": [
        "NVIDIA GeForce RTX 4090"
    ],
    "config": {
        "seed": 6,
        "batch_size": 64,
        "patience": 16,
        "n_epochs": -1,
        "gradient_clipping_norm": 1.0,
        "amp": true,
        "data": {
            "cache": true,
            "path": "data/classif-num-medium-0-kdd_ipums_la_97-small",
            "num_policy": "noisy-quantile"
        },
        "optimizer": {
            "type": "AdamW",
            "lr": 0.0008423829208901981,
            "weight_decay": 0.04064459946321458
        },
        "model": {
            "arch_type": "tabrmv2",
            "sample_rate": 0.34732729857014055,
            "k": 96,
            "backbone": {
                "n_blocks": 5,
                "d_block": 272,
                "dropout": 0.0
            },
            "num_embeddings": {
                "type": "PeriodicEmbeddings",
                "n_frequencies": 32,
                "d_embedding": 24,
                "frequency_init_scale": 0.0627303840105741,
                "lite": false
            }
        }
    },
    "n_parameters": 2679952,
    "prediction_type": "probs",
    "epoch_size": 57,
    "best_step": 1140,
    "metrics": {
        "train": {
            "0": {
                "precision": 0.9586419753086419,
                "recall": 0.8486338797814208,
                "f1-score": 0.9002898550724637,
                "support": 1830.0
            },
            "1": {
                "precision": 0.8622575832918946,
                "recall": 0.9627984453081622,
                "f1-score": 0.9097586568730326,
                "support": 1801.0
            },
            "accuracy": 0.9052602588818507,
            "macro avg": {
                "precision": 0.9104497793002683,
                "recall": 0.9057161625447915,
                "f1-score": 0.9050242559727482,
                "support": 3631.0
            },
            "weighted avg": {
                "precision": 0.9108346797916598,
                "recall": 0.9052602588818507,
                "f1-score": 0.9049864433519528,
                "support": 3631.0
            },
            "cross-entropy": 0.2248659900904743,
            "roc-auc": 0.9629807969464443,
            "score": 0.9052602588818507
        },
        "val": {
            "0": {
                "precision": 0.95,
                "recall": 0.8636363636363636,
                "f1-score": 0.9047619047619048,
                "support": 242.0
            },
            "1": {
                "precision": 0.8663967611336032,
                "recall": 0.9511111111111111,
                "f1-score": 0.9067796610169492,
                "support": 225.0
            },
            "accuracy": 0.9057815845824411,
            "macro avg": {
                "precision": 0.9081983805668016,
                "recall": 0.9073737373737374,
                "f1-score": 0.905770782889427,
                "support": 467.0
            },
            "weighted avg": {
                "precision": 0.9097200669273248,
                "recall": 0.9057815845824411,
                "f1-score": 0.9057340571331789,
                "support": 467.0
            },
            "cross-entropy": 0.2552609390127808,
            "roc-auc": 0.9537190082644627,
            "score": 0.9057815845824411
        },
        "test": {
            "0": {
                "precision": 0.9098712446351931,
                "recall": 0.8122605363984674,
                "f1-score": 0.8582995951417004,
                "support": 522.0
            },
            "1": {
                "precision": 0.842948717948718,
                "recall": 0.926056338028169,
                "f1-score": 0.8825503355704697,
                "support": 568.0
            },
            "accuracy": 0.8715596330275229,
            "macro avg": {
                "precision": 0.8764099812919555,
                "recall": 0.8691584372133182,
                "f1-score": 0.870424965356085,
                "support": 1090.0
            },
            "weighted avg": {
                "precision": 0.8749978545820574,
                "recall": 0.8715596330275229,
                "f1-score": 0.8709366782275177,
                "support": 1090.0
            },
            "cross-entropy": 0.29222159301890427,
            "roc-auc": 0.9407766040688574,
            "score": 0.8715596330275229
        }
    },
    "time": "0:00:40.943750",
    "chunk_size": null,
    "eval_batch_size": 32768,
    "heads": [
        8
    ],
    "head_selection_time": "0:00:01.085222"
}