{
    "function": "bin.model.main",
    "gpus": [
        "NVIDIA GeForce RTX 4090"
    ],
    "config": {
        "seed": 6,
        "batch_size": 256,
        "patience": 16,
        "n_epochs": -1,
        "gradient_clipping_norm": 1.0,
        "amp": true,
        "data": {
            "cache": true,
            "path": "data/regression-num-medium-2-Ailerons",
            "num_policy": "noisy-quantile"
        },
        "optimizer": {
            "type": "AdamW",
            "lr": 3.07861902278435e-05,
            "weight_decay": 0.0
        },
        "model": {
            "arch_type": "tabrmv2-mini",
            "sample_rate": 0.5691830343713147,
            "k": 32,
            "backbone": {
                "n_blocks": 5,
                "d_block": 368,
                "dropout": 0.09696885298188279
            },
            "num_embeddings": {
                "type": "PeriodicEmbeddings",
                "n_frequencies": 88,
                "d_embedding": 16,
                "frequency_init_scale": 0.10623890194926984,
                "lite": false
            }
        }
    },
    "n_parameters": 3323384,
    "prediction_type": "labels",
    "epoch_size": 38,
    "best_step": 1900,
    "metrics": {
        "train": {
            "rmse": 0.00015902368985021138,
            "mae": 0.00011574491509236395,
            "r2": 0.8492372747602621,
            "score": -0.00015902368985021138
        },
        "val": {
            "rmse": 0.00015530951264221542,
            "mae": 0.00011533508222782984,
            "r2": 0.8302890028186178,
            "score": -0.00015530951264221542
        },
        "test": {
            "rmse": 0.00016060523242145177,
            "mae": 0.00011815885955002159,
            "r2": 0.8498588973414856,
            "score": -0.00016060523242145177
        }
    },
    "time": "0:00:50.728412",
    "chunk_size": null,
    "eval_batch_size": 32768
}