{
    "function": "bin.model.main",
    "gpus": [
        "NVIDIA GeForce RTX 4090"
    ],
    "config": {
        "seed": 1,
        "batch_size": 256,
        "patience": 16,
        "n_epochs": -1,
        "gradient_clipping_norm": 1.0,
        "amp": true,
        "data": {
            "cache": true,
            "path": "data/regression-cat-medium-0-house_sales",
            "num_policy": "noisy-quantile"
        },
        "optimizer": {
            "type": "AdamW",
            "lr": 0.00030374751927859375,
            "weight_decay": 0.0001825869471274889
        },
        "model": {
            "arch_type": "taba-moe",
            "k": 32,
            "share_training_batches": false,
            "backbone": {
                "type": "MLP",
                "n_blocks": 1,
                "d_block": 1008,
                "dropout": 0.0
            },
            "num_embeddings": {
                "type": "PiecewiseLinearEmbeddingsV2",
                "d_embedding": 20
            }
        },
        "bins": {
            "n_bins": 109
        }
    },
    "n_parameters": 413704,
    "prediction_type": "labels",
    "epoch_size": 40,
    "best_step": 800,
    "metrics": {
        "train": {
            "rmse": 0.1427148398658686,
            "mae": 0.10374859720468521,
            "r2": 0.9268221621083251,
            "score": -0.1427148398658686
        },
        "val": {
            "rmse": 0.17112705742607193,
            "mae": 0.122050441801548,
            "r2": 0.8955744891645933,
            "score": -0.17112705742607193
        },
        "test": {
            "rmse": 0.16996394108069252,
            "mae": 0.12130693346261978,
            "r2": 0.894906954945388,
            "score": -0.16996394108069252
        }
    },
    "time": "0:00:14.813022",
    "chunk_size": null,
    "eval_batch_size": 32768,
    "heads": [
        6,
        22,
        14,
        10,
        4
    ],
    "head_selection_time": "0:00:00.152579"
}