{
    "function": "bin.model.main",
    "gpus": [
        "NVIDIA GeForce RTX 4090"
    ],
    "config": {
        "seed": 4,
        "batch_size": 64,
        "patience": 16,
        "n_epochs": -1,
        "gradient_clipping_norm": 1.0,
        "amp": true,
        "data": {
            "cache": true,
            "path": "data/classif-num-medium-0-kdd_ipums_la_97-small",
            "num_policy": "noisy-quantile"
        },
        "optimizer": {
            "type": "AdamW",
            "lr": 0.00013865929918426315,
            "weight_decay": 0.0
        },
        "model": {
            "p": 63,
            "arch_type": "tabm-rankp",
            "k": 32,
            "share_training_batches": false,
            "backbone": {
                "type": "MLP",
                "n_blocks": 3,
                "d_block": 784,
                "dropout": 0.06009828060658445
            },
            "num_embeddings": {
                "type": "PiecewiseLinearEmbeddingsV2",
                "d_embedding": 16
            }
        },
        "bins": {
            "n_bins": 17
        }
    },
    "n_parameters": 8814784,
    "prediction_type": "probs",
    "epoch_size": 57,
    "best_step": 627,
    "metrics": {
        "train": {
            "0": {
                "precision": 0.9666024405908799,
                "recall": 0.8224043715846995,
                "f1-score": 0.8886920578683201,
                "support": 1830.0
            },
            "1": {
                "precision": 0.843297974927676,
                "recall": 0.9711271515824542,
                "f1-score": 0.9027096774193548,
                "support": 1801.0
            },
            "accuracy": 0.8961718534838887,
            "macro avg": {
                "precision": 0.9049502077592779,
                "recall": 0.8967657615835769,
                "f1-score": 0.8957008676438374,
                "support": 3631.0
            },
            "weighted avg": {
                "precision": 0.9054426106103153,
                "recall": 0.8961718534838887,
                "f1-score": 0.8956448898185855,
                "support": 3631.0
            },
            "cross-entropy": 0.24878998805458666,
            "roc-auc": 0.9514697359997328,
            "score": 0.8961718534838887
        },
        "val": {
            "0": {
                "precision": 0.9585253456221198,
                "recall": 0.859504132231405,
                "f1-score": 0.906318082788671,
                "support": 242.0
            },
            "1": {
                "precision": 0.864,
                "recall": 0.96,
                "f1-score": 0.9094736842105263,
                "support": 225.0
            },
            "accuracy": 0.9079229122055674,
            "macro avg": {
                "precision": 0.9112626728110599,
                "recall": 0.9097520661157025,
                "f1-score": 0.9078958834995987,
                "support": 467.0
            },
            "weighted avg": {
                "precision": 0.9129831555472226,
                "recall": 0.9079229122055674,
                "f1-score": 0.9078384474994149,
                "support": 467.0
            },
            "cross-entropy": 0.24970105051848648,
            "roc-auc": 0.9547015610651974,
            "score": 0.9079229122055674
        },
        "test": {
            "0": {
                "precision": 0.9232456140350878,
                "recall": 0.8065134099616859,
                "f1-score": 0.8609406952965235,
                "support": 522.0
            },
            "1": {
                "precision": 0.8406940063091483,
                "recall": 0.9383802816901409,
                "f1-score": 0.8868552412645591,
                "support": 568.0
            },
            "accuracy": 0.8752293577981651,
            "macro avg": {
                "precision": 0.8819698101721181,
                "recall": 0.8724468458259134,
                "f1-score": 0.8738979682805412,
                "support": 1090.0
            },
            "weighted avg": {
                "precision": 0.8802278955136807,
                "recall": 0.8752293577981651,
                "f1-score": 0.8744447889752796,
                "support": 1090.0
            },
            "cross-entropy": 0.2816398603748561,
            "roc-auc": 0.941555703955534,
            "score": 0.8752293577981651
        }
    },
    "time": "0:00:23.111909",
    "chunk_size": null,
    "eval_batch_size": 32768,
    "heads": [
        26
    ],
    "head_selection_time": "0:00:00.191049"
}