{
    "function": "bin.qr_aug_mlp.main",
    "gpus": [
        "NVIDIA GeForce RTX 4090"
    ],
    "config": {
        "seed": 6,
        "batch_size": 1024,
        "patience": 16,
        "n_epochs": -1,
        "amp": true,
        "data": {
            "cache": true,
            "path": "data/sberbank-housing",
            "num_policy": "noisy-quantile",
            "cat_policy": "ordinal"
        },
        "optimizer": {
            "type": "AdamW",
            "lr": 0.000473341941012342,
            "weight_decay": 0.0
        },
        "model": {
            "num_heads": 4,
            "predictor_n_blocks": 2,
            "encoder_n_blocks": 1,
            "use_multi_output_head": false,
            "dropout1": 0.0,
            "use_mlp_head": false,
            "query_expansion_ratio": 4,
            "attention_type": "mqa",
            "use_key_as_value": true,
            "momentum": 0.999,
            "queue_ratio": 64,
            "d_main": 256,
            "d_multiplier": 2.0,
            "mixer_normalization": "auto",
            "dropout0": 0.4615464687667916,
            "num_embeddings": {
                "type": "PeriodicEmbeddings",
                "n_frequencies": 96,
                "frequency_init_scale": 0.1048234782686588,
                "d_embedding": 25,
                "lite": true
            }
        }
    },
    "n_parameters": 3349690,
    "prediction_type": "labels",
    "epoch_size": 19,
    "best_step": 247,
    "metrics": {
        "train": {
            "rmse": 0.22899089198760994,
            "mae": 0.12029214203357697,
            "r2": 0.6649957954382337,
            "score": -0.22899089198760994
        },
        "val": {
            "rmse": 0.24666065435610718,
            "mae": 0.13970966637134552,
            "r2": 0.59360249925022,
            "score": -0.24666065435610718
        },
        "test": {
            "rmse": 0.25015483472186667,
            "mae": 0.16462641954421997,
            "r2": 0.5723805992889219,
            "score": -0.25015483472186667
        }
    },
    "time": "0:00:30.838301",
    "chunk_size": null,
    "eval_batch_size": 32768
}