{
    "function": "bin.model.main",
    "gpus": [
        "NVIDIA GeForce RTX 4090"
    ],
    "config": {
        "seed": 2,
        "batch_size": 64,
        "patience": 16,
        "n_epochs": -1,
        "gradient_clipping_norm": 1.0,
        "amp": true,
        "data": {
            "cache": true,
            "path": "data/classif-num-medium-0-kdd_ipums_la_97-small",
            "num_policy": "noisy-quantile"
        },
        "optimizer": {
            "type": "AdamW",
            "lr": 7.236800122957994e-05,
            "weight_decay": 0.0
        },
        "model": {
            "arch_type": "tabrmv3",
            "sample_rate": 0.28257328701006607,
            "k": 8,
            "backbone": {
                "embed_type": "tabr",
                "ensemble_type": "mini-resnet",
                "context_shuffle": false,
                "context_size": 192,
                "encoder_n_blocks": 0,
                "n_blocks": 1,
                "d_block": 576,
                "dropout": 0.0
            },
            "num_embeddings": {
                "type": "PeriodicEmbeddings",
                "n_frequencies": 40,
                "d_embedding": 16,
                "frequency_init_scale": 0.6338742597438106,
                "lite": false
            }
        }
    },
    "n_parameters": 1556592,
    "prediction_type": "probs",
    "epoch_size": 57,
    "best_step": 513,
    "metrics": {
        "train": {
            "0": {
                "precision": 0.9634530560806553,
                "recall": 0.8355191256830601,
                "f1-score": 0.8949370793093356,
                "support": 1830.0
            },
            "1": {
                "precision": 0.8527397260273972,
                "recall": 0.9677956690727374,
                "f1-score": 0.9066319895968791,
                "support": 1801.0
            },
            "accuracy": 0.9011291655191407,
            "macro avg": {
                "precision": 0.9080963910540263,
                "recall": 0.9016573973778987,
                "f1-score": 0.9007845344531074,
                "support": 3631.0
            },
            "weighted avg": {
                "precision": 0.9085385125868746,
                "recall": 0.9011291655191407,
                "f1-score": 0.9007378321123831,
                "support": 3631.0
            },
            "cross-entropy": 0.24424830907999792,
            "roc-auc": 0.9552627107587466,
            "score": 0.9011291655191407
        },
        "val": {
            "0": {
                "precision": 0.9539170506912442,
                "recall": 0.8553719008264463,
                "f1-score": 0.9019607843137256,
                "support": 242.0
            },
            "1": {
                "precision": 0.86,
                "recall": 0.9555555555555556,
                "f1-score": 0.9052631578947369,
                "support": 225.0
            },
            "accuracy": 0.9036402569593148,
            "macro avg": {
                "precision": 0.906958525345622,
                "recall": 0.905463728191001,
                "f1-score": 0.9036119711042312,
                "support": 467.0
            },
            "weighted avg": {
                "precision": 0.9086679363325076,
                "recall": 0.9036402569593148,
                "f1-score": 0.9035518636621785,
                "support": 467.0
            },
            "cross-entropy": 0.25090730299990155,
            "roc-auc": 0.9575757575757575,
            "score": 0.9036402569593148
        },
        "test": {
            "0": {
                "precision": 0.9208791208791208,
                "recall": 0.8026819923371648,
                "f1-score": 0.857727737973388,
                "support": 522.0
            },
            "1": {
                "precision": 0.8377952755905512,
                "recall": 0.9366197183098591,
                "f1-score": 0.8844555278470491,
                "support": 568.0
            },
            "accuracy": 0.8724770642201835,
            "macro avg": {
                "precision": 0.879337198234836,
                "recall": 0.8696508553235119,
                "f1-score": 0.8710916329102185,
                "support": 1090.0
            },
            "weighted avg": {
                "precision": 0.8775840528755359,
                "recall": 0.8724770642201835,
                "f1-score": 0.8716556137974609,
                "support": 1090.0
            },
            "cross-entropy": 0.3014501941360829,
            "roc-auc": 0.9366045410393394,
            "score": 0.8724770642201835
        }
    },
    "time": "0:00:25.967291",
    "chunk_size": null,
    "eval_batch_size": 32768,
    "heads": [
        5,
        0
    ],
    "head_selection_time": "0:00:00.166138"
}