{
    "function": "bin.model.main",
    "gpus": [
        "NVIDIA GeForce RTX 4090"
    ],
    "config": {
        "seed": 2,
        "batch_size": 512,
        "patience": 16,
        "n_epochs": -1,
        "gradient_clipping_norm": 1.0,
        "amp": true,
        "data": {
            "cache": true,
            "path": "data/otto"
        },
        "optimizer": {
            "type": "AdamW",
            "lr": 0.00024033347504562316,
            "weight_decay": 0.0532628380802678
        },
        "model": {
            "arch_type": "moe-sparse-shared",
            "backbone": {
                "k": 1,
                "n_blocks": 3,
                "d_block": 880,
                "dropout": 0.4770813507606442,
                "moe_ratio": 0.5,
                "num_experts": 12
            },
            "num_embeddings": {
                "type": "PiecewiseLinearEmbeddingsV2",
                "d_embedding": 12
            }
        },
        "bins": {
            "n_bins": 77
        }
    },
    "n_parameters": 33570505,
    "prediction_type": "probs",
    "epoch_size": 78,
    "best_step": 3666,
    "metrics": {
        "train": {
            "0": {
                "precision": 0.9593165174938975,
                "recall": 0.9546558704453442,
                "f1-score": 0.9569805194805194,
                "support": 1235.0
            },
            "1": {
                "precision": 0.8953843307742114,
                "recall": 0.9381663113006397,
                "f1-score": 0.9162762080552794,
                "support": 10318.0
            },
            "2": {
                "precision": 0.8618681090076971,
                "recall": 0.8088637251073799,
                "f1-score": 0.8345251284117232,
                "support": 5122.0
            },
            "3": {
                "precision": 0.9561128526645768,
                "recall": 0.8855981416957027,
                "f1-score": 0.9195055773289117,
                "support": 1722.0
            },
            "4": {
                "precision": 0.9943052391799544,
                "recall": 0.9960068454078722,
                "f1-score": 0.9951553149045312,
                "support": 1753.0
            },
            "5": {
                "precision": 0.9954605845881311,
                "recall": 0.9939199646252487,
                "f1-score": 0.9946896780617325,
                "support": 9046.0
            },
            "6": {
                "precision": 0.9611171960569551,
                "recall": 0.9658778205833792,
                "f1-score": 0.9634916277793029,
                "support": 1817.0
            },
            "7": {
                "precision": 0.9903650176023717,
                "recall": 0.9867085102455233,
                "f1-score": 0.9885333826521177,
                "support": 5417.0
            },
            "8": {
                "precision": 0.9825285895806861,
                "recall": 0.9754020813623463,
                "f1-score": 0.9789523658806774,
                "support": 3171.0
            },
            "accuracy": 0.9458599530314891,
            "macro avg": {
                "precision": 0.9551620485498312,
                "recall": 0.9450221411970485,
                "f1-score": 0.9497899780616438,
                "support": 39601.0
            },
            "weighted avg": {
                "precision": 0.9459093241653921,
                "recall": 0.9458599530314891,
                "f1-score": 0.9455850316063046,
                "support": 39601.0
            },
            "cross-entropy": 0.14625899424133326,
            "score": 0.9458599530314891
        },
        "val": {
            "0": {
                "precision": 0.6093189964157706,
                "recall": 0.551948051948052,
                "f1-score": 0.5792163543441227,
                "support": 308.0
            },
            "1": {
                "precision": 0.7514204545454546,
                "recall": 0.8201550387596899,
                "f1-score": 0.7842846553002224,
                "support": 2580.0
            },
            "2": {
                "precision": 0.612280701754386,
                "recall": 0.5448868071818892,
                "f1-score": 0.5766212308963239,
                "support": 1281.0
            },
            "3": {
                "precision": 0.6518324607329843,
                "recall": 0.5777262180974478,
                "f1-score": 0.6125461254612546,
                "support": 431.0
            },
            "4": {
                "precision": 0.9767981438515081,
                "recall": 0.9611872146118722,
                "f1-score": 0.9689298043728424,
                "support": 438.0
            },
            "5": {
                "precision": 0.9441964285714286,
                "recall": 0.9350132625994695,
                "f1-score": 0.9395824078187472,
                "support": 2262.0
            },
            "6": {
                "precision": 0.6702586206896551,
                "recall": 0.6850220264317181,
                "f1-score": 0.6775599128540305,
                "support": 454.0
            },
            "7": {
                "precision": 0.9116997792494481,
                "recall": 0.9150664697193501,
                "f1-score": 0.9133800221157391,
                "support": 1354.0
            },
            "8": {
                "precision": 0.8493670886075949,
                "recall": 0.8461538461538461,
                "f1-score": 0.8477574226152874,
                "support": 793.0
            },
            "accuracy": 0.806989193010807,
            "macro avg": {
                "precision": 0.7752414082686924,
                "recall": 0.7596843261670372,
                "f1-score": 0.7666531039753967,
                "support": 9901.0
            },
            "weighted avg": {
                "precision": 0.8047170303751969,
                "recall": 0.806989193010807,
                "f1-score": 0.8050539614160418,
                "support": 9901.0
            },
            "cross-entropy": 0.6667903800913203,
            "score": 0.806989193010807
        },
        "test": {
            "0": {
                "precision": 0.6522988505747126,
                "recall": 0.5880829015544041,
                "f1-score": 0.6185286103542235,
                "support": 386.0
            },
            "1": {
                "precision": 0.762598310515584,
                "recall": 0.8120347394540943,
                "f1-score": 0.786540483701367,
                "support": 3224.0
            },
            "2": {
                "precision": 0.5987569060773481,
                "recall": 0.5415365396627108,
                "f1-score": 0.5687110528041981,
                "support": 1601.0
            },
            "3": {
                "precision": 0.6313725490196078,
                "recall": 0.5985130111524164,
                "f1-score": 0.6145038167938931,
                "support": 538.0
            },
            "4": {
                "precision": 0.9780621572212066,
                "recall": 0.9762773722627737,
                "f1-score": 0.9771689497716896,
                "support": 548.0
            },
            "5": {
                "precision": 0.9406150583244963,
                "recall": 0.9412805093738946,
                "f1-score": 0.9409476661951909,
                "support": 2827.0
            },
            "6": {
                "precision": 0.6980461811722913,
                "recall": 0.6919014084507042,
                "f1-score": 0.6949602122015915,
                "support": 568.0
            },
            "7": {
                "precision": 0.9104301708898055,
                "recall": 0.9125812167749557,
                "f1-score": 0.911504424778761,
                "support": 1693.0
            },
            "8": {
                "precision": 0.8611388611388612,
                "recall": 0.8698284561049445,
                "f1-score": 0.8654618473895583,