{
    "function": "bin.qtabformerv2.main",
    "gpus": [
        "NVIDIA GeForce RTX 4090"
    ],
    "config": {
        "seed": 6,
        "batch_size": 256,
        "patience": 16,
        "n_epochs": -1,
        "amp": true,
        "data": {
            "cache": true,
            "path": "data/classif-num-medium-0-credit",
            "num_policy": "noisy-quantile"
        },
        "optimizer": {
            "type": "AdamW",
            "lr": 3.0011886677930468e-05,
            "weight_decay": 0.0
        },
        "model": {
            "temperature": 0.1,
            "encoder_n_blocks": 1,
            "distance_metric": "cossim",
            "momentum": 0.999,
            "queue_ratio": 64,
            "d_main": 256,
            "d_multiplier": 2.0,
            "mixer_normalization": "auto",
            "dropout0": 0.05965352646256554,
            "dropout1": 0.0,
            "normalization": "LayerNorm",
            "activation": "ReLU",
            "num_embeddings": {
                "type": "PeriodicEmbeddings",
                "n_frequencies": 49,
                "frequency_init_scale": 0.024147312484536585,
                "d_embedding": 64,
                "lite": true
            }
        }
    },
    "n_parameters": 501164,
    "prediction_type": "probs",
    "epoch_size": 40,
    "best_step": 200,
    "metrics": {
        "train": {
            "0": {
                "precision": 0.7763106796116505,
                "recall": 0.7945151033386327,
                "f1-score": 0.7853074052249067,
                "support": 5032.0
            },
            "1": {
                "precision": 0.7868041237113402,
                "recall": 0.7681159420289855,
                "f1-score": 0.7773477286616419,
                "support": 4968.0
            },
            "accuracy": 0.7814,
            "macro avg": {
                "precision": 0.7815574016614953,
                "recall": 0.7813155226838091,
                "f1-score": 0.7813275669432743,
                "support": 10000.0
            },
            "weighted avg": {
                "precision": 0.7815238226403763,
                "recall": 0.7814,
                "f1-score": 0.7813530379082767,
                "support": 10000.0
            },
            "cross-entropy": 0.46593411395405904,
            "roc-auc": 0.8608942622289809,
            "score": 0.7814
        },
        "val": {
            "0": {
                "precision": 0.7770204479065238,
                "recall": 0.8044354838709677,
                "f1-score": 0.7904903417533432,
                "support": 992.0
            },
            "1": {
                "precision": 0.8034447821681864,
                "recall": 0.7759295499021527,
                "f1-score": 0.7894474863115978,
                "support": 1022.0
            },
            "accuracy": 0.7899702085402185,
            "macro avg": {
                "precision": 0.7902326150373551,
                "recall": 0.7901825168865602,
                "f1-score": 0.7899689140324705,
                "support": 2014.0
            },
            "weighted avg": {
                "precision": 0.7904294199102077,
                "recall": 0.7899702085402185,
                "f1-score": 0.7899611469859829,
                "support": 2014.0
            },
            "cross-entropy": 0.4679055927098412,
            "roc-auc": 0.8601931893504198,
            "score": 0.7899702085402185
        },
        "test": {
            "0": {
                "precision": 0.7557755775577558,
                "recall": 0.7852550364337763,
                "f1-score": 0.7702333403405509,
                "support": 2333.0
            },
            "1": {
                "precision": 0.7798769771528998,
                "recall": 0.7498943810730883,
                "f1-score": 0.7645918587120396,
                "support": 2367.0
            },
            "accuracy": 0.7674468085106383,
            "macro avg": {
                "precision": 0.7678262773553278,
                "recall": 0.7675747087534323,
                "f1-score": 0.7674125995262953,
                "support": 4700.0
            },
            "weighted avg": {
                "precision": 0.7679134526304592,
                "recall": 0.7674468085106383,
                "f1-score": 0.7673921941672135,
                "support": 4700.0
            },
            "cross-entropy": 0.4832584233765254,
            "roc-auc": 0.8502932973767211,
            "score": 0.7674468085106383
        }
    },
    "time": "0:00:10.738952",
    "chunk_size": null,
    "eval_batch_size": 32768
}