{
    "function": "bin.ensemble.main",
    "config": {
        "seeds": [
            10,
            11,
            12,
            13,
            14
        ],
        "data": {
            "path": "data/classif-num-medium-1-bank-marketing"
        }
    },
    "single_model_function": "bin.model.main",
    "prediction_type": "probs",
    "metrics": {
        "train": {
            "0": {
                "precision": 0.8167613636363636,
                "recall": 0.7855191256830601,
                "f1-score": 0.8008356545961003,
                "support": 3660.0
            },
            "1": {
                "precision": 0.7978887744593203,
                "recall": 0.8277243589743589,
                "f1-score": 0.812532773990561,
                "support": 3744.0
            },
            "accuracy": 0.8068611561318206,
            "macro avg": {
                "precision": 0.807325069047842,
                "recall": 0.8066217423287095,
                "f1-score": 0.8066842142933306,
                "support": 7404.0
            },
            "weighted avg": {
                "precision": 0.8072180122210678,
                "recall": 0.8068611561318206,
                "f1-score": 0.8067505674827644,
                "support": 7404.0
            },
            "cross-entropy": 0.4232111617328273,
            "roc-auc": 0.8860812272313296,
            "score": 0.8068611561318206
        },
        "val": {
            "0": {
                "precision": 0.8615702479338843,
                "recall": 0.811284046692607,
                "f1-score": 0.8356713426853707,
                "support": 514.0
            },
            "1": {
                "precision": 0.7927350427350427,
                "recall": 0.8470319634703196,
                "f1-score": 0.8189845474613686,
                "support": 438.0
            },
            "accuracy": 0.8277310924369747,
            "macro avg": {
                "precision": 0.8271526453344635,
                "recall": 0.8291580050814633,
                "f1-score": 0.8273279450733697,
                "support": 952.0
            },
            "weighted avg": {
                "precision": 0.829900269071392,
                "recall": 0.8277310924369747,
                "f1-score": 0.8279940146306302,
                "support": 952.0
            },
            "cross-entropy": 0.4143709853066489,
            "roc-auc": 0.8917879288595136,
            "score": 0.8277310924369747
        },
        "test": {
            "0": {
                "precision": 0.7966573816155988,
                "recall": 0.7695067264573991,
                "f1-score": 0.7828467153284671,
                "support": 1115.0
            },
            "1": {
                "precision": 0.7755458515283843,
                "recall": 0.8021680216802168,
                "f1-score": 0.7886323268206039,
                "support": 1107.0
            },
            "accuracy": 0.7857785778577858,
            "macro avg": {
                "precision": 0.7861016165719916,
                "recall": 0.785837374068808,
                "f1-score": 0.7857395210745355,
                "support": 2222.0
            },
            "weighted avg": {
                "precision": 0.786139621126604,
                "recall": 0.7857785778577858,
                "f1-score": 0.7857291059323355,
                "support": 2222.0
            },
            "cross-entropy": 0.4522002894646064,
            "roc-auc": 0.8689286683599272,
            "score": 0.7857785778577858
        }
    }
}