{
    "function": "bin.model.main",
    "gpus": [
        "NVIDIA GeForce RTX 4090"
    ],
    "config": {
        "seed": 6,
        "batch_size": 256,
        "patience": 16,
        "n_epochs": -1,
        "gradient_clipping_norm": 1.0,
        "amp": true,
        "data": {
            "cache": true,
            "path": "data/california",
            "num_policy": "noisy-quantile"
        },
        "optimizer": {
            "type": "AdamW",
            "lr": 0.0009947821734258146,
            "weight_decay": 0.0024793749621408014
        },
        "model": {
            "arch_type": "moe-sparse",
            "backbone": {
                "k": 4,
                "n_blocks": 1,
                "d_block": 896,
                "dropout": 0.17392953318031878,
                "moe_ratio": 1.0,
                "num_experts": 32
            },
            "num_embeddings": {
                "type": "PiecewiseLinearEmbeddingsV2",
                "d_embedding": 32
            }
        },
        "bins": {
            "n_bins": 119
        }
    },
    "n_parameters": 51670785,
    "prediction_type": "labels",
    "epoch_size": 52,
    "best_step": 2964,
    "metrics": {
        "train": {
            "rmse": 0.12163069720048786,
            "mae": 0.0927848219871521,
            "r2": 0.9890168100703505,
            "score": -0.12163069720048786
        },
        "val": {
            "rmse": 0.46748065745276374,
            "mae": 0.3058740198612213,
            "r2": 0.8323926401133805,
            "score": -0.46748065745276374
        },
        "test": {
            "rmse": 0.4707170698070948,
            "mae": 0.314180463552475,
            "r2": 0.8300749982467288,
            "score": -0.4707170698070948
        }
    },
    "time": "0:01:12.449620",
    "chunk_size": null,
    "eval_batch_size": 32768
}