{
    "function": "bin.model.main",
    "gpus": [
        "NVIDIA GeForce RTX 4090"
    ],
    "config": {
        "seed": 1,
        "batch_size": 256,
        "patience": 16,
        "n_epochs": -1,
        "gradient_clipping_norm": 1.0,
        "amp": true,
        "data": {
            "cache": true,
            "path": "data/classif-num-medium-1-bank-marketing",
            "num_policy": "noisy-quantile"
        },
        "optimizer": {
            "type": "AdamW",
            "lr": 0.00012271122330079348,
            "weight_decay": 0.0010675509577013065
        },
        "model": {
            "arch_type": "tabrmv2",
            "sample_rate": 0.15180164210535818,
            "k": 48,
            "backbone": {
                "n_blocks": 1,
                "d_block": 144,
                "dropout": 0.0
            },
            "num_embeddings": {
                "type": "PiecewiseLinearEmbeddingsV2",
                "d_embedding": 12
            }
        },
        "bins": {
            "n_bins": 95
        }
    },
    "n_parameters": 214800,
    "prediction_type": "probs",
    "epoch_size": 29,
    "best_step": 319,
    "metrics": {
        "train": {
            "0": {
                "precision": 0.8369843527738264,
                "recall": 0.8038251366120218,
                "f1-score": 0.8200696864111497,
                "support": 3660.0
            },
            "1": {
                "precision": 0.8153767035227565,
                "recall": 0.8469551282051282,
                "f1-score": 0.8308659766802042,
                "support": 3744.0
            },
            "accuracy": 0.825634792004322,
            "macro avg": {
                "precision": 0.8261805281482915,
                "recall": 0.8253901324085751,
                "f1-score": 0.8254678315456769,
                "support": 7404.0
            },
            "weighted avg": {
                "precision": 0.8260579563940309,
                "recall": 0.825634792004322,
                "f1-score": 0.8255290746833459,
                "support": 7404.0
            },
            "cross-entropy": 0.3960958880926565,
            "roc-auc": 0.9017953315468685,
            "score": 0.825634792004322
        },
        "val": {
            "0": {
                "precision": 0.8640167364016736,
                "recall": 0.8035019455252919,
                "f1-score": 0.8326612903225807,
                "support": 514.0
            },
            "1": {
                "precision": 0.7869198312236287,
                "recall": 0.8515981735159818,
                "f1-score": 0.8179824561403509,
                "support": 438.0
            },
            "accuracy": 0.8256302521008403,
            "macro avg": {
                "precision": 0.8254682838126512,
                "recall": 0.8275500595206369,
                "f1-score": 0.8253218732314658,
                "support": 952.0
            },
            "weighted avg": {
                "precision": 0.8285456812882455,
                "recall": 0.8256302521008403,
                "f1-score": 0.8259077930832776,
                "support": 952.0
            },
            "cross-entropy": 0.41868969071278195,
            "roc-auc": 0.8912726755858786,
            "score": 0.8256302521008403
        },
        "test": {
            "0": {
                "precision": 0.8113744075829384,
                "recall": 0.7677130044843049,
                "f1-score": 0.7889400921658987,
                "support": 1115.0
            },
            "1": {
                "precision": 0.778063410454156,
                "recall": 0.8202348690153568,
                "f1-score": 0.7985927880386985,
                "support": 1107.0
            },
            "accuracy": 0.7938793879387939,
            "macro avg": {
                "precision": 0.7947189090185471,
                "recall": 0.7939739367498309,
                "f1-score": 0.7937664401022986,
                "support": 2222.0
            },
            "weighted avg": {
                "precision": 0.7947788748099581,
                "recall": 0.7938793879387939,
                "f1-score": 0.7937490635120685,
                "support": 2222.0
            },
            "cross-entropy": 0.4591703125331086,
            "roc-auc": 0.8662170209146037,
            "score": 0.7938793879387939
        }
    },
    "time": "0:00:17.182832",
    "chunk_size": null,
    "eval_batch_size": 32768,
    "heads": [
        44,
        7,
        31
    ],
    "head_selection_time": "0:00:01.126596"
}