{
    "function": "bin.model.main",
    "gpus": [
        "NVIDIA GeForce RTX 4090"
    ],
    "config": {
        "seed": 6,
        "batch_size": 256,
        "patience": 16,
        "n_epochs": -1,
        "gradient_clipping_norm": 1.0,
        "amp": true,
        "data": {
            "cache": true,
            "path": "data/classif-num-medium-1-MagicTelescope",
            "num_policy": "noisy-quantile"
        },
        "optimizer": {
            "type": "AdamW",
            "lr": 0.0013057796796910196,
            "weight_decay": 0.00030106505519429986
        },
        "model": {
            "arch_type": "tabpln-mini",
            "k": 32,
            "share_training_batches": false,
            "backbone": {
                "type": "MLP",
                "n_blocks": 4,
                "d_block": 608,
                "dropout": 0.20889078892647742
            },
            "num_embeddings": {
                "type": "PiecewiseLinearEmbeddingsV2",
                "d_embedding": 12
            }
        },
        "bins": {
            "n_bins": 21
        }
    },
    "n_parameters": 1233680,
    "prediction_type": "probs",
    "epoch_size": 37,
    "best_step": 333,
    "metrics": {
        "train": {
            "0": {
                "precision": 0.8394939711405416,
                "recall": 0.9088380055638776,
                "f1-score": 0.8727907932593505,
                "support": 4673.0
            },
            "1": {
                "precision": 0.9010223048327137,
                "recall": 0.826865671641791,
                "f1-score": 0.862352679564154,
                "support": 4690.0
            },
            "accuracy": 0.8677774217665278,
            "macro avg": {
                "precision": 0.8702581379866277,
                "recall": 0.8678518386028343,
                "f1-score": 0.8675717364117522,
                "support": 9363.0
            },
            "weighted avg": {
                "precision": 0.8703139951730405,
                "recall": 0.8677774217665278,
                "f1-score": 0.8675622603926976,
                "support": 9363.0
            },
            "cross-entropy": 0.3023994236784443,
            "roc-auc": 0.9424448254888925,
            "score": 0.8677774217665278
        },
        "val": {
            "0": {
                "precision": 0.8582554517133957,
                "recall": 0.884430176565008,
                "f1-score": 0.8711462450592885,
                "support": 623.0
            },
            "1": {
                "precision": 0.8716577540106952,
                "recall": 0.843103448275862,
                "f1-score": 0.8571428571428572,
                "support": 580.0
            },
            "accuracy": 0.8645054031587698,
            "macro avg": {
                "precision": 0.8649566028620455,
                "recall": 0.863766812420435,
                "f1-score": 0.8641445511010728,
                "support": 1203.0
            },
            "weighted avg": {
                "precision": 0.8647170770936399,
                "recall": 0.8645054031587698,
                "f1-score": 0.8643948194636691,
                "support": 1203.0
            },
            "cross-entropy": 0.3347333085028388,
            "roc-auc": 0.9302263795870923,
            "score": 0.8645054031587698
        },
        "test": {
            "0": {
                "precision": 0.8272907053394858,
                "recall": 0.9015804597701149,
                "f1-score": 0.8628394637332416,
                "support": 1392.0
            },
            "1": {
                "precision": 0.8940448569218871,
                "recall": 0.8152327221438646,
                "f1-score": 0.8528218369605313,
                "support": 1418.0
            },
            "accuracy": 0.8580071174377224,
            "macro avg": {
                "precision": 0.8606677811306864,
                "recall": 0.8584065909569898,
                "f1-score": 0.8578306503468864,
                "support": 2810.0
            },
            "weighted avg": {
                "precision": 0.8609766081664768,
                "recall": 0.8580071174377224,
                "f1-score": 0.8577843054543437,
                "support": 2810.0
            },
            "cross-entropy": 0.32302800753207656,
            "roc-auc": 0.9334845095082924,
            "score": 0.8580071174377224
        }
    },
    "time": "0:00:10.487665",
    "chunk_size": null,
    "eval_batch_size": 32768
}