{
    "function": "bin.model.main",
    "gpus": [
        "NVIDIA GeForce RTX 4090"
    ],
    "config": {
        "seed": 4,
        "batch_size": 256,
        "patience": 16,
        "n_epochs": -1,
        "gradient_clipping_norm": 1.0,
        "amp": true,
        "data": {
            "cache": true,
            "path": "data/sberbank-housing",
            "num_policy": "noisy-quantile",
            "cat_policy": "ordinal"
        },
        "optimizer": {
            "type": "AdamW",
            "lr": 0.002220165273618292,
            "weight_decay": 0.001131542716814749
        },
        "model": {
            "arch_type": "taba",
            "k": 32,
            "share_training_batches": false,
            "backbone": {
                "type": "MLP",
                "n_blocks": 5,
                "d_block": 736,
                "dropout": 0.29458541030872853
            },
            "num_embeddings": {
                "type": "PiecewiseLinearEmbeddingsV2",
                "d_embedding": 32
            }
        },
        "bins": {
            "n_bins": 91
        }
    },
    "n_parameters": 10430112,
    "prediction_type": "labels",
    "epoch_size": 74,
    "best_step": 888,
    "metrics": {
        "train": {
            "rmse": 0.2358812173444466,
            "mae": 0.12512728571891785,
            "r2": 0.6445319430684788,
            "score": -0.2358812173444466
        },
        "val": {
            "rmse": 0.23528771701821583,
            "mae": 0.12992097437381744,
            "r2": 0.6302146006995657,
            "score": -0.23528771701821583
        },
        "test": {
            "rmse": 0.23928408575800117,
            "mae": 0.1538998782634735,
            "r2": 0.6087383947770442,
            "score": -0.23928408575800117
        }
    },
    "time": "0:01:33.308002",
    "chunk_size": null,
    "eval_batch_size": 32768,
    "heads": [
        11,
        23,
        24,
        7,
        30,
        18,
        6,
        5,
        23,
        26,
        29
    ],
    "head_selection_time": "0:00:00.245459"
}