{
    "function": "bin.model.main",
    "gpus": [
        "NVIDIA GeForce RTX 4090"
    ],
    "config": {
        "seed": 6,
        "batch_size": 256,
        "patience": 16,
        "n_epochs": -1,
        "gradient_clipping_norm": 1.0,
        "amp": true,
        "data": {
            "cache": true,
            "path": "data/regression-num-medium-1-fifa",
            "num_policy": "noisy-quantile"
        },
        "optimizer": {
            "type": "AdamW",
            "lr": 0.0008708210359192939,
            "weight_decay": 0.0
        },
        "model": {
            "arch_type": "tabrmv2-mini",
            "sample_rate": 0.5571428657022954,
            "k": 48,
            "backbone": {
                "n_blocks": 5,
                "d_block": 64,
                "dropout": 0.0
            },
            "num_embeddings": {
                "type": "PeriodicEmbeddings",
                "n_frequencies": 84,
                "d_embedding": 32,
                "frequency_init_scale": 0.4019346366768229,
                "lite": false
            }
        }
    },
    "n_parameters": 141236,
    "prediction_type": "labels",
    "epoch_size": 40,
    "best_step": 480,
    "metrics": {
        "train": {
            "rmse": 0.7620480730281565,
            "mae": 0.5646142363548279,
            "r2": 0.6915476599993506,
            "score": -0.7620480730281565
        },
        "val": {
            "rmse": 0.7568531059040625,
            "mae": 0.5593187212944031,
            "r2": 0.691366057634172,
            "score": -0.7568531059040625
        },
        "test": {
            "rmse": 0.7888272000723251,
            "mae": 0.5830549001693726,
            "r2": 0.6524585896151527,
            "score": -0.7888272000723251
        }
    },
    "time": "0:00:20.797196",
    "chunk_size": null,
    "eval_batch_size": 32768,
    "heads": [
        1
    ],
    "head_selection_time": "0:00:00.051854"
}