{
    "function": "bin.model.main",
    "gpus": [
        "NVIDIA GeForce RTX 4090"
    ],
    "config": {
        "seed": 11,
        "batch_size": 256,
        "patience": 16,
        "n_epochs": -1,
        "gradient_clipping_norm": 1.0,
        "amp": true,
        "data": {
            "cache": true,
            "path": "data/sberbank-housing",
            "num_policy": "noisy-quantile",
            "cat_policy": "ordinal"
        },
        "optimizer": {
            "type": "AdamW",
            "lr": 0.00021039257452791743,
            "weight_decay": 0.00020896045288148357
        },
        "model": {
            "arch_type": "tabrmv2-mini",
            "sample_rate": 0.5131188585109978,
            "k": 48,
            "backbone": {
                "n_blocks": 1,
                "d_block": 272,
                "dropout": 0.0
            },
            "num_embeddings": {
                "type": "PeriodicEmbeddings",
                "n_frequencies": 96,
                "d_embedding": 20,
                "frequency_init_scale": 0.6081356704186623,
                "lite": false
            }
        }
    },
    "n_parameters": 3981204,
    "prediction_type": "labels",
    "epoch_size": 74,
    "best_step": 296,
    "metrics": {
        "train": {
            "rmse": 0.2298147248172625,
            "mae": 0.12153744697570801,
            "r2": 0.6625810153143203,
            "score": -0.2298147248172625
        },
        "val": {
            "rmse": 0.24549002237739712,
            "mae": 0.14415059983730316,
            "r2": 0.5974508339507032,
            "score": -0.24549002237739712
        },
        "test": {
            "rmse": 0.26327447967427164,
            "mae": 0.1924961656332016,
            "r2": 0.5263504544400608,
            "score": -0.26327447967427164
        }
    },
    "time": "0:01:49.960828",
    "chunk_size": null,
    "eval_batch_size": 32768
}