{
    "function": "bin.model.main",
    "gpus": [
        "NVIDIA GeForce RTX 4090"
    ],
    "config": {
        "seed": 12,
        "batch_size": 32,
        "patience": 16,
        "n_epochs": -1,
        "amp": true,
        "data": {
            "cache": true,
            "path": "data/classif-num-medium-1-wine",
            "num_policy": "noisy-quantile"
        },
        "optimizer": {
            "type": "AdamW",
            "lr": 0.00020067047152017492,
            "weight_decay": 9.876757921540317e-06
        },
        "model": {
            "arch_type": "retransformer",
            "k": 1,
            "context_size": 96,
            "d_main": 299,
            "context_dropout": 0.0,
            "d_multiplier": 2.0,
            "encoder_n_blocks": 1,
            "predictor_n_blocks": 2,
            "mixer_normalization": "auto",
            "dropout0": 0.46523552681636615,
            "dropout1": 0.0,
            "normalization": "LayerNorm",
            "activation": "ReLU",
            "num_embeddings": {
                "type": "PeriodicEmbeddings",
                "n_frequencies": 46,
                "frequency_init_scale": 0.033946255418631645,
                "d_embedding": 31,
                "lite": true
            }
        }
    },
    "n_parameters": 2352634,
    "prediction_type": "probs",
    "epoch_size": 56,
    "best_step": 1120,
    "metrics": {
        "train": {
            "0": {
                "precision": 0.8532863849765259,
                "recall": 0.810479375696767,
                "f1-score": 0.8313321898227558,
                "support": 897.0
            },
            "1": {
                "precision": 0.8181818181818182,
                "recall": 0.8595505617977528,
                "f1-score": 0.8383561643835616,
                "support": 890.0
            },
            "accuracy": 0.8349188584219362,
            "macro avg": {
                "precision": 0.835734101579172,
                "recall": 0.8350149687472599,
                "f1-score": 0.8348441771031587,
                "support": 1787.0
            },
            "weighted avg": {
                "precision": 0.8358028570261679,
                "recall": 0.8349188584219362,
                "f1-score": 0.8348304200181208,
                "support": 1787.0
            },
            "cross-entropy": 0.3533072513385185,
            "roc-auc": 0.9237445667831599,
            "score": 0.8349188584219362
        },
        "val": {
            "0": {
                "precision": 0.8174603174603174,
                "recall": 0.8512396694214877,
                "f1-score": 0.8340080971659919,
                "support": 121.0
            },
            "1": {
                "precision": 0.8269230769230769,
                "recall": 0.7889908256880734,
                "f1-score": 0.807511737089202,
                "support": 109.0
            },
            "accuracy": 0.8217391304347826,
            "macro avg": {
                "precision": 0.8221916971916972,
                "recall": 0.8201152475547806,
                "f1-score": 0.820759917127597,
                "support": 230.0
            },
            "weighted avg": {
                "precision": 0.8219448425970165,
                "recall": 0.8217391304347826,
                "f1-score": 0.8214511265209046,
                "support": 230.0
            },
            "cross-entropy": 0.4387463638898172,
            "roc-auc": 0.8825536431875047,
            "score": 0.8217391304347826
        },
        "test": {
            "0": {
                "precision": 0.8,
                "recall": 0.7722007722007722,
                "f1-score": 0.7858546168958743,
                "support": 259.0
            },
            "1": {
                "precision": 0.794425087108014,
                "recall": 0.8201438848920863,
                "f1-score": 0.8070796460176991,
                "support": 278.0
            },
            "accuracy": 0.7970204841713222,
            "macro avg": {
                "precision": 0.797212543554007,
                "recall": 0.7961723285464293,
                "f1-score": 0.7964671314567867,
                "support": 537.0
            },
            "weighted avg": {
                "precision": 0.7971139184656013,
                "recall": 0.7970204841713222,
                "f1-score": 0.7968426207987929,
                "support": 537.0
            },
            "cross-entropy": 0.4837122256359133,
            "roc-auc": 0.8600108330324158,
            "score": 0.7970204841713222
        }
    },
    "time": "0:02:29.100196",
    "chunk_size": null,
    "eval_batch_size": 32768
}