{
    "function": "bin.qtabformer.main",
    "gpus": [
        "NVIDIA GeForce RTX 4090"
    ],
    "config": {
        "seed": 1,
        "batch_size": 512,
        "patience": 16,
        "n_epochs": -1,
        "amp": true,
        "data": {
            "cache": true,
            "path": "data/regression-num-medium-0-medical_charges",
            "num_policy": "noisy-quantile"
        },
        "optimizer": {
            "type": "AdamW",
            "lr": 6.058426154079058e-05,
            "weight_decay": 0.0
        },
        "model": {
            "num_heads": 4,
            "predictor_n_blocks": 1,
            "encoder_n_blocks": 1,
            "use_multi_output_head": true,
            "dropout1": 0.0,
            "use_mlp_head": false,
            "query_expansion_ratio": 1,
            "attention_type": "mqa",
            "use_key_as_value": true,
            "momentum": 0.999,
            "queue_ratio": 64,
            "d_main": 64,
            "d_multiplier": 2.0,
            "mixer_normalization": "auto",
            "dropout0": 0.04667070304350223,
            "num_embeddings": {
                "type": "PeriodicEmbeddings",
                "n_frequencies": 44,
                "frequency_init_scale": 0.03634552683561558,
                "d_embedding": 33,
                "lite": true
            }
        }
    },
    "n_parameters": 61950,
    "prediction_type": "labels",
    "epoch_size": 20,
    "best_step": 2100,
    "metrics": {
        "train": {
            "rmse": 0.07976879001039724,
            "mae": 0.05192829668521881,
            "r2": 0.9796841220060593,
            "score": -0.07976879001039724
        },
        "val": {
            "rmse": 0.0832968839514074,
            "mae": 0.052848465740680695,
            "r2": 0.9783916625599561,
            "score": -0.0832968839514074
        },
        "test": {
            "rmse": 0.0825177395643039,
            "mae": 0.052369676530361176,
            "r2": 0.9788448660741579,
            "score": -0.0825177395643039
        }
    },
    "time": "0:00:59.639507",
    "chunk_size": null,
    "eval_batch_size": 32768
}