{
    "function": "bin.model.main",
    "gpus": [
        "NVIDIA GeForce RTX 4090"
    ],
    "config": {
        "seed": 12,
        "batch_size": 64,
        "patience": 16,
        "n_epochs": -1,
        "gradient_clipping_norm": 1.0,
        "amp": true,
        "data": {
            "cache": true,
            "path": "data/classif-cat-medium-2-KDDCup09_upselling",
            "num_policy": "noisy-quantile",
            "cat_policy": "ordinal"
        },
        "optimizer": {
            "type": "AdamW",
            "lr": 0.00011922061412268883,
            "weight_decay": 0.0002689074242379583
        },
        "model": {
            "arch_type": "tabrmv3",
            "sample_rate": 0.4751006867674446,
            "k": 8,
            "backbone": {
                "embed_type": "tabr",
                "ensemble_type": "mini-resnet",
                "context_shuffle": false,
                "context_size": 192,
                "encoder_n_blocks": 1,
                "n_blocks": 1,
                "d_block": 96,
                "dropout": 0.0
            },
            "num_embeddings": {
                "type": "PeriodicEmbeddings",
                "n_frequencies": 88,
                "d_embedding": 16,
                "frequency_init_scale": 7.283242467148728,
                "lite": false
            }
        }
    },
    "n_parameters": 216800,
    "prediction_type": "probs",
    "epoch_size": 57,
    "best_step": 285,
    "metrics": {
        "train": {
            "0": {
                "precision": 0.7454865697930427,
                "recall": 0.9489910313901345,
                "f1-score": 0.8350184956843404,
                "support": 1784.0
            },
            "1": {
                "precision": 0.9309559939301972,
                "recall": 0.6797783933518006,
                "f1-score": 0.7857829010566761,
                "support": 1805.0
            },
            "accuracy": 0.8135971022568961,
            "macro avg": {
                "precision": 0.8382212818616199,
                "recall": 0.8143847123709675,
                "f1-score": 0.8104006983705083,
                "support": 3589.0
            },
            "weighted avg": {
                "precision": 0.8387638923251028,
                "recall": 0.8135971022568961,
                "f1-score": 0.8102566544185467,
                "support": 3589.0
            },
            "cross-entropy": 0.4767854557068447,
            "roc-auc": 0.9039020284958326,
            "score": 0.8135971022568961
        },
        "val": {
            "0": {
                "precision": 0.758957654723127,
                "recall": 0.9433198380566802,
                "f1-score": 0.8411552346570397,
                "support": 247.0
            },
            "1": {
                "precision": 0.9084967320261438,
                "recall": 0.6525821596244131,
                "f1-score": 0.7595628415300546,
                "support": 213.0
            },
            "accuracy": 0.808695652173913,
            "macro avg": {
                "precision": 0.8337271933746354,
                "recall": 0.7979509988405467,
                "f1-score": 0.8003590380935471,
                "support": 460.0
            },
            "weighted avg": {
                "precision": 0.8282007492134369,
                "recall": 0.808695652173913,
                "f1-score": 0.8033744091438922,
                "support": 460.0
            },
            "cross-entropy": 0.49480446859549226,
            "roc-auc": 0.8715952937598601,
            "score": 0.808695652173913
        },
        "test": {
            "0": {
                "precision": 0.7496251874062968,
                "recall": 0.9416195856873822,
                "f1-score": 0.8347245409015025,
                "support": 531.0
            },
            "1": {
                "precision": 0.9243902439024391,
                "recall": 0.6941391941391941,
                "f1-score": 0.7928870292887028,
                "support": 546.0
            },
            "accuracy": 0.8161559888579387,
            "macro avg": {
                "precision": 0.8370077156543679,
                "recall": 0.8178793899132881,
                "f1-score": 0.8138057850951026,
                "support": 1077.0
            },
            "weighted avg": {
                "precision": 0.8382247425101906,
                "recall": 0.8161559888579387,
                "f1-score": 0.8135144375211973,
                "support": 1077.0
            },
            "cross-entropy": 0.49654758784068853,
            "roc-auc": 0.8696063823182467,
            "score": 0.8161559888579387
        }
    },
    "time": "0:00:25.219938",
    "chunk_size": null,
    "eval_batch_size": 32768,
    "heads": [
        2
    ],
    "head_selection_time": "0:00:00.121155"
}