{
    "function": "bin.model.main",
    "gpus": [
        "NVIDIA GeForce RTX 4090"
    ],
    "config": {
        "seed": 2,
        "batch_size": 256,
        "patience": 16,
        "n_epochs": -1,
        "gradient_clipping_norm": 1.0,
        "amp": true,
        "data": {
            "cache": true,
            "path": "data/regression-num-medium-0-fifa",
            "num_policy": "noisy-quantile"
        },
        "optimizer": {
            "type": "AdamW",
            "lr": 0.00032990639034601255,
            "weight_decay": 0.0
        },
        "model": {
            "p": 24,
            "arch_type": "tabm-rankp",
            "k": 32,
            "share_training_batches": false,
            "backbone": {
                "type": "MLP",
                "n_blocks": 4,
                "d_block": 288,
                "dropout": 0.004016359366615818
            },
            "num_embeddings": {
                "type": "PiecewiseLinearEmbeddingsV2",
                "d_embedding": 12
            }
        },
        "bins": {
            "n_bins": 108
        }
    },
    "n_parameters": 1712552,
    "prediction_type": "labels",
    "epoch_size": 40,
    "best_step": 3840,
    "metrics": {
        "train": {
            "rmse": 0.7270104042867143,
            "mae": 0.5336617231369019,
            "r2": 0.7135665207167738,
            "score": -0.7270104042867143
        },
        "val": {
            "rmse": 0.7534685593812417,
            "mae": 0.5587250590324402,
            "r2": 0.69786688846344,
            "score": -0.7534685593812417
        },
        "test": {
            "rmse": 0.7917818479236471,
            "mae": 0.579695999622345,
            "r2": 0.6605368598949848,
            "score": -0.7917818479236471
        }
    },
    "time": "0:01:03.238700",
    "chunk_size": null,
    "eval_batch_size": 32768,
    "heads": [
        17
    ],
    "head_selection_time": "0:00:00.025727"
}