{
    "function": "bin.model.main",
    "gpus": [
        "NVIDIA GeForce RTX 4090"
    ],
    "config": {
        "seed": 3,
        "batch_size": 256,
        "patience": 16,
        "n_epochs": -1,
        "gradient_clipping_norm": 1.0,
        "amp": true,
        "data": {
            "cache": true,
            "path": "data/classif-num-medium-1-MagicTelescope",
            "num_policy": "noisy-quantile"
        },
        "optimizer": {
            "type": "AdamW",
            "lr": 0.00042692720717313153,
            "weight_decay": 0.008812003735372458
        },
        "model": {
            "arch_type": "tabrmv2-mini",
            "sample_rate": 0.17019727930773093,
            "k": 112,
            "backbone": {
                "n_blocks": 1,
                "d_block": 352,
                "dropout": 0.1332710366220756
            },
            "num_embeddings": {
                "type": "PeriodicEmbeddings",
                "n_frequencies": 60,
                "d_embedding": 16,
                "frequency_init_scale": 0.06924871472985532,
                "lite": false
            }
        }
    },
    "n_parameters": 1059640,
    "prediction_type": "probs",
    "epoch_size": 37,
    "best_step": 925,
    "metrics": {
        "train": {
            "0": {
                "precision": 0.8506468051744414,
                "recall": 0.9287395677295099,
                "f1-score": 0.8879795396419436,
                "support": 4673.0
            },
            "1": {
                "precision": 0.9218493311429242,
                "recall": 0.8375266524520256,
                "f1-score": 0.8776672997430455,
                "support": 4690.0
            },
            "accuracy": 0.8830503043896187,
            "macro avg": {
                "precision": 0.8862480681586828,
                "recall": 0.8831331100907678,
                "f1-score": 0.8828234196924946,
                "support": 9363.0
            },
            "weighted avg": {
                "precision": 0.8863127078543714,
                "recall": 0.8830503043896187,
                "f1-score": 0.8828140579452831,
                "support": 9363.0
            },
            "cross-entropy": 0.2690520648307866,
            "roc-auc": 0.9532020357385828,
            "score": 0.8830503043896187
        },
        "val": {
            "0": {
                "precision": 0.8601823708206687,
                "recall": 0.9085072231139647,
                "f1-score": 0.8836846213895395,
                "support": 623.0
            },
            "1": {
                "precision": 0.8954128440366973,
                "recall": 0.8413793103448276,
                "f1-score": 0.8675555555555556,
                "support": 580.0
            },
            "accuracy": 0.8761429758935994,
            "macro avg": {
                "precision": 0.8777976074286831,
                "recall": 0.8749432667293962,
                "f1-score": 0.8756200884725476,
                "support": 1203.0
            },
            "weighted avg": {
                "precision": 0.8771679688799344,
                "recall": 0.8761429758935994,
                "f1-score": 0.8759083469226145,
                "support": 1203.0
            },
            "cross-entropy": 0.31407245844203013,
            "roc-auc": 0.9381842585930148,
            "score": 0.8761429758935994
        },
        "test": {
            "0": {
                "precision": 0.8265895953757225,
                "recall": 0.9245689655172413,
                "f1-score": 0.8728382502543234,
                "support": 1392.0
            },
            "1": {
                "precision": 0.9162011173184358,
                "recall": 0.8095909732016925,
                "f1-score": 0.8596031448895545,
                "support": 1418.0
            },
            "accuracy": 0.8665480427046264,
            "macro avg": {
                "precision": 0.8713953563470791,
                "recall": 0.8670799693594669,
                "f1-score": 0.8662206975719389,
                "support": 2810.0
            },
            "weighted avg": {
                "precision": 0.871809929224394,
                "recall": 0.8665480427046264,
                "f1-score": 0.8661594675471197,
                "support": 2810.0
            },
            "cross-entropy": 0.30719557266402875,
            "roc-auc": 0.9428610800382602,
            "score": 0.8665480427046264
        }
    },
    "time": "0:00:29.500109",
    "chunk_size": null,
    "eval_batch_size": 32768,
    "heads": [
        45,
        55
    ],
    "head_selection_time": "0:00:01.968969"
}