{
    "function": "bin.model.main",
    "gpus": [
        "NVIDIA GeForce RTX 4090"
    ],
    "config": {
        "seed": 10,
        "batch_size": 256,
        "patience": 16,
        "n_epochs": -1,
        "gradient_clipping_norm": 1.0,
        "amp": true,
        "data": {
            "cache": true,
            "path": "data/classif-num-medium-2-MagicTelescope",
            "num_policy": "noisy-quantile"
        },
        "optimizer": {
            "type": "AdamW",
            "lr": 8.401934380099947e-05,
            "weight_decay": 0.0004535867462943168
        },
        "model": {
            "arch_type": "tabrmv3",
            "sample_rate": 0.5627525524522046,
            "k": 4,
            "backbone": {
                "embed_type": "tabr",
                "ensemble_type": "mini-resnet",
                "context_shuffle": false,
                "context_size": 256,
                "encoder_n_blocks": 0,
                "n_blocks": 2,
                "d_block": 832,
                "dropout": 0.0
            },
            "num_embeddings": {
                "type": "PeriodicEmbeddings",
                "n_frequencies": 20,
                "d_embedding": 24,
                "frequency_init_scale": 0.39522644672002216,
                "lite": false
            }
        }
    },
    "n_parameters": 4383040,
    "prediction_type": "probs",
    "epoch_size": 37,
    "best_step": 851,
    "metrics": {
        "train": {
            "0": {
                "precision": 0.8690127077223851,
                "recall": 0.9526360908701244,
                "f1-score": 0.9089050199366117,
                "support": 4666.0
            },
            "1": {
                "precision": 0.9479755178907722,
                "recall": 0.8573557589951033,
                "f1-score": 0.9003912800447178,
                "support": 4697.0
            },
            "accuracy": 0.9048381928868953,
            "macro avg": {
                "precision": 0.9084941128065787,
                "recall": 0.9049959249326138,
                "f1-score": 0.9046481499906647,
                "support": 9363.0
            },
            "weighted avg": {
                "precision": 0.9086248319732572,
                "recall": 0.9048381928868953,
                "f1-score": 0.9046340559002743,
                "support": 9363.0
            },
            "cross-entropy": 0.23162540469125842,
            "roc-auc": 0.96840342135923,
            "score": 0.9048381928868953
        },
        "val": {
            "0": {
                "precision": 0.8289676425269645,
                "recall": 0.8966666666666666,
                "f1-score": 0.8614891913530824,
                "support": 600.0
            },
            "1": {
                "precision": 0.8880866425992779,
                "recall": 0.8159203980099502,
                "f1-score": 0.8504753673292998,
                "support": 603.0
            },
            "accuracy": 0.8561928512053201,
            "macro avg": {
                "precision": 0.8585271425631212,
                "recall": 0.8562935323383084,
                "f1-score": 0.8559822793411911,
                "support": 1203.0
            },
            "weighted avg": {
                "precision": 0.8586008570270519,
                "recall": 0.8561928512053201,
                "f1-score": 0.8559685463935306,
                "support": 1203.0
            },
            "cross-entropy": 0.3441886268782439,
            "roc-auc": 0.9271365395245992,
            "score": 0.8561928512053201
        },
        "test": {
            "0": {
                "precision": 0.8248081841432225,
                "recall": 0.9071729957805907,
                "f1-score": 0.8640321500334897,
                "support": 1422.0
            },
            "1": {
                "precision": 0.8940609951845907,
                "recall": 0.8025936599423631,
                "f1-score": 0.8458618071374336,
                "support": 1388.0
            },
            "accuracy": 0.8555160142348754,
            "macro avg": {
                "precision": 0.8594345896639066,
                "recall": 0.8548833278614769,
                "f1-score": 0.8549469785854616,
                "support": 2810.0
            },
            "weighted avg": {
                "precision": 0.8590156224796706,
                "recall": 0.8555160142348754,
                "f1-score": 0.8550569059268257,
                "support": 2810.0
            },
            "cross-entropy": 0.32965155614372116,
            "roc-auc": 0.9331795133695692,
            "score": 0.8555160142348754
        }
    },
    "time": "0:00:42.167407",
    "chunk_size": null,
    "eval_batch_size": 32768
}