{
    "function": "bin.ensemble.main",
    "config": {
        "seeds": [
            10,
            11,
            12,
            13,
            14
        ],
        "data": {
            "path": "data/sberbank-housing"
        }
    },
    "single_model_function": "bin.qtabformer.main",
    "prediction_type": "labels",
    "metrics": {
        "train": {
            "rmse": 0.2057110782509952,
            "mae": 0.10693015903234482,
            "r2": 0.7296482301788492,
            "score": -0.2057110782509952
        },
        "val": {
            "rmse": 0.23649214735261084,
            "mae": 0.12494952231645584,
            "r2": 0.6264190634064293,
            "score": -0.23649214735261084
        },
        "test": {
            "rmse": 0.24207081598780744,
            "mae": 0.15766850113868713,
            "r2": 0.5995719717710405,
            "score": -0.24207081598780744
        }
    }
}