{
    "function": "bin.qtab.main",
    "gpus": [
        "NVIDIA GeForce RTX 4090"
    ],
    "config": {
        "seed": 12,
        "batch_size": 256,
        "patience": 16,
        "n_epochs": -1,
        "amp": true,
        "data": {
            "cache": true,
            "path": "data/regression-cat-medium-0-OnlineNewsPopularity",
            "num_policy": "noisy-quantile"
        },
        "optimizer": {
            "type": "AdamW",
            "lr": 0.0001552288962062801,
            "weight_decay": 1.2019289154157895e-06
        },
        "model": {
            "distance_metric": "l2",
            "encoder_n_blocks": 1,
            "temperature": 1,
            "momentum": 0.999,
            "queue_ratio": 64,
            "d_main": 32,
            "d_multiplier": 2.0,
            "mixer_normalization": "auto",
            "dropout0": 0.13356492662411143,
            "dropout1": 0.0,
            "normalization": "LayerNorm",
            "activation": "ReLU",
            "num_embeddings": {
                "type": "PeriodicEmbeddings",
                "n_frequencies": 50,
                "frequency_init_scale": 0.018210506987438188,
                "d_embedding": 41,
                "lite": true
            }
        }
    },
    "n_parameters": 70615,
    "prediction_type": "labels",
    "epoch_size": 40,
    "best_step": 680,
    "metrics": {
        "train": {
            "rmse": 0.8294758844715872,
            "mae": 0.611282467842102,
            "r2": 0.20528685148853154,
            "score": -0.8294758844715872
        },
        "val": {
            "rmse": 0.8497808524532648,
            "mae": 0.6275820732116699,
            "r2": 0.14359427020947368,
            "score": -0.8497808524532648
        },
        "test": {
            "rmse": 0.8665031275750544,
            "mae": 0.6361792087554932,
            "r2": 0.13952757161782758,
            "score": -0.8665031275750544
        }
    },
    "time": "0:00:16.654163",
    "chunk_size": null,
    "eval_batch_size": 32768
}