{
    "function": "bin.model.main",
    "gpus": [
        "NVIDIA GeForce RTX 4090"
    ],
    "config": {
        "seed": 10,
        "batch_size": 256,
        "patience": 16,
        "n_epochs": -1,
        "gradient_clipping_norm": 1.0,
        "amp": true,
        "data": {
            "cache": true,
            "path": "data/classif-num-medium-1-credit",
            "num_policy": "noisy-quantile"
        },
        "optimizer": {
            "type": "AdamW",
            "lr": 0.0003784563627689435,
            "weight_decay": 0.0
        },
        "model": {
            "arch_type": "tabrmv3",
            "sample_rate": 0.4018239954190964,
            "k": 4,
            "backbone": {
                "embed_type": "tabr",
                "ensemble_type": "mini-resnet",
                "context_shuffle": false,
                "context_size": 192,
                "encoder_n_blocks": 0,
                "n_blocks": 2,
                "d_block": 896,
                "dropout": 0.0
            },
            "num_embeddings": {
                "type": "PeriodicEmbeddings",
                "n_frequencies": 28,
                "d_embedding": 20,
                "frequency_init_scale": 0.3628968678713729,
                "lite": false
            }
        }
    },
    "n_parameters": 5029288,
    "prediction_type": "probs",
    "epoch_size": 40,
    "best_step": 640,
    "metrics": {
        "train": {
            "0": {
                "precision": 0.7703870725291244,
                "recall": 0.8131693772312575,
                "f1-score": 0.791200308761096,
                "support": 5042.0
            },
            "1": {
                "precision": 0.7986318939717828,
                "recall": 0.7535296490520371,
                "f1-score": 0.7754254877542548,
                "support": 4958.0
            },
            "accuracy": 0.7836,
            "macro avg": {
                "precision": 0.7845094832504536,
                "recall": 0.7833495131416472,
                "f1-score": 0.7833128982576754,
                "support": 10000.0
            },
            "weighted avg": {
                "precision": 0.7843908550003944,
                "recall": 0.7836,
                "f1-score": 0.7833791525059042,
                "support": 10000.0
            },
            "cross-entropy": 0.46187925079771647,
            "roc-auc": 0.8654783481522456,
            "score": 0.7836
        },
        "val": {
            "0": {
                "precision": 0.7549668874172185,
                "recall": 0.7877591312931885,
                "f1-score": 0.7710144927536232,
                "support": 1013.0
            },
            "1": {
                "precision": 0.7753396029258098,
                "recall": 0.7412587412587412,
                "f1-score": 0.7579162410623085,
                "support": 1001.0
            },
            "accuracy": 0.7646474677259185,
            "macro avg": {
                "precision": 0.7651532451715142,
                "recall": 0.764508936275965,
                "f1-score": 0.7644653669079658,
                "support": 2014.0
            },
            "weighted avg": {
                "precision": 0.7650925518780427,
                "recall": 0.7646474677259185,
                "f1-score": 0.7645043885118129,
                "support": 2014.0
            },
            "cross-entropy": 0.494999672337999,
            "roc-auc": 0.8394448591881959,
            "score": 0.7646474677259185
        },
        "test": {
            "0": {
                "precision": 0.7447154471544716,
                "recall": 0.7958297132927888,
                "f1-score": 0.7694246115077699,
                "support": 2302.0
            },
            "1": {
                "precision": 0.7901785714285714,
                "recall": 0.7381150959132611,
                "f1-score": 0.7632600258732211,
                "support": 2398.0
            },
            "accuracy": 0.7663829787234042,
            "macro avg": {
                "precision": 0.7674470092915215,
                "recall": 0.766972404603025,
                "f1-score": 0.7663423186904954,
                "support": 4700.0
            },
            "weighted avg": {
                "precision": 0.7679113135394272,
                "recall": 0.7663829787234042,
                "f1-score": 0.7662793612201853,
                "support": 4700.0
            },
            "cross-entropy": 0.4895402002316912,
            "roc-auc": 0.8457089204803598,
            "score": 0.7663829787234042
        }
    },
    "time": "0:00:32.610227",
    "chunk_size": null,
    "eval_batch_size": 32768,
    "heads": [
        2,
        3,
        0
    ],
    "head_selection_time": "0:00:00.106720"
}