{
    "function": "bin.ensemble.main",
    "config": {
        "seeds": [
            10,
            11,
            12,
            13,
            14
        ],
        "data": {
            "path": "data/sberbank-housing"
        }
    },
    "single_model_function": "bin.model.main",
    "prediction_type": "labels",
    "metrics": {
        "train": {
            "rmse": 0.24272212884986458,
            "mae": 0.12905004620552063,
            "r2": 0.6236147761099652,
            "score": -0.24272212884986458
        },
        "val": {
            "rmse": 0.23724081019570403,
            "mae": 0.13013701140880585,
            "r2": 0.6240500142730921,
            "score": -0.23724081019570403
        },
        "test": {
            "rmse": 0.24009004769976733,
            "mae": 0.15144120156764984,
            "r2": 0.6060982729001438,
            "score": -0.24009004769976733
        }
    }
}