{
    "function": "bin.model.main",
    "gpus": [
        "NVIDIA GeForce RTX 4090"
    ],
    "config": {
        "seed": 9,
        "batch_size": 256,
        "patience": 16,
        "n_epochs": -1,
        "gradient_clipping_norm": 1.0,
        "amp": true,
        "data": {
            "cache": true,
            "path": "data/regression-cat-medium-0-house_sales",
            "num_policy": "noisy-quantile"
        },
        "optimizer": {
            "type": "AdamW",
            "lr": 7.479119958589417e-05,
            "weight_decay": 0.0
        },
        "model": {
            "arch_type": "tabrmv2",
            "sample_rate": 0.573490245106693,
            "k": 48,
            "backbone": {
                "n_blocks": 3,
                "d_block": 192,
                "dropout": 0.0
            },
            "num_embeddings": {
                "type": "PeriodicEmbeddings",
                "n_frequencies": 48,
                "d_embedding": 28,
                "frequency_init_scale": 0.051327622506788094,
                "lite": false
            }
        }
    },
    "n_parameters": 824676,
    "prediction_type": "labels",
    "epoch_size": 40,
    "best_step": 1520,
    "metrics": {
        "train": {
            "rmse": 0.18804828627420905,
            "mae": 0.14067445695400238,
            "r2": 0.872948413317551,
            "score": -0.18804828627420905
        },
        "val": {
            "rmse": 0.19622333811708548,
            "mae": 0.1445072889328003,
            "r2": 0.8626999965299738,
            "score": -0.19622333811708548
        },
        "test": {
            "rmse": 0.1960068377109804,
            "mae": 0.1438283920288086,
            "r2": 0.8602335889617979,
            "score": -0.1960068377109804
        }
    },
    "time": "0:00:42.991534",
    "chunk_size": null,
    "eval_batch_size": 32768
}