{
    "function": "bin.model.main",
    "gpus": [
        "NVIDIA GeForce RTX 4090"
    ],
    "config": {
        "seed": 11,
        "batch_size": 1024,
        "patience": 16,
        "n_epochs": -1,
        "gradient_clipping_norm": 1.0,
        "amp": true,
        "data": {
            "cache": true,
            "path": "data/cooking-time",
            "cat_policy": "ordinal"
        },
        "optimizer": {
            "type": "AdamW",
            "lr": 0.002938591390403987,
            "weight_decay": 0.08648910638364925
        },
        "model": {
            "arch_type": "taba",
            "k": 32,
            "share_training_batches": false,
            "backbone": {
                "type": "MLP",
                "n_blocks": 3,
                "d_block": 608,
                "dropout": 0.0
            },
            "num_embeddings": {
                "type": "PiecewiseLinearEmbeddingsV2",
                "d_embedding": 16
            }
        },
        "bins": {
            "n_bins": 5
        }
    },
    "n_parameters": 2050784,
    "prediction_type": "labels",
    "epoch_size": 222,
    "best_step": 2886,
    "metrics": {
        "train": {
            "rmse": 0.44562837206192,
            "mae": 0.3468800187110901,
            "r2": 0.5438514120832832,
            "score": -0.44562837206192
        },
        "val": {
            "rmse": 0.46527531569416225,
            "mae": 0.3615812361240387,
            "r2": 0.5035382793655582,
            "score": -0.46527531569416225
        },
        "test": {
            "rmse": 0.48314950101148235,
            "mae": 0.37665340304374695,
            "r2": 0.4795444566206325,
            "score": -0.48314950101148235
        }
    },
    "time": "0:03:29.972553",
    "chunk_size": null,
    "eval_batch_size": 32768,
    "heads": [
        30
    ],
    "head_selection_time": "0:00:00.083710"
}