{
    "function": "bin.model.main",
    "gpus": [
        "NVIDIA GeForce RTX 4090"
    ],
    "config": {
        "seed": 0,
        "batch_size": 256,
        "patience": 16,
        "n_epochs": -1,
        "gradient_clipping_norm": 1.0,
        "amp": true,
        "data": {
            "cache": true,
            "path": "data/regression-cat-medium-0-house_sales",
            "num_policy": "noisy-quantile"
        },
        "optimizer": {
            "type": "AdamW",
            "lr": 7.479119958589417e-05,
            "weight_decay": 0.0
        },
        "model": {
            "arch_type": "tabrmv2",
            "sample_rate": 0.573490245106693,
            "k": 48,
            "backbone": {
                "n_blocks": 3,
                "d_block": 192,
                "dropout": 0.0
            },
            "num_embeddings": {
                "type": "PeriodicEmbeddings",
                "n_frequencies": 48,
                "d_embedding": 28,
                "frequency_init_scale": 0.051327622506788094,
                "lite": false
            }
        }
    },
    "n_parameters": 824676,
    "prediction_type": "labels",
    "epoch_size": 40,
    "best_step": 2800,
    "metrics": {
        "train": {
            "rmse": 0.1748563061587105,
            "mae": 0.12827301025390625,
            "r2": 0.8901490331643813,
            "score": -0.1748563061587105
        },
        "val": {
            "rmse": 0.18319200632480348,
            "mae": 0.13220888376235962,
            "r2": 0.8803308336243636,
            "score": -0.18319200632480348
        },
        "test": {
            "rmse": 0.18486133217728706,
            "mae": 0.13322676718235016,
            "r2": 0.875676696737823,
            "score": -0.18486133217728706
        }
    },
    "time": "0:01:08.289327",
    "chunk_size": null,
    "eval_batch_size": 32768,
    "heads": [
        32,
        1,
        8,
        0
    ],
    "head_selection_time": "0:00:00.154584"
}