{
    "function": "bin.model.main",
    "gpus": [
        "NVIDIA GeForce RTX 4090"
    ],
    "config": {
        "seed": 14,
        "batch_size": 256,
        "patience": 16,
        "n_epochs": -1,
        "gradient_clipping_norm": 1.0,
        "amp": true,
        "data": {
            "cache": true,
            "path": "data/classif-num-medium-2-bank-marketing",
            "num_policy": "noisy-quantile"
        },
        "optimizer": {
            "type": "AdamW",
            "lr": 0.00020975345801630462,
            "weight_decay": 0.0
        },
        "model": {
            "arch_type": "tabrmv3",
            "sample_rate": 0.5432946839662166,
            "k": 8,
            "backbone": {
                "embed_type": "tabr",
                "ensemble_type": "mini-resnet",
                "context_shuffle": false,
                "context_size": 192,
                "encoder_n_blocks": 0,
                "n_blocks": 2,
                "d_block": 896,
                "dropout": 0.0
            },
            "num_embeddings": {
                "type": "PeriodicEmbeddings",
                "n_frequencies": 24,
                "d_embedding": 28,
                "frequency_init_scale": 0.3280391045983545,
                "lite": false
            }
        }
    },
    "n_parameters": 5034556,
    "prediction_type": "probs",
    "epoch_size": 29,
    "best_step": 348,
    "metrics": {
        "train": {
            "0": {
                "precision": 0.8225806451612904,
                "recall": 0.7996755879967559,
                "f1-score": 0.8109664153529814,
                "support": 3699.0
            },
            "1": {
                "precision": 0.8054096638655462,
                "recall": 0.827800269905533,
                "f1-score": 0.8164514840942366,
                "support": 3705.0
            },
            "accuracy": 0.8137493246893571,
            "macro avg": {
                "precision": 0.8139951545134183,
                "recall": 0.8137379289511444,
                "f1-score": 0.813708949723609,
                "support": 7404.0
            },
            "weighted avg": {
                "precision": 0.8139881970655676,
                "recall": 0.8137493246893571,
                "f1-score": 0.8137111721987877,
                "support": 7404.0
            },
            "cross-entropy": 0.4144919811464635,
            "roc-auc": 0.8924665053362709,
            "score": 0.8137493246893571
        },
        "val": {
            "0": {
                "precision": 0.8119469026548672,
                "recall": 0.7926565874730022,
                "f1-score": 0.8021857923497268,
                "support": 463.0
            },
            "1": {
                "precision": 0.808,
                "recall": 0.8261758691206544,
                "f1-score": 0.8169868554095047,
                "support": 489.0
            },
            "accuracy": 0.8098739495798319,
            "macro avg": {
                "precision": 0.8099734513274337,
                "recall": 0.8094162282968282,
                "f1-score": 0.8095863238796157,
                "support": 952.0
            },
            "weighted avg": {
                "precision": 0.8099195545474828,
                "recall": 0.8098739495798319,
                "f1-score": 0.8097884392365244,
                "support": 952.0
            },
            "cross-entropy": 0.4352417568881052,
            "roc-auc": 0.8789260049380099,
            "score": 0.8098739495798319
        },
        "test": {
            "0": {
                "precision": 0.8158379373848987,
                "recall": 0.7861579414374446,
                "f1-score": 0.8007230004518752,
                "support": 1127.0
            },
            "1": {
                "precision": 0.7878521126760564,
                "recall": 0.817351598173516,
                "f1-score": 0.8023307933662035,
                "support": 1095.0
            },
            "accuracy": 0.8015301530153015,
            "macro avg": {
                "precision": 0.8018450250304776,
                "recall": 0.8017547698054803,
                "f1-score": 0.8015268969090393,
                "support": 2222.0
            },
            "weighted avg": {
                "precision": 0.8020465431201902,
                "recall": 0.8015301530153015,
                "f1-score": 0.8015153196423295,
                "support": 2222.0
            },
            "cross-entropy": 0.43471537340880506,
            "roc-auc": 0.8814073812967711,
            "score": 0.8015301530153015
        }
    },
    "time": "0:00:20.767650",
    "chunk_size": null,
    "eval_batch_size": 32768
}