{
    "function": "bin.model.main",
    "gpus": [
        "NVIDIA GeForce RTX 4090"
    ],
    "config": {
        "seed": 6,
        "batch_size": 256,
        "patience": 16,
        "n_epochs": -1,
        "gradient_clipping_norm": 1.0,
        "amp": true,
        "data": {
            "cache": true,
            "path": "data/classif-num-medium-0-credit",
            "num_policy": "noisy-quantile"
        },
        "optimizer": {
            "type": "AdamW",
            "lr": 3.590208008460646e-05,
            "weight_decay": 0.0
        },
        "model": {
            "arch_type": "tabrmv3",
            "sample_rate": 0.2993428712380761,
            "k": 4,
            "backbone": {
                "embed_type": "tabr",
                "ensemble_type": "mini-resnet",
                "context_shuffle": false,
                "context_size": 256,
                "encoder_n_blocks": 0,
                "n_blocks": 2,
                "d_block": 832,
                "dropout": 0.0
            },
            "num_embeddings": {
                "type": "PeriodicEmbeddings",
                "n_frequencies": 24,
                "d_embedding": 24,
                "frequency_init_scale": 0.12140509149667612,
                "lite": false
            }
        }
    },
    "n_parameters": 4385000,
    "prediction_type": "probs",
    "epoch_size": 40,
    "best_step": 360,
    "metrics": {
        "train": {
            "0": {
                "precision": 0.783859368757491,
                "recall": 0.7798092209856916,
                "f1-score": 0.7818290496114764,
                "support": 5032.0
            },
            "1": {
                "precision": 0.7781337605126152,
                "recall": 0.7822061191626409,
                "f1-score": 0.7801646255771933,
                "support": 4968.0
            },
            "accuracy": 0.781,
            "macro avg": {
                "precision": 0.7809965646350531,
                "recall": 0.7810076700741663,
                "f1-score": 0.7809968375943348,
                "support": 10000.0
            },
            "weighted avg": {
                "precision": 0.7810148865814366,
                "recall": 0.781,
                "f1-score": 0.7810021637512445,
                "support": 10000.0
            },
            "cross-entropy": 0.4680429230892087,
            "roc-auc": 0.8596266503075966,
            "score": 0.781
        },
        "val": {
            "0": {
                "precision": 0.7828685258964143,
                "recall": 0.7923387096774194,
                "f1-score": 0.7875751503006013,
                "support": 992.0
            },
            "1": {
                "precision": 0.7960396039603961,
                "recall": 0.786692759295499,
                "f1-score": 0.7913385826771653,
                "support": 1022.0
            },
            "accuracy": 0.7894736842105263,
            "macro avg": {
                "precision": 0.7894540649284052,
                "recall": 0.7895157344864592,
                "f1-score": 0.7894568664888832,
                "support": 2014.0
            },
            "weighted avg": {
                "precision": 0.7895521613390107,
                "recall": 0.7894736842105263,
                "f1-score": 0.7894848960249551,
                "support": 2014.0
            },
            "cross-entropy": 0.46487929459834365,
            "roc-auc": 0.8617575634429644,
            "score": 0.7894736842105263
        },
        "test": {
            "0": {
                "precision": 0.7635135135135135,
                "recall": 0.7749678525503644,
                "f1-score": 0.7691980429695809,
                "support": 2333.0
            },
            "1": {
                "precision": 0.7748713550600344,
                "recall": 0.7634136037177862,
                "f1-score": 0.7690998084698871,
                "support": 2367.0
            },
            "accuracy": 0.7691489361702127,
            "macro avg": {
                "precision": 0.769192434286774,
                "recall": 0.7691907281340753,
                "f1-score": 0.769148925719734,
                "support": 4700.0
            },
            "weighted avg": {
                "precision": 0.7692335158413038,
                "recall": 0.7691489361702127,
                "f1-score": 0.7691485704034585,
                "support": 4700.0
            },
            "cross-entropy": 0.4805056640955629,
            "roc-auc": 0.8509919305872231,
            "score": 0.7691489361702127
        }
    },
    "time": "0:00:29.952312",
    "chunk_size": null,
    "eval_batch_size": 32768,
    "heads": [
        2
    ],
    "head_selection_time": "0:00:00.026351"
}