{
    "function": "bin.qtabformerv3.main",
    "gpus": [
        "NVIDIA GeForce RTX 4090"
    ],
    "config": {
        "seed": 1,
        "batch_size": 256,
        "patience": 16,
        "n_epochs": -1,
        "amp": true,
        "data": {
            "cache": true,
            "path": "data/churn",
            "num_policy": "noisy-quantile",
            "cat_policy": "ordinal"
        },
        "optimizer": {
            "type": "AdamW",
            "lr": 0.00020510377535409025,
            "weight_decay": 3.124905617265411e-06
        },
        "model": {
            "encoder_n_blocks": 1,
            "distance_metric": "cossim",
            "temperature": 0.1,
            "momentum": 0.999,
            "queue_ratio": 64,
            "d_main": 512,
            "d_multiplier": 2.0,
            "mixer_normalization": "auto",
            "dropout0": 0.3720865170075874,
            "dropout1": 0.0,
            "normalization": "LayerNorm",
            "activation": "ReLU",
            "num_embeddings": {
                "type": "PeriodicEmbeddings",
                "n_frequencies": 55,
                "frequency_init_scale": 0.10870106682730185,
                "d_embedding": 49,
                "lite": true
            }
        }
    },
    "n_parameters": 1765058,
    "prediction_type": "probs",
    "epoch_size": 25,
    "best_step": 150,
    "metrics": {
        "train": {
            "0": {
                "precision": 0.8910477573996731,
                "recall": 0.9629120879120879,
                "f1-score": 0.9255870979911346,
                "support": 5096.0
            },
            "1": {
                "precision": 0.7883538633818589,
                "recall": 0.5398773006134969,
                "f1-score": 0.6408739189804279,
                "support": 1304.0
            },
            "accuracy": 0.87671875,
            "macro avg": {
                "precision": 0.8397008103907659,
                "recall": 0.7513946942627925,
                "f1-score": 0.7832305084857812,
                "support": 6400.0
            },
            "weighted avg": {
                "precision": 0.8701238764935435,
                "recall": 0.87671875,
                "f1-score": 0.8675767877677031,
                "support": 6400.0
            },
            "cross-entropy": 0.2954969386591332,
            "roc-auc": 0.9010137266327012,
            "score": 0.87671875
        },
        "val": {
            "0": {
                "precision": 0.8783977110157367,
                "recall": 0.9638932496075353,
                "f1-score": 0.9191616766467066,
                "support": 1274.0
            },
            "1": {
                "precision": 0.7722772277227723,
                "recall": 0.4785276073619632,
                "f1-score": 0.5909090909090908,
                "support": 326.0
            },
            "accuracy": 0.865,
            "macro avg": {
                "precision": 0.8253374693692546,
                "recall": 0.7212104284847493,
                "f1-score": 0.7550353837778987,
                "support": 1600.0
            },
            "weighted avg": {
                "precision": 0.8567756625447953,
                "recall": 0.865,
                "f1-score": 0.8522802123026674,
                "support": 1600.0
            },
            "cross-entropy": 0.33608643969014634,
            "roc-auc": 0.8616983367202473,
            "score": 0.865
        },
        "test": {
            "0": {
                "precision": 0.878735632183908,
                "recall": 0.9598242310106717,
                "f1-score": 0.9174917491749175,
                "support": 1593.0
            },
            "1": {
                "precision": 0.7538461538461538,
                "recall": 0.48157248157248156,
                "f1-score": 0.5877061469265368,
                "support": 407.0
            },
            "accuracy": 0.8625,
            "macro avg": {
                "precision": 0.816290893015031,
                "recall": 0.7206983562915766,
                "f1-score": 0.7525989480507271,
                "support": 2000.0
            },
            "weighted avg": {
                "precision": 0.8533206233421751,
                "recall": 0.8625,
                "f1-score": 0.850380379117372,
                "support": 2000.0
            },
            "cross-entropy": 0.3487306815415557,
            "roc-auc": 0.8493586035958918,
            "score": 0.8625
        }
    },
    "time": "0:00:10.114796",
    "chunk_size": null,
    "eval_batch_size": 32768
}