{
    "function": "bin.model.main",
    "gpus": [
        "NVIDIA GeForce RTX 4090"
    ],
    "config": {
        "seed": 1,
        "batch_size": 128,
        "patience": 16,
        "n_epochs": -1,
        "amp": true,
        "data": {
            "cache": true,
            "path": "data/regression-num-medium-0-cpu_act",
            "num_policy": "noisy-quantile"
        },
        "optimizer": {
            "type": "AdamW",
            "lr": 0.00018163062035007248,
            "weight_decay": 2.0018309776762446e-05
        },
        "model": {
            "arch_type": "tabr-pln",
            "k": 32,
            "context_size": 96,
            "d_main": 245,
            "context_dropout": 0.0,
            "d_multiplier": 2.0,
            "encoder_n_blocks": 1,
            "predictor_n_blocks": 1,
            "mixer_normalization": "auto",
            "dropout0": 0.3507300700597178,
            "dropout1": 0.0,
            "normalization": "LayerNorm",
            "activation": "ReLU",
            "num_embeddings": {
                "type": "PeriodicEmbeddings",
                "n_frequencies": 89,
                "frequency_init_scale": 0.026156754909120453,
                "d_embedding": 24,
                "lite": true
            }
        }
    },
    "n_parameters": 929816,
    "prediction_type": "labels",
    "epoch_size": 45,
    "best_step": 4365,
    "metrics": {
        "train": {
            "rmse": 2.0110153598132423,
            "mae": 1.484583854675293,
            "r2": 0.9878559683481574,
            "score": -2.0110153598132423
        },
        "val": {
            "rmse": 2.2254580251334466,
            "mae": 1.5813491344451904,
            "r2": 0.9853709099737141,
            "score": -2.2254580251334466
        },
        "test": {
            "rmse": 2.1787564603323477,
            "mae": 1.6008429527282715,
            "r2": 0.9867074776593192,
            "score": -2.1787564603323477
        }
    },
    "time": "0:01:34.810014",
    "chunk_size": null,
    "eval_batch_size": 32768,
    "heads": [
        17,
        5
    ],
    "head_selection_time": "0:00:00.075787"
}