{
    "function": "bin.ensemble.main",
    "config": {
        "seeds": [
            10,
            11,
            12,
            13,
            14
        ],
        "data": {
            "path": "data/otto"
        }
    },
    "single_model_function": "bin.model.main",
    "prediction_type": "probs",
    "metrics": {
        "train": {
            "0": {
                "precision": 0.9872262773722628,
                "recall": 0.8761133603238866,
                "f1-score": 0.9283569283569283,
                "support": 1235.0
            },
            "1": {
                "precision": 0.846439236268211,
                "recall": 0.9065710408993991,
                "f1-score": 0.8754738172118489,
                "support": 10318.0
            },
            "2": {
                "precision": 0.7627223831195697,
                "recall": 0.7198360015618899,
                "f1-score": 0.7406588991562877,
                "support": 5122.0
            },
            "3": {
                "precision": 0.96875,
                "recall": 0.7560975609756098,
                "f1-score": 0.8493150684931506,
                "support": 1722.0
            },
            "4": {
                "precision": 0.9937464468447982,
                "recall": 0.9971477467199087,
                "f1-score": 0.9954441913439634,
                "support": 1753.0
            },
            "5": {
                "precision": 0.9902113459399332,
                "recall": 0.984081361927924,
                "f1-score": 0.9871368374362386,
                "support": 9046.0
            },
            "6": {
                "precision": 0.9353424657534246,
                "recall": 0.9394606494221244,
                "f1-score": 0.9373970345963755,
                "support": 1817.0
            },
            "7": {
                "precision": 0.9836366979224123,
                "recall": 0.987631530367362,
                "f1-score": 0.9856300663227708,
                "support": 5417.0
            },
            "8": {
                "precision": 0.9506589028501379,
                "recall": 0.978240302743614,
                "f1-score": 0.9642524090767796,
                "support": 3171.0
            },
            "accuracy": 0.9149768945228656,
            "macro avg": {
                "precision": 0.9354148617856389,
                "recall": 0.90501995054908,
                "f1-score": 0.9181850279993715,
                "support": 39601.0
            },
            "weighted avg": {
                "precision": 0.9158743978499941,
                "recall": 0.9149768945228656,
                "f1-score": 0.9143845218839193,
                "support": 39601.0
            },
            "cross-entropy": 0.2301608022710288,
            "score": 0.9149768945228656
        },
        "val": {
            "0": {
                "precision": 0.6970954356846473,
                "recall": 0.5454545454545454,
                "f1-score": 0.6120218579234973,
                "support": 308.0
            },
            "1": {
                "precision": 0.7607383741569045,
                "recall": 0.8306201550387597,
                "f1-score": 0.7941448953122106,
                "support": 2580.0
            },
            "2": {
                "precision": 0.6107883817427386,
                "recall": 0.5745511319281811,
                "f1-score": 0.5921158487530168,
                "support": 1281.0
            },
            "3": {
                "precision": 0.7692307692307693,
                "recall": 0.5568445475638051,
                "f1-score": 0.6460296096904441,
                "support": 431.0
            },
            "4": {
                "precision": 0.9724770642201835,
                "recall": 0.9680365296803652,
                "f1-score": 0.9702517162471395,
                "support": 438.0
            },
            "5": {
                "precision": 0.9499553172475425,
                "recall": 0.9398762157382847,
                "f1-score": 0.944888888888889,
                "support": 2262.0
            },
            "6": {
                "precision": 0.7411504424778761,
                "recall": 0.737885462555066,
                "f1-score": 0.7395143487858721,
                "support": 454.0
            },
            "7": {
                "precision": 0.9115744069015097,
                "recall": 0.9364844903988183,
                "f1-score": 0.9238615664845172,
                "support": 1354.0
            },
            "8": {
                "precision": 0.8640296662546354,
                "recall": 0.8814627994955864,
                "f1-score": 0.8726591760299626,
                "support": 793.0
            },
            "accuracy": 0.822038177961822,
            "macro avg": {
                "precision": 0.8085599842129785,
                "recall": 0.7745795419837124,
                "f1-score": 0.7883875453461722,
                "support": 9901.0
            },
            "weighted avg": {
                "precision": 0.8203254452053834,
                "recall": 0.822038177961822,
                "f1-score": 0.8196456364527455,
                "support": 9901.0
            },
            "cross-entropy": 0.47825798733729885,
            "score": 0.822038177961822
        },
        "test": {
            "0": {
                "precision": 0.7206896551724138,
                "recall": 0.5414507772020726,
                "f1-score": 0.6183431952662721,
                "support": 386.0
            },
            "1": {
                "precision": 0.7631354728770235,
                "recall": 0.8334367245657568,
                "f1-score": 0.7967383246849518,
                "support": 3224.0
            },
            "2": {
                "precision": 0.6006756756756757,
                "recall": 0.5552779512804498,
                "f1-score": 0.5770853618954885,
                "support": 1601.0
            },
            "3": {
                "precision": 0.7539267015706806,
                "recall": 0.5353159851301115,
                "f1-score": 0.6260869565217392,
                "support": 538.0
            },
            "4": {
                "precision": 0.9727767695099818,
                "recall": 0.9781021897810219,
                "f1-score": 0.9754322111010009,
                "support": 548.0
            },
            "5": {
                "precision": 0.9490445859872612,
                "recall": 0.9487088786699681,
                "f1-score": 0.9488767026357686,
                "support": 2827.0
            },
            "6": {
                "precision": 0.7440585009140768,
                "recall": 0.7165492957746479,
                "f1-score": 0.7300448430493274,
                "support": 568.0
            },
            "7": {
                "precision": 0.9115606936416185,
                "recall": 0.9314825753101004,
                "f1-score": 0.9214139643587497,
                "support": 1693.0
            },
            "8": {
                "precision": 0.8570066730219257,
                "recall": 0.9071644803229062,
                "f1-score": 0.8813725490196079,
                "support": 991.0
            },
            "accuracy": 0.8220749838396897,
            "macro avg": {
                "precision": 0.8080971920411841,
                "recall": 0.7719432064485594,
                "f1-score": 0.7861549009481007,
                "support": 12376.0
            },
            "weighted avg": {
                "precision": 0.8190894557005898,
                "recall": 0.8220749838396897,
                "f1-score": 0.8187769940033062,
                "support": 12376.0
            },
            "cross-entropy": 0.47281793615871776,
            "score": 0.8220749838396897
        }
    }
}