{
    "function": "bin.model.main",
    "gpus": [
        "NVIDIA GeForce RTX 4090"
    ],
    "config": {
        "seed": 10,
        "batch_size": 32,
        "patience": 16,
        "n_epochs": -1,
        "gradient_clipping_norm": 1.0,
        "amp": true,
        "data": {
            "cache": true,
            "path": "data/classif-num-medium-3-phoneme",
            "num_policy": "noisy-quantile"
        },
        "optimizer": {
            "type": "AdamW",
            "lr": 0.002931247928065609,
            "weight_decay": 0.010240602910145466
        },
        "model": {
            "arch_type": "tabm-mini",
            "k": 32,
            "share_training_batches": false,
            "backbone": {
                "type": "MLP",
                "n_blocks": 2,
                "d_block": 816,
                "dropout": 0.07420097430770455
            },
            "num_embeddings": {
                "type": "PiecewiseLinearEmbeddingsV2",
                "d_embedding": 8
            }
        },
        "bins": {
            "n_bins": 29
        }
    },
    "n_parameters": 754896,
    "prediction_type": "probs",
    "epoch_size": 70,
    "best_step": 490,
    "metrics": {
        "train": {
            "0": {
                "precision": 0.9329044117647058,
                "recall": 0.8872377622377622,
                "f1-score": 0.9094982078853047,
                "support": 1144.0
            },
            "1": {
                "precision": 0.8860424028268551,
                "recall": 0.9321561338289963,
                "f1-score": 0.9085144927536232,
                "support": 1076.0
            },
            "accuracy": 0.909009009009009,
            "macro avg": {
                "precision": 0.9094734072957804,
                "recall": 0.9096969480333792,
                "f1-score": 0.9090063503194639,
                "support": 2220.0
            },
            "weighted avg": {
                "precision": 0.9101911137389728,
                "recall": 0.909009009009009,
                "f1-score": 0.9090214162268861,
                "support": 2220.0
            },
            "cross-entropy": 0.20814886706583333,
            "roc-auc": 0.9744500968362493,
            "score": 0.909009009009009
        },
        "val": {
            "0": {
                "precision": 0.890625,
                "recall": 0.8636363636363636,
                "f1-score": 0.8769230769230768,
                "support": 132.0
            },
            "1": {
                "precision": 0.8853503184713376,
                "recall": 0.9084967320261438,
                "f1-score": 0.8967741935483872,
                "support": 153.0
            },
            "accuracy": 0.887719298245614,
            "macro avg": {
                "precision": 0.8879876592356688,
                "recall": 0.8860665478312537,
                "f1-score": 0.886848635235732,
                "support": 285.0
            },
            "weighted avg": {
                "precision": 0.8877933288635601,
                "recall": 0.887719298245614,
                "f1-score": 0.8875799921640328,
                "support": 285.0
            },
            "cross-entropy": 0.3786737137100154,
            "roc-auc": 0.9328827490592196,
            "score": 0.887719298245614
        },
        "test": {
            "0": {
                "precision": 0.8737201365187713,
                "recall": 0.8258064516129032,
                "f1-score": 0.8490878938640133,
                "support": 310.0
            },
            "1": {
                "precision": 0.8556149732620321,
                "recall": 0.896358543417367,
                "f1-score": 0.8755129958960328,
                "support": 357.0
            },
            "accuracy": 0.863568215892054,
            "macro avg": {
                "precision": 0.8646675548904017,
                "recall": 0.8610824975151351,
                "f1-score": 0.8623004448800231,
                "support": 667.0
            },
            "weighted avg": {
                "precision": 0.864029666829632,
                "recall": 0.863568215892054,
                "f1-score": 0.8632314642169832,
                "support": 667.0
            },
            "cross-entropy": 0.40430240072050055,
            "roc-auc": 0.926158850637029,
            "score": 0.863568215892054
        }
    },
    "time": "0:00:13.586934",
    "chunk_size": null,
    "eval_batch_size": 32768,
    "heads": [
        11
    ],
    "head_selection_time": "0:00:00.191187"
}