{
    "function": "bin.reformer.main",
    "gpus": [
        "NVIDIA GeForce RTX 4090"
    ],
    "config": {
        "seed": 9,
        "batch_size": 1024,
        "patience": 16,
        "n_epochs": -1,
        "amp": true,
        "data": {
            "cache": true,
            "path": "data/ecom-offers",
            "num_policy": "noisy-quantile"
        },
        "optimizer": {
            "type": "AdamW",
            "lr": 5.440143977648763e-05,
            "weight_decay": 0.0
        },
        "model": {
            "predictor_n_blocks": 3,
            "k": 1,
            "context_size": 96,
            "encoder_n_blocks": 1,
            "predictor_type": "mha",
            "use_adapter": false,
            "num_heads": 4,
            "momentum": 0.999,
            "use_aux_loss": false,
            "multi_output_head": false,
            "queue_ratio": 64,
            "arch_type": "retransformer",
            "d_main": 256,
            "d_multiplier": 2.0,
            "mixer_normalization": "auto",
            "dropout0": 0.007099436621494072,
            "dropout1": 0.0,
            "normalization": "LayerNorm",
            "activation": "ReLU",
            "num_embeddings": {
                "type": "PeriodicEmbeddings",
                "n_frequencies": 19,
                "frequency_init_scale": 0.04429891783539526,
                "d_embedding": 49,
                "lite": true
            }
        }
    },
    "n_parameters": 3156273,
    "prediction_type": "probs",
    "epoch_size": 107,
    "best_step": 428,
    "metrics": {
        "train": {
            "0": {
                "precision": 0.7786910481877128,
                "recall": 0.9915061951318025,
                "f1-score": 0.8723061808908678,
                "support": 84179.0
            },
            "1": {
                "precision": 0.6683673469387755,
                "recall": 0.057268897543915426,
                "f1-score": 0.10549820631085731,
                "support": 25162.0
            },
            "accuracy": 0.7765156711572054,
            "macro avg": {
                "precision": 0.7235291975632442,
                "recall": 0.524387546337859,
                "f1-score": 0.4889021936008625,
                "support": 109341.0
            },
            "weighted avg": {
                "precision": 0.753302904940205,
                "recall": 0.7765156711572054,
                "f1-score": 0.6958451803843586,
                "support": 109341.0
            },
            "cross-entropy": 0.5034044875156922,
            "roc-auc": 0.6724901902472487,
            "score": 0.6724901902472487
        },
        "val": {
            "0": {
                "precision": 0.6665014419610671,
                "recall": 0.9531511792756798,
                "f1-score": 0.7844603553434103,
                "support": 15518.0
            },
            "1": {
                "precision": 0.6486225229579508,
                "recall": 0.15349422395058904,
                "f1-score": 0.2482426933037366,
                "support": 8743.0
            },
            "accuracy": 0.6649767115947405,
            "macro avg": {
                "precision": 0.6575619824595089,
                "recall": 0.5533227016131345,
                "f1-score": 0.5163515243235735,
                "support": 24261.0
            },
            "weighted avg": {
                "precision": 0.6600583691757637,
                "recall": 0.6649767115947405,
                "f1-score": 0.591222194541594,
                "support": 24261.0
            },
            "cross-entropy": 0.6732927610255548,
            "roc-auc": 0.60567927764781,
            "score": 0.60567927764781
        },
        "test": {
            "0": {
                "precision": 0.6530765580512496,
                "recall": 0.9759484694480558,
                "f1-score": 0.7825159914712153,
                "support": 16922.0
            },
            "1": {
                "precision": 0.6512425021422451,
                "recall": 0.07972306724011329,
                "f1-score": 0.14205607476635515,
                "support": 9533.0
            },
            "accuracy": 0.652995652995653,
            "macro avg": {
                "precision": 0.6521595300967473,
                "recall": 0.5278357683440845,
                "f1-score": 0.46228603311878524,
                "support": 26455.0
            },
            "weighted avg": {
                "precision": 0.6524156601120873,
                "recall": 0.652995652995653,
                "f1-score": 0.5517276948941059,
                "support": 26455.0
            },
            "cross-entropy": 0.7219148178386348,
            "roc-auc": 0.5803913955334249,
            "score": 0.5803913955334249
        }
    },
    "time": "0:01:26.017203",
    "chunk_size": null,
    "eval_batch_size": 32768
}