{
    "function": "bin.model.main",
    "gpus": [
        "NVIDIA GeForce RTX 4090"
    ],
    "config": {
        "seed": 3,
        "batch_size": 256,
        "patience": 16,
        "n_epochs": -1,
        "amp": true,
        "data": {
            "cache": true,
            "path": "data/regression-cat-medium-0-OnlineNewsPopularity",
            "num_policy": "noisy-quantile"
        },
        "optimizer": {
            "type": "AdamW",
            "lr": 3.1242463169178775e-05,
            "weight_decay": 0.0
        },
        "model": {
            "arch_type": "tabr-pln",
            "k": 32,
            "context_size": 96,
            "d_main": 336,
            "context_dropout": 0.15419250013373723,
            "d_multiplier": 2.0,
            "encoder_n_blocks": 0,
            "predictor_n_blocks": 2,
            "mixer_normalization": "auto",
            "dropout0": 0.06830645044243588,
            "dropout1": 0.0,
            "normalization": "LayerNorm",
            "activation": "ReLU",
            "num_embeddings": {
                "type": "PeriodicEmbeddings",
                "n_frequencies": 64,
                "frequency_init_scale": 0.0693017998897308,
                "d_embedding": 59,
                "lite": true
            }
        }
    },
    "n_parameters": 2427676,
    "prediction_type": "labels",
    "epoch_size": 40,
    "best_step": 960,
    "metrics": {
        "train": {
            "rmse": 0.8217882233849778,
            "mae": 0.613060712814331,
            "r2": 0.21994955639181013,
            "score": -0.8217882233849778
        },
        "val": {
            "rmse": 0.8450881448740474,
            "mae": 0.633045494556427,
            "r2": 0.1530267533507068,
            "score": -0.8450881448740474
        },
        "test": {
            "rmse": 0.8626666405619814,
            "mae": 0.641883373260498,
            "r2": 0.1471303203704687,
            "score": -0.8626666405619814
        }
    },
    "time": "0:00:36.930135",
    "chunk_size": null,
    "eval_batch_size": 32768,
    "heads": [
        19,
        13
    ],
    "head_selection_time": "0:00:00.077375"
}