{
    "function": "bin.ensemble.main",
    "config": {
        "seeds": [
            0,
            1,
            2,
            3,
            4
        ],
        "data": {
            "path": "data/classif-num-medium-2-phoneme"
        }
    },
    "single_model_function": "bin.model.main",
    "prediction_type": "probs",
    "metrics": {
        "train": {
            "0": {
                "precision": 1.0,
                "recall": 1.0,
                "f1-score": 1.0,
                "support": 1141.0
            },
            "1": {
                "precision": 1.0,
                "recall": 1.0,
                "f1-score": 1.0,
                "support": 1079.0
            },
            "accuracy": 1.0,
            "macro avg": {
                "precision": 1.0,
                "recall": 1.0,
                "f1-score": 1.0,
                "support": 2220.0
            },
            "weighted avg": {
                "precision": 1.0,
                "recall": 1.0,
                "f1-score": 1.0,
                "support": 2220.0
            },
            "cross-entropy": 0.05137360828422831,
            "roc-auc": 1.0,
            "score": 1.0
        },
        "val": {
            "0": {
                "precision": 0.8913043478260869,
                "recall": 0.8978102189781022,
                "f1-score": 0.8945454545454546,
                "support": 137.0
            },
            "1": {
                "precision": 0.9047619047619048,
                "recall": 0.8986486486486487,
                "f1-score": 0.9016949152542374,
                "support": 148.0
            },
            "accuracy": 0.8982456140350877,
            "macro avg": {
                "precision": 0.8980331262939958,
                "recall": 0.8982294338133754,
                "f1-score": 0.898120184899846,
                "support": 285.0
            },
            "weighted avg": {
                "precision": 0.8982928335331081,
                "recall": 0.8982456140350877,
                "f1-score": 0.8982581569486121,
                "support": 285.0
            },
            "cross-entropy": 0.24434709952623285,
            "roc-auc": 0.9652298283685146,
            "score": 0.8982456140350877
        },
        "test": {
            "0": {
                "precision": 0.8954248366013072,
                "recall": 0.8896103896103896,
                "f1-score": 0.8925081433224756,
                "support": 308.0
            },
            "1": {
                "precision": 0.9058171745152355,
                "recall": 0.9108635097493036,
                "f1-score": 0.9083333333333333,
                "support": 359.0
            },
            "accuracy": 0.9010494752623688,
            "macro avg": {
                "precision": 0.9006210055582713,
                "recall": 0.9002369496798466,
                "f1-score": 0.9004207383279045,
                "support": 667.0
            },
            "weighted avg": {
                "precision": 0.9010183138293436,
                "recall": 0.9010494752623688,
                "f1-score": 0.9010257493403135,
                "support": 667.0
            },
            "cross-entropy": 0.282551590692039,
            "roc-auc": 0.9587870346923272,
            "score": 0.9010494752623688
        }
    }
}