{
    "function": "bin.model.main",
    "gpus": [
        "NVIDIA GeForce RTX 4090"
    ],
    "config": {
        "seed": 14,
        "batch_size": 256,
        "patience": 16,
        "n_epochs": -1,
        "gradient_clipping_norm": 1.0,
        "amp": true,
        "data": {
            "cache": true,
            "path": "data/classif-num-medium-1-credit",
            "num_policy": "noisy-quantile"
        },
        "optimizer": {
            "type": "AdamW",
            "lr": 0.0006314133331459508,
            "weight_decay": 0.0
        },
        "model": {
            "arch_type": "tabrmv2",
            "sample_rate": 0.31751376043802193,
            "k": 80,
            "backbone": {
                "n_blocks": 3,
                "d_block": 448,
                "dropout": 0.0
            },
            "num_embeddings": {
                "type": "PeriodicEmbeddings",
                "n_frequencies": 24,
                "d_embedding": 24,
                "frequency_init_scale": 0.09714460743680912,
                "lite": false
            }
        }
    },
    "n_parameters": 3721152,
    "prediction_type": "probs",
    "epoch_size": 40,
    "best_step": 1520,
    "metrics": {
        "train": {
            "0": {
                "precision": 0.8032288698955365,
                "recall": 0.8387544625148751,
                "f1-score": 0.8206073542252837,
                "support": 5042.0
            },
            "1": {
                "precision": 0.8282998944033791,
                "recall": 0.7910447761194029,
                "f1-score": 0.8092437841741463,
                "support": 4958.0
            },
            "accuracy": 0.8151,
            "macro avg": {
                "precision": 0.8157643821494578,
                "recall": 0.814899619317139,
                "f1-score": 0.814925569199715,
                "support": 10000.0
            },
            "weighted avg": {
                "precision": 0.8156590838465249,
                "recall": 0.8151,
                "f1-score": 0.8149732961939299,
                "support": 10000.0
            },
            "cross-entropy": 0.4038690296225053,
            "roc-auc": 0.8991153215770905,
            "score": 0.8151
        },
        "val": {
            "0": {
                "precision": 0.7599620493358634,
                "recall": 0.790720631786772,
                "f1-score": 0.7750362844702469,
                "support": 1013.0
            },
            "1": {
                "precision": 0.7791666666666667,
                "recall": 0.7472527472527473,
                "f1-score": 0.7628760836308006,
                "support": 1001.0
            },
            "accuracy": 0.769116186693148,
            "macro avg": {
                "precision": 0.769564358001265,
                "recall": 0.7689866895197597,
                "f1-score": 0.7689561840505237,
                "support": 2014.0
            },
            "weighted avg": {
                "precision": 0.769507144642782,
                "recall": 0.769116186693148,
                "f1-score": 0.7689924110639482,
                "support": 2014.0
            },
            "cross-entropy": 0.5059629808811216,
            "roc-auc": 0.8349320965313067,
            "score": 0.769116186693148
        },
        "test": {
            "0": {
                "precision": 0.7493692178301093,
                "recall": 0.7741094700260643,
                "f1-score": 0.7615384615384616,
                "support": 2302.0
            },
            "1": {
                "precision": 0.7760551248923342,
                "recall": 0.7514595496246872,
                "f1-score": 0.7635593220338983,
                "support": 2398.0
            },
            "accuracy": 0.7625531914893617,
            "macro avg": {
                "precision": 0.7627121713612217,
                "recall": 0.7627845098253758,
                "f1-score": 0.76254889178618,
                "support": 4700.0
            },
            "weighted avg": {
                "precision": 0.7629847082844105,
                "recall": 0.7625531914893617,
                "f1-score": 0.7625695303614526,
                "support": 4700.0
            },
            "cross-entropy": 0.5001587992844504,
            "roc-auc": 0.8406759470134756,
            "score": 0.7625531914893617
        }
    },
    "time": "0:00:51.371287",
    "chunk_size": null,
    "eval_batch_size": 32768
}