{
    "function": "bin.ensemble.main",
    "config": {
        "seeds": [
            10,
            11,
            12,
            13,
            14
        ],
        "data": {
            "path": "data/classif-num-medium-1-wine"
        }
    },
    "single_model_function": "bin.model.main",
    "prediction_type": "probs",
    "metrics": {
        "train": {
            "0": {
                "precision": 0.9544863459037711,
                "recall": 0.8182831661092531,
                "f1-score": 0.8811524609843937,
                "support": 897.0
            },
            "1": {
                "precision": 0.8398821218074656,
                "recall": 0.9606741573033708,
                "f1-score": 0.8962264150943395,
                "support": 890.0
            },
            "accuracy": 0.889199776161164,
            "macro avg": {
                "precision": 0.8971842338556184,
                "recall": 0.889478661706312,
                "f1-score": 0.8886894380393666,
                "support": 1787.0
            },
            "weighted avg": {
                "precision": 0.8974086965217274,
                "recall": 0.889199776161164,
                "f1-score": 0.8886599143463699,
                "support": 1787.0
            },
            "cross-entropy": 0.2888570228091157,
            "roc-auc": 0.9649067428256485,
            "score": 0.889199776161164
        },
        "val": {
            "0": {
                "precision": 0.8303571428571429,
                "recall": 0.768595041322314,
                "f1-score": 0.7982832618025751,
                "support": 121.0
            },
            "1": {
                "precision": 0.7627118644067796,
                "recall": 0.8256880733944955,
                "f1-score": 0.7929515418502202,
                "support": 109.0
            },
            "accuracy": 0.7956521739130434,
            "macro avg": {
                "precision": 0.7965345036319613,
                "recall": 0.7971415573584048,
                "f1-score": 0.7956174018263977,
                "support": 230.0
            },
            "weighted avg": {
                "precision": 0.7982991630697969,
                "recall": 0.7956521739130434,
                "f1-score": 0.7957564901729809,
                "support": 230.0
            },
            "cross-entropy": 0.4443997369161788,
            "roc-auc": 0.8725453029039351,
            "score": 0.7956521739130434
        },
        "test": {
            "0": {
                "precision": 0.8472222222222222,
                "recall": 0.7065637065637066,
                "f1-score": 0.7705263157894737,
                "support": 259.0
            },
            "1": {
                "precision": 0.7632398753894081,
                "recall": 0.8812949640287769,
                "f1-score": 0.8180300500834724,
                "support": 278.0
            },
            "accuracy": 0.7970204841713222,
            "macro avg": {
                "precision": 0.8052310488058152,
                "recall": 0.7939293352962418,
                "f1-score": 0.7942781829364731,
                "support": 537.0
            },
            "weighted avg": {
                "precision": 0.8037453275862402,
                "recall": 0.7970204841713222,
                "f1-score": 0.795118565572959,
                "support": 537.0
            },
            "cross-entropy": 0.4959899709097708,
            "roc-auc": 0.836629538068387,
            "score": 0.7970204841713222
        }
    }
}