{
    "function": "bin.model.main",
    "gpus": [
        "NVIDIA GeForce RTX 4090"
    ],
    "config": {
        "seed": 7,
        "batch_size": 256,
        "patience": 16,
        "n_epochs": -1,
        "gradient_clipping_norm": 1.0,
        "amp": true,
        "data": {
            "cache": true,
            "path": "data/classif-num-medium-2-MagicTelescope",
            "num_policy": "noisy-quantile"
        },
        "optimizer": {
            "type": "AdamW",
            "lr": 0.0009076073307843169,
            "weight_decay": 0.012395767515047637
        },
        "model": {
            "arch_type": "tabrmv2",
            "sample_rate": 0.25234696716071336,
            "k": 128,
            "backbone": {
                "n_blocks": 2,
                "d_block": 176,
                "dropout": 0.2210610447453998
            },
            "num_embeddings": {
                "type": "PeriodicEmbeddings",
                "n_frequencies": 48,
                "d_embedding": 24,
                "frequency_init_scale": 0.05870158855170163,
                "lite": false
            }
        }
    },
    "n_parameters": 737696,
    "prediction_type": "probs",
    "epoch_size": 37,
    "best_step": 1073,
    "metrics": {
        "train": {
            "0": {
                "precision": 0.8502263333989372,
                "recall": 0.9258465495070725,
                "f1-score": 0.8864265927977839,
                "support": 4666.0
            },
            "1": {
                "precision": 0.919196637085474,
                "recall": 0.8379816904407068,
                "f1-score": 0.8767123287671231,
                "support": 4697.0
            },
            "accuracy": 0.8817686638897789,
            "macro avg": {
                "precision": 0.8847114852422056,
                "recall": 0.8819141199738896,
                "f1-score": 0.8815694607824536,
                "support": 9363.0
            },
            "weighted avg": {
                "precision": 0.8848256622909231,
                "recall": 0.8817686638897789,
                "f1-score": 0.8815533792816017,
                "support": 9363.0
            },
            "cross-entropy": 0.2778478229264817,
            "roc-auc": 0.9507932076917341,
            "score": 0.8817686638897789
        },
        "val": {
            "0": {
                "precision": 0.8358895705521472,
                "recall": 0.9083333333333333,
                "f1-score": 0.8706070287539937,
                "support": 600.0
            },
            "1": {
                "precision": 0.9001814882032668,
                "recall": 0.8225538971807629,
                "f1-score": 0.8596187175043327,
                "support": 603.0
            },
            "accuracy": 0.8653366583541147,
            "macro avg": {
                "precision": 0.868035529377707,
                "recall": 0.8654436152570482,
                "f1-score": 0.8651128731291632,
                "support": 1203.0
            },
            "weighted avg": {
                "precision": 0.8681156938635562,
                "recall": 0.8653366583541147,
                "f1-score": 0.8650991719929416,
                "support": 1203.0
            },
            "cross-entropy": 0.3434854575343576,
            "roc-auc": 0.9290049751243781,
            "score": 0.8653366583541147
        },
        "test": {
            "0": {
                "precision": 0.8304870335230866,
                "recall": 0.9233473980309423,
                "f1-score": 0.8744588744588745,
                "support": 1422.0
            },
            "1": {
                "precision": 0.9113100081366965,
                "recall": 0.8069164265129684,
                "f1-score": 0.8559419182269776,
                "support": 1388.0
            },
            "accuracy": 0.8658362989323843,
            "macro avg": {
                "precision": 0.8708985208298916,
                "recall": 0.8651319122719554,
                "f1-score": 0.865200396342926,
                "support": 2810.0
            },
            "weighted avg": {
                "precision": 0.8704095562147913,
                "recall": 0.8658362989323843,
                "f1-score": 0.8653124206332969,
                "support": 2810.0
            },
            "cross-entropy": 0.3108065606783933,
            "roc-auc": 0.9400471998281432,
            "score": 0.8658362989323843
        }
    },
    "time": "0:00:32.495480",
    "chunk_size": null,
    "eval_batch_size": 32768
}