{
    "function": "bin.model.main",
    "gpus": [
        "NVIDIA GeForce RTX 4090"
    ],
    "config": {
        "seed": 9,
        "batch_size": 512,
        "patience": 16,
        "n_epochs": -1,
        "gradient_clipping_norm": 1.0,
        "amp": true,
        "data": {
            "cache": true,
            "path": "data/regression-num-medium-0-medical_charges",
            "num_policy": "noisy-quantile"
        },
        "optimizer": {
            "type": "AdamW",
            "lr": 0.0003970105968803872,
            "weight_decay": 0.00016753329129604982
        },
        "model": {
            "arch_type": "taba",
            "k": 128,
            "share_training_batches": false,
            "backbone": {
                "type": "MLP",
                "n_blocks": 10,
                "d_block": 416,
                "dropout": 0.0
            },
            "num_embeddings": {
                "type": "PiecewiseLinearEmbeddingsV2",
                "d_embedding": 16
            }
        },
        "bins": {
            "n_bins": 3
        }
    },
    "n_parameters": 1091392,
    "prediction_type": "labels",
    "epoch_size": 20,
    "best_step": 5980,
    "metrics": {
        "train": {
            "rmse": 0.07871088046883536,
            "mae": 0.050830043852329254,
            "r2": 0.9802194157490275,
            "score": -0.07871088046883536
        },
        "val": {
            "rmse": 0.08167935575201674,
            "mae": 0.05145327374339104,
            "r2": 0.9792227330272448,
            "score": -0.08167935575201674
        },
        "test": {
            "rmse": 0.08098086189287569,
            "mae": 0.05118235945701599,
            "r2": 0.9796255471545412,
            "score": -0.08098086189287569
        }
    },
    "time": "0:09:35.938751",
    "chunk_size": null,
    "eval_batch_size": 16384,
    "heads": [
        24,
        39,
        88,
        107,
        2
    ],
    "head_selection_time": "0:00:01.195212"
}