{
    "function": "bin.qr_aug_mlp.main",
    "gpus": [
        "NVIDIA GeForce RTX 4090"
    ],
    "config": {
        "seed": 4,
        "batch_size": 1024,
        "patience": 16,
        "n_epochs": -1,
        "amp": true,
        "data": {
            "cache": true,
            "path": "data/sberbank-housing",
            "num_policy": "noisy-quantile",
            "cat_policy": "ordinal"
        },
        "optimizer": {
            "type": "AdamW",
            "lr": 0.000473341941012342,
            "weight_decay": 0.0
        },
        "model": {
            "num_heads": 4,
            "predictor_n_blocks": 2,
            "encoder_n_blocks": 1,
            "use_multi_output_head": false,
            "dropout1": 0.0,
            "use_mlp_head": false,
            "query_expansion_ratio": 4,
            "attention_type": "mqa",
            "use_key_as_value": true,
            "momentum": 0.999,
            "queue_ratio": 64,
            "d_main": 256,
            "d_multiplier": 2.0,
            "mixer_normalization": "auto",
            "dropout0": 0.4615464687667916,
            "num_embeddings": {
                "type": "PeriodicEmbeddings",
                "n_frequencies": 96,
                "frequency_init_scale": 0.1048234782686588,
                "d_embedding": 25,
                "lite": true
            }
        }
    },
    "n_parameters": 3349690,
    "prediction_type": "labels",
    "epoch_size": 19,
    "best_step": 133,
    "metrics": {
        "train": {
            "rmse": 0.2492936183318641,
            "mae": 0.12346416711807251,
            "r2": 0.6029582521665733,
            "score": -0.2492936183318641
        },
        "val": {
            "rmse": 0.24425249207102856,
            "mae": 0.13166430592536926,
            "r2": 0.6014991017264235,
            "score": -0.24425249207102856
        },
        "test": {
            "rmse": 0.2503890497214625,
            "mae": 0.16868194937705994,
            "r2": 0.5715794734081909,
            "score": -0.2503890497214625
        }
    },
    "time": "0:00:24.348365",
    "chunk_size": null,
    "eval_batch_size": 32768
}