{
    "function": "bin.model.main",
    "gpus": [
        "NVIDIA GeForce RTX 4090"
    ],
    "config": {
        "seed": 4,
        "batch_size": 256,
        "patience": 16,
        "n_epochs": -1,
        "amp": true,
        "data": {
            "cache": true,
            "path": "data/classif-num-medium-0-bank-marketing",
            "num_policy": "noisy-quantile"
        },
        "optimizer": {
            "type": "AdamW",
            "lr": 0.0006468897812942888,
            "weight_decay": 0.0
        },
        "model": {
            "is_multihead": true,
            "arch_type": "tabr-pln",
            "k": 32,
            "context_size": 96,
            "d_main": 66,
            "context_dropout": 0.0,
            "d_multiplier": 2.0,
            "encoder_n_blocks": 1,
            "predictor_n_blocks": 2,
            "mixer_normalization": "auto",
            "dropout0": 0.06990819700107667,
            "dropout1": 0.0,
            "normalization": "LayerNorm",
            "activation": "ReLU",
            "num_embeddings": {
                "type": "PeriodicEmbeddings",
                "n_frequencies": 73,
                "frequency_init_scale": 0.10341794740926259,
                "d_embedding": 33,
                "lite": true
            }
        }
    },
    "n_parameters": 112742,
    "prediction_type": "probs",
    "epoch_size": 29,
    "best_step": 783,
    "metrics": {
        "train": {
            "0": {
                "precision": 0.8316718883508972,
                "recall": 0.782422293676313,
                "f1-score": 0.8062957338119564,
                "support": 3732.0
            },
            "1": {
                "precision": 0.7914204983303365,
                "recall": 0.8390522875816994,
                "f1-score": 0.8145406477197621,
                "support": 3672.0
            },
            "accuracy": 0.8105078336034576,
            "macro avg": {
                "precision": 0.8115461933406168,
                "recall": 0.8107372906290062,
                "f1-score": 0.8104181907658592,
                "support": 7404.0
            },
            "weighted avg": {
                "precision": 0.8117092864930503,
                "recall": 0.8105078336034576,
                "f1-score": 0.8103847834971891,
                "support": 7404.0
            },
            "cross-entropy": 0.4140948649504455,
            "roc-auc": 0.8916632077983033,
            "score": 0.8105078336034576
        },
        "val": {
            "0": {
                "precision": 0.8474178403755869,
                "recall": 0.7916666666666666,
                "f1-score": 0.81859410430839,
                "support": 456.0
            },
            "1": {
                "precision": 0.8193916349809885,
                "recall": 0.8689516129032258,
                "f1-score": 0.8434442270058709,
                "support": 496.0
            },
            "accuracy": 0.8319327731092437,
            "macro avg": {
                "precision": 0.8334047376782877,
                "recall": 0.8303091397849462,
                "f1-score": 0.8310191656571304,
                "support": 952.0
            },
            "weighted avg": {
                "precision": 0.8328159518506701,
                "recall": 0.8319327731092437,
                "f1-score": 0.831541227058338,
                "support": 952.0
            },
            "cross-entropy": 0.4134785605096184,
            "roc-auc": 0.8910803975664968,
            "score": 0.8319327731092437
        },
        "test": {
            "0": {
                "precision": 0.7981308411214953,
                "recall": 0.7756584922797457,
                "f1-score": 0.7867342238599724,
                "support": 1101.0
            },
            "1": {
                "precision": 0.7855902777777778,
                "recall": 0.8073148974130241,
                "f1-score": 0.796304443466784,
                "support": 1121.0
            },
            "accuracy": 0.7916291629162916,
            "macro avg": {
                "precision": 0.7918605594496366,
                "recall": 0.7914866948463849,
                "f1-score": 0.7915193336633781,
                "support": 2222.0
            },
            "weighted avg": {
                "precision": 0.7918041212707719,
                "recall": 0.7916291629162916,
                "f1-score": 0.7915624039586383,
                "support": 2222.0
            },
            "cross-entropy": 0.4459870172901417,
            "roc-auc": 0.8737106239482231,
            "score": 0.7916291629162916
        }
    },
    "time": "0:00:27.575611",
    "chunk_size": null,
    "eval_batch_size": 32768
}