{
    "function": "bin.model.main",
    "gpus": [
        "NVIDIA GeForce RTX 4090"
    ],
    "config": {
        "seed": 13,
        "batch_size": 64,
        "patience": 16,
        "n_epochs": -1,
        "gradient_clipping_norm": 1.0,
        "amp": true,
        "data": {
            "cache": true,
            "path": "data/classif-num-medium-0-kdd_ipums_la_97-small",
            "num_policy": "noisy-quantile"
        },
        "optimizer": {
            "type": "AdamW",
            "lr": 0.0007546847652500704,
            "weight_decay": 0.0
        },
        "model": {
            "arch_type": "taba-moe",
            "k": 32,
            "share_training_batches": false,
            "backbone": {
                "type": "MLP",
                "n_blocks": 5,
                "d_block": 784,
                "dropout": 0.0
            },
            "num_embeddings": {
                "type": "PiecewiseLinearEmbeddingsV2",
                "d_embedding": 16
            }
        },
        "bins": {
            "n_bins": 9
        }
    },
    "n_parameters": 3199680,
    "prediction_type": "probs",
    "epoch_size": 57,
    "best_step": 114,
    "metrics": {
        "train": {
            "0": {
                "precision": 0.9567367119901112,
                "recall": 0.8459016393442623,
                "f1-score": 0.8979118329466358,
                "support": 1830.0
            },
            "1": {
                "precision": 0.8599105812220567,
                "recall": 0.9611327040533038,
                "f1-score": 0.9077084425799686,
                "support": 1801.0
            },
            "accuracy": 0.9030570090884054,
            "macro avg": {
                "precision": 0.908323646606084,
                "recall": 0.9035171716987831,
                "f1-score": 0.9028101377633022,
                "support": 3631.0
            },
            "weighted avg": {
                "precision": 0.9087103111326983,
                "recall": 0.9030570090884054,
                "f1-score": 0.9027710160779032,
                "support": 3631.0
            },
            "cross-entropy": 0.227547583567709,
            "roc-auc": 0.9582575557598539,
            "score": 0.9030570090884054
        },
        "val": {
            "0": {
                "precision": 0.9417040358744395,
                "recall": 0.8677685950413223,
                "f1-score": 0.9032258064516129,
                "support": 242.0
            },
            "1": {
                "precision": 0.8688524590163934,
                "recall": 0.9422222222222222,
                "f1-score": 0.904051172707889,
                "support": 225.0
            },
            "accuracy": 0.9036402569593148,
            "macro avg": {
                "precision": 0.9052782474454164,
                "recall": 0.9049954086317722,
                "f1-score": 0.9036384895797509,
                "support": 467.0
            },
            "weighted avg": {
                "precision": 0.9066042397436892,
                "recall": 0.9036402569593148,
                "f1-score": 0.903623466853459,
                "support": 467.0
            },
            "cross-entropy": 0.27396498354169396,
            "roc-auc": 0.9577410468319559,
            "score": 0.9036402569593148
        },
        "test": {
            "0": {
                "precision": 0.9207708779443254,
                "recall": 0.8237547892720306,
                "f1-score": 0.8695652173913042,
                "support": 522.0
            },
            "1": {
                "precision": 0.8523274478330658,
                "recall": 0.9348591549295775,
                "f1-score": 0.8916876574307305,
                "support": 568.0
            },
            "accuracy": 0.881651376146789,
            "macro avg": {
                "precision": 0.8865491628886957,
                "recall": 0.879306972100804,
                "f1-score": 0.8806264374110173,
                "support": 1090.0
            },
            "weighted avg": {
                "precision": 0.8851049437212104,
                "recall": 0.881651376146789,
                "f1-score": 0.8810932411916659,
                "support": 1090.0
            },
            "cross-entropy": 0.320008864900982,
            "roc-auc": 0.9444444444444444,
            "score": 0.881651376146789
        }
    },
    "time": "0:00:18.426460",
    "chunk_size": null,
    "eval_batch_size": 32768
}