{
    "function": "bin.ensemble.main",
    "config": {
        "seeds": [
            10,
            11,
            12,
            13,
            14
        ],
        "data": {
            "path": "data/regression-num-medium-0-medical_charges"
        }
    },
    "single_model_function": "bin.qreformer.main",
    "prediction_type": "labels",
    "metrics": {
        "train": {
            "rmse": 0.07916646225907054,
            "mae": 0.051705293357372284,
            "r2": 0.9799897720536156,
            "score": -0.07916646225907054
        },
        "val": {
            "rmse": 0.08186943408833292,
            "mae": 0.052024587988853455,
            "r2": 0.9791259162757078,
            "score": -0.08186943408833292
        },
        "test": {
            "rmse": 0.0810642638926336,
            "mae": 0.05158504843711853,
            "r2": 0.979583556901637,
            "score": -0.0810642638926336
        }
    }
}