{
    "function": "bin.model.main",
    "gpus": [
        "NVIDIA GeForce RTX 4090"
    ],
    "config": {
        "seed": 2,
        "batch_size": 32,
        "patience": 16,
        "n_epochs": -1,
        "gradient_clipping_norm": 1.0,
        "amp": true,
        "data": {
            "cache": true,
            "path": "data/classif-num-medium-1-wine",
            "num_policy": "noisy-quantile"
        },
        "optimizer": {
            "type": "AdamW",
            "lr": 0.0004382965124208417,
            "weight_decay": 0.0
        },
        "model": {
            "arch_type": "taba",
            "k": 128,
            "share_training_batches": false,
            "backbone": {
                "type": "MLP",
                "n_blocks": 6,
                "d_block": 928,
                "dropout": 0.0
            },
            "num_embeddings": {
                "type": "PiecewiseLinearEmbeddingsV2",
                "d_embedding": 16
            }
        },
        "bins": {
            "n_bins": 120
        }
    },
    "n_parameters": 1751248,
    "prediction_type": "probs",
    "epoch_size": 56,
    "best_step": 1736,
    "metrics": {
        "train": {
            "0": {
                "precision": 0.9670079635949943,
                "recall": 0.947603121516165,
                "f1-score": 0.9572072072072072,
                "support": 897.0
            },
            "1": {
                "precision": 0.948237885462555,
                "recall": 0.9674157303370786,
                "f1-score": 0.9577308120133481,
                "support": 890.0
            },
            "accuracy": 0.95747062115277,
            "macro avg": {
                "precision": 0.9576229245287746,
                "recall": 0.9575094259266218,
                "f1-score": 0.9574690096102776,
                "support": 1787.0
            },
            "weighted avg": {
                "precision": 0.957659687412638,
                "recall": 0.95747062115277,
                "f1-score": 0.9574679840832371,
                "support": 1787.0
            },
            "cross-entropy": 0.15412281026520772,
            "roc-auc": 0.9911978755652425,
            "score": 0.95747062115277
        },
        "val": {
            "0": {
                "precision": 0.7874015748031497,
                "recall": 0.8264462809917356,
                "f1-score": 0.8064516129032258,
                "support": 121.0
            },
            "1": {
                "precision": 0.7961165048543689,
                "recall": 0.7522935779816514,
                "f1-score": 0.7735849056603774,
                "support": 109.0
            },
            "accuracy": 0.7913043478260869,
            "macro avg": {
                "precision": 0.7917590398287593,
                "recall": 0.7893699294866935,
                "f1-score": 0.7900182592818016,
                "support": 230.0
            },
            "weighted avg": {
                "precision": 0.7915316938274232,
                "recall": 0.7913043478260869,
                "f1-score": 0.7908756516446586,
                "support": 230.0
            },
            "cross-entropy": 0.619588537474398,
            "roc-auc": 0.8378193949503374,
            "score": 0.7913043478260869
        },
        "test": {
            "0": {
                "precision": 0.7272727272727273,
                "recall": 0.7413127413127413,
                "f1-score": 0.7342256214149139,
                "support": 259.0
            },
            "1": {
                "precision": 0.7545787545787546,
                "recall": 0.7410071942446043,
                "f1-score": 0.7477313974591652,
                "support": 278.0
            },
            "accuracy": 0.7411545623836127,
            "macro avg": {
                "precision": 0.7409257409257409,
                "recall": 0.7411599677786728,
                "f1-score": 0.7409785094370396,
                "support": 537.0
            },
            "weighted avg": {
                "precision": 0.7414088084479147,
                "recall": 0.7411545623836127,
                "f1-score": 0.7412174384359602,
                "support": 537.0
            },
            "cross-entropy": 0.6470306145753273,
            "roc-auc": 0.8207410905252631,
            "score": 0.7411545623836127
        }
    },
    "time": "0:00:24.672191",
    "chunk_size": null,
    "eval_batch_size": 32768
}