{
    "function": "bin.model.main",
    "gpus": [
        "NVIDIA GeForce RTX 4090"
    ],
    "config": {
        "seed": 12,
        "batch_size": 512,
        "patience": 16,
        "n_epochs": -1,
        "gradient_clipping_norm": 1.0,
        "amp": true,
        "data": {
            "cache": true,
            "path": "data/regression-num-medium-0-medical_charges",
            "num_policy": "noisy-quantile"
        },
        "optimizer": {
            "type": "AdamW",
            "lr": 0.0005856247974595217,
            "weight_decay": 0.049680299044234315
        },
        "model": {
            "arch_type": "tabrmv2-mini",
            "sample_rate": 0.37146351120614224,
            "k": 96,
            "backbone": {
                "n_blocks": 4,
                "d_block": 96,
                "dropout": 0.0
            },
            "num_embeddings": {
                "type": "PeriodicEmbeddings",
                "n_frequencies": 92,
                "d_embedding": 24,
                "frequency_init_scale": 0.10526516172576561,
                "lite": false
            }
        }
    },
    "n_parameters": 224796,
    "prediction_type": "labels",
    "epoch_size": 20,
    "best_step": 380,
    "metrics": {
        "train": {
            "rmse": 0.07925521385704419,
            "mae": 0.051581282168626785,
            "r2": 0.9799448796835535,
            "score": -0.07925521385704419
        },
        "val": {
            "rmse": 0.0818462784090023,
            "mae": 0.05188116058707237,
            "r2": 0.9791377222969286,
            "score": -0.0818462784090023
        },
        "test": {
            "rmse": 0.08113108332356557,
            "mae": 0.0515340194106102,
            "r2": 0.9795498841072373,
            "score": -0.08113108332356557
        }
    },
    "time": "0:00:17.991393",
    "chunk_size": null,
    "eval_batch_size": 32768
}