{
    "function": "bin.model.main",
    "gpus": [
        "NVIDIA GeForce RTX 4090"
    ],
    "config": {
        "seed": 1,
        "batch_size": 256,
        "patience": 16,
        "n_epochs": -1,
        "gradient_clipping_norm": 1.0,
        "amp": true,
        "data": {
            "cache": true,
            "path": "data/classif-num-medium-1-MagicTelescope",
            "num_policy": "noisy-quantile"
        },
        "optimizer": {
            "type": "AdamW",
            "lr": 4.8473041212975315e-05,
            "weight_decay": 0.043457664997658164
        },
        "model": {
            "arch_type": "tabrmv2",
            "sample_rate": 0.07298625216913016,
            "k": 128,
            "backbone": {
                "n_blocks": 2,
                "d_block": 176,
                "dropout": 0.3987497691230171
            },
            "num_embeddings": {
                "type": "PeriodicEmbeddings",
                "n_frequencies": 68,
                "d_embedding": 16,
                "frequency_init_scale": 0.03451360546735858,
                "lite": false
            }
        }
    },
    "n_parameters": 722456,
    "prediction_type": "probs",
    "epoch_size": 37,
    "best_step": 1369,
    "metrics": {
        "train": {
            "0": {
                "precision": 0.8570247933884297,
                "recall": 0.8876524716456238,
                "f1-score": 0.872069799222117,
                "support": 4673.0
            },
            "1": {
                "precision": 0.8839265973911121,
                "recall": 0.8524520255863539,
                "f1-score": 0.8679040486269401,
                "support": 4690.0
            },
            "accuracy": 0.8700202926412475,
            "macro avg": {
                "precision": 0.870475695389771,
                "recall": 0.8700522486159888,
                "f1-score": 0.8699869239245286,
                "support": 9363.0
            },
            "weighted avg": {
                "precision": 0.870500117619187,
                "recall": 0.8700202926412475,
                "f1-score": 0.8699831421366337,
                "support": 9363.0
            },
            "cross-entropy": 0.3025116421564193,
            "roc-auc": 0.9414319524629307,
            "score": 0.8700202926412475
        },
        "val": {
            "0": {
                "precision": 0.8786407766990292,
                "recall": 0.8715890850722311,
                "f1-score": 0.8751007252215955,
                "support": 623.0
            },
            "1": {
                "precision": 0.8632478632478633,
                "recall": 0.8706896551724138,
                "f1-score": 0.8669527896995709,
                "support": 580.0
            },
            "accuracy": 0.8711554447215295,
            "macro avg": {
                "precision": 0.8709443199734462,
                "recall": 0.8711393701223225,
                "f1-score": 0.8710267574605832,
                "support": 1203.0
            },
            "weighted avg": {
                "precision": 0.8712194219179183,
                "recall": 0.8711554447215295,
                "f1-score": 0.8711723772558645,
                "support": 1203.0
            },
            "cross-entropy": 0.3258624285485108,
            "roc-auc": 0.934554713012675,
            "score": 0.8711554447215295
        },
        "test": {
            "0": {
                "precision": 0.8498293515358362,
                "recall": 0.8943965517241379,
                "f1-score": 0.8715435771788589,
                "support": 1392.0
            },
            "1": {
                "precision": 0.8907063197026023,
                "recall": 0.844851904090268,
                "f1-score": 0.8671733622873689,
                "support": 1418.0
            },
            "accuracy": 0.8693950177935943,
            "macro avg": {
                "precision": 0.8702678356192193,
                "recall": 0.869624227907203,
                "f1-score": 0.8693584697331138,
                "support": 2810.0
            },
            "weighted avg": {
                "precision": 0.8704569461481046,
                "recall": 0.8693950177935943,
                "f1-score": 0.8693382516571034,
                "support": 2810.0
            },
            "cross-entropy": 0.3061806820897945,
            "roc-auc": 0.9416710236207707,
            "score": 0.8693950177935943
        }
    },
    "time": "0:00:42.173983",
    "chunk_size": null,
    "eval_batch_size": 32768,
    "heads": [
        11
    ],
    "head_selection_time": "0:00:00.755839"
}