{
    "function": "bin.qtabformer.main",
    "gpus": [
        "NVIDIA GeForce RTX 4090"
    ],
    "config": {
        "seed": 2,
        "batch_size": 1024,
        "patience": 16,
        "n_epochs": -1,
        "amp": true,
        "data": {
            "cache": true,
            "path": "data/ecom-offers",
            "num_policy": "noisy-quantile"
        },
        "optimizer": {
            "type": "AdamW",
            "lr": 0.0003382205301031478,
            "weight_decay": 5.559935601164899e-06
        },
        "model": {
            "distance_metric": "cossim",
            "encoder_n_blocks": 1,
            "temperature": 0.01,
            "momentum": 0.999,
            "queue_ratio": 64,
            "d_main": 256,
            "d_multiplier": 2.0,
            "mixer_normalization": "auto",
            "dropout0": 0.0,
            "dropout1": 0.0,
            "normalization": "LayerNorm",
            "activation": "ReLU",
            "num_embeddings": {
                "type": "PeriodicEmbeddings",
                "n_frequencies": 72,
                "frequency_init_scale": 0.015501876190139546,
                "d_embedding": 46,
                "lite": true
            }
        }
    },
    "n_parameters": 1571920,
    "prediction_type": "probs",
    "epoch_size": 107,
    "best_step": 2889,
    "metrics": {
        "train": {
            "0": {
                "precision": 0.7706140874017121,
                "recall": 0.9977547844474275,
                "f1-score": 0.8695967282704353,
                "support": 84179.0
            },
            "1": {
                "precision": 0.46,
                "recall": 0.006398537477148081,
                "f1-score": 0.01262151144559423,
                "support": 25162.0
            },
            "accuracy": 0.769619813244803,
            "macro avg": {
                "precision": 0.6153070437008561,
                "recall": 0.5020766609622878,
                "f1-score": 0.44110911985801476,
                "support": 109341.0
            },
            "weighted avg": {
                "precision": 0.6991342978698634,
                "recall": 0.769619813244803,
                "f1-score": 0.6723860716480644,
                "support": 109341.0
            },
            "cross-entropy": 0.6051869150248668,
            "roc-auc": 0.5388768117917058,
            "score": 0.5388768117917058
        },
        "val": {
            "0": {
                "precision": 0.6545867821760947,
                "recall": 0.9835674700347983,
                "f1-score": 0.7860435174456032,
                "support": 15518.0
            },
            "1": {
                "precision": 0.7298728813559322,
                "recall": 0.07880590186434862,
                "f1-score": 0.14225250335501186,
                "support": 8743.0
            },
            "accuracy": 0.6575161782284324,
            "macro avg": {
                "precision": 0.6922298317660134,
                "recall": 0.5311866859495734,
                "f1-score": 0.4641480104003075,
                "support": 24261.0
            },
            "weighted avg": {
                "precision": 0.6817178305718459,
                "recall": 0.6575161782284324,
                "f1-score": 0.5540388665163736,
                "support": 24261.0
            },
            "cross-entropy": 0.7135549252031544,
            "roc-auc": 0.6464296692817955,
            "score": 0.6464296692817955
        },
        "test": {
            "0": {
                "precision": 0.6459133507451221,
                "recall": 0.9937950596856163,
                "f1-score": 0.7829507891428837,
                "support": 16922.0
            },
            "1": {
                "precision": 0.7494033412887828,
                "recall": 0.032938214622888914,
                "f1-score": 0.06310289389067524,
                "support": 9533.0
            },
            "accuracy": 0.6475524475524476,
            "macro avg": {
                "precision": 0.6976583460169525,
                "recall": 0.5133666371542526,
                "f1-score": 0.4230268415167795,
                "support": 26455.0
            },
            "weighted avg": {
                "precision": 0.6832057370559411,
                "recall": 0.6475524475524476,
                "f1-score": 0.5235552122977012,
                "support": 26455.0
            },
            "cross-entropy": 0.7662413571922031,
            "roc-auc": 0.6060889881791196,
            "score": 0.6060889881791196
        }
    },
    "time": "0:01:30.145333",
    "chunk_size": null,
    "eval_batch_size": 8192
}