{
    "function": "bin.model.main",
    "gpus": [
        "NVIDIA GeForce RTX 4090"
    ],
    "config": {
        "seed": 9,
        "batch_size": 256,
        "patience": 16,
        "n_epochs": -1,
        "gradient_clipping_norm": 1.0,
        "amp": true,
        "data": {
            "cache": true,
            "path": "data/churn",
            "num_policy": "noisy-quantile",
            "cat_policy": "ordinal"
        },
        "optimizer": {
            "type": "AdamW",
            "lr": 6.953973470837632e-05,
            "weight_decay": 0.0
        },
        "model": {
            "arch_type": "tabrmv3",
            "sample_rate": 0.3514968163069271,
            "k": 4,
            "backbone": {
                "embed_type": "tabr",
                "ensemble_type": "mini-resnet",
                "context_shuffle": false,
                "context_size": 128,
                "encoder_n_blocks": 0,
                "n_blocks": 2,
                "d_block": 624,
                "dropout": 0.0
            },
            "num_embeddings": {
                "type": "PeriodicEmbeddings",
                "n_frequencies": 52,
                "d_embedding": 20,
                "frequency_init_scale": 0.1978028282188091,
                "lite": false
            }
        }
    },
    "n_parameters": 2459280,
    "prediction_type": "probs",
    "epoch_size": 25,
    "best_step": 475,
    "metrics": {
        "train": {
            "0": {
                "precision": 0.8812679083094556,
                "recall": 0.9656593406593407,
                "f1-score": 0.9215355805243446,
                "support": 5096.0
            },
            "1": {
                "precision": 0.7855392156862745,
                "recall": 0.4915644171779141,
                "f1-score": 0.6047169811320755,
                "support": 1304.0
            },
            "accuracy": 0.8690625,
            "macro avg": {
                "precision": 0.833403561997865,
                "recall": 0.7286118789186273,
                "f1-score": 0.76312628082821,
                "support": 6400.0
            },
            "weighted avg": {
                "precision": 0.8617631871874825,
                "recall": 0.8690625,
                "f1-score": 0.8569837908981697,
                "support": 6400.0
            },
            "cross-entropy": 0.32231135181048887,
            "roc-auc": 0.8807255750931803,
            "score": 0.8690625
        },
        "val": {
            "0": {
                "precision": 0.8792857142857143,
                "recall": 0.966248037676609,
                "f1-score": 0.9207180254300673,
                "support": 1274.0
            },
            "1": {
                "precision": 0.785,
                "recall": 0.4815950920245399,
                "f1-score": 0.596958174904943,
                "support": 326.0
            },
            "accuracy": 0.8675,
            "macro avg": {
                "precision": 0.8321428571428572,
                "recall": 0.7239215648505745,
                "f1-score": 0.7588381001675051,
                "support": 1600.0
            },
            "weighted avg": {
                "precision": 0.860075,
                "recall": 0.8675,
                "f1-score": 0.8547519558855733,
                "support": 1600.0
            },
            "cross-entropy": 0.34323450200779737,
            "roc-auc": 0.8585826968824339,
            "score": 0.8675
        },
        "test": {
            "0": {
                "precision": 0.870475113122172,
                "recall": 0.9661016949152542,
                "f1-score": 0.9157988693841118,
                "support": 1593.0
            },
            "1": {
                "precision": 0.7672413793103449,
                "recall": 0.43734643734643736,
                "f1-score": 0.5571205007824727,
                "support": 407.0
            },
            "accuracy": 0.8585,
            "macro avg": {
                "precision": 0.8188582462162584,
                "recall": 0.7017240661308458,
                "f1-score": 0.7364596850832923,
                "support": 2000.0
            },
            "weighted avg": {
                "precision": 0.849467048291465,
                "recall": 0.8585,
                "f1-score": 0.8428078213736783,
                "support": 2000.0
            },
            "cross-entropy": 0.3538279206376567,
            "roc-auc": 0.8474036440138135,
            "score": 0.8585
        }
    },
    "time": "0:00:19.985333",
    "chunk_size": null,
    "eval_batch_size": 32768,
    "heads": [
        2,
        0
    ],
    "head_selection_time": "0:00:00.118452"
}