Dataset,mean,std
adult,0.856384742951907,0.0017733635459854825
black-friday,-0.6978456616935859,0.0008373591661718027
california,-0.4993220375851541,0.005357167474247978
churn,0.8546,0.0024216287317187575
covtype2,0.9644243263943272,0.0006027101284828205
diamond,-0.14255858021854823,0.0020934256909396916
higgs-small,0.716134625191229,0.0018927684310539998
house,-31466.064460381574,418.66613246931615
microsoft,-0.7493643619054587,0.0006415282759048214
otto,0.81086511527688,0.0034920678261890453
