{
    "function": "bin.qtab.main",
    "gpus": [
        "NVIDIA GeForce RTX 4090"
    ],
    "config": {
        "seed": 4,
        "batch_size": 256,
        "patience": 16,
        "n_epochs": -1,
        "amp": true,
        "data": {
            "cache": true,
            "path": "data/regression-cat-medium-0-OnlineNewsPopularity",
            "num_policy": "noisy-quantile"
        },
        "optimizer": {
            "type": "AdamW",
            "lr": 3.4253008676937396e-05,
            "weight_decay": 3.567972624401359e-06
        },
        "model": {
            "distance_metric": "l2",
            "encoder_n_blocks": 1,
            "temperature": 0.2,
            "momentum": 0.999,
            "queue_ratio": 64,
            "d_main": 16,
            "d_multiplier": 2.0,
            "mixer_normalization": "auto",
            "dropout0": 0.0,
            "dropout1": 0.0,
            "normalization": "LayerNorm",
            "activation": "ReLU",
            "num_embeddings": {
                "type": "PeriodicEmbeddings",
                "n_frequencies": 60,
                "frequency_init_scale": 0.01039771288348317,
                "d_embedding": 48,
                "lite": true
            }
        }
    },
    "n_parameters": 44636,
    "prediction_type": "labels",
    "epoch_size": 40,
    "best_step": 40,
    "metrics": {
        "train": {
            "rmse": 0.8891874054656458,
            "mae": 0.6558476090431213,
            "r2": 0.08675047166804539,
            "score": -0.8891874054656458
        },
        "val": {
            "rmse": 0.8805887013650767,
            "mae": 0.6539860367774963,
            "r2": 0.08037254120461979,
            "score": -0.8805887013650767
        },
        "test": {
            "rmse": 0.8974160400052155,
            "mae": 0.6622313261032104,
            "r2": 0.07703687656267788,
            "score": -0.8974160400052155
        }
    },
    "time": "0:00:03.542599",
    "chunk_size": null,
    "eval_batch_size": 32768
}