{
    "function": "bin.qtab.main",
    "gpus": [
        "NVIDIA GeForce RTX 4090"
    ],
    "config": {
        "seed": 2,
        "batch_size": 256,
        "patience": 16,
        "n_epochs": -1,
        "amp": true,
        "data": {
            "cache": true,
            "path": "data/regression-cat-medium-0-OnlineNewsPopularity",
            "num_policy": "noisy-quantile"
        },
        "optimizer": {
            "type": "AdamW",
            "lr": 3.37969181227287e-05,
            "weight_decay": 0.0
        },
        "model": {
            "contrastive_loss_weight": 0.1,
            "temperature": 0.1,
            "distance_metric": "cossim",
            "encoder_n_blocks": 1,
            "momentum": 0.999,
            "queue_ratio": 64,
            "d_main": 512,
            "d_multiplier": 2.0,
            "mixer_normalization": "auto",
            "dropout0": 0.20318121804929962,
            "dropout1": 0.0,
            "normalization": "LayerNorm",
            "activation": "ReLU",
            "num_embeddings": {
                "type": "PeriodicEmbeddings",
                "n_frequencies": 70,
                "frequency_init_scale": 0.058309953793330004,
                "d_embedding": 56,
                "lite": true
            }
        }
    },
    "n_parameters": 2367270,
    "prediction_type": "labels",
    "epoch_size": 40,
    "best_step": 2200,
    "metrics": {
        "train": {
            "rmse": 0.7745947993720742,
            "mae": 0.5686473250389099,
            "r2": 0.3069700193924382,
            "score": -0.7745947993720742
        },
        "val": {
            "rmse": 0.8416659791081204,
            "mae": 0.6220473647117615,
            "r2": 0.15987241692128773,
            "score": -0.8416659791081204
        },
        "test": {
            "rmse": 0.8584241982544905,
            "mae": 0.6290438771247864,
            "r2": 0.1554982285755705,
            "score": -0.8584241982544905
        }
    },
    "time": "0:00:44.383096",
    "chunk_size": null,
    "eval_batch_size": 32768
}