{
    "function": "bin.model.main",
    "gpus": [
        "NVIDIA GeForce RTX 4090"
    ],
    "config": {
        "seed": 14,
        "batch_size": 64,
        "patience": 16,
        "n_epochs": -1,
        "gradient_clipping_norm": 1.0,
        "amp": true,
        "data": {
            "cache": true,
            "path": "data/classif-cat-medium-2-KDDCup09_upselling",
            "num_policy": "noisy-quantile",
            "cat_policy": "ordinal"
        },
        "optimizer": {
            "type": "AdamW",
            "lr": 0.000659074617089527,
            "weight_decay": 0.011956244022128892
        },
        "model": {
            "arch_type": "tabrmv2",
            "sample_rate": 0.4488898539008022,
            "k": 80,
            "backbone": {
                "n_blocks": 5,
                "d_block": 352,
                "dropout": 0.009596599154666763
            },
            "num_embeddings": {
                "type": "PeriodicEmbeddings",
                "n_frequencies": 40,
                "d_embedding": 28,
                "frequency_init_scale": 0.07417077580505224,
                "lite": false
            }
        }
    },
    "n_parameters": 4123464,
    "prediction_type": "probs",
    "epoch_size": 57,
    "best_step": 456,
    "metrics": {
        "train": {
            "0": {
                "precision": 0.8104125736738703,
                "recall": 0.9248878923766816,
                "f1-score": 0.8638743455497381,
                "support": 1784.0
            },
            "1": {
                "precision": 0.9137153895685769,
                "recall": 0.7861495844875346,
                "f1-score": 0.8451459201905895,
                "support": 1805.0
            },
            "accuracy": 0.8551128448035664,
            "macro avg": {
                "precision": 0.8620639816212237,
                "recall": 0.8555187384321081,
                "f1-score": 0.8545101328701639,
                "support": 3589.0
            },
            "weighted avg": {
                "precision": 0.8623662049611218,
                "recall": 0.8551128448035664,
                "f1-score": 0.8544553408762181,
                "support": 3589.0
            },
            "cross-entropy": 0.3117020985255865,
            "roc-auc": 0.9438134293131935,
            "score": 0.8551128448035664
        },
        "val": {
            "0": {
                "precision": 0.773972602739726,
                "recall": 0.9149797570850202,
                "f1-score": 0.8385899814471243,
                "support": 247.0
            },
            "1": {
                "precision": 0.875,
                "recall": 0.6901408450704225,
                "f1-score": 0.7716535433070867,
                "support": 213.0
            },
            "accuracy": 0.8108695652173913,
            "macro avg": {
                "precision": 0.824486301369863,
                "recall": 0.8025603010777214,
                "f1-score": 0.8051217623771054,
                "support": 460.0
            },
            "weighted avg": {
                "precision": 0.820752680166766,
                "recall": 0.8108695652173913,
                "f1-score": 0.8075955003083677,
                "support": 460.0
            },
            "cross-entropy": 0.4582844228688365,
            "roc-auc": 0.8935013590313812,
            "score": 0.8108695652173913
        },
        "test": {
            "0": {
                "precision": 0.7585089141004863,
                "recall": 0.8813559322033898,
                "f1-score": 0.8153310104529617,
                "support": 531.0
            },
            "1": {
                "precision": 0.8630434782608696,
                "recall": 0.7271062271062271,
                "f1-score": 0.7892644135188868,
                "support": 546.0
            },
            "accuracy": 0.8031569173630455,
            "macro avg": {
                "precision": 0.8107761961806779,
                "recall": 0.8042310796548084,
                "f1-score": 0.8022977119859243,
                "support": 1077.0
            },
            "weighted avg": {
                "precision": 0.8115041527556108,
                "recall": 0.8031569173630455,
                "f1-score": 0.8021161897231521,
                "support": 1077.0
            },
            "cross-entropy": 0.43062475506347603,
            "roc-auc": 0.8925587908638756,
            "score": 0.8031569173630455
        }
    },
    "time": "0:00:31.487906",
    "chunk_size": null,
    "eval_batch_size": 32768
}