{
    "function": "bin.model.main",
    "gpus": [
        "NVIDIA GeForce RTX 4090"
    ],
    "config": {
        "seed": 8,
        "batch_size": 256,
        "patience": 16,
        "n_epochs": -1,
        "gradient_clipping_norm": 1.0,
        "amp": true,
        "data": {
            "cache": true,
            "path": "data/classif-num-medium-2-bank-marketing",
            "num_policy": "noisy-quantile"
        },
        "optimizer": {
            "type": "AdamW",
            "lr": 0.0009486100864063113,
            "weight_decay": 0.001874738404659039
        },
        "model": {
            "arch_type": "tabrmv2",
            "sample_rate": 0.3346650785539894,
            "k": 48,
            "backbone": {
                "n_blocks": 2,
                "d_block": 208,
                "dropout": 0.2833561592642979
            },
            "num_embeddings": {
                "type": "PeriodicEmbeddings",
                "n_frequencies": 88,
                "d_embedding": 32,
                "frequency_init_scale": 0.16088911645206863,
                "lite": false
            }
        }
    },
    "n_parameters": 680792,
    "prediction_type": "probs",
    "epoch_size": 29,
    "best_step": 841,
    "metrics": {
        "train": {
            "0": {
                "precision": 0.8430232558139535,
                "recall": 0.7839956745066234,
                "f1-score": 0.8124387169071298,
                "support": 3699.0
            },
            "1": {
                "precision": 0.7984359233097881,
                "recall": 0.854251012145749,
                "f1-score": 0.8254009649237188,
                "support": 3705.0
            },
            "accuracy": 0.819151809832523,
            "macro avg": {
                "precision": 0.8207295895618708,
                "recall": 0.8191233433261862,
                "f1-score": 0.8189198409154244,
                "support": 7404.0
            },
            "weighted avg": {
                "precision": 0.8207115233817638,
                "recall": 0.819151809832523,
                "f1-score": 0.8189250930418492,
                "support": 7404.0
            },
            "cross-entropy": 0.39732550846038195,
            "roc-auc": 0.9011194986864087,
            "score": 0.819151809832523
        },
        "val": {
            "0": {
                "precision": 0.836027713625866,
                "recall": 0.7818574514038877,
                "f1-score": 0.8080357142857143,
                "support": 463.0
            },
            "1": {
                "precision": 0.8053949903660886,
                "recall": 0.8548057259713702,
                "f1-score": 0.8293650793650794,
                "support": 489.0
            },
            "accuracy": 0.819327731092437,
            "macro avg": {
                "precision": 0.8207113519959773,
                "recall": 0.818331588687629,
                "f1-score": 0.8187003968253969,
                "support": 952.0
            },
            "weighted avg": {
                "precision": 0.8202930480018836,
                "recall": 0.819327731092437,
                "f1-score": 0.8189916591636656,
                "support": 952.0
            },
            "cross-entropy": 0.4345790542279014,
            "roc-auc": 0.8834134986992452,
            "score": 0.819327731092437
        },
        "test": {
            "0": {
                "precision": 0.8289473684210527,
                "recall": 0.782608695652174,
                "f1-score": 0.8051118210862621,
                "support": 1127.0
            },
            "1": {
                "precision": 0.7884283246977547,
                "recall": 0.8337899543378996,
                "f1-score": 0.8104749223257879,
                "support": 1095.0
            },
            "accuracy": 0.8078307830783078,
            "macro avg": {
                "precision": 0.8086878465594036,
                "recall": 0.8081993249950368,
                "f1-score": 0.807793371706025,
                "support": 2222.0
            },
            "weighted avg": {
                "precision": 0.8089796128508406,
                "recall": 0.8078307830783078,
                "f1-score": 0.8077547535152814,
                "support": 2222.0
            },
            "cross-entropy": 0.4306134024220348,
            "roc-auc": 0.8853204652915365,
            "score": 0.8078307830783078
        }
    },
    "time": "0:00:25.979118",
    "chunk_size": null,
    "eval_batch_size": 32768,
    "heads": [
        3
    ],
    "head_selection_time": "0:00:00.278394"
}