{
    "function": "bin.model.main",
    "gpus": [
        "NVIDIA GeForce RTX 4090"
    ],
    "config": {
        "seed": 1,
        "batch_size": 512,
        "patience": 16,
        "n_epochs": -1,
        "gradient_clipping_norm": 1.0,
        "amp": true,
        "data": {
            "cache": true,
            "path": "data/regression-num-medium-0-medical_charges",
            "num_policy": "noisy-quantile"
        },
        "optimizer": {
            "type": "AdamW",
            "lr": 0.0004435674347738084,
            "weight_decay": 0.0
        },
        "model": {
            "arch_type": "tabrmv3",
            "sample_rate": 0.537567938467842,
            "k": 8,
            "backbone": {
                "embed_type": "tabr",
                "ensemble_type": "mini-resnet",
                "context_shuffle": false,
                "context_size": 256,
                "encoder_n_blocks": 0,
                "n_blocks": 2,
                "d_block": 288,
                "dropout": 0.0
            },
            "num_embeddings": {
                "type": "PeriodicEmbeddings",
                "n_frequencies": 96,
                "d_embedding": 32,
                "frequency_init_scale": 0.18115232191901937,
                "lite": false
            }
        }
    },
    "n_parameters": 552200,
    "prediction_type": "labels",
    "epoch_size": 20,
    "best_step": 300,
    "metrics": {
        "train": {
            "rmse": 0.07928940169348027,
            "mae": 0.051687370985746384,
            "r2": 0.9799275748744388,
            "score": -0.07928940169348027
        },
        "val": {
            "rmse": 0.08204567589389392,
            "mae": 0.05219485983252525,
            "r2": 0.9790359480547675,
            "score": -0.08204567589389392
        },
        "test": {
            "rmse": 0.08138760024514086,
            "mae": 0.05177430808544159,
            "r2": 0.9794203648303255,
            "score": -0.08138760024514086
        }
    },
    "time": "0:00:33.113183",
    "chunk_size": null,
    "eval_batch_size": 16384,
    "heads": [
        0,
        3,
        6,
        1,
        5
    ],
    "head_selection_time": "0:00:00.061575"
}