{
    "function": "bin.qtabformer.main",
    "gpus": [
        "NVIDIA GeForce RTX 4090"
    ],
    "config": {
        "seed": 8,
        "batch_size": 256,
        "patience": 16,
        "n_epochs": -1,
        "amp": true,
        "data": {
            "cache": true,
            "path": "data/sberbank-housing",
            "num_policy": "noisy-quantile",
            "cat_policy": "ordinal"
        },
        "optimizer": {
            "type": "AdamW",
            "lr": 0.00018143205955064367,
            "weight_decay": 9.301323363055599e-06
        },
        "model": {
            "dropout1": 0.4783392779506207,
            "predictor_n_blocks": 1,
            "encoder_n_blocks": 1,
            "num_heads": 4,
            "use_mlp_head": false,
            "query_expansion_ratio": 8,
            "attention_type": "mha",
            "use_key_as_value": true,
            "momentum": 0.999,
            "queue_ratio": 64,
            "d_main": 256,
            "d_multiplier": 2.0,
            "mixer_normalization": "auto",
            "dropout0": 0.2702211018899402,
            "num_embeddings": {
                "type": "PeriodicEmbeddings",
                "n_frequencies": 25,
                "frequency_init_scale": 0.1304675352790408,
                "d_embedding": 59,
                "lite": true
            }
        }
    },
    "n_parameters": 6956647,
    "prediction_type": "labels",
    "epoch_size": 74,
    "best_step": 296,
    "metrics": {
        "train": {
            "rmse": 0.2576888683855473,
            "mae": 0.13676293194293976,
            "r2": 0.5757662627997856,
            "score": -0.2576888683855473
        },
        "val": {
            "rmse": 0.24690292176356074,
            "mae": 0.1400635540485382,
            "r2": 0.5928037976572711,
            "score": -0.24690292176356074
        },
        "test": {
            "rmse": 0.26590160385360423,
            "mae": 0.19057631492614746,
            "r2": 0.5168505483905734,
            "score": -0.26590160385360423
        }
    },
    "time": "0:00:39.340280",
    "chunk_size": null,
    "eval_batch_size": 2048
}