{
    "function": "bin.model.main",
    "gpus": [
        "NVIDIA GeForce RTX 4090"
    ],
    "config": {
        "seed": 3,
        "batch_size": 512,
        "patience": 16,
        "n_epochs": -1,
        "gradient_clipping_norm": 1.0,
        "amp": true,
        "data": {
            "cache": true,
            "path": "data/regression-num-medium-0-medical_charges",
            "num_policy": "noisy-quantile"
        },
        "optimizer": {
            "type": "AdamW",
            "lr": 0.00015982989908379117,
            "weight_decay": 0.0003964730625746518
        },
        "model": {
            "arch_type": "tabrmv3",
            "sample_rate": 0.478345761657509,
            "k": 4,
            "backbone": {
                "embed_type": "tabr",
                "ensemble_type": "moe-droppath",
                "context_shuffle": false,
                "context_size": 256,
                "encoder_n_blocks": 0,
                "num_experts": 8,
                "moe_ratio": 0.75,
                "n_blocks": 1,
                "d_block": 864,
                "dropout_expert": 0.0,
                "dropout": 0.0
            },
            "num_embeddings": {
                "type": "PeriodicEmbeddings",
                "n_frequencies": 84,
                "d_embedding": 32,
                "frequency_init_scale": 0.10808560021119425,
                "lite": false
            }
        }
    },
    "n_parameters": 10569376,
    "prediction_type": "labels",
    "epoch_size": 20,
    "best_step": 740,
    "metrics": {
        "train": {
            "rmse": 0.07920309602910361,
            "mae": 0.05241754278540611,
            "r2": 0.9799712473036438,
            "score": -0.07920309602910361
        },
        "val": {
            "rmse": 0.08207998928176456,
            "mae": 0.052909307181835175,
            "r2": 0.9790184099934208,
            "score": -0.08207998928176456
        },
        "test": {
            "rmse": 0.08143994110105408,
            "mae": 0.05264784023165703,
            "r2": 0.9793938871859561,
            "score": -0.08143994110105408
        }
    },
    "time": "0:02:32.461671",
    "chunk_size": null,
    "eval_batch_size": 4096
}