{
    "function": "bin.model.main",
    "gpus": [
        "NVIDIA GeForce RTX 4090"
    ],
    "config": {
        "seed": 7,
        "batch_size": 32,
        "patience": 16,
        "n_epochs": -1,
        "gradient_clipping_norm": 1.0,
        "amp": true,
        "data": {
            "cache": true,
            "path": "data/classif-num-medium-4-wine",
            "num_policy": "noisy-quantile"
        },
        "optimizer": {
            "type": "AdamW",
            "lr": 0.001361756760668657,
            "weight_decay": 0.00017138625556847642
        },
        "model": {
            "arch_type": "taba",
            "k": 128,
            "share_training_batches": false,
            "backbone": {
                "type": "MLP",
                "n_blocks": 2,
                "d_block": 640,
                "dropout": 0.0
            },
            "num_embeddings": {
                "type": "PiecewiseLinearEmbeddingsV2",
                "d_embedding": 32
            }
        },
        "bins": {
            "n_bins": 6
        }
    },
    "n_parameters": 682656,
    "prediction_type": "probs",
    "epoch_size": 56,
    "best_step": 1456,
    "metrics": {
        "train": {
            "0": {
                "precision": 0.8891257995735607,
                "recall": 0.9276974416017798,
                "f1-score": 0.9080021774632554,
                "support": 899.0
            },
            "1": {
                "precision": 0.9234393404004712,
                "recall": 0.8828828828828829,
                "f1-score": 0.9027058146229131,
                "support": 888.0
            },
            "accuracy": 0.9054280917739228,
            "macro avg": {
                "precision": 0.906282569987016,
                "recall": 0.9052901622423313,
                "f1-score": 0.9053539960430843,
                "support": 1787.0
            },
            "weighted avg": {
                "precision": 0.9061769603202292,
                "recall": 0.9054280917739228,
                "f1-score": 0.9053702971038687,
                "support": 1787.0
            },
            "cross-entropy": 0.24572210212701823,
            "roc-auc": 0.9686732756115404,
            "score": 0.9054280917739228
        },
        "val": {
            "0": {
                "precision": 0.819672131147541,
                "recall": 0.8264462809917356,
                "f1-score": 0.823045267489712,
                "support": 121.0
            },
            "1": {
                "precision": 0.8055555555555556,
                "recall": 0.7981651376146789,
                "f1-score": 0.8018433179723502,
                "support": 109.0
            },
            "accuracy": 0.8130434782608695,
            "macro avg": {
                "precision": 0.8126138433515483,
                "recall": 0.8123057093032072,
                "f1-score": 0.8124442927310311,
                "support": 230.0
            },
            "weighted avg": {
                "precision": 0.8129821018452523,
                "recall": 0.8130434782608695,
                "f1-score": 0.8129973870662666,
                "support": 230.0
            },
            "cross-entropy": 0.5386739698247557,
            "roc-auc": 0.8605656228675411,
            "score": 0.8130434782608695
        },
        "test": {
            "0": {
                "precision": 0.7490774907749077,
                "recall": 0.7898832684824902,
                "f1-score": 0.7689393939393939,
                "support": 257.0
            },
            "1": {
                "precision": 0.7969924812030075,
                "recall": 0.7571428571428571,
                "f1-score": 0.7765567765567765,
                "support": 280.0
            },
            "accuracy": 0.7728119180633147,
            "macro avg": {
                "precision": 0.7730349859889576,
                "recall": 0.7735130628126736,
                "f1-score": 0.7727480852480852,
                "support": 537.0
            },
            "weighted avg": {
                "precision": 0.7740610984469151,
                "recall": 0.7728119180633147,
                "f1-score": 0.7729112135536716,
                "support": 537.0
            },
            "cross-entropy": 0.531683085505914,
            "roc-auc": 0.8515077821011673,
            "score": 0.7728119180633147
        }
    },
    "time": "0:00:17.456836",
    "chunk_size": null,
    "eval_batch_size": 32768,
    "heads": [
        9
    ],
    "head_selection_time": "0:00:00.680318"
}