{
    "function": "bin.model.main",
    "gpus": [
        "NVIDIA GeForce RTX 4090"
    ],
    "config": {
        "seed": 9,
        "batch_size": 256,
        "patience": 16,
        "n_epochs": -1,
        "gradient_clipping_norm": 1.0,
        "amp": true,
        "data": {
            "cache": true,
            "path": "data/california",
            "num_policy": "noisy-quantile"
        },
        "optimizer": {
            "type": "AdamW",
            "lr": 0.0029551612567654496,
            "weight_decay": 0.039783907788071865
        },
        "model": {
            "arch_type": "tabrmv2-mini",
            "sample_rate": 0.473177289080142,
            "k": 128,
            "backbone": {
                "n_blocks": 2,
                "d_block": 256,
                "dropout": 0.10204495786766768
            },
            "num_embeddings": {
                "type": "PeriodicEmbeddings",
                "n_frequencies": 52,
                "d_embedding": 24,
                "frequency_init_scale": 0.2384330307980952,
                "lite": false
            }
        }
    },
    "n_parameters": 859104,
    "prediction_type": "labels",
    "epoch_size": 52,
    "best_step": 2132,
    "metrics": {
        "train": {
            "rmse": 0.3996937339242876,
            "mae": 0.27883902192115784,
            "r2": 0.8813966909092605,
            "score": -0.3996937339242876
        },
        "val": {
            "rmse": 0.46963692045681416,
            "mae": 0.3123815953731537,
            "r2": 0.8308428795987042,
            "score": -0.46963692045681416
        },
        "test": {
            "rmse": 0.46157773054094514,
            "mae": 0.3137394189834595,
            "r2": 0.8366093863341921,
            "score": -0.46157773054094514
        }
    },
    "time": "0:00:53.722883",
    "chunk_size": null,
    "eval_batch_size": 32768,
    "heads": [
        44
    ],
    "head_selection_time": "0:00:00.105310"
}