{
    "function": "bin.model.main",
    "gpus": [
        "NVIDIA GeForce RTX 4090"
    ],
    "config": {
        "seed": 0,
        "batch_size": 256,
        "patience": 16,
        "n_epochs": -1,
        "gradient_clipping_norm": 1.0,
        "amp": true,
        "data": {
            "cache": true,
            "path": "data/classif-num-medium-1-MagicTelescope",
            "num_policy": "noisy-quantile"
        },
        "optimizer": {
            "type": "AdamW",
            "lr": 3.682168739194567e-05,
            "weight_decay": 0.0
        },
        "model": {
            "arch_type": "tabrmv2",
            "sample_rate": 0.37573340704031805,
            "k": 32,
            "backbone": {
                "n_blocks": 3,
                "d_block": 368,
                "dropout": 0.2017542108041256
            },
            "num_embeddings": {
                "type": "PiecewiseLinearEmbeddingsV2",
                "d_embedding": 24
            }
        },
        "bins": {
            "n_bins": 87
        }
    },
    "n_parameters": 2267088,
    "prediction_type": "probs",
    "epoch_size": 37,
    "best_step": 777,
    "metrics": {
        "train": {
            "0": {
                "precision": 0.8302311311106566,
                "recall": 0.8686068906484057,
                "f1-score": 0.8489855678728299,
                "support": 4673.0
            },
            "1": {
                "precision": 0.8627626285203397,
                "recall": 0.8230277185501066,
                "f1-score": 0.8424268878219118,
                "support": 4690.0
            },
            "accuracy": 0.845775926519278,
            "macro avg": {
                "precision": 0.8464968798154981,
                "recall": 0.8458173045992561,
                "f1-score": 0.8457062278473708,
                "support": 9363.0
            },
            "weighted avg": {
                "precision": 0.8465264128420903,
                "recall": 0.845775926519278,
                "f1-score": 0.8457002736894692,
                "support": 9363.0
            },
            "cross-entropy": 0.34424582701908074,
            "roc-auc": 0.9244764073612556,
            "score": 0.845775926519278
        },
        "val": {
            "0": {
                "precision": 0.8672,
                "recall": 0.869983948635634,
                "f1-score": 0.8685897435897436,
                "support": 623.0
            },
            "1": {
                "precision": 0.8598615916955017,
                "recall": 0.8568965517241379,
                "f1-score": 0.8583765112262521,
                "support": 580.0
            },
            "accuracy": 0.8636741479634248,
            "macro avg": {
                "precision": 0.8635307958477508,
                "recall": 0.8634402501798859,
                "f1-score": 0.8634831274079979,
                "support": 1203.0
            },
            "weighted avg": {
                "precision": 0.8636619477833672,
                "recall": 0.8636741479634248,
                "f1-score": 0.8636656581609614,
                "support": 1203.0
            },
            "cross-entropy": 0.35034453981496083,
            "roc-auc": 0.9247523108429735,
            "score": 0.8636741479634248
        },
        "test": {
            "0": {
                "precision": 0.82324949014276,
                "recall": 0.8699712643678161,
                "f1-score": 0.8459657701711492,
                "support": 1392.0
            },
            "1": {
                "precision": 0.864824495892457,
                "recall": 0.8166431593794076,
                "f1-score": 0.8400435255712732,
                "support": 1418.0
            },
            "accuracy": 0.8430604982206406,
            "macro avg": {
                "precision": 0.8440369930176086,
                "recall": 0.8433072118736118,
                "f1-score": 0.8430046478712112,
                "support": 2810.0
            },
            "weighted avg": {
                "precision": 0.8442293329018598,
                "recall": 0.8430604982206406,
                "f1-score": 0.8429772495865854,
                "support": 2810.0
            },
            "cross-entropy": 0.34917738044197477,
            "roc-auc": 0.9222749785192029,
            "score": 0.8430604982206406
        }
    },
    "time": "0:00:26.930950",
    "chunk_size": null,
    "eval_batch_size": 32768,
    "heads": [
        7,
        9,
        20
    ],
    "head_selection_time": "0:00:00.770300"
}