{
    "function": "bin.model.main",
    "gpus": [
        "NVIDIA GeForce RTX 4090"
    ],
    "config": {
        "seed": 12,
        "batch_size": 32,
        "patience": 16,
        "n_epochs": -1,
        "amp": true,
        "data": {
            "cache": true,
            "path": "data/classif-num-medium-3-phoneme",
            "num_policy": "noisy-quantile"
        },
        "optimizer": {
            "type": "AdamW",
            "lr": 0.0005661731195280482,
            "weight_decay": 0.0
        },
        "model": {
            "arch_type": "tabr-pln",
            "k": 32,
            "context_size": 96,
            "d_main": 193,
            "context_dropout": 0.0009270710908041713,
            "d_multiplier": 2.0,
            "encoder_n_blocks": 1,
            "predictor_n_blocks": 1,
            "mixer_normalization": "auto",
            "dropout0": 0.5957039633827355,
            "dropout1": 0.0,
            "normalization": "LayerNorm",
            "activation": "ReLU",
            "num_embeddings": {
                "type": "PeriodicEmbeddings",
                "n_frequencies": 86,
                "frequency_init_scale": 0.12540463694566306,
                "d_embedding": 28,
                "lite": true
            }
        }
    },
    "n_parameters": 532359,
    "prediction_type": "probs",
    "epoch_size": 70,
    "best_step": 70,
    "metrics": {
        "train": {
            "0": {
                "precision": 0.8822992700729927,
                "recall": 0.8452797202797203,
                "f1-score": 0.8633928571428572,
                "support": 1144.0
            },
            "1": {
                "precision": 0.8425266903914591,
                "recall": 0.8801115241635687,
                "f1-score": 0.860909090909091,
                "support": 1076.0
            },
            "accuracy": 0.8621621621621621,
            "macro avg": {
                "precision": 0.8624129802322259,
                "recall": 0.8626956222216445,
                "f1-score": 0.8621509740259741,
                "support": 2220.0
            },
            "weighted avg": {
                "precision": 0.8630221098309521,
                "recall": 0.8621621621621621,
                "f1-score": 0.8621890136890137,
                "support": 2220.0
            },
            "cross-entropy": 0.3320359560620953,
            "roc-auc": 0.9375129981542621,
            "score": 0.8621621621621621
        },
        "val": {
            "0": {
                "precision": 0.8888888888888888,
                "recall": 0.8484848484848485,
                "f1-score": 0.8682170542635659,
                "support": 132.0
            },
            "1": {
                "precision": 0.8742138364779874,
                "recall": 0.9084967320261438,
                "f1-score": 0.8910256410256411,
                "support": 153.0
            },
            "accuracy": 0.8807017543859649,
            "macro avg": {
                "precision": 0.8815513626834381,
                "recall": 0.8784907902554961,
                "f1-score": 0.8796213476446035,
                "support": 285.0
            },
            "weighted avg": {
                "precision": 0.8810107028577734,
                "recall": 0.8807017543859649,
                "f1-score": 0.8804616639989957,
                "support": 285.0
            },
            "cross-entropy": 0.3345982283369595,
            "roc-auc": 0.9428104575163399,
            "score": 0.8807017543859649
        },
        "test": {
            "0": {
                "precision": 0.8697068403908795,
                "recall": 0.8612903225806452,
                "f1-score": 0.8654781199351703,
                "support": 310.0
            },
            "1": {
                "precision": 0.8805555555555555,
                "recall": 0.8879551820728291,
                "f1-score": 0.8842398884239888,
                "support": 357.0
            },
            "accuracy": 0.8755622188905547,
            "macro avg": {
                "precision": 0.8751311979732175,
                "recall": 0.8746227523267371,
                "f1-score": 0.8748590041795796,
                "support": 667.0
            },
            "weighted avg": {
                "precision": 0.8755134240697241,
                "recall": 0.8755622188905547,
                "f1-score": 0.8755200260078962,
                "support": 667.0
            },
            "cross-entropy": 0.3524407234697594,
            "roc-auc": 0.9312460468058192,
            "score": 0.8755622188905547
        }
    },
    "time": "0:00:20.095447",
    "chunk_size": null,
    "eval_batch_size": 32768
}