{
    "function": "bin.model.main",
    "gpus": [
        "NVIDIA GeForce RTX 4090"
    ],
    "config": {
        "seed": 3,
        "batch_size": 256,
        "patience": 16,
        "n_epochs": -1,
        "gradient_clipping_norm": 1.0,
        "amp": true,
        "data": {
            "cache": true,
            "path": "data/regression-cat-medium-0-OnlineNewsPopularity",
            "num_policy": "noisy-quantile"
        },
        "optimizer": {
            "type": "AdamW",
            "lr": 0.0003313696137201971,
            "weight_decay": 0.0
        },
        "model": {
            "p": 46,
            "arch_type": "tabm-rankp",
            "k": 32,
            "share_training_batches": false,
            "backbone": {
                "type": "MLP",
                "n_blocks": 3,
                "d_block": 608,
                "dropout": 0.0
            },
            "num_embeddings": {
                "type": "PiecewiseLinearEmbeddingsV2",
                "d_embedding": 8
            }
        },
        "bins": {
            "n_bins": 56
        }
    },
    "n_parameters": 5254088,
    "prediction_type": "labels",
    "epoch_size": 40,
    "best_step": 320,
    "metrics": {
        "train": {
            "rmse": 0.8266839498846135,
            "mae": 0.6099575757980347,
            "r2": 0.2106276967328935,
            "score": -0.8266839498846135
        },
        "val": {
            "rmse": 0.8470469099721271,
            "mae": 0.6286045908927917,
            "r2": 0.14909595808454812,
            "score": -0.8470469099721271
        },
        "test": {
            "rmse": 0.863925158603699,
            "mae": 0.6372218728065491,
            "r2": 0.14463998616031237,
            "score": -0.863925158603699
        }
    },
    "time": "0:00:19.498954",
    "chunk_size": null,
    "eval_batch_size": 32768
}