{
    "function": "bin.model.main",
    "gpus": [
        "NVIDIA GeForce RTX 4090"
    ],
    "config": {
        "seed": 10,
        "batch_size": 1024,
        "patience": 16,
        "n_epochs": -1,
        "gradient_clipping_norm": 1.0,
        "amp": true,
        "data": {
            "cache": true,
            "path": "data/cooking-time",
            "cat_policy": "ordinal"
        },
        "optimizer": {
            "type": "AdamW",
            "lr": 0.00051103041148314,
            "weight_decay": 0.032732990873414324
        },
        "model": {
            "arch_type": "tabm-mini",
            "k": 32,
            "share_training_batches": false,
            "backbone": {
                "type": "MLP",
                "n_blocks": 1,
                "d_block": 496,
                "dropout": 0.22640678351896412
            },
            "num_embeddings": {
                "type": "PiecewiseLinearEmbeddingsV2",
                "d_embedding": 20
            }
        },
        "bins": {
            "n_bins": 8
        }
    },
    "n_parameters": 2023544,
    "prediction_type": "labels",
    "epoch_size": 222,
    "best_step": 7548,
    "metrics": {
        "train": {
            "rmse": 0.4375317596079472,
            "mae": 0.3410666584968567,
            "r2": 0.5602763915908413,
            "score": -0.4375317596079472
        },
        "val": {
            "rmse": 0.46688470054159553,
            "mae": 0.36306536197662354,
            "r2": 0.5000978310856116,
            "score": -0.46688470054159553
        },
        "test": {
            "rmse": 0.48445782414780847,
            "mae": 0.37770360708236694,
            "r2": 0.4767219968199419,
            "score": -0.48445782414780847
        }
    },
    "time": "0:05:30.775368",
    "chunk_size": null,
    "eval_batch_size": 16384,
    "heads": [
        3
    ],
    "head_selection_time": "0:00:00.090012"
}