{
    "function": "bin.model.main",
    "gpus": [
        "NVIDIA GeForce RTX 4090"
    ],
    "config": {
        "seed": 5,
        "batch_size": 256,
        "patience": 16,
        "n_epochs": -1,
        "gradient_clipping_norm": 1.0,
        "amp": true,
        "data": {
            "cache": true,
            "path": "data/classif-num-medium-0-MagicTelescope",
            "num_policy": "noisy-quantile"
        },
        "optimizer": {
            "type": "AdamW",
            "lr": 0.0008439553718032184,
            "weight_decay": 0.009256198719507476
        },
        "model": {
            "arch_type": "tabrmv2",
            "sample_rate": 0.4294988757277235,
            "k": 32,
            "backbone": {
                "n_blocks": 3,
                "d_block": 272,
                "dropout": 0.24975572138481078
            },
            "num_embeddings": {
                "type": "PeriodicEmbeddings",
                "n_frequencies": 28,
                "d_embedding": 24,
                "frequency_init_scale": 0.053828521317853595,
                "lite": false
            }
        }
    },
    "n_parameters": 1308472,
    "prediction_type": "probs",
    "epoch_size": 37,
    "best_step": 629,
    "metrics": {
        "train": {
            "0": {
                "precision": 0.8464835378920709,
                "recall": 0.9217225286380992,
                "f1-score": 0.8825022849598863,
                "support": 4714.0
            },
            "1": {
                "precision": 0.9127659574468086,
                "recall": 0.8305011830501183,
                "f1-score": 0.8696925329428989,
                "support": 4649.0
            },
            "accuracy": 0.8764284951404464,
            "macro avg": {
                "precision": 0.8796247476694397,
                "recall": 0.8761118558441088,
                "f1-score": 0.8760974089513927,
                "support": 9363.0
            },
            "weighted avg": {
                "precision": 0.879394674120841,
                "recall": 0.8764284951404464,
                "f1-score": 0.8761418730057076,
                "support": 9363.0
            },
            "cross-entropy": 0.2856412640921259,
            "roc-auc": 0.9477005104997922,
            "score": 0.8764284951404464
        },
        "val": {
            "0": {
                "precision": 0.8367670364500792,
                "recall": 0.9087779690189329,
                "f1-score": 0.8712871287128712,
                "support": 581.0
            },
            "1": {
                "precision": 0.9073426573426573,
                "recall": 0.8344051446945338,
                "f1-score": 0.8693467336683417,
                "support": 622.0
            },
            "accuracy": 0.8703241895261845,
            "macro avg": {
                "precision": 0.8720548468963683,
                "recall": 0.8715915568567334,
                "f1-score": 0.8703169311906065,
                "support": 1203.0
            },
            "weighted avg": {
                "precision": 0.8732575071027672,
                "recall": 0.8703241895261845,
                "f1-score": 0.8702838654396399,
                "support": 1203.0
            },
            "cross-entropy": 0.31052989861797703,
            "roc-auc": 0.9381706891876186,
            "score": 0.8703241895261845
        },
        "test": {
            "0": {
                "precision": 0.8213820078226858,
                "recall": 0.9045226130653267,
                "f1-score": 0.8609497779296208,
                "support": 1393.0
            },
            "1": {
                "precision": 0.89576802507837,
                "recall": 0.8066337332392378,
                "f1-score": 0.8488674340883773,
                "support": 1417.0
            },
            "accuracy": 0.8551601423487545,
            "macro avg": {
                "precision": 0.8585750164505279,
                "recall": 0.8555781731522822,
                "f1-score": 0.854908606008999,
                "support": 2810.0
            },
            "weighted avg": {
                "precision": 0.8588926791576695,
                "recall": 0.8551601423487545,
                "f1-score": 0.8548570088111005,
                "support": 2810.0
            },
            "cross-entropy": 0.3359366637422801,
            "roc-auc": 0.9292530806061764,
            "score": 0.8551601423487545
        }
    },
    "time": "0:00:24.752164",
    "chunk_size": null,
    "eval_batch_size": 32768
}