{
    "function": "bin.model.main",
    "gpus": [
        "NVIDIA GeForce RTX 4090"
    ],
    "config": {
        "seed": 3,
        "batch_size": 256,
        "patience": 16,
        "n_epochs": -1,
        "amp": true,
        "data": {
            "cache": true,
            "path": "data/regression-num-medium-0-fifa",
            "num_policy": "noisy-quantile"
        },
        "optimizer": {
            "type": "AdamW",
            "lr": 6.541820553022416e-05,
            "weight_decay": 0.0
        },
        "model": {
            "aux_loss_weight": 0.16639885497300697,
            "arch_type": "retransformer",
            "k": 1,
            "context_size": 96,
            "d_main": 319,
            "context_dropout": 0.053072828653597234,
            "d_multiplier": 2.0,
            "encoder_n_blocks": 1,
            "predictor_n_blocks": 1,
            "mixer_normalization": "auto",
            "dropout0": 0.3317967258159089,
            "dropout1": 0.0,
            "normalization": "LayerNorm",
            "activation": "ReLU",
            "num_embeddings": {
                "type": "PeriodicEmbeddings",
                "n_frequencies": 53,
                "frequency_init_scale": 0.07728105351651289,
                "d_embedding": 51,
                "lite": true
            }
        }
    },
    "n_parameters": 1826576,
    "prediction_type": "labels",
    "epoch_size": 40,
    "best_step": 2240,
    "metrics": {
        "train": {
            "rmse": 0.7533914260985001,
            "mae": 0.5548718571662903,
            "r2": 0.6924017862864796,
            "score": -0.7533914260985001
        },
        "val": {
            "rmse": 0.7708108787015399,
            "mae": 0.5721944570541382,
            "r2": 0.6837986447176589,
            "score": -0.7708108787015399
        },
        "test": {
            "rmse": 0.8135604906692537,
            "mae": 0.5965524315834045,
            "r2": 0.6416055714932944,
            "score": -0.8135604906692537
        }
    },
    "time": "0:03:22.146032",
    "chunk_size": null,
    "eval_batch_size": 32768
}