{
    "function": "bin.model.main",
    "gpus": [
        "NVIDIA GeForce RTX 4090"
    ],
    "config": {
        "seed": 14,
        "batch_size": 64,
        "patience": 16,
        "n_epochs": -1,
        "gradient_clipping_norm": 1.0,
        "amp": true,
        "data": {
            "cache": true,
            "path": "data/classif-num-medium-0-kdd_ipums_la_97-small",
            "num_policy": "noisy-quantile"
        },
        "optimizer": {
            "type": "AdamW",
            "lr": 7.236800122957994e-05,
            "weight_decay": 0.0
        },
        "model": {
            "arch_type": "tabrmv3",
            "sample_rate": 0.28257328701006607,
            "k": 8,
            "backbone": {
                "embed_type": "tabr",
                "ensemble_type": "mini-resnet",
                "context_shuffle": false,
                "context_size": 192,
                "encoder_n_blocks": 0,
                "n_blocks": 1,
                "d_block": 576,
                "dropout": 0.0
            },
            "num_embeddings": {
                "type": "PeriodicEmbeddings",
                "n_frequencies": 40,
                "d_embedding": 16,
                "frequency_init_scale": 0.6338742597438106,
                "lite": false
            }
        }
    },
    "n_parameters": 1556592,
    "prediction_type": "probs",
    "epoch_size": 57,
    "best_step": 57,
    "metrics": {
        "train": {
            "0": {
                "precision": 0.9615384615384616,
                "recall": 0.819672131147541,
                "f1-score": 0.8849557522123893,
                "support": 1830.0
            },
            "1": {
                "precision": 0.840656687590536,
                "recall": 0.9666851749028318,
                "f1-score": 0.8992768595041322,
                "support": 1801.0
            },
            "accuracy": 0.89259157256954,
            "macro avg": {
                "precision": 0.9010975745644988,
                "recall": 0.8931786530251864,
                "f1-score": 0.8921163058582607,
                "support": 3631.0
            },
            "weighted avg": {
                "precision": 0.9015803026620601,
                "recall": 0.89259157256954,
                "f1-score": 0.8920591160880238,
                "support": 3631.0
            },
            "cross-entropy": 0.27790496655546637,
            "roc-auc": 0.945895419363256,
            "score": 0.89259157256954
        },
        "val": {
            "0": {
                "precision": 0.9577464788732394,
                "recall": 0.8429752066115702,
                "f1-score": 0.8967032967032966,
                "support": 242.0
            },
            "1": {
                "precision": 0.8503937007874016,
                "recall": 0.96,
                "f1-score": 0.9018789144050104,
                "support": 225.0
            },
            "accuracy": 0.8993576017130621,
            "macro avg": {
                "precision": 0.9040700898303204,
                "recall": 0.901487603305785,
                "f1-score": 0.8992911055541535,
                "support": 467.0
            },
            "weighted avg": {
                "precision": 0.9060240483179642,
                "recall": 0.8993576017130621,
                "f1-score": 0.8991969026623665,
                "support": 467.0
            },
            "cross-entropy": 0.26547208164085,
            "roc-auc": 0.9521946740128557,
            "score": 0.8993576017130621
        },
        "test": {
            "0": {
                "precision": 0.9190371991247265,
                "recall": 0.8045977011494253,
                "f1-score": 0.8580183861082737,
                "support": 522.0
            },
            "1": {
                "precision": 0.8388625592417062,
                "recall": 0.9348591549295775,
                "f1-score": 0.8842631140716071,
                "support": 568.0
            },
            "accuracy": 0.8724770642201835,
            "macro avg": {
                "precision": 0.8789498791832163,
                "recall": 0.8697284280395015,
                "f1-score": 0.8711407500899404,
                "support": 1090.0
            },
            "weighted avg": {
                "precision": 0.8772581207269691,
                "recall": 0.8724770642201835,
                "f1-score": 0.8716945379276989,
                "support": 1090.0
            },
            "cross-entropy": 0.3057322302256319,
            "roc-auc": 0.9399991905455721,
            "score": 0.8724770642201835
        }
    },
    "time": "0:00:17.916215",
    "chunk_size": null,
    "eval_batch_size": 32768
}