{
    "function": "bin.qtab.main",
    "gpus": [
        "NVIDIA GeForce RTX 4090"
    ],
    "config": {
        "seed": 4,
        "batch_size": 256,
        "patience": 16,
        "n_epochs": -1,
        "amp": true,
        "data": {
            "cache": true,
            "path": "data/classif-num-medium-0-credit",
            "num_policy": "noisy-quantile"
        },
        "optimizer": {
            "type": "AdamW",
            "lr": 0.00029296506423284524,
            "weight_decay": 2.4519922659583214e-06
        },
        "model": {
            "distance_metric": "cossim",
            "encoder_n_blocks": 1,
            "temperature": 0.01,
            "momentum": 0.999,
            "queue_ratio": 64,
            "d_main": 512,
            "d_multiplier": 2.0,
            "mixer_normalization": "auto",
            "dropout0": 0.5318374880474861,
            "dropout1": 0.0,
            "normalization": "LayerNorm",
            "activation": "ReLU",
            "num_embeddings": {
                "type": "PeriodicEmbeddings",
                "n_frequencies": 88,
                "frequency_init_scale": 0.019171805669834698,
                "d_embedding": 21,
                "lite": true
            }
        }
    },
    "n_parameters": 1163765,
    "prediction_type": "probs",
    "epoch_size": 40,
    "best_step": 760,
    "metrics": {
        "train": {
            "0": {
                "precision": 0.779874213836478,
                "recall": 0.7885532591414944,
                "f1-score": 0.784189723320158,
                "support": 5032.0
            },
            "1": {
                "precision": 0.7833876221498371,
                "recall": 0.7745571658615137,
                "f1-score": 0.7789473684210526,
                "support": 4968.0
            },
            "accuracy": 0.7816,
            "macro avg": {
                "precision": 0.7816309179931575,
                "recall": 0.7815552125015041,
                "f1-score": 0.7815685458706053,
                "support": 10000.0
            },
            "weighted avg": {
                "precision": 0.7816196750865549,
                "recall": 0.7816,
                "f1-score": 0.7815853214062825,
                "support": 10000.0
            },
            "cross-entropy": 0.4710063407902133,
            "roc-auc": 0.8574734821138275,
            "score": 0.7816
        },
        "val": {
            "0": {
                "precision": 0.7892644135188867,
                "recall": 0.8004032258064516,
                "f1-score": 0.7947947947947948,
                "support": 992.0
            },
            "1": {
                "precision": 0.8035714285714286,
                "recall": 0.7925636007827789,
                "f1-score": 0.7980295566502464,
                "support": 1022.0
            },
            "accuracy": 0.7964250248262165,
            "macro avg": {
                "precision": 0.7964179210451576,
                "recall": 0.7964834132946153,
                "f1-score": 0.7964121757225207,
                "support": 2014.0
            },
            "weighted avg": {
                "precision": 0.7965244777610405,
                "recall": 0.7964250248262165,
                "f1-score": 0.7964362677919505,
                "support": 2014.0
            },
            "cross-entropy": 0.46394031339742453,
            "roc-auc": 0.8621969888264629,
            "score": 0.7964250248262165
        },
        "test": {
            "0": {
                "precision": 0.7635903919089759,
                "recall": 0.7766823831975996,
                "f1-score": 0.7700807479813003,
                "support": 2333.0
            },
            "1": {
                "precision": 0.7761065749892565,
                "recall": 0.7629911280101395,
                "f1-score": 0.7694929697486153,
                "support": 2367.0
            },
            "accuracy": 0.7697872340425532,
            "macro avg": {
                "precision": 0.7698484834491162,
                "recall": 0.7698367556038695,
                "f1-score": 0.7697868588649578,
                "support": 4700.0
            },
            "weighted avg": {
                "precision": 0.7698937547496193,
                "recall": 0.7697872340425532,
                "f1-score": 0.7697847328585843,
                "support": 4700.0
            },
            "cross-entropy": 0.4858405583652813,
            "roc-auc": 0.8486579922426001,
            "score": 0.7697872340425532
        }
    },
    "time": "0:00:14.755536",
    "chunk_size": null,
    "eval_batch_size": 32768
}