{
    "function": "bin.model.main",
    "gpus": [
        "NVIDIA GeForce RTX 4090"
    ],
    "config": {
        "seed": 5,
        "batch_size": 64,
        "patience": 16,
        "n_epochs": -1,
        "gradient_clipping_norm": 1.0,
        "amp": true,
        "data": {
            "cache": true,
            "path": "data/classif-num-medium-0-kdd_ipums_la_97-small",
            "num_policy": "noisy-quantile"
        },
        "optimizer": {
            "type": "AdamW",
            "lr": 0.0014893637325503837,
            "weight_decay": 0.00017759342831784227
        },
        "model": {
            "arch_type": "tabm-mini",
            "k": 32,
            "share_training_batches": false,
            "backbone": {
                "type": "MLP",
                "n_blocks": 4,
                "d_block": 416,
                "dropout": 0.0
            },
            "num_embeddings": {
                "type": "PiecewiseLinearEmbeddingsV2",
                "d_embedding": 16
            }
        },
        "bins": {
            "n_bins": 20
        }
    },
    "n_parameters": 697600,
    "prediction_type": "probs",
    "epoch_size": 57,
    "best_step": 342,
    "metrics": {
        "train": {
            "0": {
                "precision": 0.9700446144040791,
                "recall": 0.8316939890710382,
                "f1-score": 0.8955575169167401,
                "support": 1830.0
            },
            "1": {
                "precision": 0.8506304558680893,
                "recall": 0.9739033870072182,
                "f1-score": 0.9081025110018122,
                "support": 1801.0
            },
            "accuracy": 0.9022307904158634,
            "macro avg": {
                "precision": 0.9103375351360842,
                "recall": 0.9027986880391282,
                "f1-score": 0.9018300139592761,
                "support": 3631.0
            },
            "weighted avg": {
                "precision": 0.9108144024725677,
                "recall": 0.9022307904158634,
                "f1-score": 0.9017799169022027,
                "support": 3631.0
            },
            "cross-entropy": 0.23397545039500842,
            "roc-auc": 0.9589405400157168,
            "score": 0.9022307904158634
        },
        "val": {
            "0": {
                "precision": 0.954337899543379,
                "recall": 0.8636363636363636,
                "f1-score": 0.9067245119305857,
                "support": 242.0
            },
            "1": {
                "precision": 0.8669354838709677,
                "recall": 0.9555555555555556,
                "f1-score": 0.9090909090909092,
                "support": 225.0
            },
            "accuracy": 0.9079229122055674,
            "macro avg": {
                "precision": 0.9106366917071733,
                "recall": 0.9095959595959596,
                "f1-score": 0.9079077105107474,
                "support": 467.0
            },
            "weighted avg": {
                "precision": 0.9122275279667355,
                "recall": 0.9079229122055674,
                "f1-score": 0.9078646390420907,
                "support": 467.0
            },
            "cross-entropy": 0.2424138361577299,
            "roc-auc": 0.9575573921028466,
            "score": 0.9079229122055674
        },
        "test": {
            "0": {
                "precision": 0.9277899343544858,
                "recall": 0.8122605363984674,
                "f1-score": 0.8661899897854953,
                "support": 522.0
            },
            "1": {
                "precision": 0.8451816745655608,
                "recall": 0.9419014084507042,
                "f1-score": 0.890924229808493,
                "support": 568.0
            },
            "accuracy": 0.8798165137614679,
            "macro avg": {
                "precision": 0.8864858044600232,
                "recall": 0.8770809724245858,
                "f1-score": 0.8785571097969942,
                "support": 1090.0
            },
            "weighted avg": {
                "precision": 0.8847426943910827,
                "recall": 0.8798165137614679,
                "f1-score": 0.8790790249534426,
                "support": 1090.0
            },
            "cross-entropy": 0.27639525813361904,
            "roc-auc": 0.9444511898980087,
            "score": 0.8798165137614679
        }
    },
    "time": "0:00:14.442786",
    "chunk_size": null,
    "eval_batch_size": 32768
}