{
    "function": "bin.model.main",
    "gpus": [
        "NVIDIA GeForce RTX 4090"
    ],
    "config": {
        "seed": 9,
        "batch_size": 64,
        "patience": 16,
        "n_epochs": -1,
        "gradient_clipping_norm": 1.0,
        "amp": true,
        "data": {
            "cache": true,
            "path": "data/classif-num-medium-0-kdd_ipums_la_97-small",
            "num_policy": "noisy-quantile"
        },
        "optimizer": {
            "type": "AdamW",
            "lr": 0.00015080456875961643,
            "weight_decay": 0.004161605416436985
        },
        "model": {
            "arch_type": "tabrmv3",
            "sample_rate": 0.5465170755292627,
            "k": 4,
            "backbone": {
                "embed_type": "tabr",
                "ensemble_type": "shared-resnet",
                "context_shuffle": false,
                "context_size": 64,
                "encoder_n_blocks": 0,
                "n_blocks": 1,
                "d_block": 976,
                "dropout": 0.0
            },
            "num_embeddings": {
                "type": "PeriodicEmbeddings",
                "n_frequencies": 52,
                "d_embedding": 16,
                "frequency_init_scale": 0.4401127338010432,
                "lite": false
            }
        }
    },
    "n_parameters": 4172888,
    "prediction_type": "probs",
    "epoch_size": 57,
    "best_step": 57,
    "metrics": {
        "train": {
            "0": {
                "precision": 0.9635083226632523,
                "recall": 0.8224043715846995,
                "f1-score": 0.8873820754716981,
                "support": 1830.0
            },
            "1": {
                "precision": 0.8429192846785887,
                "recall": 0.9683509161576902,
                "f1-score": 0.9012919896640827,
                "support": 1801.0
            },
            "accuracy": 0.8947948223629854,
            "macro avg": {
                "precision": 0.9032138036709205,
                "recall": 0.8953776438711949,
                "f1-score": 0.8943370325678904,
                "support": 3631.0
            },
            "weighted avg": {
                "precision": 0.90369536275954,
                "recall": 0.8947948223629854,
                "f1-score": 0.8942814848521676,
                "support": 3631.0
            },
            "cross-entropy": 0.2580879805433805,
            "roc-auc": 0.9516525427585767,
            "score": 0.8947948223629854
        },
        "val": {
            "0": {
                "precision": 0.9537037037037037,
                "recall": 0.8512396694214877,
                "f1-score": 0.8995633187772927,
                "support": 242.0
            },
            "1": {
                "precision": 0.8565737051792829,
                "recall": 0.9555555555555556,
                "f1-score": 0.9033613445378151,
                "support": 225.0
            },
            "accuracy": 0.9014989293361885,
            "macro avg": {
                "precision": 0.9051387044414934,
                "recall": 0.9033976124885217,
                "f1-score": 0.9014623316575539,
                "support": 467.0
            },
            "weighted avg": {
                "precision": 0.9069065952069271,
                "recall": 0.9014989293361885,
                "f1-score": 0.9013932027090218,
                "support": 467.0
            },
            "cross-entropy": 0.25537936132638395,
            "roc-auc": 0.9528374655647383,
            "score": 0.9014989293361885
        },
        "test": {
            "0": {
                "precision": 0.9273127753303965,
                "recall": 0.8065134099616859,
                "f1-score": 0.8627049180327869,
                "support": 522.0
            },
            "1": {
                "precision": 0.8411949685534591,
                "recall": 0.9419014084507042,
                "f1-score": 0.8887043189368771,
                "support": 568.0
            },
            "accuracy": 0.8770642201834863,
            "macro avg": {
                "precision": 0.8842538719419277,
                "recall": 0.8742074092061951,
                "f1-score": 0.875704618484832,
                "support": 1090.0
            },
            "weighted avg": {
                "precision": 0.8824367072117723,
                "recall": 0.8770642201834863,
                "f1-score": 0.8762532296965696,
                "support": 1090.0
            },
            "cross-entropy": 0.2973746721629414,
            "roc-auc": 0.9379350817548973,
            "score": 0.8770642201834863
        }
    },
    "time": "0:00:17.461259",
    "chunk_size": null,
    "eval_batch_size": 32768
}