{
    "function": "bin.model.main",
    "gpus": [
        "NVIDIA GeForce RTX 4090"
    ],
    "config": {
        "seed": 14,
        "batch_size": 128,
        "patience": 16,
        "n_epochs": -1,
        "gradient_clipping_norm": 1.0,
        "amp": true,
        "data": {
            "cache": true,
            "path": "data/regression-num-medium-1-wine_quality",
            "num_policy": "noisy-quantile"
        },
        "optimizer": {
            "type": "AdamW",
            "lr": 0.001719474535401803,
            "weight_decay": 0.00034874401964398957
        },
        "model": {
            "arch_type": "taba",
            "k": 32,
            "share_training_batches": false,
            "backbone": {
                "type": "MLP",
                "n_blocks": 2,
                "d_block": 768,
                "dropout": 0.3183851272120357
            },
            "num_embeddings": {
                "type": "PiecewiseLinearEmbeddingsV2",
                "d_embedding": 24
            }
        },
        "bins": {
            "n_bins": 10
        }
    },
    "n_parameters": 312440,
    "prediction_type": "labels",
    "epoch_size": 36,
    "best_step": 6444,
    "metrics": {
        "train": {
            "rmse": 0.2932359367162746,
            "mae": 0.23387055099010468,
            "r2": 0.888857297423677,
            "score": -0.2932359367162746
        },
        "val": {
            "rmse": 0.6030038435214073,
            "mae": 0.4616745114326477,
            "r2": 0.4976599296153309,
            "score": -0.6030038435214073
        },
        "test": {
            "rmse": 0.6265634769803086,
            "mae": 0.47258129715919495,
            "r2": 0.4693067837696435,
            "score": -0.6265634769803086
        }
    },
    "time": "0:00:53.475419",
    "chunk_size": null,
    "eval_batch_size": 32768,
    "heads": [
        16,
        31,
        27,
        7,
        12,
        31,
        19,
        17,
        31,
        10
    ],
    "head_selection_time": "0:00:00.242369"
}