{
    "function": "bin.model.main",
    "gpus": [
        "NVIDIA GeForce RTX 4090"
    ],
    "config": {
        "seed": 10,
        "batch_size": 64,
        "patience": 16,
        "n_epochs": -1,
        "gradient_clipping_norm": 1.0,
        "amp": true,
        "data": {
            "cache": true,
            "path": "data/classif-num-medium-0-kdd_ipums_la_97-small",
            "num_policy": "noisy-quantile"
        },
        "optimizer": {
            "type": "AdamW",
            "lr": 7.236800122957994e-05,
            "weight_decay": 0.0
        },
        "model": {
            "arch_type": "tabrmv3",
            "sample_rate": 0.28257328701006607,
            "k": 8,
            "backbone": {
                "embed_type": "tabr",
                "ensemble_type": "mini-resnet",
                "context_shuffle": false,
                "context_size": 192,
                "encoder_n_blocks": 0,
                "n_blocks": 1,
                "d_block": 576,
                "dropout": 0.0
            },
            "num_embeddings": {
                "type": "PeriodicEmbeddings",
                "n_frequencies": 40,
                "d_embedding": 16,
                "frequency_init_scale": 0.6338742597438106,
                "lite": false
            }
        }
    },
    "n_parameters": 1556592,
    "prediction_type": "probs",
    "epoch_size": 57,
    "best_step": 285,
    "metrics": {
        "train": {
            "0": {
                "precision": 0.9696774193548388,
                "recall": 0.8213114754098361,
                "f1-score": 0.8893491124260355,
                "support": 1830.0
            },
            "1": {
                "precision": 0.8428640076886112,
                "recall": 0.9739033870072182,
                "f1-score": 0.9036579082946935,
                "support": 1801.0
            },
            "accuracy": 0.8969980721564307,
            "macro avg": {
                "precision": 0.906270713521725,
                "recall": 0.8976074312085272,
                "f1-score": 0.8965035103603645,
                "support": 3631.0
            },
            "weighted avg": {
                "precision": 0.9067771289635206,
                "recall": 0.8969980721564307,
                "f1-score": 0.8964463697544444,
                "support": 3631.0
            },
            "cross-entropy": 0.24863567577353646,
            "roc-auc": 0.9563584893638325,
            "score": 0.8969980721564307
        },
        "val": {
            "0": {
                "precision": 0.9579439252336449,
                "recall": 0.8471074380165289,
                "f1-score": 0.899122807017544,
                "support": 242.0
            },
            "1": {
                "precision": 0.8537549407114624,
                "recall": 0.96,
                "f1-score": 0.9037656903765691,
                "support": 225.0
            },
            "accuracy": 0.9014989293361885,
            "macro avg": {
                "precision": 0.9058494329725537,
                "recall": 0.9035537190082644,
                "f1-score": 0.9014442486970565,
                "support": 467.0
            },
            "weighted avg": {
                "precision": 0.9077458063525077,
                "recall": 0.9014989293361885,
                "f1-score": 0.9013597422547617,
                "support": 467.0
            },
            "cross-entropy": 0.25859478870457114,
            "roc-auc": 0.9537190082644628,
            "score": 0.9014989293361885
        },
        "test": {
            "0": {
                "precision": 0.9296703296703297,
                "recall": 0.8103448275862069,
                "f1-score": 0.8659160696008188,
                "support": 522.0
            },
            "1": {
                "precision": 0.8440944881889764,
                "recall": 0.9436619718309859,
                "f1-score": 0.8911055694098088,
                "support": 568.0
            },
            "accuracy": 0.8798165137614679,
            "macro avg": {
                "precision": 0.886882408929653,
                "recall": 0.8770033997085964,
                "f1-score": 0.8785108195053137,
                "support": 1090.0
            },
            "weighted avg": {
                "precision": 0.8850766801644501,
                "recall": 0.8798165137614679,
                "f1-score": 0.8790423410609163,
                "support": 1090.0
            },
            "cross-entropy": 0.29464494350288833,
            "roc-auc": 0.9399654632777508,
            "score": 0.8798165137614679
        }
    },
    "time": "0:00:21.902331",
    "chunk_size": null,
    "eval_batch_size": 32768
}