{
    "function": "bin.model.main",
    "gpus": [
        "NVIDIA GeForce RTX 4090"
    ],
    "config": {
        "seed": 0,
        "batch_size": 256,
        "patience": 16,
        "n_epochs": -1,
        "gradient_clipping_norm": 1.0,
        "amp": true,
        "data": {
            "cache": true,
            "path": "data/house",
            "num_policy": "noisy-quantile"
        },
        "optimizer": {
            "type": "AdamW",
            "lr": 0.0002502263079627847,
            "weight_decay": 0.0
        },
        "model": {
            "arch_type": "moe-sparse-shared",
            "backbone": {
                "k": 4,
                "n_blocks": 5,
                "d_block": 592,
                "dropout": 0.01663877729589124,
                "moe_ratio": 0.25,
                "num_experts": 8
            }
        }
    },
    "n_parameters": 10554177,
    "prediction_type": "labels",
    "epoch_size": 57,
    "best_step": 627,
    "metrics": {
        "train": {
            "rmse": 22463.439451695725,
            "mae": 12923.169921875,
            "r2": 0.8141776823885842,
            "score": -22463.439451695725
        },
        "val": {
            "rmse": 28423.55417607024,
            "mae": 15064.6806640625,
            "r2": 0.7288913908804666,
            "score": -28423.55417607024
        },
        "test": {
            "rmse": 30994.47383002331,
            "mae": 15351.84375,
            "r2": 0.6672359693388434,
            "score": -30994.47383002331
        }
    },
    "time": "0:00:41.183681",
    "chunk_size": null,
    "eval_batch_size": 32768
}