{
    "function": "bin.qtabformerv3.main",
    "gpus": [
        "NVIDIA GeForce RTX 4090"
    ],
    "config": {
        "seed": 7,
        "batch_size": 256,
        "patience": 16,
        "n_epochs": -1,
        "amp": true,
        "data": {
            "cache": true,
            "path": "data/churn",
            "num_policy": "noisy-quantile",
            "cat_policy": "ordinal"
        },
        "optimizer": {
            "type": "AdamW",
            "lr": 3.983359547522435e-05,
            "weight_decay": 1.1268842269229984e-05
        },
        "model": {
            "use_key_as_value": true,
            "encoder_n_blocks": 1,
            "distance_metric": "cossim",
            "temperature": 0.1,
            "momentum": 0.999,
            "queue_ratio": 64,
            "d_main": 256,
            "d_multiplier": 2.0,
            "mixer_normalization": "auto",
            "dropout0": 0.0,
            "dropout1": 0.0,
            "normalization": "LayerNorm",
            "activation": "ReLU",
            "num_embeddings": {
                "type": "PeriodicEmbeddings",
                "n_frequencies": 58,
                "frequency_init_scale": 0.10160665785694305,
                "d_embedding": 27,
                "lite": true
            }
        }
    },
    "n_parameters": 450543,
    "prediction_type": "probs",
    "epoch_size": 25,
    "best_step": 300,
    "metrics": {
        "train": {
            "0": {
                "precision": 0.8835529879039538,
                "recall": 0.9603610675039247,
                "f1-score": 0.9203573107663375,
                "support": 5096.0
            },
            "1": {
                "precision": 0.7653890824622532,
                "recall": 0.5053680981595092,
                "f1-score": 0.6087759815242494,
                "support": 1304.0
            },
            "accuracy": 0.86765625,
            "macro avg": {
                "precision": 0.8244710351831035,
                "recall": 0.732864582831717,
                "f1-score": 0.7645666461452935,
                "support": 6400.0
            },
            "weighted avg": {
                "precision": 0.8594770921702073,
                "recall": 0.86765625,
                "f1-score": 0.8568726149332621,
                "support": 6400.0
            },
            "cross-entropy": 0.31848073624583717,
            "roc-auc": 0.8816465428195818,
            "score": 0.86765625
        },
        "val": {
            "0": {
                "precision": 0.8797696184305256,
                "recall": 0.9591836734693877,
                "f1-score": 0.9177619226436351,
                "support": 1274.0
            },
            "1": {
                "precision": 0.7535545023696683,
                "recall": 0.48773006134969327,
                "f1-score": 0.5921787709497207,
                "support": 326.0
            },
            "accuracy": 0.863125,
            "macro avg": {
                "precision": 0.8166620604000969,
                "recall": 0.7234568674095405,
                "f1-score": 0.754970346796678,
                "support": 1600.0
            },
            "weighted avg": {
                "precision": 0.854053288533126,
                "recall": 0.863125,
                "f1-score": 0.851424355486,
                "support": 1600.0
            },
            "cross-entropy": 0.34135825721352026,
            "roc-auc": 0.8567515963440592,
            "score": 0.863125
        },
        "test": {
            "0": {
                "precision": 0.8735697940503433,
                "recall": 0.9585687382297552,
                "f1-score": 0.9140975755761749,
                "support": 1593.0
            },
            "1": {
                "precision": 0.7380952380952381,
                "recall": 0.457002457002457,
                "f1-score": 0.5644916540212443,
                "support": 407.0
            },
            "accuracy": 0.8565,
            "macro avg": {
                "precision": 0.8058325160727907,
                "recall": 0.707785597616106,
                "f1-score": 0.7392946147987096,
                "support": 2000.0
            },
            "weighted avg": {
                "precision": 0.8460007219134794,
                "recall": 0.8565,
                "f1-score": 0.8429527705397465,
                "support": 2000.0
            },
            "cross-entropy": 0.35012667009896176,
            "roc-auc": 0.8469895164810419,
            "score": 0.8565
        }
    },
    "time": "0:00:10.720872",
    "chunk_size": null,
    "eval_batch_size": 32768
}