{
    "function": "bin.model.main",
    "gpus": [
        "NVIDIA GeForce RTX 4090"
    ],
    "config": {
        "seed": 6,
        "batch_size": 256,
        "patience": 16,
        "n_epochs": -1,
        "gradient_clipping_norm": 1.0,
        "amp": true,
        "data": {
            "cache": true,
            "path": "data/regression-num-medium-0-fifa",
            "num_policy": "noisy-quantile"
        },
        "optimizer": {
            "type": "AdamW",
            "lr": 0.0003962682136310472,
            "weight_decay": 0.00034221939738390275
        },
        "model": {
            "arch_type": "taba",
            "k": 32,
            "share_training_batches": false,
            "backbone": {
                "type": "MLP",
                "n_blocks": 7,
                "d_block": 288,
                "dropout": 0.0
            },
            "num_embeddings": {
                "type": "PiecewiseLinearEmbeddingsV2",
                "d_embedding": 20
            }
        },
        "bins": {
            "n_bins": 100
        }
    },
    "n_parameters": 169756,
    "prediction_type": "labels",
    "epoch_size": 40,
    "best_step": 3440,
    "metrics": {
        "train": {
            "rmse": 0.728632735997452,
            "mae": 0.5354636311531067,
            "r2": 0.7122867411492066,
            "score": -0.728632735997452
        },
        "val": {
            "rmse": 0.7497931831035735,
            "mae": 0.5528721213340759,
            "r2": 0.7008072868629628,
            "score": -0.7497931831035735
        },
        "test": {
            "rmse": 0.7865484998606612,
            "mae": 0.5757161974906921,
            "r2": 0.6650094045360413,
            "score": -0.7865484998606612
        }
    },
    "time": "0:00:37.956135",
    "chunk_size": null,
    "eval_batch_size": 32768
}