{
    "function": "bin.model.main",
    "gpus": [
        "NVIDIA GeForce RTX 4090"
    ],
    "config": {
        "seed": 13,
        "batch_size": 256,
        "patience": 16,
        "n_epochs": -1,
        "gradient_clipping_norm": 1.0,
        "amp": true,
        "data": {
            "cache": true,
            "path": "data/churn",
            "num_policy": "noisy-quantile",
            "cat_policy": "ordinal"
        },
        "optimizer": {
            "type": "AdamW",
            "lr": 0.0015050688565856826,
            "weight_decay": 0.0008951813453554442
        },
        "model": {
            "arch_type": "tabrmv2",
            "sample_rate": 0.05169822507809409,
            "k": 128,
            "backbone": {
                "n_blocks": 1,
                "d_block": 160,
                "dropout": 0.4295737082288124
            },
            "num_embeddings": {
                "type": "PiecewiseLinearEmbeddingsV2",
                "d_embedding": 28
            }
        },
        "bins": {
            "n_bins": 3
        }
    },
    "n_parameters": 393360,
    "prediction_type": "probs",
    "epoch_size": 25,
    "best_step": 900,
    "metrics": {
        "train": {
            "0": {
                "precision": 0.8878826299583409,
                "recall": 0.9619309262166404,
                "f1-score": 0.9234246962418763,
                "support": 5096.0
            },
            "1": {
                "precision": 0.7792946530147895,
                "recall": 0.5253067484662577,
                "f1-score": 0.6275767292716445,
                "support": 1304.0
            },
            "accuracy": 0.87296875,
            "macro avg": {
                "precision": 0.8335886414865652,
                "recall": 0.7436188373414491,
                "f1-score": 0.7755007127567604,
                "support": 6400.0
            },
            "weighted avg": {
                "precision": 0.8657578296560922,
                "recall": 0.87296875,
                "f1-score": 0.8631456729716915,
                "support": 6400.0
            },
            "cross-entropy": 0.30559829482320117,
            "roc-auc": 0.8920035923760727,
            "score": 0.87296875
        },
        "val": {
            "0": {
                "precision": 0.8871201157742402,
                "recall": 0.9623233908948194,
                "f1-score": 0.9231927710843374,
                "support": 1274.0
            },
            "1": {
                "precision": 0.7798165137614679,
                "recall": 0.5214723926380368,
                "f1-score": 0.625,
                "support": 326.0
            },
            "accuracy": 0.8725,
            "macro avg": {
                "precision": 0.8334683147678541,
                "recall": 0.7418978917664281,
                "f1-score": 0.7740963855421688,
                "support": 1600.0
            },
            "weighted avg": {
                "precision": 0.8652570068641379,
                "recall": 0.8725,
                "f1-score": 0.8624359939759035,
                "support": 1600.0
            },
            "cross-entropy": 0.3352730620787223,
            "roc-auc": 0.8662490007801138,
            "score": 0.8725
        },
        "test": {
            "0": {
                "precision": 0.87621776504298,
                "recall": 0.9598242310106717,
                "f1-score": 0.9161174355901738,
                "support": 1593.0
            },
            "1": {
                "precision": 0.7490196078431373,
                "recall": 0.4692874692874693,
                "f1-score": 0.5770392749244713,
                "support": 407.0
            },
            "accuracy": 0.86,
            "macro avg": {
                "precision": 0.8126186864430587,
                "recall": 0.7145558501490705,
                "f1-score": 0.7465783552573225,
                "support": 2000.0
            },
            "weighted avg": {
                "precision": 0.8503329400528121,
                "recall": 0.86,
                "f1-score": 0.8471150298947033,
                "support": 2000.0
            },
            "cross-entropy": 0.34567230867014725,
            "roc-auc": 0.8542795491948034,
            "score": 0.86
        }
    },
    "time": "0:00:28.567168",
    "chunk_size": null,
    "eval_batch_size": 32768
}