{
    "function": "bin.model.main",
    "gpus": [
        "NVIDIA GeForce RTX 4090"
    ],
    "config": {
        "seed": 14,
        "batch_size": 256,
        "patience": 16,
        "n_epochs": -1,
        "gradient_clipping_norm": 1.0,
        "amp": true,
        "data": {
            "cache": true,
            "path": "data/classif-num-medium-0-credit",
            "num_policy": "noisy-quantile"
        },
        "optimizer": {
            "type": "AdamW",
            "lr": 0.00018768278897971234,
            "weight_decay": 0.0
        },
        "model": {
            "p": 60,
            "arch_type": "tabm-rankp",
            "k": 32,
            "share_training_batches": false,
            "backbone": {
                "type": "MLP",
                "n_blocks": 2,
                "d_block": 736,
                "dropout": 0.15752181182933367
            },
            "num_embeddings": {
                "type": "PiecewiseLinearEmbeddingsV2",
                "d_embedding": 16
            }
        },
        "bins": {
            "n_bins": 4
        }
    },
    "n_parameters": 4717408,
    "prediction_type": "probs",
    "epoch_size": 40,
    "best_step": 960,
    "metrics": {
        "train": {
            "0": {
                "precision": 0.7722905457340508,
                "recall": 0.7986883942766295,
                "f1-score": 0.7852676826885503,
                "support": 5032.0
            },
            "1": {
                "precision": 0.7887823185988324,
                "recall": 0.7614734299516909,
                "f1-score": 0.7748873412535846,
                "support": 4968.0
            },
            "accuracy": 0.7802,
            "macro avg": {
                "precision": 0.7805364321664416,
                "recall": 0.7800809121141602,
                "f1-score": 0.7800775119710674,
                "support": 10000.0
            },
            "weighted avg": {
                "precision": 0.7804836584932743,
                "recall": 0.7802,
                "f1-score": 0.7801107290636593,
                "support": 10000.0
            },
            "cross-entropy": 0.46743495644183375,
            "roc-auc": 0.8592783360406442,
            "score": 0.7802
        },
        "val": {
            "0": {
                "precision": 0.783625730994152,
                "recall": 0.8104838709677419,
                "f1-score": 0.796828543111992,
                "support": 992.0
            },
            "1": {
                "precision": 0.8097165991902834,
                "recall": 0.7827788649706457,
                "f1-score": 0.7960199004975124,
                "support": 1022.0
            },
            "accuracy": 0.7964250248262165,
            "macro avg": {
                "precision": 0.7966711650922177,
                "recall": 0.7966313679691939,
                "f1-score": 0.7964242218047521,
                "support": 2014.0
            },
            "weighted avg": {
                "precision": 0.7968654863548502,
                "recall": 0.7964250248262165,
                "f1-score": 0.7964181991437704,
                "support": 2014.0
            },
            "cross-entropy": 0.4643317242673042,
            "roc-auc": 0.86187148854239,
            "score": 0.7964250248262165
        },
        "test": {
            "0": {
                "precision": 0.7562372188139059,
                "recall": 0.7925417916845263,
                "f1-score": 0.7739640016743408,
                "support": 2333.0
            },
            "1": {
                "precision": 0.7853658536585366,
                "recall": 0.748204478242501,
                "f1-score": 0.7663349199480745,
                "support": 2367.0
            },
            "accuracy": 0.7702127659574468,
            "macro avg": {
                "precision": 0.7708015362362213,
                "recall": 0.7703731349635137,
                "f1-score": 0.7701494608112076,
                "support": 4700.0
            },
            "weighted avg": {
                "precision": 0.7709068951282124,
                "recall": 0.7702127659574468,
                "f1-score": 0.7701218662602829,
                "support": 4700.0
            },
            "cross-entropy": 0.48035271834671667,
            "roc-auc": 0.8511688524759377,
            "score": 0.7702127659574468
        }
    },
    "time": "0:00:20.435126",
    "chunk_size": null,
    "eval_batch_size": 32768,
    "heads": [
        19,
        9,
        30
    ],
    "head_selection_time": "0:00:00.675702"
}