{
    "function": "bin.ensemble.main",
    "config": {
        "seeds": [
            5,
            6,
            7,
            8,
            9
        ],
        "data": {
            "path": "data/churn"
        }
    },
    "single_model_function": "bin.model.main",
    "prediction_type": "probs",
    "metrics": {
        "train": {
            "0": {
                "precision": 0.8760198652004256,
                "recall": 0.9691915227629513,
                "f1-score": 0.9202534004099124,
                "support": 5096.0
            },
            "1": {
                "precision": 0.7939632545931758,
                "recall": 0.4639570552147239,
                "f1-score": 0.5856727976766699,
                "support": 1304.0
            },
            "accuracy": 0.86625,
            "macro avg": {
                "precision": 0.8349915598968007,
                "recall": 0.7165742889888376,
                "f1-score": 0.7529630990432912,
                "support": 6400.0
            },
            "weighted avg": {
                "precision": 0.8593008307891985,
                "recall": 0.86625,
                "f1-score": 0.8520826026030142,
                "support": 6400.0
            },
            "cross-entropy": 0.32210273056245525,
            "roc-auc": 0.8772604340225945,
            "score": 0.86625
        },
        "val": {
            "0": {
                "precision": 0.8747361013370866,
                "recall": 0.9756671899529042,
                "f1-score": 0.9224489795918367,
                "support": 1274.0
            },
            "1": {
                "precision": 0.8268156424581006,
                "recall": 0.4539877300613497,
                "f1-score": 0.5861386138613861,
                "support": 326.0
            },
            "accuracy": 0.869375,
            "macro avg": {
                "precision": 0.8507758718975935,
                "recall": 0.7148274600071269,
                "f1-score": 0.7542937967266115,
                "support": 1600.0
            },
            "weighted avg": {
                "precision": 0.8649723078404932,
                "recall": 0.869375,
                "f1-score": 0.8539257425742575,
                "support": 1600.0
            },
            "cross-entropy": 0.33424910549783393,
            "roc-auc": 0.86032350646724,
            "score": 0.869375
        },
        "test": {
            "0": {
                "precision": 0.8712035995500562,
                "recall": 0.9723791588198368,
                "f1-score": 0.9190151290418274,
                "support": 1593.0
            },
            "1": {
                "precision": 0.8018018018018018,
                "recall": 0.43734643734643736,
                "f1-score": 0.5659777424483308,
                "support": 407.0
            },
            "accuracy": 0.8635,
            "macro avg": {
                "precision": 0.836502700675929,
                "recall": 0.7048627980831371,
                "f1-score": 0.7424964357450791,
                "support": 2000.0
            },
            "weighted avg": {
                "precision": 0.8570803337082864,
                "recall": 0.8635,
                "f1-score": 0.8471720208700508,
                "support": 2000.0
            },
            "cross-entropy": 0.3403264009801926,
            "roc-auc": 0.8561967206035003,
            "score": 0.8635
        }
    }
}