{
    "function": "bin.model.main",
    "gpus": [
        "NVIDIA GeForce RTX 4090"
    ],
    "config": {
        "seed": 9,
        "batch_size": 256,
        "patience": 16,
        "n_epochs": -1,
        "gradient_clipping_norm": 1.0,
        "amp": true,
        "data": {
            "cache": true,
            "path": "data/regression-num-medium-1-Ailerons",
            "num_policy": "noisy-quantile"
        },
        "optimizer": {
            "type": "AdamW",
            "lr": 4.2189555014780356e-05,
            "weight_decay": 0.0
        },
        "model": {
            "arch_type": "tabrmv2-mini",
            "sample_rate": 0.530468099204791,
            "k": 32,
            "backbone": {
                "n_blocks": 4,
                "d_block": 304,
                "dropout": 0.0
            },
            "num_embeddings": {
                "type": "PeriodicEmbeddings",
                "n_frequencies": 44,
                "d_embedding": 16,
                "frequency_init_scale": 0.0451815308777426,
                "lite": false
            }
        }
    },
    "n_parameters": 1915948,
    "prediction_type": "labels",
    "epoch_size": 38,
    "best_step": 1900,
    "metrics": {
        "train": {
            "rmse": 0.00015759343526055135,
            "mae": 0.00011619355791481212,
            "r2": 0.8501831255817469,
            "score": -0.00015759343526055135
        },
        "val": {
            "rmse": 0.00015384413176880213,
            "mae": 0.00011446804273873568,
            "r2": 0.8547038154354595,
            "score": -0.00015384413176880213
        },
        "test": {
            "rmse": 0.00016495679936487246,
            "mae": 0.0001196076555061154,
            "r2": 0.8394114996149046,
            "score": -0.00016495679936487246
        }
    },
    "time": "0:00:46.826528",
    "chunk_size": null,
    "eval_batch_size": 32768
}