{
    "function": "bin.model.main",
    "gpus": [
        "NVIDIA GeForce RTX 4090"
    ],
    "config": {
        "seed": 3,
        "batch_size": 256,
        "patience": 16,
        "n_epochs": -1,
        "gradient_clipping_norm": 1.0,
        "amp": true,
        "data": {
            "cache": true,
            "path": "data/classif-num-medium-0-bank-marketing",
            "num_policy": "noisy-quantile"
        },
        "optimizer": {
            "type": "AdamW",
            "lr": 0.0003879791314675207,
            "weight_decay": 0.00014555058825551698
        },
        "model": {
            "arch_type": "tabrmv2",
            "sample_rate": 0.15999808869302,
            "k": 32,
            "backbone": {
                "n_blocks": 4,
                "d_block": 160,
                "dropout": 0.3522072009617664
            },
            "num_embeddings": {
                "type": "PiecewiseLinearEmbeddingsV2",
                "d_embedding": 8
            }
        },
        "bins": {
            "n_bins": 22
        }
    },
    "n_parameters": 615592,
    "prediction_type": "probs",
    "epoch_size": 29,
    "best_step": 551,
    "metrics": {
        "train": {
            "0": {
                "precision": 0.8366013071895425,
                "recall": 0.7888531618435155,
                "f1-score": 0.8120259274582816,
                "support": 3732.0
            },
            "1": {
                "precision": 0.7971685971685971,
                "recall": 0.8434095860566448,
                "f1-score": 0.8196374222575096,
                "support": 3672.0
            },
            "accuracy": 0.8159103187466235,
            "macro avg": {
                "precision": 0.8168849521790698,
                "recall": 0.8161313739500802,
                "f1-score": 0.8158316748578955,
                "support": 7404.0
            },
            "weighted avg": {
                "precision": 0.8170447281516021,
                "recall": 0.8159103187466235,
                "f1-score": 0.815800834117218,
                "support": 7404.0
            },
            "cross-entropy": 0.4011347417675325,
            "roc-auc": 0.9005411158747172,
            "score": 0.8159103187466235
        },
        "val": {
            "0": {
                "precision": 0.8537170263788969,
                "recall": 0.7807017543859649,
                "f1-score": 0.8155784650630011,
                "support": 456.0
            },
            "1": {
                "precision": 0.8130841121495327,
                "recall": 0.8770161290322581,
                "f1-score": 0.8438409311348206,
                "support": 496.0
            },
            "accuracy": 0.8308823529411765,
            "macro avg": {
                "precision": 0.8334005692642148,
                "recall": 0.8288589417091115,
                "f1-score": 0.8297096980989109,
                "support": 952.0
            },
            "weighted avg": {
                "precision": 0.8325469366123374,
                "recall": 0.8308823529411765,
                "f1-score": 0.8303034473861339,
                "support": 952.0
            },
            "cross-entropy": 0.421901846137466,
            "roc-auc": 0.8898777942840974,
            "score": 0.8308823529411765
        },
        "test": {
            "0": {
                "precision": 0.8019138755980861,
                "recall": 0.7611262488646685,
                "f1-score": 0.7809878844361602,
                "support": 1101.0
            },
            "1": {
                "precision": 0.7765505522514868,
                "recall": 0.8153434433541481,
                "f1-score": 0.7954743255004351,
                "support": 1121.0
            },
            "accuracy": 0.7884788478847885,
            "macro avg": {
                "precision": 0.7892322139247865,
                "recall": 0.7882348461094083,
                "f1-score": 0.7882311049682976,
                "support": 2222.0
            },
            "weighted avg": {
                "precision": 0.7891180675550898,
                "recall": 0.7884788478847885,
                "f1-score": 0.7882963004726373,
                "support": 2222.0
            },
            "cross-entropy": 0.46030872513778787,
            "roc-auc": 0.8720079305083935,
            "score": 0.7884788478847885
        }
    },
    "time": "0:00:22.225415",
    "chunk_size": null,
    "eval_batch_size": 32768
}