{
    "function": "bin.model.main",
    "gpus": [
        "NVIDIA GeForce RTX 4090"
    ],
    "config": {
        "seed": 6,
        "batch_size": 64,
        "patience": 16,
        "n_epochs": -1,
        "amp": true,
        "data": {
            "cache": true,
            "path": "data/classif-cat-medium-0-KDDCup09_upselling",
            "num_policy": "noisy-quantile",
            "cat_policy": "ordinal"
        },
        "optimizer": {
            "type": "AdamW",
            "lr": 4.3793621635178336e-05,
            "weight_decay": 8.037749254288664e-06
        },
        "model": {
            "arch_type": "tabr-pln",
            "k": 32,
            "context_size": 96,
            "d_main": 204,
            "context_dropout": 0.28096988248203103,
            "d_multiplier": 2.0,
            "encoder_n_blocks": 1,
            "predictor_n_blocks": 1,
            "mixer_normalization": "auto",
            "dropout0": 0.46151971936516745,
            "dropout1": 0.0,
            "normalization": "LayerNorm",
            "activation": "ReLU",
            "num_embeddings": {
                "type": "PeriodicEmbeddings",
                "n_frequencies": 87,
                "frequency_init_scale": 1.3893697054068375,
                "d_embedding": 36,
                "lite": true
            }
        }
    },
    "n_parameters": 830360,
    "prediction_type": "probs",
    "epoch_size": 57,
    "best_step": 171,
    "metrics": {
        "train": {
            "0": {
                "precision": 0.7663504742885672,
                "recall": 0.8499446290143965,
                "f1-score": 0.8059858230506695,
                "support": 1806.0
            },
            "1": {
                "precision": 0.8291298865069356,
                "recall": 0.7375210319685923,
                "f1-score": 0.7806470762837638,
                "support": 1783.0
            },
            "accuracy": 0.7940930621342992,
            "macro avg": {
                "precision": 0.7977401803977514,
                "recall": 0.7937328304914943,
                "f1-score": 0.7933164496672167,
                "support": 3589.0
            },
            "weighted avg": {
                "precision": 0.797539020397609,
                "recall": 0.7940930621342992,
                "f1-score": 0.7933976409705935,
                "support": 3589.0
            },
            "cross-entropy": 0.42139814989733715,
            "roc-auc": 0.892312594212971,
            "score": 0.7940930621342992
        },
        "val": {
            "0": {
                "precision": 0.7615062761506276,
                "recall": 0.875,
                "f1-score": 0.8143176733780761,
                "support": 208.0
            },
            "1": {
                "precision": 0.8818181818181818,
                "recall": 0.7729083665338645,
                "f1-score": 0.8237791932059448,
                "support": 251.0
            },
            "accuracy": 0.8191721132897604,
            "macro avg": {
                "precision": 0.8216622289844047,
                "recall": 0.8239541832669323,
                "f1-score": 0.8190484332920105,
                "support": 459.0
            },
            "weighted avg": {
                "precision": 0.8272977539775472,
                "recall": 0.8191721132897604,
                "f1-score": 0.8194916199506144,
                "support": 459.0
            },
            "cross-entropy": 0.40580296007722566,
            "roc-auc": 0.9033098375727858,
            "score": 0.8191721132897604
        },
        "test": {
            "0": {
                "precision": 0.7521222410865874,
                "recall": 0.8083941605839416,
                "f1-score": 0.7792436235708003,
                "support": 548.0
            },
            "1": {
                "precision": 0.784394250513347,
                "recall": 0.7234848484848485,
                "f1-score": 0.7527093596059113,
                "support": 528.0
            },
            "accuracy": 0.766728624535316,
            "macro avg": {
                "precision": 0.7682582457999672,
                "recall": 0.7659395045343951,
                "f1-score": 0.7659764915883558,
                "support": 1076.0
            },
            "weighted avg": {
                "precision": 0.7679583200618004,
                "recall": 0.766728624535316,
                "f1-score": 0.7662230925545723,
                "support": 1076.0
            },
            "cross-entropy": 0.45870602759330836,
            "roc-auc": 0.87074900464499,
            "score": 0.766728624535316
        }
    },
    "time": "0:00:21.923216",
    "chunk_size": null,
    "eval_batch_size": 32768
}