{
    "function": "bin.ensemble.main",
    "config": {
        "seeds": [
            5,
            6,
            7,
            8,
            9
        ],
        "data": {
            "path": "data/sberbank-housing"
        }
    },
    "single_model_function": "bin.model.main",
    "prediction_type": "labels",
    "metrics": {
        "train": {
            "rmse": 0.24167528130260515,
            "mae": 0.12839384377002716,
            "r2": 0.626854370219796,
            "score": -0.24167528130260515
        },
        "val": {
            "rmse": 0.2368257029173519,
            "mae": 0.12938077747821808,
            "r2": 0.6253644850934235,
            "score": -0.2368257029173519
        },
        "test": {
            "rmse": 0.2407194063845504,
            "mae": 0.15202577412128448,
            "r2": 0.6040304687216423,
            "score": -0.2407194063845504
        }
    }
}