{
    "function": "bin.model.main",
    "gpus": [
        "NVIDIA GeForce RTX 4090"
    ],
    "config": {
        "seed": 8,
        "batch_size": 256,
        "patience": 16,
        "n_epochs": -1,
        "amp": true,
        "data": {
            "cache": true,
            "path": "data/house",
            "num_policy": "noisy-quantile"
        },
        "optimizer": {
            "type": "AdamW",
            "lr": 4.450670946150632e-05,
            "weight_decay": 0.0
        },
        "model": {
            "arch_type": "tabr-pln",
            "k": 32,
            "context_size": 96,
            "d_main": 137,
            "context_dropout": 0.4368822993891395,
            "d_multiplier": 2.0,
            "encoder_n_blocks": 1,
            "predictor_n_blocks": 2,
            "mixer_normalization": "auto",
            "dropout0": 0.24690903869768144,
            "dropout1": 0.0,
            "normalization": "LayerNorm",
            "activation": "ReLU",
            "num_embeddings": {
                "type": "PeriodicEmbeddings",
                "n_frequencies": 79,
                "frequency_init_scale": 0.021703055617137857,
                "d_embedding": 40,
                "lite": true
            }
        }
    },
    "n_parameters": 434654,
    "prediction_type": "labels",
    "epoch_size": 57,
    "best_step": 6555,
    "metrics": {
        "train": {
            "rmse": 24897.140076723674,
            "mae": 13320.8291015625,
            "r2": 0.7717324010893079,
            "score": -24897.140076723674
        },
        "val": {
            "rmse": 28295.65394190422,
            "mae": 14528.3818359375,
            "r2": 0.7313257876163113,
            "score": -28295.65394190422
        },
        "test": {
            "rmse": 31651.560972565003,
            "mae": 15092.9580078125,
            "r2": 0.6529771494531353,
            "score": -31651.560972565003
        }
    },
    "time": "0:02:23.552769",
    "chunk_size": null,
    "eval_batch_size": 32768
}