{
    "function": "bin.model.main",
    "gpus": [
        "NVIDIA GeForce RTX 4090"
    ],
    "config": {
        "seed": 12,
        "batch_size": 1024,
        "patience": 16,
        "n_epochs": -1,
        "gradient_clipping_norm": 1.0,
        "amp": true,
        "data": {
            "cache": true,
            "path": "data/ecom-offers",
            "num_policy": "noisy-quantile"
        },
        "optimizer": {
            "type": "AdamW",
            "lr": 0.0009068571008807528,
            "weight_decay": 0.02654676989108457
        },
        "model": {
            "p": 9,
            "arch_type": "tabm-rankp",
            "k": 32,
            "share_training_batches": false,
            "backbone": {
                "type": "MLP",
                "n_blocks": 2,
                "d_block": 832,
                "dropout": 0.0
            },
            "num_embeddings": {
                "type": "PiecewiseLinearEmbeddingsV2",
                "d_embedding": 32
            }
        },
        "bins": {
            "n_bins": 66
        }
    },
    "n_parameters": 2197056,
    "prediction_type": "probs",
    "epoch_size": 107,
    "best_step": 642,
    "metrics": {
        "train": {
            "0": {
                "precision": 0.7832256847861958,
                "recall": 0.9867662956319272,
                "f1-score": 0.8732928919120662,
                "support": 84179.0
            },
            "1": {
                "precision": 0.6609860012172855,
                "recall": 0.08632064223829584,
                "f1-score": 0.15269966254218223,
                "support": 25162.0
            },
            "accuracy": 0.7795520436066983,
            "macro avg": {
                "precision": 0.7221058430017406,
                "recall": 0.5365434689351115,
                "f1-score": 0.5129962772271242,
                "support": 109341.0
            },
            "weighted avg": {
                "precision": 0.7550953867464767,
                "recall": 0.7795520436066983,
                "f1-score": 0.7074670183842493,
                "support": 109341.0
            },
            "cross-entropy": 0.4895313803874808,
            "roc-auc": 0.7061181835107098,
            "score": 0.7061181835107098
        },
        "val": {
            "0": {
                "precision": 0.6506044466987911,
                "recall": 0.9918803969583709,
                "f1-score": 0.7857872166632632,
                "support": 15518.0
            },
            "1": {
                "precision": 0.7910447761194029,
                "recall": 0.05455793205993366,
                "f1-score": 0.10207575433340466,
                "support": 8743.0
            },
            "accuracy": 0.6540950496681918,
            "macro avg": {
                "precision": 0.720824611409097,
                "recall": 0.5232191645091523,
                "f1-score": 0.44393148549833394,
                "support": 24261.0
            },
            "weighted avg": {
                "precision": 0.7012152953911125,
                "recall": 0.6540950496681918,
                "f1-score": 0.5393963294306696,
                "support": 24261.0
            },
            "cross-entropy": 0.9527974116868153,
            "roc-auc": 0.6243123528705312,
            "score": 0.6243123528705312
        },
        "test": {
            "0": {
                "precision": 0.6450279415142004,
                "recall": 0.9958633731237443,
                "f1-score": 0.7829399739825312,
                "support": 16922.0
            },
            "1": {
                "precision": 0.7872340425531915,
                "recall": 0.027168782125249133,
                "f1-score": 0.05252484283106875,
                "support": 9533.0
            },
            "accuracy": 0.6467964467964468,
            "macro avg": {
                "precision": 0.716130992033696,
                "recall": 0.5115160776244967,
                "f1-score": 0.4177324084068,
                "support": 26455.0
            },
            "weighted avg": {
                "precision": 0.6962715915313882,
                "recall": 0.6467964467964468,
                "f1-score": 0.5197365173479861,
                "support": 26455.0
            },
            "cross-entropy": 1.1480668507482241,
            "roc-auc": 0.5921655109969335,
            "score": 0.5921655109969335
        }
    },
    "time": "0:02:10.579272",
    "chunk_size": null,
    "eval_batch_size": 32768,
    "heads": [
        24
    ],
    "head_selection_time": "0:00:02.754282"
}