{
    "function": "bin.model.main",
    "gpus": [
        "NVIDIA GeForce RTX 4090"
    ],
    "config": {
        "seed": 6,
        "batch_size": 256,
        "patience": 16,
        "n_epochs": -1,
        "amp": true,
        "data": {
            "cache": true,
            "path": "data/regression-num-medium-1-pol",
            "num_policy": "noisy-quantile"
        },
        "optimizer": {
            "type": "AdamW",
            "lr": 0.00029315829767552357,
            "weight_decay": 6.547702956319005e-05
        },
        "model": {
            "arch_type": "tabr-pln",
            "k": 32,
            "context_size": 96,
            "d_main": 81,
            "context_dropout": 0.23234237888618078,
            "d_multiplier": 2.0,
            "encoder_n_blocks": 1,
            "predictor_n_blocks": 1,
            "mixer_normalization": "auto",
            "dropout0": 0.0,
            "dropout1": 0.0,
            "normalization": "LayerNorm",
            "activation": "ReLU",
            "num_embeddings": {
                "type": "PeriodicEmbeddings",
                "n_frequencies": 93,
                "frequency_init_scale": 0.1486807661799796,
                "d_embedding": 32,
                "lite": true
            }
        }
    },
    "n_parameters": 167649,
    "prediction_type": "labels",
    "epoch_size": 40,
    "best_step": 3480,
    "metrics": {
        "train": {
            "rmse": 1.5956730180232375,
            "mae": 0.7540487051010132,
            "r2": 0.9985252305885941,
            "score": -1.5956730180232375
        },
        "val": {
            "rmse": 2.8625700563078817,
            "mae": 1.1941043138504028,
            "r2": 0.9954385149968509,
            "score": -2.8625700563078817
        },
        "test": {
            "rmse": 2.7350388075395853,
            "mae": 1.1421006917953491,
            "r2": 0.9957406053584349,
            "score": -2.7350388075395853
        }
    },
    "time": "0:01:09.911332",
    "chunk_size": null,
    "eval_batch_size": 32768
}