{
    "function": "bin.model.main",
    "gpus": [
        "NVIDIA GeForce RTX 4090"
    ],
    "config": {
        "seed": 10,
        "batch_size": 64,
        "patience": 16,
        "n_epochs": -1,
        "gradient_clipping_norm": 1.0,
        "amp": true,
        "data": {
            "cache": true,
            "path": "data/classif-cat-medium-2-KDDCup09_upselling",
            "num_policy": "noisy-quantile",
            "cat_policy": "ordinal"
        },
        "optimizer": {
            "type": "AdamW",
            "lr": 0.0009234216332756218,
            "weight_decay": 0.006799275624842578
        },
        "model": {
            "arch_type": "tabrmv2-mini",
            "sample_rate": 0.1410225636123763,
            "k": 96,
            "backbone": {
                "n_blocks": 5,
                "d_block": 160,
                "dropout": 0.0
            },
            "num_embeddings": {
                "type": "PeriodicEmbeddings",
                "n_frequencies": 68,
                "d_embedding": 32,
                "frequency_init_scale": 0.13810317391210974,
                "lite": false
            }
        }
    },
    "n_parameters": 994600,
    "prediction_type": "probs",
    "epoch_size": 57,
    "best_step": 684,
    "metrics": {
        "train": {
            "0": {
                "precision": 0.7772069126576366,
                "recall": 0.9327354260089686,
                "f1-score": 0.8478980891719745,
                "support": 1784.0
            },
            "1": {
                "precision": 0.9171270718232044,
                "recall": 0.7357340720221607,
                "f1-score": 0.8164770980633261,
                "support": 1805.0
            },
            "accuracy": 0.83365840066871,
            "macro avg": {
                "precision": 0.8471669922404206,
                "recall": 0.8342347490155646,
                "f1-score": 0.8321875936176504,
                "support": 3589.0
            },
            "weighted avg": {
                "precision": 0.8475763435001694,
                "recall": 0.83365840066871,
                "f1-score": 0.8320956681769591,
                "support": 3589.0
            },
            "cross-entropy": 0.3084618553282306,
            "roc-auc": 0.9391976075425761,
            "score": 0.83365840066871
        },
        "val": {
            "0": {
                "precision": 0.782312925170068,
                "recall": 0.9311740890688259,
                "f1-score": 0.8502772643253235,
                "support": 247.0
            },
            "1": {
                "precision": 0.8975903614457831,
                "recall": 0.6995305164319249,
                "f1-score": 0.7862796833773087,
                "support": 213.0
            },
            "accuracy": 0.8239130434782609,
            "macro avg": {
                "precision": 0.8399516433079255,
                "recall": 0.8153523027503754,
                "f1-score": 0.818278473851316,
                "support": 460.0
            },
            "weighted avg": {
                "precision": 0.835691390228171,
                "recall": 0.8239130434782609,
                "f1-score": 0.8206436018428732,
                "support": 460.0
            },
            "cross-entropy": 0.3866930687998395,
            "roc-auc": 0.9063598867157059,
            "score": 0.8239130434782609
        },
        "test": {
            "0": {
                "precision": 0.7484276729559748,
                "recall": 0.896421845574388,
                "f1-score": 0.8157669237360754,
                "support": 531.0
            },
            "1": {
                "precision": 0.8752834467120182,
                "recall": 0.706959706959707,
                "f1-score": 0.7821681864235056,
                "support": 546.0
            },
            "accuracy": 0.8003714020427113,
            "macro avg": {
                "precision": 0.8118555598339965,
                "recall": 0.8016907762670475,
                "f1-score": 0.7989675550797906,
                "support": 1077.0
            },
            "weighted avg": {
                "precision": 0.8127389565871722,
                "recall": 0.8003714020427113,
                "f1-score": 0.7987335805859703,
                "support": 1077.0
            },
            "cross-entropy": 0.3712192269262822,
            "roc-auc": 0.8993519035891917,
            "score": 0.8003714020427113
        }
    },
    "time": "0:00:32.910309",
    "chunk_size": null,
    "eval_batch_size": 32768,
    "heads": [
        35
    ],
    "head_selection_time": "0:00:00.535701"
}