{
    "function": "bin.model.main",
    "gpus": [
        "NVIDIA GeForce RTX 4090"
    ],
    "config": {
        "seed": 1,
        "batch_size": 512,
        "patience": 16,
        "n_epochs": -1,
        "gradient_clipping_norm": 1.0,
        "amp": true,
        "data": {
            "cache": true,
            "path": "data/regression-num-large-0-year",
            "num_policy": "noisy-quantile"
        },
        "optimizer": {
            "type": "AdamW",
            "lr": 5.07903730191595e-05,
            "weight_decay": 0.0
        },
        "model": {
            "arch_type": "tabrmv3",
            "sample_rate": 0.40697759738266137,
            "k": 4,
            "backbone": {
                "embed_type": "tabr",
                "ensemble_type": "mini-resnet",
                "context_shuffle": false,
                "context_size": 256,
                "encoder_n_blocks": 0,
                "n_blocks": 2,
                "d_block": 176,
                "dropout": 0.3252430959271573
            },
            "num_embeddings": {
                "type": "PeriodicEmbeddings",
                "n_frequencies": 40,
                "d_embedding": 16,
                "frequency_init_scale": 0.1629004906698403,
                "lite": false
            }
        }
    },
    "n_parameters": 563060,
    "prediction_type": "labels",
    "epoch_size": 98,
    "best_step": 490,
    "metrics": {
        "train": {
            "rmse": 9.098216005616885,
            "mae": 6.399071216583252,
            "r2": 0.314775493612925,
            "score": -9.098216005616885
        },
        "val": {
            "rmse": 9.190814815092947,
            "mae": 6.525190353393555,
            "r2": 0.26824046092124376,
            "score": -9.190814815092947
        },
        "test": {
            "rmse": 9.315151579560865,
            "mae": 6.537339687347412,
            "r2": 0.26934812782706197,
            "score": -9.315151579560865
        }
    },
    "time": "0:01:26.095216",
    "chunk_size": null,
    "eval_batch_size": 32768
}