{
    "function": "bin.model.main",
    "gpus": [
        "NVIDIA GeForce RTX 4090"
    ],
    "config": {
        "seed": 0,
        "batch_size": 256,
        "patience": 16,
        "n_epochs": -1,
        "gradient_clipping_norm": 1.0,
        "amp": true,
        "data": {
            "cache": true,
            "path": "data/california",
            "num_policy": "noisy-quantile"
        },
        "optimizer": {
            "type": "AdamW",
            "lr": 0.0021351667826428706,
            "weight_decay": 0.0
        },
        "model": {
            "arch_type": "moe-sparse-shared",
            "backbone": {
                "k": 2,
                "n_blocks": 3,
                "d_block": 848,
                "dropout": 0.0,
                "moe_ratio": 0.75,
                "num_experts": 8
            },
            "num_embeddings": {
                "type": "PiecewiseLinearEmbeddingsV2",
                "d_embedding": 32
            }
        },
        "bins": {
            "n_bins": 127
        }
    },
    "n_parameters": 30479361,
    "prediction_type": "labels",
    "epoch_size": 52,
    "best_step": 1872,
    "metrics": {
        "train": {
            "rmse": 0.38452597963642243,
            "mae": 0.27311205863952637,
            "r2": 0.8902275240791427,
            "score": -0.38452597963642243
        },
        "val": {
            "rmse": 0.46125607876790947,
            "mae": 0.3103785216808319,
            "r2": 0.836826352315669,
            "score": -0.46125607876790947
        },
        "test": {
            "rmse": 0.45429030566988526,
            "mae": 0.31207528710365295,
            "r2": 0.8417279010371284,
            "score": -0.45429030566988526
        }
    },
    "time": "0:00:51.916539",
    "chunk_size": null,
    "eval_batch_size": 32768
}