{
    "function": "bin.model.main",
    "gpus": [
        "NVIDIA GeForce RTX 4090"
    ],
    "config": {
        "seed": 1,
        "batch_size": 256,
        "patience": 16,
        "n_epochs": -1,
        "gradient_clipping_norm": 1.0,
        "amp": true,
        "data": {
            "cache": true,
            "path": "data/regression-cat-medium-0-OnlineNewsPopularity",
            "num_policy": "noisy-quantile"
        },
        "optimizer": {
            "type": "AdamW",
            "lr": 0.0005385543161925761,
            "weight_decay": 0.0
        },
        "model": {
            "arch_type": "taba",
            "k": 128,
            "share_training_batches": false,
            "backbone": {
                "type": "MLP",
                "n_blocks": 2,
                "d_block": 576,
                "dropout": 0.19352240388594963
            },
            "num_embeddings": {
                "type": "PiecewiseLinearEmbeddingsV2",
                "d_embedding": 32
            }
        },
        "bins": {
            "n_bins": 9
        }
    },
    "n_parameters": 1342912,
    "prediction_type": "labels",
    "epoch_size": 40,
    "best_step": 2440,
    "metrics": {
        "train": {
            "rmse": 0.7785244892877068,
            "mae": 0.5781075954437256,
            "r2": 0.2999203528063398,
            "score": -0.7785244892877068
        },
        "val": {
            "rmse": 0.8471985737222151,
            "mae": 0.6291753649711609,
            "r2": 0.1487911642941503,
            "score": -0.8471985737222151
        },
        "test": {
            "rmse": 0.8642715711629941,
            "mae": 0.6399749517440796,
            "r2": 0.14395391772400734,
            "score": -0.8642715711629941
        }
    },
    "time": "0:01:12.974707",
    "chunk_size": null,
    "eval_batch_size": 16384,
    "heads": [
        67
    ],
    "head_selection_time": "0:00:00.145412"
}