{
    "function": "bin.model.main",
    "gpus": [
        "NVIDIA GeForce RTX 4090"
    ],
    "config": {
        "seed": 8,
        "batch_size": 512,
        "patience": 16,
        "n_epochs": -1,
        "gradient_clipping_norm": 1.0,
        "amp": true,
        "data": {
            "cache": true,
            "path": "data/classif-num-large-0-jannis",
            "num_policy": "noisy-quantile"
        },
        "optimizer": {
            "type": "AdamW",
            "lr": 0.001945476703008809,
            "weight_decay": 0.038885595252970674
        },
        "model": {
            "arch_type": "taba",
            "k": 32,
            "share_training_batches": false,
            "backbone": {
                "type": "MLP",
                "n_blocks": 8,
                "d_block": 416,
                "dropout": 0.0
            },
            "num_embeddings": {
                "type": "PiecewiseLinearEmbeddingsV2",
                "d_embedding": 24
            }
        },
        "bins": {
            "n_bins": 2
        }
    },
    "n_parameters": 810864,
    "prediction_type": "probs",
    "epoch_size": 79,
    "best_step": 3555,
    "metrics": {
        "train": {
            "0": {
                "precision": 0.8593553788195898,
                "recall": 0.8140768277571252,
                "f1-score": 0.8361035457021407,
                "support": 20175.0
            },
            "1": {
                "precision": 0.8230159479097858,
                "recall": 0.8664745914261587,
                "f1-score": 0.8441863278886872,
                "support": 20131.0
            },
            "accuracy": 0.8402471096114722,
            "macro avg": {
                "precision": 0.8411856633646878,
                "recall": 0.840275709591642,
                "f1-score": 0.8401449367954139,
                "support": 40306.0
            },
            "weighted avg": {
                "precision": 0.8412054983143235,
                "recall": 0.8402471096114722,
                "f1-score": 0.840140525015329,
                "support": 40306.0
            },
            "cross-entropy": 0.3705597875726439,
            "roc-auc": 0.9189031681396396,
            "score": 0.8402471096114722
        },
        "val": {
            "0": {
                "precision": 0.8290133779264214,
                "recall": 0.7734009360374415,
                "f1-score": 0.8002421307506054,
                "support": 2564.0
            },
            "1": {
                "precision": 0.7917562724014336,
                "recall": 0.8437738731856379,
                "f1-score": 0.8169378698224853,
                "support": 2618.0
            },
            "accuracy": 0.8089540717869549,
            "macro avg": {
                "precision": 0.8103848251639275,
                "recall": 0.8085874046115398,
                "f1-score": 0.8085900002865454,
                "support": 5182.0
            },
            "weighted avg": {
                "precision": 0.8101907028464488,
                "recall": 0.8089540717869549,
                "f1-score": 0.8086769908220415,
                "support": 5182.0
            },
            "cross-entropy": 0.43532975986875827,
            "roc-auc": 0.8783419480400302,
            "score": 0.8089540717869549
        },
        "test": {
            "0": {
                "precision": 0.8151872399445215,
                "recall": 0.7770616427036854,
                "f1-score": 0.7956679922159235,
                "support": 6051.0
            },
            "1": {
                "precision": 0.786685641998735,
                "recall": 0.8235391491474922,
                "f1-score": 0.8046906591184796,
                "support": 6041.0
            },
            "accuracy": 0.8002811776381078,
            "macro avg": {
                "precision": 0.8009364409716282,
                "recall": 0.8003003959255888,
                "f1-score": 0.8001793256672016,
                "support": 12092.0
            },
            "weighted avg": {
                "precision": 0.8009482262833822,
                "recall": 0.8002811776381078,
                "f1-score": 0.8001755948257765,
                "support": 12092.0
            },
            "cross-entropy": 0.4401626748150765,
            "roc-auc": 0.8760533396932234,
            "score": 0.8002811776381078
        }
    },
    "time": "0:00:52.081671",
    "chunk_size": null,
    "eval_batch_size": 32768
}