{
    "function": "bin.ensemble.main",
    "config": {
        "seeds": [
            10,
            11,
            12,
            13,
            14
        ],
        "data": {
            "path": "data/regression-num-large-0-year"
        }
    },
    "single_model_function": "bin.model.main",
    "prediction_type": "labels",
    "metrics": {
        "train": {
            "rmse": 8.146043961737654,
            "mae": 5.749978065490723,
            "r2": 0.4506945004604911,
            "score": -8.146043961737654
        },
        "val": {
            "rmse": 8.8017490902854,
            "mae": 6.13339376449585,
            "r2": 0.3288829223977804,
            "score": -8.8017490902854
        },
        "test": {
            "rmse": 8.900361265929742,
            "mae": 6.147414684295654,
            "r2": 0.3329691649234424,
            "score": -8.900361265929742
        }
    }
}