{
    "function": "bin.ensemble.main",
    "config": {
        "seeds": [
            10,
            11,
            12,
            13,
            14
        ],
        "data": {
            "path": "data/classif-num-medium-3-phoneme"
        }
    },
    "single_model_function": "bin.model.main",
    "prediction_type": "probs",
    "metrics": {
        "train": {
            "0": {
                "precision": 1.0,
                "recall": 1.0,
                "f1-score": 1.0,
                "support": 1144.0
            },
            "1": {
                "precision": 1.0,
                "recall": 1.0,
                "f1-score": 1.0,
                "support": 1076.0
            },
            "accuracy": 1.0,
            "macro avg": {
                "precision": 1.0,
                "recall": 1.0,
                "f1-score": 1.0,
                "support": 2220.0
            },
            "weighted avg": {
                "precision": 1.0,
                "recall": 1.0,
                "f1-score": 1.0,
                "support": 2220.0
            },
            "cross-entropy": 0.0017897444118177206,
            "roc-auc": 1.0,
            "score": 1.0
        },
        "val": {
            "0": {
                "precision": 0.8778625954198473,
                "recall": 0.8712121212121212,
                "f1-score": 0.8745247148288973,
                "support": 132.0
            },
            "1": {
                "precision": 0.8896103896103896,
                "recall": 0.8954248366013072,
                "f1-score": 0.8925081433224756,
                "support": 153.0
            },
            "accuracy": 0.8842105263157894,
            "macro avg": {
                "precision": 0.8837364925151185,
                "recall": 0.8833184789067142,
                "f1-score": 0.8835164290756865,
                "support": 285.0
            },
            "weighted avg": {
                "precision": 0.8841693059852963,
                "recall": 0.8842105263157894,
                "f1-score": 0.8841789764412393,
                "support": 285.0
            },
            "cross-entropy": 0.5188609764897228,
            "roc-auc": 0.9530104971281441,
            "score": 0.8842105263157894
        },
        "test": {
            "0": {
                "precision": 0.9074733096085409,
                "recall": 0.8225806451612904,
                "f1-score": 0.8629441624365483,
                "support": 310.0
            },
            "1": {
                "precision": 0.8575129533678757,
                "recall": 0.927170868347339,
                "f1-score": 0.8909825033647375,
                "support": 357.0
            },
            "accuracy": 0.8785607196401799,
            "macro avg": {
                "precision": 0.8824931314882083,
                "recall": 0.8748757567543146,
                "f1-score": 0.8769633329006429,
                "support": 667.0
            },
            "weighted avg": {
                "precision": 0.880732909041948,
                "recall": 0.8785607196401799,
                "f1-score": 0.877951190489567,
                "support": 667.0
            },
            "cross-entropy": 0.6408456070090971,
            "roc-auc": 0.9399837354296557,
            "score": 0.8785607196401799
        }
    }
}