{
    "function": "bin.model.main",
    "gpus": [
        "NVIDIA GeForce RTX 4090"
    ],
    "config": {
        "seed": 0,
        "batch_size": 256,
        "patience": 16,
        "n_epochs": -1,
        "gradient_clipping_norm": 1.0,
        "amp": true,
        "data": {
            "cache": true,
            "path": "data/adult",
            "num_policy": "noisy-quantile",
            "cat_policy": "ordinal"
        },
        "optimizer": {
            "type": "AdamW",
            "lr": 5.673615291612606e-05,
            "weight_decay": 0.00922319812959249
        },
        "model": {
            "arch_type": "tabrmv3",
            "sample_rate": 0.26493727876539597,
            "k": 4,
            "backbone": {
                "embed_type": "tabr",
                "ensemble_type": "shared-resnet",
                "context_shuffle": false,
                "context_size": 256,
                "encoder_n_blocks": 0,
                "n_blocks": 2,
                "d_block": 416,
                "dropout": 0.0
            },
            "num_embeddings": {
                "type": "PeriodicEmbeddings",
                "n_frequencies": 96,
                "d_embedding": 28,
                "frequency_init_scale": 9.84044520953713,
                "lite": false
            }
        }
    },
    "n_parameters": 1191984,
    "prediction_type": "probs",
    "epoch_size": 102,
    "best_step": 1428,
    "metrics": {
        "train": {
            "0": {
                "precision": 0.9055194963642574,
                "recall": 0.9383059418457649,
                "f1-score": 0.9216212188943526,
                "support": 19775.0
            },
            "1": {
                "precision": 0.7804570811588987,
                "recall": 0.6913757372867846,
                "f1-score": 0.7332206255283178,
                "support": 6273.0
            },
            "accuracy": 0.8788390663390664,
            "macro avg": {
                "precision": 0.842988288761578,
                "recall": 0.8148408395662747,
                "f1-score": 0.8274209222113351,
                "support": 26048.0
            },
            "weighted avg": {
                "precision": 0.8754013863142261,
                "recall": 0.8788390663390664,
                "f1-score": 0.8762497154320853,
                "support": 26048.0
            },
            "cross-entropy": 0.2653242235377041,
            "roc-auc": 0.9358598597363975,
            "score": 0.8788390663390664
        },
        "val": {
            "0": {
                "precision": 0.8967254408060453,
                "recall": 0.9358948432760364,
                "f1-score": 0.9158915495745102,
                "support": 4945.0
            },
            "1": {
                "precision": 0.7655325443786982,
                "recall": 0.6600765306122449,
                "f1-score": 0.7089041095890412,
                "support": 1568.0
            },
            "accuracy": 0.8694917856594503,
            "macro avg": {
                "precision": 0.8311289925923717,
                "recall": 0.7979856869441406,
                "f1-score": 0.8123978295817758,
                "support": 6513.0
            },
            "weighted avg": {
                "precision": 0.8651408466715328,
                "recall": 0.8694917856594503,
                "f1-score": 0.8660594743561445,
                "support": 6513.0
            },
            "cross-entropy": 0.29701059983091105,
            "roc-auc": 0.9202130321289282,
            "score": 0.8694917856594503
        },
        "test": {
            "0": {
                "precision": 0.9001320183272501,
                "recall": 0.9321270607157217,
                "f1-score": 0.9158501896333755,
                "support": 12435.0
            },
            "1": {
                "precision": 0.7520564042303173,
                "recall": 0.6656266250650026,
                "f1-score": 0.7062068965517242,
                "support": 3846.0
            },
            "accuracy": 0.869172655242307,
            "macro avg": {
                "precision": 0.8260942112787837,
                "recall": 0.7988768428903621,
                "f1-score": 0.8110285430925499,
                "support": 16281.0
            },
            "weighted avg": {
                "precision": 0.8651526674386804,
                "recall": 0.869172655242307,
                "f1-score": 0.8663269352146032,
                "support": 16281.0
            },
            "cross-entropy": 0.2907120329670122,
            "roc-auc": 0.9214418460132052,
            "score": 0.869172655242307
        }
    },
    "time": "0:01:10.026930",
    "chunk_size": null,
    "eval_batch_size": 8192,
    "heads": [
        2,
        0,
        1
    ],
    "head_selection_time": "0:00:00.355873"
}