{
    "function": "bin.model.main",
    "gpus": [
        "NVIDIA GeForce RTX 4090"
    ],
    "config": {
        "seed": 4,
        "batch_size": 32,
        "patience": 16,
        "n_epochs": -1,
        "gradient_clipping_norm": 1.0,
        "amp": true,
        "data": {
            "cache": true,
            "path": "data/classif-num-medium-3-wine",
            "num_policy": "noisy-quantile"
        },
        "optimizer": {
            "type": "AdamW",
            "lr": 0.002068251312425082,
            "weight_decay": 0.003550106373497181
        },
        "model": {
            "arch_type": "taba",
            "k": 32,
            "share_training_batches": false,
            "backbone": {
                "type": "MLP",
                "n_blocks": 9,
                "d_block": 896,
                "dropout": 0.020226599032315322
            },
            "num_embeddings": {
                "type": "PiecewiseLinearEmbeddingsV2",
                "d_embedding": 16
            }
        },
        "bins": {
            "n_bins": 2
        }
    },
    "n_parameters": 708688,
    "prediction_type": "probs",
    "epoch_size": 56,
    "best_step": 2688,
    "metrics": {
        "train": {
            "0": {
                "precision": 0.9213349225268176,
                "recall": 0.8579356270810211,
                "f1-score": 0.8885057471264368,
                "support": 901.0
            },
            "1": {
                "precision": 0.8649789029535865,
                "recall": 0.9255079006772009,
                "f1-score": 0.8942202835332607,
                "support": 886.0
            },
            "accuracy": 0.8914381645215445,
            "macro avg": {
                "precision": 0.893156912740202,
                "recall": 0.8917217638791111,
                "f1-score": 0.8913630153298487,
                "support": 1787.0
            },
            "weighted avg": {
                "precision": 0.8933934377244209,
                "recall": 0.8914381645215445,
                "f1-score": 0.8913390315452651,
                "support": 1787.0
            },
            "cross-entropy": 0.27711609760492933,
            "roc-auc": 0.9619910658586021,
            "score": 0.8914381645215445
        },
        "val": {
            "0": {
                "precision": 0.819047619047619,
                "recall": 0.7610619469026548,
                "f1-score": 0.7889908256880733,
                "support": 113.0
            },
            "1": {
                "precision": 0.784,
                "recall": 0.8376068376068376,
                "f1-score": 0.809917355371901,
                "support": 117.0
            },
            "accuracy": 0.8,
            "macro avg": {
                "precision": 0.8015238095238095,
                "recall": 0.7993343922547462,
                "f1-score": 0.7994540905299872,
                "support": 230.0
            },
            "weighted avg": {
                "precision": 0.8012190476190476,
                "recall": 0.8,
                "f1-score": 0.7996360603533249,
                "support": 230.0
            },
            "cross-entropy": 0.4819415615760918,
            "roc-auc": 0.8522804628999319,
            "score": 0.8
        },
        "test": {
            "0": {
                "precision": 0.8146551724137931,
                "recall": 0.7186311787072244,
                "f1-score": 0.7636363636363638,
                "support": 263.0
            },
            "1": {
                "precision": 0.7573770491803279,
                "recall": 0.843065693430657,
                "f1-score": 0.7979274611398963,
                "support": 274.0
            },
            "accuracy": 0.7821229050279329,
            "macro avg": {
                "precision": 0.7860161107970605,
                "recall": 0.7808484360689407,
                "f1-score": 0.7807819123881301,
                "support": 537.0
            },
            "weighted avg": {
                "precision": 0.7854294633523975,
                "recall": 0.7821229050279329,
                "f1-score": 0.7811331247461737,
                "support": 537.0
            },
            "cross-entropy": 0.4774258728277371,
            "roc-auc": 0.8584413421775693,
            "score": 0.7821229050279329
        }
    },
    "time": "0:00:38.583562",
    "chunk_size": null,
    "eval_batch_size": 32768
}