{
    "function": "bin.model.main",
    "gpus": [
        "NVIDIA GeForce RTX 4090"
    ],
    "config": {
        "seed": 13,
        "batch_size": 32,
        "patience": 16,
        "n_epochs": -1,
        "gradient_clipping_norm": 1.0,
        "amp": true,
        "data": {
            "cache": true,
            "path": "data/classif-num-medium-0-wine",
            "num_policy": "noisy-quantile"
        },
        "optimizer": {
            "type": "AdamW",
            "lr": 3.2244470960403236e-05,
            "weight_decay": 0.0
        },
        "model": {
            "arch_type": "tabrmv2",
            "sample_rate": 0.3367356328840785,
            "k": 64,
            "backbone": {
                "n_blocks": 1,
                "d_block": 512,
                "dropout": 0.026426174765291365
            },
            "num_embeddings": {
                "type": "PeriodicEmbeddings",
                "n_frequencies": 92,
                "d_embedding": 16,
                "frequency_init_scale": 0.02262736960730916,
                "lite": false
            }
        }
    },
    "n_parameters": 2027940,
    "prediction_type": "probs",
    "epoch_size": 56,
    "best_step": 672,
    "metrics": {
        "train": {
            "0": {
                "precision": 0.793465577596266,
                "recall": 0.7589285714285714,
                "f1-score": 0.775812892184826,
                "support": 896.0
            },
            "1": {
                "precision": 0.7677419354838709,
                "recall": 0.8013468013468014,
                "f1-score": 0.7841845140032949,
                "support": 891.0
            },
            "accuracy": 0.7800783435926133,
            "macro avg": {
                "precision": 0.7806037565400685,
                "recall": 0.7801376863876863,
                "f1-score": 0.7799987030940605,
                "support": 1787.0
            },
            "weighted avg": {
                "precision": 0.7806397437282503,
                "recall": 0.7800783435926133,
                "f1-score": 0.779986991256038,
                "support": 1787.0
            },
            "cross-entropy": 0.4617680485472495,
            "roc-auc": 0.8611136163219497,
            "score": 0.7800783435926133
        },
        "val": {
            "0": {
                "precision": 0.808695652173913,
                "recall": 0.8532110091743119,
                "f1-score": 0.8303571428571428,
                "support": 109.0
            },
            "1": {
                "precision": 0.8608695652173913,
                "recall": 0.8181818181818182,
                "f1-score": 0.8389830508474576,
                "support": 121.0
            },
            "accuracy": 0.8347826086956521,
            "macro avg": {
                "precision": 0.8347826086956522,
                "recall": 0.8356964136780651,
                "f1-score": 0.8346700968523002,
                "support": 230.0
            },
            "weighted avg": {
                "precision": 0.8361436672967865,
                "recall": 0.8347826086956521,
                "f1-score": 0.8348951205390042,
                "support": 230.0
            },
            "cross-entropy": 0.41145420070000954,
            "roc-auc": 0.9055652437637426,
            "score": 0.8347826086956521
        },
        "test": {
            "0": {
                "precision": 0.7824427480916031,
                "recall": 0.7536764705882353,
                "f1-score": 0.7677902621722845,
                "support": 272.0
            },
            "1": {
                "precision": 0.7563636363636363,
                "recall": 0.7849056603773585,
                "f1-score": 0.7703703703703704,
                "support": 265.0
            },
            "accuracy": 0.7690875232774674,
            "macro avg": {
                "precision": 0.7694031922276197,
                "recall": 0.7692910654827969,
                "f1-score": 0.7690803162713274,
                "support": 537.0
            },
            "weighted avg": {
                "precision": 0.7695731678161633,
                "recall": 0.7690875232774674,
                "f1-score": 0.7690634999236676,
                "support": 537.0
            },
            "cross-entropy": 0.5020803192215338,
            "roc-auc": 0.8324014983351831,
            "score": 0.7690875232774674
        }
    },
    "time": "0:00:26.643808",
    "chunk_size": null,
    "eval_batch_size": 32768,
    "heads": [
        4
    ],
    "head_selection_time": "0:00:00.340889"
}