{
    "function": "bin.model.main",
    "gpus": [
        "NVIDIA GeForce RTX 4090"
    ],
    "config": {
        "seed": 8,
        "batch_size": 256,
        "patience": 16,
        "n_epochs": -1,
        "gradient_clipping_norm": 1.0,
        "amp": true,
        "data": {
            "cache": true,
            "path": "data/regression-cat-medium-0-Brazilian_houses",
            "num_policy": "noisy-quantile",
            "cat_policy": "ordinal"
        },
        "optimizer": {
            "type": "AdamW",
            "lr": 0.0005980329292949754,
            "weight_decay": 0.0013197440348934788
        },
        "model": {
            "arch_type": "tabrmv2-mini",
            "sample_rate": 0.3519593476955899,
            "k": 128,
            "backbone": {
                "n_blocks": 4,
                "d_block": 480,
                "dropout": 0.0
            },
            "num_embeddings": {
                "type": "PeriodicEmbeddings",
                "n_frequencies": 96,
                "d_embedding": 16,
                "frequency_init_scale": 0.41284865592001324,
                "lite": false
            }
        }
    },
    "n_parameters": 4491520,
    "prediction_type": "labels",
    "epoch_size": 30,
    "best_step": 1020,
    "metrics": {
        "train": {
            "rmse": 0.030655517685974923,
            "mae": 0.024222271516919136,
            "r2": 0.9985402483172287,
            "score": -0.030655517685974923
        },
        "val": {
            "rmse": 0.07120525973604187,
            "mae": 0.02680552937090397,
            "r2": 0.9921431673092839,
            "score": -0.07120525973604187
        },
        "test": {
            "rmse": 0.03434150741217375,
            "mae": 0.02490934543311596,
            "r2": 0.9980704749647948,
            "score": -0.03434150741217375
        }
    },
    "time": "0:00:36.552732",
    "chunk_size": null,
    "eval_batch_size": 32768
}