{
    "function": "bin.ensemble.main",
    "config": {
        "seeds": [
            0,
            1,
            2,
            3,
            4
        ],
        "data": {
            "path": "data/classif-num-medium-0-kdd_ipums_la_97-small"
        }
    },
    "single_model_function": "bin.model.main",
    "prediction_type": "probs",
    "metrics": {
        "train": {
            "0": {
                "precision": 0.9676395939086294,
                "recall": 0.8333333333333334,
                "f1-score": 0.8954785672342924,
                "support": 1830.0
            },
            "1": {
                "precision": 0.851581508515815,
                "recall": 0.971682398667407,
                "f1-score": 0.9076763485477177,
                "support": 1801.0
            },
            "accuracy": 0.9019553841916828,
            "macro avg": {
                "precision": 0.9096105512122222,
                "recall": 0.9025078660003703,
                "f1-score": 0.9015774578910051,
                "support": 3631.0
            },
            "weighted avg": {
                "precision": 0.9100740164389355,
                "recall": 0.9019553841916828,
                "f1-score": 0.9015287473900289,
                "support": 3631.0
            },
            "cross-entropy": 0.23592810921852936,
            "roc-auc": 0.9604497197974411,
            "score": 0.9019553841916828
        },
        "val": {
            "0": {
                "precision": 0.9587155963302753,
                "recall": 0.8636363636363636,
                "f1-score": 0.908695652173913,
                "support": 242.0
            },
            "1": {
                "precision": 0.8674698795180723,
                "recall": 0.96,
                "f1-score": 0.9113924050632911,
                "support": 225.0
            },
            "accuracy": 0.9100642398286938,
            "macro avg": {
                "precision": 0.9130927379241738,
                "recall": 0.9118181818181819,
                "f1-score": 0.910044028618602,
                "support": 467.0
            },
            "weighted avg": {
                "precision": 0.9147535272023402,
                "recall": 0.9100642398286938,
                "f1-score": 0.9099949442512365,
                "support": 467.0
            },
            "cross-entropy": 0.25008281116681735,
            "roc-auc": 0.9562901744719926,
            "score": 0.9100642398286938
        },
        "test": {
            "0": {
                "precision": 0.9210526315789473,
                "recall": 0.8045977011494253,
                "f1-score": 0.8588957055214723,
                "support": 522.0
            },
            "1": {
                "precision": 0.8391167192429022,
                "recall": 0.9366197183098591,
                "f1-score": 0.8851913477537438,
                "support": 568.0
            },
            "accuracy": 0.8733944954128441,
            "macro avg": {
                "precision": 0.8800846754109248,
                "recall": 0.8706087097296422,
                "f1-score": 0.8720435266376081,
                "support": 1090.0
            },
            "weighted avg": {
                "precision": 0.8783557524900725,
                "recall": 0.8733944954128441,
                "f1-score": 0.8725983888131514,
                "support": 1090.0
            },
            "cross-entropy": 0.2935985961477246,
            "roc-auc": 0.9406771086287842,
            "score": 0.8733944954128441
        }
    }
}