{
    "function": "bin.model.main",
    "gpus": [
        "NVIDIA GeForce RTX 4090"
    ],
    "config": {
        "seed": 9,
        "batch_size": 64,
        "patience": 16,
        "n_epochs": -1,
        "gradient_clipping_norm": 1.0,
        "amp": true,
        "data": {
            "cache": true,
            "path": "data/classif-num-medium-1-kdd_ipums_la_97-small",
            "num_policy": "noisy-quantile"
        },
        "optimizer": {
            "type": "AdamW",
            "lr": 7.29032639928878e-05,
            "weight_decay": 0.0
        },
        "model": {
            "arch_type": "tabrmv3",
            "sample_rate": 0.13308929330640162,
            "k": 4,
            "backbone": {
                "embed_type": "tabr",
                "ensemble_type": "shared-resnet",
                "context_shuffle": false,
                "context_size": 192,
                "encoder_n_blocks": 0,
                "n_blocks": 1,
                "d_block": 976,
                "dropout": 0.2587489251039819
            },
            "num_embeddings": {
                "type": "PeriodicEmbeddings",
                "n_frequencies": 56,
                "d_embedding": 24,
                "frequency_init_scale": 0.42963464694665887,
                "lite": false
            }
        }
    },
    "n_parameters": 4349768,
    "prediction_type": "probs",
    "epoch_size": 57,
    "best_step": 456,
    "metrics": {
        "train": {
            "0": {
                "precision": 0.977657413676371,
                "recall": 0.8031145717463849,
                "f1-score": 0.8818320610687023,
                "support": 1798.0
            },
            "1": {
                "precision": 0.8356545961002786,
                "recall": 0.9819967266775778,
                "f1-score": 0.9029345372460497,
                "support": 1833.0
            },
            "accuracy": 0.8934177912420821,
            "macro avg": {
                "precision": 0.9066560048883248,
                "recall": 0.8925556492119813,
                "f1-score": 0.8923832991573759,
                "support": 3631.0
            },
            "weighted avg": {
                "precision": 0.905971606841621,
                "recall": 0.8934177912420821,
                "f1-score": 0.8924850048398612,
                "support": 3631.0
            },
            "cross-entropy": 0.25329309992260385,
            "roc-auc": 0.9576279517703796,
            "score": 0.8934177912420821
        },
        "val": {
            "0": {
                "precision": 0.975609756097561,
                "recall": 0.8658008658008658,
                "f1-score": 0.9174311926605504,
                "support": 231.0
            },
            "1": {
                "precision": 0.8816793893129771,
                "recall": 0.9788135593220338,
                "f1-score": 0.927710843373494,
                "support": 236.0
            },
            "accuracy": 0.9229122055674518,
            "macro avg": {
                "precision": 0.928644572705269,
                "recall": 0.9223072125614498,
                "f1-score": 0.9225710180170221,
                "support": 467.0
            },
            "weighted avg": {
                "precision": 0.9281417334826534,
                "recall": 0.9229122055674518,
                "f1-score": 0.9226260482670915,
                "support": 467.0
            },
            "cross-entropy": 0.24016252892119397,
            "roc-auc": 0.9463460268545014,
            "score": 0.9229122055674518
        },
        "test": {
            "0": {
                "precision": 0.964509394572025,
                "recall": 0.8176991150442477,
                "f1-score": 0.8850574712643677,
                "support": 565.0
            },
            "1": {
                "precision": 0.8314238952536824,
                "recall": 0.9676190476190476,
                "f1-score": 0.8943661971830984,
                "support": 525.0
            },
            "accuracy": 0.8899082568807339,
            "macro avg": {
                "precision": 0.8979666449128537,
                "recall": 0.8926590813316477,
                "f1-score": 0.8897118342237331,
                "support": 1090.0
            },
            "weighted avg": {
                "precision": 0.9004085806801628,
                "recall": 0.8899082568807339,
                "f1-score": 0.8895410319132977,
                "support": 1090.0
            },
            "cross-entropy": 0.2774041156613178,
            "roc-auc": 0.94346396965866,
            "score": 0.8899082568807339
        }
    },
    "time": "0:00:25.607754",
    "chunk_size": null,
    "eval_batch_size": 32768
}