{
    "function": "bin.ensemble.main",
    "config": {
        "seeds": [
            10,
            11,
            12,
            13,
            14
        ],
        "data": {
            "path": "data/classif-num-medium-0-MagicTelescope"
        }
    },
    "single_model_function": "bin.model.main",
    "prediction_type": "probs",
    "metrics": {
        "train": {
            "0": {
                "precision": 0.8623980910717837,
                "recall": 0.9200254560882478,
                "f1-score": 0.8902802011700709,
                "support": 4714.0
            },
            "1": {
                "precision": 0.9130133825565298,
                "recall": 0.8511507851150785,
                "f1-score": 0.8809974396081487,
                "support": 4649.0
            },
            "accuracy": 0.8858271921392716,
            "macro avg": {
                "precision": 0.8877057368141568,
                "recall": 0.8855881206016631,
                "f1-score": 0.8856388203891098,
                "support": 9363.0
            },
            "weighted avg": {
                "precision": 0.8875300455855704,
                "recall": 0.8858271921392716,
                "f1-score": 0.8856710418726902,
                "support": 9363.0
            },
            "cross-entropy": 0.2634912708802725,
            "roc-auc": 0.9553172825703367,
            "score": 0.8858271921392716
        },
        "val": {
            "0": {
                "precision": 0.8488745980707395,
                "recall": 0.9087779690189329,
                "f1-score": 0.8778054862842893,
                "support": 581.0
            },
            "1": {
                "precision": 0.9087779690189329,
                "recall": 0.8488745980707395,
                "f1-score": 0.8778054862842893,
                "support": 622.0
            },
            "accuracy": 0.8778054862842892,
            "macro avg": {
                "precision": 0.8788262835448362,
                "recall": 0.8788262835448362,
                "f1-score": 0.8778054862842893,
                "support": 1203.0
            },
            "weighted avg": {
                "precision": 0.8798470808053832,
                "recall": 0.8778054862842892,
                "f1-score": 0.8778054862842892,
                "support": 1203.0
            },
            "cross-entropy": 0.2881889610953128,
            "roc-auc": 0.9462231101715083,
            "score": 0.8778054862842892
        },
        "test": {
            "0": {
                "precision": 0.8385800401875418,
                "recall": 0.8987796123474515,
                "f1-score": 0.8676368676368676,
                "support": 1393.0
            },
            "1": {
                "precision": 0.8929384965831435,
                "recall": 0.8299223712067749,
                "f1-score": 0.8602779809802488,
                "support": 1417.0
            },
            "accuracy": 0.8640569395017793,
            "macro avg": {
                "precision": 0.8657592683853427,
                "recall": 0.8643509917771133,
                "f1-score": 0.8639574243085582,
                "support": 2810.0
            },
            "weighted avg": {
                "precision": 0.8659914041421922,
                "recall": 0.8640569395017793,
                "f1-score": 0.8639259984580673,
                "support": 2810.0
            },
            "cross-entropy": 0.32491323341997275,
            "roc-auc": 0.9332173520085558,
            "score": 0.8640569395017793
        }
    }
}