{
    "function": "bin.model.main",
    "gpus": [
        "NVIDIA GeForce RTX 4090"
    ],
    "config": {
        "seed": 13,
        "batch_size": 64,
        "patience": 16,
        "n_epochs": -1,
        "amp": true,
        "data": {
            "cache": true,
            "path": "data/classif-num-medium-0-kdd_ipums_la_97-small",
            "num_policy": "noisy-quantile"
        },
        "optimizer": {
            "type": "AdamW",
            "lr": 0.0004187831140248399,
            "weight_decay": 0.0
        },
        "model": {
            "arch_type": "tabr-pln",
            "k": 32,
            "context_size": 96,
            "d_main": 105,
            "context_dropout": 0.0,
            "d_multiplier": 2.0,
            "encoder_n_blocks": 1,
            "predictor_n_blocks": 2,
            "mixer_normalization": "auto",
            "dropout0": 0.0,
            "dropout1": 0.0,
            "normalization": "LayerNorm",
            "activation": "ReLU",
            "num_embeddings": {
                "type": "PeriodicEmbeddings",
                "n_frequencies": 33,
                "frequency_init_scale": 0.042439966207577375,
                "d_embedding": 59,
                "lite": true
            }
        }
    },
    "n_parameters": 331585,
    "prediction_type": "probs",
    "epoch_size": 57,
    "best_step": 627,
    "metrics": {
        "train": {
            "0": {
                "precision": 0.9646241313960834,
                "recall": 0.8344262295081967,
                "f1-score": 0.8948139466744799,
                "support": 1830.0
            },
            "1": {
                "precision": 0.85205078125,
                "recall": 0.968906163242643,
                "f1-score": 0.9067290205248116,
                "support": 1801.0
            },
            "accuracy": 0.9011291655191407,
            "macro avg": {
                "precision": 0.9083374563230417,
                "recall": 0.9016661963754198,
                "f1-score": 0.9007714835996458,
                "support": 3631.0
            },
            "weighted avg": {
                "precision": 0.9087870056419947,
                "recall": 0.9011291655191407,
                "f1-score": 0.9007239020598964,
                "support": 3631.0
            },
            "cross-entropy": 0.24170882399636767,
            "roc-auc": 0.9546012688761253,
            "score": 0.9011291655191407
        },
        "val": {
            "0": {
                "precision": 0.9585253456221198,
                "recall": 0.859504132231405,
                "f1-score": 0.906318082788671,
                "support": 242.0
            },
            "1": {
                "precision": 0.864,
                "recall": 0.96,
                "f1-score": 0.9094736842105263,
                "support": 225.0
            },
            "accuracy": 0.9079229122055674,
            "macro avg": {
                "precision": 0.9112626728110599,
                "recall": 0.9097520661157025,
                "f1-score": 0.9078958834995987,
                "support": 467.0
            },
            "weighted avg": {
                "precision": 0.9129831555472226,
                "recall": 0.9079229122055674,
                "f1-score": 0.9078384474994149,
                "support": 467.0
            },
            "cross-entropy": 0.2470316387613489,
            "roc-auc": 0.9592378328741965,
            "score": 0.9079229122055674
        },
        "test": {
            "0": {
                "precision": 0.9177489177489178,
                "recall": 0.8122605363984674,
                "f1-score": 0.8617886178861789,
                "support": 522.0
            },
            "1": {
                "precision": 0.8439490445859873,
                "recall": 0.9330985915492958,
                "f1-score": 0.88628762541806,
                "support": 568.0
            },
            "accuracy": 0.8752293577981651,
            "macro avg": {
                "precision": 0.8808489811674525,
                "recall": 0.8726795639738816,
                "f1-score": 0.8740381216521195,
                "support": 1090.0
            },
            "weighted avg": {
                "precision": 0.8792917361374091,
                "recall": 0.8752293577981651,
                "f1-score": 0.8745550731871959,
                "support": 1090.0
            },
            "cross-entropy": 0.2843376166164013,
            "roc-auc": 0.9424528492795856,
            "score": 0.8752293577981651
        }
    },
    "time": "0:00:27.816399",
    "chunk_size": null,
    "eval_batch_size": 32768,
    "heads": [
        0
    ],
    "head_selection_time": "0:00:00.186716"
}