{
    "function": "bin.ensemble.main",
    "config": {
        "seeds": [
            0,
            1,
            2,
            3,
            4
        ],
        "data": {
            "path": "data/classif-num-medium-1-phoneme"
        }
    },
    "single_model_function": "bin.model.main",
    "prediction_type": "probs",
    "metrics": {
        "train": {
            "0": {
                "precision": 0.9990892531876139,
                "recall": 0.9990892531876139,
                "f1-score": 0.9990892531876139,
                "support": 1098.0
            },
            "1": {
                "precision": 0.9991087344028521,
                "recall": 0.9991087344028521,
                "f1-score": 0.9991087344028521,
                "support": 1122.0
            },
            "accuracy": 0.9990990990990991,
            "macro avg": {
                "precision": 0.999098993795233,
                "recall": 0.999098993795233,
                "f1-score": 0.999098993795233,
                "support": 2220.0
            },
            "weighted avg": {
                "precision": 0.9990990990990991,
                "recall": 0.9990990990990991,
                "f1-score": 0.9990990990990991,
                "support": 2220.0
            },
            "cross-entropy": 0.015384609351005813,
            "roc-auc": 0.9999991882826983,
            "score": 0.9990990990990991
        },
        "val": {
            "0": {
                "precision": 0.9060402684563759,
                "recall": 0.8940397350993378,
                "f1-score": 0.9,
                "support": 151.0
            },
            "1": {
                "precision": 0.8823529411764706,
                "recall": 0.8955223880597015,
                "f1-score": 0.888888888888889,
                "support": 134.0
            },
            "accuracy": 0.8947368421052632,
            "macro avg": {
                "precision": 0.8941966048164232,
                "recall": 0.8947810615795196,
                "f1-score": 0.8944444444444445,
                "support": 285.0
            },
            "weighted avg": {
                "precision": 0.8949030689633677,
                "recall": 0.8947368421052632,
                "f1-score": 0.894775828460039,
                "support": 285.0
            },
            "cross-entropy": 0.43101474417463526,
            "roc-auc": 0.9541860235247602,
            "score": 0.8947368421052632
        },
        "test": {
            "0": {
                "precision": 0.9177215189873418,
                "recall": 0.8605341246290801,
                "f1-score": 0.888208269525268,
                "support": 337.0
            },
            "1": {
                "precision": 0.8660968660968661,
                "recall": 0.9212121212121213,
                "f1-score": 0.8928046989720999,
                "support": 330.0
            },
            "accuracy": 0.8905547226386806,
            "macro avg": {
                "precision": 0.8919091925421039,
                "recall": 0.8908731229206006,
                "f1-score": 0.890506484248684,
                "support": 667.0
            },
            "weighted avg": {
                "precision": 0.8921800865227886,
                "recall": 0.8905547226386806,
                "f1-score": 0.8904823650536855,
                "support": 667.0
            },
            "cross-entropy": 0.5401331563664545,
            "roc-auc": 0.9408056829421815,
            "score": 0.8905547226386806
        }
    }
}