{
    "function": "bin.model.main",
    "gpus": [
        "NVIDIA GeForce RTX 4090"
    ],
    "config": {
        "seed": 4,
        "batch_size": 1024,
        "patience": 16,
        "n_epochs": -1,
        "gradient_clipping_norm": 1.0,
        "amp": true,
        "data": {
            "cache": true,
            "path": "data/microsoft",
            "num_policy": "noisy-quantile"
        },
        "optimizer": {
            "type": "AdamW",
            "lr": 0.00044985246995505186,
            "weight_decay": 0.002831197237641172
        },
        "model": {
            "arch_type": "moe-sparse",
            "backbone": {
                "k": 4,
                "n_blocks": 1,
                "d_block": 400,
                "dropout": 0.2701223865376204,
                "moe_ratio": 1.0,
                "num_experts": 32
            },
            "num_embeddings": {
                "type": "PiecewiseLinearEmbeddingsV2",
                "d_embedding": 16
            }
        },
        "bins": {
            "n_bins": 11
        }
    },
    "n_parameters": 11121153,
    "prediction_type": "labels",
    "epoch_size": 707,
    "best_step": 7777,
    "metrics": {
        "train": {
            "rmse": 0.7129468503753373,
            "mae": 0.5580988526344299,
            "r2": 0.2479675485763615,
            "score": -0.7129468503753373
        },
        "val": {
            "rmse": 0.7477671446318983,
            "mae": 0.5824226140975952,
            "r2": 0.18839601793289196,
            "score": -0.7477671446318983
        },
        "test": {
            "rmse": 0.7513625166380683,
            "mae": 0.5828898549079895,
            "r2": 0.18587369456978953,
            "score": -0.7513625166380683
        }
    },
    "time": "0:08:07.333422",
    "chunk_size": null,
    "eval_batch_size": 32768
}