{
    "function": "bin.model.main",
    "gpus": [
        "NVIDIA GeForce RTX 4090"
    ],
    "config": {
        "seed": 12,
        "batch_size": 256,
        "patience": 16,
        "n_epochs": -1,
        "gradient_clipping_norm": 1.0,
        "amp": true,
        "data": {
            "cache": true,
            "path": "data/classif-num-medium-2-MagicTelescope",
            "num_policy": "noisy-quantile"
        },
        "optimizer": {
            "type": "AdamW",
            "lr": 0.0003227550067502641,
            "weight_decay": 0.010721067503046652
        },
        "model": {
            "arch_type": "tabrmv2-mini",
            "sample_rate": 0.5066471323134488,
            "k": 128,
            "backbone": {
                "n_blocks": 3,
                "d_block": 480,
                "dropout": 0.46420072220182795
            },
            "num_embeddings": {
                "type": "PeriodicEmbeddings",
                "n_frequencies": 68,
                "d_embedding": 20,
                "frequency_init_scale": 0.09347284715918829,
                "lite": false
            }
        }
    },
    "n_parameters": 3724816,
    "prediction_type": "probs",
    "epoch_size": 37,
    "best_step": 518,
    "metrics": {
        "train": {
            "0": {
                "precision": 0.8452897122585731,
                "recall": 0.9192027432490356,
                "f1-score": 0.8806981519507188,
                "support": 4666.0
            },
            "1": {
                "precision": 0.9121007227792026,
                "recall": 0.8328720459868001,
                "f1-score": 0.8706877364789674,
                "support": 4697.0
            },
            "accuracy": 0.8758944782655131,
            "macro avg": {
                "precision": 0.8786952175188878,
                "recall": 0.8760373946179179,
                "f1-score": 0.8756929442148431,
                "support": 9363.0
            },
            "weighted avg": {
                "precision": 0.8788058199607409,
                "recall": 0.8758944782655131,
                "f1-score": 0.8756763724494032,
                "support": 9363.0
            },
            "cross-entropy": 0.29230856466733385,
            "roc-auc": 0.9448258416307717,
            "score": 0.8758944782655131
        },
        "val": {
            "0": {
                "precision": 0.8374613003095975,
                "recall": 0.9016666666666666,
                "f1-score": 0.8683788121990368,
                "support": 600.0
            },
            "1": {
                "precision": 0.8940754039497307,
                "recall": 0.8258706467661692,
                "f1-score": 0.8586206896551725,
                "support": 603.0
            },
            "accuracy": 0.8636741479634248,
            "macro avg": {
                "precision": 0.8657683521296642,
                "recall": 0.8637686567164179,
                "f1-score": 0.8634997509271046,
                "support": 1203.0
            },
            "weighted avg": {
                "precision": 0.865838943281335,
                "recall": 0.8636741479634248,
                "f1-score": 0.8634875836920126,
                "support": 1203.0
            },
            "cross-entropy": 0.3459477893681758,
            "roc-auc": 0.9271489773355445,
            "score": 0.8636741479634248
        },
        "test": {
            "0": {
                "precision": 0.8276962348436503,
                "recall": 0.9120956399437412,
                "f1-score": 0.8678487788558046,
                "support": 1422.0
            },
            "1": {
                "precision": 0.8994368463395012,
                "recall": 0.8054755043227666,
                "f1-score": 0.8498669707335613,
                "support": 1388.0
            },
            "accuracy": 0.8594306049822064,
            "macro avg": {
                "precision": 0.8635665405915758,
                "recall": 0.8587855721332539,
                "f1-score": 0.8588578747946829,
                "support": 2810.0
            },
            "weighted avg": {
                "precision": 0.8631325226572591,
                "recall": 0.8594306049822064,
                "f1-score": 0.8589666615342124,
                "support": 2810.0
            },
            "cross-entropy": 0.3175608260290087,
            "roc-auc": 0.936889482686641,
            "score": 0.8594306049822064
        }
    },
    "time": "0:00:27.700688",
    "chunk_size": null,
    "eval_batch_size": 32768,
    "heads": [
        36
    ],
    "head_selection_time": "0:00:00.763239"
}