{
    "function": "bin.model.main",
    "gpus": [
        "NVIDIA GeForce RTX 4090"
    ],
    "config": {
        "seed": 11,
        "batch_size": 256,
        "patience": 16,
        "n_epochs": -1,
        "gradient_clipping_norm": 1.0,
        "amp": true,
        "data": {
            "cache": true,
            "path": "data/regression-cat-medium-0-house_sales",
            "num_policy": "noisy-quantile"
        },
        "optimizer": {
            "type": "AdamW",
            "lr": 0.00018527142682131783,
            "weight_decay": 0.00038149463955134636
        },
        "model": {
            "arch_type": "tabrmv2",
            "sample_rate": 0.5572347966375351,
            "k": 32,
            "backbone": {
                "n_blocks": 2,
                "d_block": 320,
                "dropout": 0.0
            },
            "num_embeddings": {
                "type": "PiecewiseLinearEmbeddingsV2",
                "d_embedding": 28
            }
        },
        "bins": {
            "n_bins": 84
        }
    },
    "n_parameters": 1341012,
    "prediction_type": "labels",
    "epoch_size": 40,
    "best_step": 2000,
    "metrics": {
        "train": {
            "rmse": 0.17634164175266961,
            "mae": 0.13038411736488342,
            "r2": 0.8882748248492033,
            "score": -0.17634164175266961
        },
        "val": {
            "rmse": 0.19119330647340962,
            "mae": 0.13896022737026215,
            "r2": 0.8696489326706411,
            "score": -0.19119330647340962
        },
        "test": {
            "rmse": 0.18778308717435535,
            "mae": 0.13661625981330872,
            "r2": 0.8717157546879668,
            "score": -0.18778308717435535
        }
    },
    "time": "0:00:58.502557",
    "chunk_size": null,
    "eval_batch_size": 32768,
    "heads": [
        7
    ],
    "head_selection_time": "0:00:00.023379"
}