{
    "function": "bin.model.main",
    "gpus": [
        "NVIDIA GeForce RTX 4090"
    ],
    "config": {
        "seed": 13,
        "batch_size": 256,
        "patience": 16,
        "n_epochs": -1,
        "gradient_clipping_norm": 1.0,
        "amp": true,
        "data": {
            "cache": true,
            "path": "data/regression-num-medium-1-elevators",
            "num_policy": "noisy-quantile"
        },
        "optimizer": {
            "type": "AdamW",
            "lr": 3.4336938023324086e-05,
            "weight_decay": 0.0
        },
        "model": {
            "arch_type": "tabrmv2-mini",
            "sample_rate": 0.4472570574600034,
            "k": 32,
            "backbone": {
                "n_blocks": 5,
                "d_block": 336,
                "dropout": 0.0
            },
            "num_embeddings": {
                "type": "PeriodicEmbeddings",
                "n_frequencies": 48,
                "d_embedding": 32,
                "frequency_init_scale": 0.022017060713222184,
                "lite": false
            }
        }
    },
    "n_parameters": 2754928,
    "prediction_type": "labels",
    "epoch_size": 40,
    "best_step": 1400,
    "metrics": {
        "train": {
            "rmse": 0.002022193247599727,
            "mae": 0.0014754054136574268,
            "r2": 0.9096031043948843,
            "score": -0.002022193247599727
        },
        "val": {
            "rmse": 0.0020117913978167775,
            "mae": 0.0015048038912937045,
            "r2": 0.9099094172998999,
            "score": -0.0020117913978167775
        },
        "test": {
            "rmse": 0.001943199822690815,
            "mae": 0.0014384464593604207,
            "r2": 0.9159575926518341,
            "score": -0.001943199822690815
        }
    },
    "time": "0:00:40.931196",
    "chunk_size": null,
    "eval_batch_size": 32768,
    "heads": [
        13
    ],
    "head_selection_time": "0:00:00.021167"
}