{
    "function": "bin.model.main",
    "gpus": [
        "NVIDIA GeForce RTX 4090"
    ],
    "config": {
        "seed": 6,
        "batch_size": 32,
        "patience": 16,
        "n_epochs": -1,
        "gradient_clipping_norm": 1.0,
        "amp": true,
        "data": {
            "cache": true,
            "path": "data/classif-num-medium-4-wine",
            "num_policy": "noisy-quantile"
        },
        "optimizer": {
            "type": "AdamW",
            "lr": 0.001361756760668657,
            "weight_decay": 0.00017138625556847642
        },
        "model": {
            "arch_type": "taba",
            "k": 128,
            "share_training_batches": false,
            "backbone": {
                "type": "MLP",
                "n_blocks": 2,
                "d_block": 640,
                "dropout": 0.0
            },
            "num_embeddings": {
                "type": "PiecewiseLinearEmbeddingsV2",
                "d_embedding": 32
            }
        },
        "bins": {
            "n_bins": 6
        }
    },
    "n_parameters": 682656,
    "prediction_type": "probs",
    "epoch_size": 56,
    "best_step": 1624,
    "metrics": {
        "train": {
            "0": {
                "precision": 0.9500580720092915,
                "recall": 0.9098998887652948,
                "f1-score": 0.9295454545454547,
                "support": 899.0
            },
            "1": {
                "precision": 0.9125269978401728,
                "recall": 0.9515765765765766,
                "f1-score": 0.9316427783902976,
                "support": 888.0
            },
            "accuracy": 0.9306099608282037,
            "macro avg": {
                "precision": 0.9312925349247321,
                "recall": 0.9307382326709357,
                "f1-score": 0.9305941164678762,
                "support": 1787.0
            },
            "weighted avg": {
                "precision": 0.9314080474641446,
                "recall": 0.9306099608282037,
                "f1-score": 0.9305876613581131,
                "support": 1787.0
            },
            "cross-entropy": 0.20018478425030456,
            "roc-auc": 0.9826671777450419,
            "score": 0.9306099608282037
        },
        "val": {
            "0": {
                "precision": 0.8648648648648649,
                "recall": 0.7933884297520661,
                "f1-score": 0.8275862068965518,
                "support": 121.0
            },
            "1": {
                "precision": 0.7899159663865546,
                "recall": 0.8623853211009175,
                "f1-score": 0.8245614035087718,
                "support": 109.0
            },
            "accuracy": 0.8260869565217391,
            "macro avg": {
                "precision": 0.8273904156257097,
                "recall": 0.8278868754264919,
                "f1-score": 0.8260738052026618,
                "support": 230.0
            },
            "weighted avg": {
                "precision": 0.8293456042816657,
                "recall": 0.8260869565217391,
                "f1-score": 0.8261527131171257,
                "support": 230.0
            },
            "cross-entropy": 0.5612293988665946,
            "roc-auc": 0.8563954810827205,
            "score": 0.8260869565217391
        },
        "test": {
            "0": {
                "precision": 0.7831325301204819,
                "recall": 0.7587548638132295,
                "f1-score": 0.7707509881422925,
                "support": 257.0
            },
            "1": {
                "precision": 0.7847222222222222,
                "recall": 0.8071428571428572,
                "f1-score": 0.795774647887324,
                "support": 280.0
            },
            "accuracy": 0.7839851024208566,
            "macro avg": {
                "precision": 0.7839273761713521,
                "recall": 0.7829488604780434,
                "f1-score": 0.7832628180148082,
                "support": 537.0
            },
            "weighted avg": {
                "precision": 0.7839614198569572,
                "recall": 0.7839851024208566,
                "f1-score": 0.7837987064451022,
                "support": 537.0
            },
            "cross-entropy": 0.5208278804789424,
            "roc-auc": 0.8589285714285714,
            "score": 0.7839851024208566
        }
    },
    "time": "0:00:18.685570",
    "chunk_size": null,
    "eval_batch_size": 32768,
    "heads": [
        25,
        32
    ],
    "head_selection_time": "0:00:02.062306"
}