{
    "function": "bin.ensemble.main",
    "config": {
        "seeds": [
            10,
            11,
            12,
            13,
            14
        ],
        "data": {
            "path": "data/regression-num-medium-0-medical_charges"
        }
    },
    "single_model_function": "bin.qtab.main",
    "prediction_type": "labels",
    "metrics": {
        "train": {
            "rmse": 0.07955910083078913,
            "mae": 0.051245030015707016,
            "r2": 0.9797907904076002,
            "score": -0.07955910083078913
        },
        "val": {
            "rmse": 0.08233841652580862,
            "mae": 0.05195626616477966,
            "r2": 0.9788860812519526,
            "score": -0.08233841652580862
        },
        "test": {
            "rmse": 0.081691546621363,
            "mae": 0.05157562345266342,
            "r2": 0.9792663672167629,
            "score": -0.081691546621363
        }
    }
}