{
    "function": "bin.model.main",
    "gpus": [
        "NVIDIA GeForce RTX 4090"
    ],
    "config": {
        "seed": 1,
        "batch_size": 256,
        "patience": 16,
        "n_epochs": -1,
        "gradient_clipping_norm": 1.0,
        "amp": true,
        "data": {
            "cache": true,
            "path": "data/sberbank-housing",
            "num_policy": "noisy-quantile",
            "cat_policy": "ordinal"
        },
        "optimizer": {
            "type": "AdamW",
            "lr": 0.00021039257452791743,
            "weight_decay": 0.00020896045288148357
        },
        "model": {
            "arch_type": "tabrmv2-mini",
            "sample_rate": 0.5131188585109978,
            "k": 48,
            "backbone": {
                "n_blocks": 1,
                "d_block": 272,
                "dropout": 0.0
            },
            "num_embeddings": {
                "type": "PeriodicEmbeddings",
                "n_frequencies": 96,
                "d_embedding": 20,
                "frequency_init_scale": 0.6081356704186623,
                "lite": false
            }
        }
    },
    "n_parameters": 3981204,
    "prediction_type": "labels",
    "epoch_size": 74,
    "best_step": 222,
    "metrics": {
        "train": {
            "rmse": 0.24461888580205438,
            "mae": 0.13760188221931458,
            "r2": 0.6177092284298897,
            "score": -0.24461888580205438
        },
        "val": {
            "rmse": 0.24556112931981403,
            "mae": 0.1452958881855011,
            "r2": 0.5972175890434049,
            "score": -0.24556112931981403
        },
        "test": {
            "rmse": 0.2725920413032706,
            "mae": 0.20250090956687927,
            "r2": 0.492231270748816,
            "score": -0.2725920413032706
        }
    },
    "time": "0:01:48.130663",
    "chunk_size": null,
    "eval_batch_size": 32768,
    "heads": [
        45
    ],
    "head_selection_time": "0:00:00.033346"
}