{
    "function": "bin.model.main",
    "gpus": [
        "NVIDIA GeForce RTX 4090"
    ],
    "config": {
        "seed": 4,
        "batch_size": 256,
        "patience": 16,
        "n_epochs": -1,
        "gradient_clipping_norm": 1.0,
        "amp": true,
        "data": {
            "cache": true,
            "path": "data/regression-cat-medium-0-OnlineNewsPopularity",
            "num_policy": "noisy-quantile"
        },
        "optimizer": {
            "type": "AdamW",
            "lr": 0.0003313696137201971,
            "weight_decay": 0.0
        },
        "model": {
            "p": 46,
            "arch_type": "tabm-rankp",
            "k": 32,
            "share_training_batches": false,
            "backbone": {
                "type": "MLP",
                "n_blocks": 3,
                "d_block": 608,
                "dropout": 0.0
            },
            "num_embeddings": {
                "type": "PiecewiseLinearEmbeddingsV2",
                "d_embedding": 8
            }
        },
        "bins": {
            "n_bins": 56
        }
    },
    "n_parameters": 5254088,
    "prediction_type": "labels",
    "epoch_size": 40,
    "best_step": 280,
    "metrics": {
        "train": {
            "rmse": 0.8325117631029627,
            "mae": 0.6118353009223938,
            "r2": 0.1994589239948127,
            "score": -0.8325117631029627
        },
        "val": {
            "rmse": 0.8475502053302918,
            "mae": 0.6258276104927063,
            "r2": 0.14808441170839615,
            "score": -0.8475502053302918
        },
        "test": {
            "rmse": 0.8650300622137231,
            "mae": 0.6361989974975586,
            "r2": 0.14245072578323825,
            "score": -0.8650300622137231
        }
    },
    "time": "0:00:18.520606",
    "chunk_size": null,
    "eval_batch_size": 32768,
    "heads": [
        7
    ],
    "head_selection_time": "0:00:00.028329"
}