{
    "function": "bin.qtabformerv2.main",
    "gpus": [
        "NVIDIA GeForce RTX 4090"
    ],
    "config": {
        "seed": 12,
        "batch_size": 256,
        "patience": 16,
        "n_epochs": -1,
        "amp": true,
        "data": {
            "cache": true,
            "path": "data/regression-cat-medium-0-OnlineNewsPopularity",
            "num_policy": "noisy-quantile"
        },
        "optimizer": {
            "type": "AdamW",
            "lr": 0.0001597957721862679,
            "weight_decay": 1.8326616127455234e-06
        },
        "model": {
            "use_mlp_head": true,
            "encoder_n_blocks": 1,
            "distance_metric": "cossim",
            "temperature": 0.1,
            "momentum": 0.999,
            "queue_ratio": 64,
            "d_main": 128,
            "d_multiplier": 2.0,
            "mixer_normalization": "auto",
            "dropout0": 0.4130104618042166,
            "dropout1": 0.0,
            "normalization": "LayerNorm",
            "activation": "ReLU",
            "num_embeddings": {
                "type": "PeriodicEmbeddings",
                "n_frequencies": 85,
                "frequency_init_scale": 0.10365603566253757,
                "d_embedding": 46,
                "lite": true
            }
        }
    },
    "n_parameters": 379948,
    "prediction_type": "labels",
    "epoch_size": 40,
    "best_step": 640,
    "metrics": {
        "train": {
            "rmse": 0.8086053598648519,
            "mae": 0.5987123847007751,
            "r2": 0.24477542525437268,
            "score": -0.8086053598648519
        },
        "val": {
            "rmse": 0.8473881240303348,
            "mae": 0.6288390755653381,
            "r2": 0.14841020635588364,
            "score": -0.8473881240303348
        },
        "test": {
            "rmse": 0.863504199759426,
            "mae": 0.6368447542190552,
            "r2": 0.145473359386041,
            "score": -0.863504199759426
        }
    },
    "time": "0:00:18.866016",
    "chunk_size": null,
    "eval_batch_size": 32768
}