{
    "function": "bin.model.main",
    "gpus": [
        "NVIDIA GeForce RTX 4090"
    ],
    "config": {
        "seed": 1,
        "batch_size": 256,
        "patience": 16,
        "n_epochs": -1,
        "gradient_clipping_norm": 1.0,
        "amp": true,
        "data": {
            "cache": true,
            "path": "data/classif-num-medium-0-bank-marketing",
            "num_policy": "noisy-quantile"
        },
        "optimizer": {
            "type": "AdamW",
            "lr": 0.0022626747015088884,
            "weight_decay": 0.09470964232019378
        },
        "model": {
            "arch_type": "taba",
            "k": 32,
            "share_training_batches": false,
            "backbone": {
                "type": "MLP",
                "n_blocks": 10,
                "d_block": 448,
                "dropout": 0.1299148981992097
            },
            "num_embeddings": {
                "type": "PiecewiseLinearEmbeddingsV2",
                "d_embedding": 16
            }
        },
        "bins": {
            "n_bins": 48
        }
    },
    "n_parameters": 360368,
    "prediction_type": "probs",
    "epoch_size": 29,
    "best_step": 1044,
    "metrics": {
        "train": {
            "0": {
                "precision": 0.8249862410566868,
                "recall": 0.8033226152197214,
                "f1-score": 0.8140103176758079,
                "support": 3732.0
            },
            "1": {
                "precision": 0.8053050397877984,
                "recall": 0.826797385620915,
                "f1-score": 0.8159097016930933,
                "support": 3672.0
            },
            "accuracy": 0.8149648838465694,
            "macro avg": {
                "precision": 0.8151456404222426,
                "recall": 0.8150600004203181,
                "f1-score": 0.8149600096844506,
                "support": 7404.0
            },
            "weighted avg": {
                "precision": 0.8152253859703338,
                "recall": 0.8149648838465694,
                "f1-score": 0.8149523136389997,
                "support": 7404.0
            },
            "cross-entropy": 0.4325293078164484,
            "roc-auc": 0.8986798944300836,
            "score": 0.8149648838465694
        },
        "val": {
            "0": {
                "precision": 0.8551401869158879,
                "recall": 0.8026315789473685,
                "f1-score": 0.828054298642534,
                "support": 456.0
            },
            "1": {
                "precision": 0.8282442748091603,
                "recall": 0.875,
                "f1-score": 0.8509803921568627,
                "support": 496.0
            },
            "accuracy": 0.8403361344537815,
            "macro avg": {
                "precision": 0.8416922308625241,
                "recall": 0.8388157894736843,
                "f1-score": 0.8395173453996984,
                "support": 952.0
            },
            "weighted avg": {
                "precision": 0.8411271906922148,
                "recall": 0.8403361344537815,
                "f1-score": 0.8399989860197473,
                "support": 952.0
            },
            "cross-entropy": 0.4379559512178773,
            "roc-auc": 0.8944848259762309,
            "score": 0.8403361344537815
        },
        "test": {
            "0": {
                "precision": 0.8012879484820608,
                "recall": 0.7910990009082652,
                "f1-score": 0.7961608775137112,
                "support": 1101.0
            },
            "1": {
                "precision": 0.7973568281938326,
                "recall": 0.8073148974130241,
                "f1-score": 0.8023049645390071,
                "support": 1121.0
            },
            "accuracy": 0.7992799279927992,
            "macro avg": {
                "precision": 0.7993223883379467,
                "recall": 0.7992069491606446,
                "f1-score": 0.7992329210263591,
                "support": 2222.0
            },
            "weighted avg": {
                "precision": 0.7993046965274686,
                "recall": 0.7992799279927992,
                "f1-score": 0.7992605721830887,
                "support": 2222.0
            },
            "cross-entropy": 0.45350280460927955,
            "roc-auc": 0.8808544012782151,
            "score": 0.7992799279927992
        }
    },
    "time": "0:00:21.954525",
    "chunk_size": null,
    "eval_batch_size": 32768,
    "heads": [
        26,
        11,
        24,
        20
    ],
    "head_selection_time": "0:00:00.891974"
}