{
    "function": "bin.model.main",
    "gpus": [
        "NVIDIA GeForce RTX 4090"
    ],
    "config": {
        "seed": 9,
        "batch_size": 32,
        "patience": 16,
        "n_epochs": -1,
        "gradient_clipping_norm": 1.0,
        "amp": true,
        "data": {
            "cache": true,
            "path": "data/classif-num-medium-2-phoneme",
            "num_policy": "noisy-quantile"
        },
        "optimizer": {
            "type": "AdamW",
            "lr": 0.0008825055472660997,
            "weight_decay": 0.0
        },
        "model": {
            "arch_type": "tabm-mini",
            "k": 32,
            "share_training_batches": false,
            "backbone": {
                "type": "MLP",
                "n_blocks": 1,
                "d_block": 512,
                "dropout": 0.19406277642434117
            },
            "num_embeddings": {
                "type": "PiecewiseLinearEmbeddingsV2",
                "d_embedding": 24
            }
        },
        "bins": {
            "n_bins": 19
        }
    },
    "n_parameters": 101024,
    "prediction_type": "probs",
    "epoch_size": 70,
    "best_step": 2310,
    "metrics": {
        "train": {
            "0": {
                "precision": 0.9441944194419442,
                "recall": 0.9193689745836985,
                "f1-score": 0.9316163410301954,
                "support": 1141.0
            },
            "1": {
                "precision": 0.9170423805229937,
                "recall": 0.9425393883225208,
                "f1-score": 0.9296160877513712,
                "support": 1079.0
            },
            "accuracy": 0.9306306306306307,
            "macro avg": {
                "precision": 0.9306183999824689,
                "recall": 0.9309541814531097,
                "f1-score": 0.9306162143907832,
                "support": 2220.0
            },
            "weighted avg": {
                "precision": 0.9309975500754814,
                "recall": 0.9306306306306307,
                "f1-score": 0.9306441458554876,
                "support": 2220.0
            },
            "cross-entropy": 0.1788673177192747,
            "roc-auc": 0.9827472771149317,
            "score": 0.9306306306306307
        },
        "val": {
            "0": {
                "precision": 0.8928571428571429,
                "recall": 0.9124087591240876,
                "f1-score": 0.9025270758122744,
                "support": 137.0
            },
            "1": {
                "precision": 0.9172413793103448,
                "recall": 0.8986486486486487,
                "f1-score": 0.9078498293515358,
                "support": 148.0
            },
            "accuracy": 0.9052631578947369,
            "macro avg": {
                "precision": 0.9050492610837438,
                "recall": 0.9055287038863682,
                "f1-score": 0.9051884525819052,
                "support": 285.0
            },
            "weighted avg": {
                "precision": 0.9055198340679286,
                "recall": 0.9052631578947369,
                "f1-score": 0.9052911723870488,
                "support": 285.0
            },
            "cross-entropy": 0.2622987200617404,
            "roc-auc": 0.95839909252318,
            "score": 0.9052631578947369
        },
        "test": {
            "0": {
                "precision": 0.8704318936877077,
                "recall": 0.8506493506493507,
                "f1-score": 0.8604269293924466,
                "support": 308.0
            },
            "1": {
                "precision": 0.8743169398907104,
                "recall": 0.8913649025069638,
                "f1-score": 0.8827586206896552,
                "support": 359.0
            },
            "accuracy": 0.8725637181409296,
            "macro avg": {
                "precision": 0.872374416789209,
                "recall": 0.8710071265781572,
                "f1-score": 0.8715927750410508,
                "support": 667.0
            },
            "weighted avg": {
                "precision": 0.8725229455420975,
                "recall": 0.8725637181409296,
                "f1-score": 0.872446535353013,
                "support": 667.0
            },
            "cross-entropy": 0.3319671742714045,
            "roc-auc": 0.9398762797091488,
            "score": 0.8725637181409296
        }
    },
    "time": "0:00:26.185316",
    "chunk_size": null,
    "eval_batch_size": 32768,
    "heads": [
        6
    ],
    "head_selection_time": "0:00:00.193911"
}