{
    "function": "bin.model.main",
    "gpus": [
        "NVIDIA GeForce RTX 4090"
    ],
    "config": {
        "seed": 3,
        "batch_size": 64,
        "patience": 16,
        "n_epochs": -1,
        "amp": true,
        "data": {
            "cache": true,
            "path": "data/classif-cat-medium-0-KDDCup09_upselling",
            "num_policy": "noisy-quantile",
            "cat_policy": "ordinal"
        },
        "optimizer": {
            "type": "AdamW",
            "lr": 0.00025016562927201736,
            "weight_decay": 0.0
        },
        "model": {
            "is_multihead": true,
            "arch_type": "tabr-pln",
            "k": 32,
            "context_size": 96,
            "d_main": 120,
            "context_dropout": 0.07123663137254643,
            "d_multiplier": 2.0,
            "encoder_n_blocks": 0,
            "predictor_n_blocks": 1,
            "mixer_normalization": "auto",
            "dropout0": 0.3399608725239451,
            "dropout1": 0.0,
            "normalization": "LayerNorm",
            "activation": "ReLU",
            "num_embeddings": {
                "type": "PeriodicEmbeddings",
                "n_frequencies": 37,
                "frequency_init_scale": 1.2387743772940758,
                "d_embedding": 20,
                "lite": true
            }
        }
    },
    "n_parameters": 246182,
    "prediction_type": "probs",
    "epoch_size": 57,
    "best_step": 342,
    "metrics": {
        "train": {
            "0": {
                "precision": 0.837991718426501,
                "recall": 0.8964562569213732,
                "f1-score": 0.8662386302835741,
                "support": 1806.0
            },
            "1": {
                "precision": 0.8871454435727217,
                "recall": 0.8244531688166012,
                "f1-score": 0.8546511627906976,
                "support": 1783.0
            },
            "accuracy": 0.860685427695737,
            "macro avg": {
                "precision": 0.8625685809996113,
                "recall": 0.8604547128689872,
                "f1-score": 0.8604448965371359,
                "support": 3589.0
            },
            "weighted avg": {
                "precision": 0.8624110809051055,
                "recall": 0.860685427695737,
                "f1-score": 0.8604820255079266,
                "support": 3589.0
            },
            "cross-entropy": 0.30705715081193585,
            "roc-auc": 0.9431374448852179,
            "score": 0.860685427695737
        },
        "val": {
            "0": {
                "precision": 0.7554585152838428,
                "recall": 0.8317307692307693,
                "f1-score": 0.7917620137299771,
                "support": 208.0
            },
            "1": {
                "precision": 0.8478260869565217,
                "recall": 0.7768924302788844,
                "f1-score": 0.8108108108108109,
                "support": 251.0
            },
            "accuracy": 0.8017429193899782,
            "macro avg": {
                "precision": 0.8016423011201823,
                "recall": 0.8043115997548269,
                "f1-score": 0.801286412270394,
                "support": 459.0
            },
            "weighted avg": {
                "precision": 0.805968886721408,
                "recall": 0.8017429193899782,
                "f1-score": 0.8021786761859451,
                "support": 459.0
            },
            "cross-entropy": 0.42829091796633495,
            "roc-auc": 0.8959737971192155,
            "score": 0.8017429193899782
        },
        "test": {
            "0": {
                "precision": 0.7961335676625659,
                "recall": 0.8266423357664233,
                "f1-score": 0.811101163831692,
                "support": 548.0
            },
            "1": {
                "precision": 0.8126232741617357,
                "recall": 0.7803030303030303,
                "f1-score": 0.796135265700483,
                "support": 528.0
            },
            "accuracy": 0.8039033457249071,
            "macro avg": {
                "precision": 0.8043784209121508,
                "recall": 0.8034726830347267,
                "f1-score": 0.8036182147660875,
                "support": 1076.0
            },
            "weighted avg": {
                "precision": 0.8042251708517496,
                "recall": 0.8039033457249071,
                "f1-score": 0.8037573030386824,
                "support": 1076.0
            },
            "cross-entropy": 0.43149782645916474,
            "roc-auc": 0.8907321389073214,
            "score": 0.8039033457249071
        }
    },
    "time": "0:00:23.541824",
    "chunk_size": null,
    "eval_batch_size": 32768
}