{
    "function": "bin.model.main",
    "gpus": [
        "NVIDIA GeForce RTX 4090"
    ],
    "config": {
        "seed": 3,
        "batch_size": 256,
        "patience": 16,
        "n_epochs": -1,
        "gradient_clipping_norm": 1.0,
        "amp": true,
        "data": {
            "cache": true,
            "path": "data/regression-num-medium-2-Ailerons",
            "num_policy": "noisy-quantile"
        },
        "optimizer": {
            "type": "AdamW",
            "lr": 7.982224979115409e-05,
            "weight_decay": 0.0
        },
        "model": {
            "arch_type": "tabrmv2",
            "sample_rate": 0.4648950841281867,
            "k": 80,
            "backbone": {
                "n_blocks": 2,
                "d_block": 448,
                "dropout": 0.0
            },
            "num_embeddings": {
                "type": "PeriodicEmbeddings",
                "n_frequencies": 56,
                "d_embedding": 20,
                "frequency_init_scale": 0.09250741418918576,
                "lite": false
            }
        }
    },
    "n_parameters": 2884124,
    "prediction_type": "labels",
    "epoch_size": 38,
    "best_step": 1748,
    "metrics": {
        "train": {
            "rmse": 0.00016260989359956183,
            "mae": 0.00011903695849468932,
            "r2": 0.8423607954003979,
            "score": -0.00016260989359956183
        },
        "val": {
            "rmse": 0.00015884691510279785,
            "mae": 0.00011824385728687048,
            "r2": 0.822470141617425,
            "score": -0.00015884691510279785
        },
        "test": {
            "rmse": 0.00016575868460497181,
            "mae": 0.00012253870954737067,
            "r2": 0.840068928717582,
            "score": -0.00016575868460497181
        }
    },
    "time": "0:00:46.187369",
    "chunk_size": null,
    "eval_batch_size": 32768
}