{
    "function": "bin.model.main",
    "gpus": [
        "NVIDIA GeForce RTX 4090"
    ],
    "config": {
        "seed": 2,
        "batch_size": 256,
        "patience": 16,
        "n_epochs": -1,
        "amp": true,
        "data": {
            "cache": true,
            "path": "data/sberbank-housing",
            "num_policy": "noisy-quantile",
            "cat_policy": "ordinal"
        },
        "optimizer": {
            "type": "AdamW",
            "lr": 0.0001879365064237598,
            "weight_decay": 0.0
        },
        "model": {
            "arch_type": "retransformer",
            "k": 1,
            "context_size": 96,
            "d_main": 256,
            "context_dropout": 0.013664716559770584,
            "d_multiplier": 2.0,
            "encoder_n_blocks": 1,
            "predictor_n_blocks": 2,
            "mixer_normalization": "auto",
            "dropout0": 0.18768776375874005,
            "dropout1": 0.0,
            "normalization": "LayerNorm",
            "activation": "ReLU",
            "num_embeddings": {
                "type": "PeriodicEmbeddings",
                "n_frequencies": 76,
                "frequency_init_scale": 0.18064462115795565,
                "d_embedding": 28,
                "lite": true
            }
        }
    },
    "n_parameters": 4346905,
    "prediction_type": "labels",
    "epoch_size": 74,
    "best_step": 518,
    "metrics": {
        "train": {
            "rmse": 0.2507820563139981,
            "mae": 0.12709002196788788,
            "r2": 0.5982029355106724,
            "score": -0.2507820563139981
        },
        "val": {
            "rmse": 0.24409229563146842,
            "mae": 0.14164693653583527,
            "r2": 0.6020217123514708,
            "score": -0.24409229563146842
        },
        "test": {
            "rmse": 0.26356129623456603,
            "mae": 0.190757155418396,
            "r2": 0.5253178997281858,
            "score": -0.26356129623456603
        }
    },
    "time": "0:03:58.618665",
    "chunk_size": null,
    "eval_batch_size": 32768
}