{
    "function": "bin.model.main",
    "gpus": [
        "NVIDIA GeForce RTX 4090"
    ],
    "config": {
        "seed": 0,
        "batch_size": 32,
        "patience": 16,
        "n_epochs": -1,
        "gradient_clipping_norm": 1.0,
        "amp": true,
        "data": {
            "cache": true,
            "path": "data/classif-num-medium-4-wine",
            "num_policy": "noisy-quantile"
        },
        "optimizer": {
            "type": "AdamW",
            "lr": 0.0028122205562147715,
            "weight_decay": 0.09213139055602924
        },
        "model": {
            "arch_type": "tabm-mini",
            "k": 32,
            "share_training_batches": false,
            "backbone": {
                "type": "MLP",
                "n_blocks": 4,
                "d_block": 480,
                "dropout": 0.40668740652239804
            },
            "num_embeddings": {
                "type": "PiecewiseLinearEmbeddingsV2",
                "d_embedding": 12
            }
        },
        "bins": {
            "n_bins": 2
        }
    },
    "n_parameters": 791884,
    "prediction_type": "probs",
    "epoch_size": 56,
    "best_step": 2576,
    "metrics": {
        "train": {
            "0": {
                "precision": 0.975363941769317,
                "recall": 0.9688542825361512,
                "f1-score": 0.9720982142857143,
                "support": 899.0
            },
            "1": {
                "precision": 0.9686800894854586,
                "recall": 0.9752252252252253,
                "f1-score": 0.9719416386083053,
                "support": 888.0
            },
            "accuracy": 0.9720201454952434,
            "macro avg": {
                "precision": 0.9720220156273878,
                "recall": 0.9720397538806882,
                "f1-score": 0.9720199264470097,
                "support": 1787.0
            },
            "weighted avg": {
                "precision": 0.9720425870809756,
                "recall": 0.9720201454952434,
                "f1-score": 0.9720204083531238,
                "support": 1787.0
            },
            "cross-entropy": 0.08415442499833728,
            "roc-auc": 0.9970525308400725,
            "score": 0.9720201454952434
        },
        "val": {
            "0": {
                "precision": 0.8738738738738738,
                "recall": 0.8016528925619835,
                "f1-score": 0.8362068965517241,
                "support": 121.0
            },
            "1": {
                "precision": 0.7983193277310925,
                "recall": 0.8715596330275229,
                "f1-score": 0.8333333333333334,
                "support": 109.0
            },
            "accuracy": 0.8347826086956521,
            "macro avg": {
                "precision": 0.8360966008024832,
                "recall": 0.8366062627947533,
                "f1-score": 0.8347701149425287,
                "support": 230.0
            },
            "weighted avg": {
                "precision": 0.8380675889627296,
                "recall": 0.8347826086956521,
                "f1-score": 0.8348450774612695,
                "support": 230.0
            },
            "cross-entropy": 0.6210879620698939,
            "roc-auc": 0.8755402229130337,
            "score": 0.8347826086956521
        },
        "test": {
            "0": {
                "precision": 0.7755102040816326,
                "recall": 0.7392996108949417,
                "f1-score": 0.7569721115537849,
                "support": 257.0
            },
            "1": {
                "precision": 0.7705479452054794,
                "recall": 0.8035714285714286,
                "f1-score": 0.7867132867132868,
                "support": 280.0
            },
            "accuracy": 0.7728119180633147,
            "macro avg": {
                "precision": 0.773029074643556,
                "recall": 0.7714355197331851,
                "f1-score": 0.7718426991335359,
                "support": 537.0
            },
            "weighted avg": {
                "precision": 0.7729228065298209,
                "recall": 0.7728119180633147,
                "f1-score": 0.7724796144302477,
                "support": 537.0
            },
            "cross-entropy": 0.6478216376517265,
            "roc-auc": 0.8531545302946081,
            "score": 0.7728119180633147
        }
    },
    "time": "0:00:31.624982",
    "chunk_size": null,
    "eval_batch_size": 32768,
    "heads": [
        5
    ],
    "head_selection_time": "0:00:00.195161"
}