{
    "function": "bin.model.main",
    "gpus": [
        "NVIDIA GeForce RTX 4090"
    ],
    "config": {
        "seed": 4,
        "batch_size": 256,
        "patience": 16,
        "n_epochs": -1,
        "gradient_clipping_norm": 1.0,
        "amp": true,
        "data": {
            "cache": true,
            "path": "data/regression-num-medium-0-fifa",
            "num_policy": "noisy-quantile"
        },
        "optimizer": {
            "type": "AdamW",
            "lr": 0.0004758671201527771,
            "weight_decay": 0.0
        },
        "model": {
            "arch_type": "taba",
            "k": 128,
            "share_training_batches": false,
            "backbone": {
                "type": "MLP",
                "n_blocks": 3,
                "d_block": 272,
                "dropout": 0.0
            },
            "num_embeddings": {
                "type": "PiecewiseLinearEmbeddingsV2",
                "d_embedding": 28
            }
        },
        "bins": {
            "n_bins": 103
        }
    },
    "n_parameters": 277624,
    "prediction_type": "labels",
    "epoch_size": 40,
    "best_step": 2800,
    "metrics": {
        "train": {
            "rmse": 0.7299250655057062,
            "mae": 0.5368053317070007,
            "r2": 0.7112652445701224,
            "score": -0.7299250655057062
        },
        "val": {
            "rmse": 0.7471175833313699,
            "mae": 0.5521390438079834,
            "r2": 0.7029388073670579,
            "score": -0.7471175833313699
        },
        "test": {
            "rmse": 0.788576750854584,
            "mae": 0.5783986449241638,
            "r2": 0.6632795369012945,
            "score": -0.788576750854584
        }
    },
    "time": "0:00:29.368734",
    "chunk_size": null,
    "eval_batch_size": 32768,
    "heads": [
        111,
        74,
        68
    ],
    "head_selection_time": "0:00:00.331415"
}