{
    "function": "bin.model.main",
    "gpus": [
        "NVIDIA GeForce RTX 4090"
    ],
    "config": {
        "seed": 1,
        "batch_size": 256,
        "patience": 16,
        "n_epochs": -1,
        "gradient_clipping_norm": 1.0,
        "amp": true,
        "data": {
            "cache": true,
            "path": "data/regression-cat-medium-0-house_sales",
            "num_policy": "noisy-quantile"
        },
        "optimizer": {
            "type": "AdamW",
            "lr": 0.00018733826450552298,
            "weight_decay": 0.0005719265381131125
        },
        "model": {
            "arch_type": "taba",
            "k": 32,
            "share_training_batches": false,
            "backbone": {
                "type": "MLP",
                "n_blocks": 7,
                "d_block": 240,
                "dropout": 0.0
            },
            "num_embeddings": {
                "type": "PiecewiseLinearEmbeddingsV2",
                "d_embedding": 24
            }
        },
        "bins": {
            "n_bins": 42
        }
    },
    "n_parameters": 222040,
    "prediction_type": "labels",
    "epoch_size": 40,
    "best_step": 11640,
    "metrics": {
        "train": {
            "rmse": 0.14298989655491948,
            "mae": 0.10325219482183456,
            "r2": 0.9265398111363796,
            "score": -0.14298989655491948
        },
        "val": {
            "rmse": 0.16700588973196967,
            "mae": 0.11802854388952255,
            "r2": 0.9005435731923137,
            "score": -0.16700588973196967
        },
        "test": {
            "rmse": 0.1656312531964229,
            "mae": 0.11753833293914795,
            "r2": 0.9001966846600674,
            "score": -0.1656312531964229
        }
    },
    "time": "0:02:40.298245",
    "chunk_size": null,
    "eval_batch_size": 32768
}