{
    "function": "bin.ensemble.main",
    "config": {
        "seeds": [
            10,
            11,
            12,
            13,
            14
        ],
        "data": {
            "path": "data/regression-num-medium-0-medical_charges"
        }
    },
    "single_model_function": "bin.qtabformerv2.main",
    "prediction_type": "labels",
    "metrics": {
        "train": {
            "rmse": 0.07848285731451207,
            "mae": 0.05101378634572029,
            "r2": 0.980333856938013,
            "score": -0.07848285731451207
        },
        "val": {
            "rmse": 0.08195765918229139,
            "mae": 0.051963113248348236,
            "r2": 0.9790809028141639,
            "score": -0.08195765918229139
        },
        "test": {
            "rmse": 0.08130017700450973,
            "mae": 0.051617588847875595,
            "r2": 0.9794645532291569,
            "score": -0.08130017700450973
        }
    }
}