{
    "function": "bin.ensemble.main",
    "config": {
        "seeds": [
            0,
            1,
            2,
            3,
            4
        ],
        "data": {
            "path": "data/ecom-offers"
        }
    },
    "single_model_function": "bin.reformer.main",
    "prediction_type": "probs",
    "metrics": {
        "train": {
            "0": {
                "precision": 0.7833284375503397,
                "recall": 0.98203827557942,
                "f1-score": 0.8714999578308172,
                "support": 84179.0
            },
            "1": {
                "precision": 0.6029411764705882,
                "recall": 0.09124870836976393,
                "f1-score": 0.1585088022091819,
                "support": 25162.0
            },
            "accuracy": 0.7770461217658517,
            "macro avg": {
                "precision": 0.6931348070104639,
                "recall": 0.5366434919745919,
                "f1-score": 0.5150043800199996,
                "support": 109341.0
            },
            "weighted avg": {
                "precision": 0.7418169801529434,
                "recall": 0.7770461217658517,
                "f1-score": 0.7074235047368124,
                "support": 109341.0
            },
            "cross-entropy": 0.4910211748826383,
            "roc-auc": 0.7042182629664704,
            "score": 0.7042182629664704
        },
        "val": {
            "0": {
                "precision": 0.6846357365586317,
                "recall": 0.9338187910813249,
                "f1-score": 0.7900447061389161,
                "support": 15518.0
            },
            "1": {
                "precision": 0.6681744749596122,
                "recall": 0.23653208280910443,
                "f1-score": 0.3493833417807062,
                "support": 8743.0
            },
            "accuracy": 0.6825357569762169,
            "macro avg": {
                "precision": 0.676405105759122,
                "recall": 0.5851754369452147,
                "f1-score": 0.5697140239598111,
                "support": 24261.0
            },
            "weighted avg": {
                "precision": 0.6787035486784856,
                "recall": 0.6825357569762169,
                "f1-score": 0.6312424181629946,
                "support": 24261.0
            },
            "cross-entropy": 0.6951731071643983,
            "roc-auc": 0.613141871367217,
            "score": 0.613141871367217
        },
        "test": {
            "0": {
                "precision": 0.6646831910702561,
                "recall": 0.9571563644959225,
                "f1-score": 0.7845483167837249,
                "support": 16922.0
            },
            "1": {
                "precision": 0.6526114039290848,
                "recall": 0.14287212839609775,
                "f1-score": 0.2344234079173838,
                "support": 9533.0
            },
            "accuracy": 0.6637308637308638,
            "macro avg": {
                "precision": 0.6586472974996704,
                "recall": 0.55001424644601,
                "f1-score": 0.5094858623505544,
                "support": 26455.0
            },
            "weighted avg": {
                "precision": 0.6603331496105401,
                "recall": 0.6637308637308638,
                "f1-score": 0.5863120379622232,
                "support": 26455.0
            },
            "cross-entropy": 0.7690485909190576,
            "roc-auc": 0.5742681822855269,
            "score": 0.5742681822855269
        }
    }
}