{
    "function": "bin.model.main",
    "gpus": [
        "NVIDIA GeForce RTX 4090"
    ],
    "config": {
        "seed": 8,
        "batch_size": 256,
        "patience": 16,
        "n_epochs": -1,
        "gradient_clipping_norm": 1.0,
        "amp": true,
        "data": {
            "cache": true,
            "path": "data/classif-num-medium-0-bank-marketing",
            "num_policy": "noisy-quantile"
        },
        "optimizer": {
            "type": "AdamW",
            "lr": 0.00037397593095279383,
            "weight_decay": 0.0019282665942802412
        },
        "model": {
            "arch_type": "taba-moe",
            "k": 32,
            "share_training_batches": false,
            "backbone": {
                "type": "MLP",
                "n_blocks": 4,
                "d_block": 208,
                "dropout": 0.42050689077530534
            },
            "num_embeddings": {
                "type": "PiecewiseLinearEmbeddingsV2",
                "d_embedding": 8
            }
        },
        "bins": {
            "n_bins": 66
        }
    },
    "n_parameters": 246888,
    "prediction_type": "probs",
    "epoch_size": 29,
    "best_step": 290,
    "metrics": {
        "train": {
            "0": {
                "precision": 0.8309663046505151,
                "recall": 0.7995712754555199,
                "f1-score": 0.814966543766216,
                "support": 3732.0
            },
            "1": {
                "precision": 0.8038290060319958,
                "recall": 0.8346949891067538,
                "f1-score": 0.8189712758851034,
                "support": 3672.0
            },
            "accuracy": 0.8169908157752567,
            "macro avg": {
                "precision": 0.8173976553412554,
                "recall": 0.8171331322811368,
                "f1-score": 0.8169689098256597,
                "support": 7404.0
            },
            "weighted avg": {
                "precision": 0.8175076119807146,
                "recall": 0.8169908157752567,
                "f1-score": 0.8169526831963287,
                "support": 7404.0
            },
            "cross-entropy": 0.4022980406987229,
            "roc-auc": 0.8979922801560781,
            "score": 0.8169908157752567
        },
        "val": {
            "0": {
                "precision": 0.8376470588235294,
                "recall": 0.7807017543859649,
                "f1-score": 0.8081725312145289,
                "support": 456.0
            },
            "1": {
                "precision": 0.8102466793168881,
                "recall": 0.8608870967741935,
                "f1-score": 0.8347996089931574,
                "support": 496.0
            },
            "accuracy": 0.8224789915966386,
            "macro avg": {
                "precision": 0.8239468690702088,
                "recall": 0.8207944255800792,
                "f1-score": 0.8214860701038431,
                "support": 952.0
            },
            "weighted avg": {
                "precision": 0.8233712308452793,
                "recall": 0.8224789915966386,
                "f1-score": 0.8220454624941504,
                "support": 952.0
            },
            "cross-entropy": 0.41086720467395393,
            "roc-auc": 0.8912086162988115,
            "score": 0.8224789915966386
        },
        "test": {
            "0": {
                "precision": 0.801660516605166,
                "recall": 0.7892824704813806,
                "f1-score": 0.7954233409610985,
                "support": 1101.0
            },
            "1": {
                "precision": 0.7961335676625659,
                "recall": 0.808206958073149,
                "f1-score": 0.802124833997344,
                "support": 1121.0
            },
            "accuracy": 0.7988298829882988,
            "macro avg": {
                "precision": 0.7988970421338659,
                "recall": 0.7987447142772648,
                "f1-score": 0.7987740874792213,
                "support": 2222.0
            },
            "weighted avg": {
                "precision": 0.7988721683762485,
                "recall": 0.7988298829882988,
                "f1-score": 0.7988042472138578,
                "support": 2222.0
            },
            "cross-entropy": 0.4351205402357896,
            "roc-auc": 0.8803998635576612,
            "score": 0.7988298829882988
        }
    },
    "time": "0:00:12.223719",
    "chunk_size": null,
    "eval_batch_size": 32768
}