{
    "function": "bin.model.main",
    "gpus": [
        "NVIDIA GeForce RTX 4090"
    ],
    "config": {
        "seed": 11,
        "batch_size": 256,
        "patience": 16,
        "n_epochs": -1,
        "gradient_clipping_norm": 1.0,
        "amp": true,
        "data": {
            "cache": true,
            "path": "data/classif-num-medium-0-MagicTelescope",
            "num_policy": "noisy-quantile"
        },
        "optimizer": {
            "type": "AdamW",
            "lr": 0.0029329472144574245,
            "weight_decay": 0.000677011444203145
        },
        "model": {
            "arch_type": "tabm-mini",
            "k": 32,
            "share_training_batches": false,
            "backbone": {
                "type": "MLP",
                "n_blocks": 4,
                "d_block": 144,
                "dropout": 0.0
            },
            "num_embeddings": {
                "type": "PiecewiseLinearEmbeddingsV2",
                "d_embedding": 32
            }
        },
        "bins": {
            "n_bins": 7
        }
    },
    "n_parameters": 130944,
    "prediction_type": "probs",
    "epoch_size": 37,
    "best_step": 1332,
    "metrics": {
        "train": {
            "0": {
                "precision": 0.8901897456600727,
                "recall": 0.9355112431056428,
                "f1-score": 0.9122879602813406,
                "support": 4714.0
            },
            "1": {
                "precision": 0.9310501247448401,
                "recall": 0.8829855882985588,
                "f1-score": 0.9063810995804813,
                "support": 4649.0
            },
            "accuracy": 0.9094307380113211,
            "macro avg": {
                "precision": 0.9106199352024564,
                "recall": 0.9092484157021008,
                "f1-score": 0.909334529930911,
                "support": 9363.0
            },
            "weighted avg": {
                "precision": 0.9104781043447979,
                "recall": 0.9094307380113211,
                "f1-score": 0.90935503329231,
                "support": 9363.0
            },
            "cross-entropy": 0.22521143042133024,
            "roc-auc": 0.971347435997705,
            "score": 0.9094307380113211
        },
        "val": {
            "0": {
                "precision": 0.8548123980424144,
                "recall": 0.9018932874354562,
                "f1-score": 0.8777219430485762,
                "support": 581.0
            },
            "1": {
                "precision": 0.9033898305084745,
                "recall": 0.8569131832797428,
                "f1-score": 0.8795379537953796,
                "support": 622.0
            },
            "accuracy": 0.8786367414796342,
            "macro avg": {
                "precision": 0.8791011142754445,
                "recall": 0.8794032353575995,
                "f1-score": 0.878629948421978,
                "support": 1203.0
            },
            "weighted avg": {
                "precision": 0.8799289092592801,
                "recall": 0.8786367414796342,
                "f1-score": 0.8786608945735236,
                "support": 1203.0
            },
            "cross-entropy": 0.3042876374931056,
            "roc-auc": 0.9400523545721702,
            "score": 0.8786367414796342
        },
        "test": {
            "0": {
                "precision": 0.8313008130081301,
                "recall": 0.8808327351040919,
                "f1-score": 0.8553502962704775,
                "support": 1393.0
            },
            "1": {
                "precision": 0.8755622188905547,
                "recall": 0.8242766407904023,
                "f1-score": 0.8491457651762996,
                "support": 1417.0
            },
            "accuracy": 0.8523131672597865,
            "macro avg": {
                "precision": 0.8534315159493424,
                "recall": 0.8525546879472471,
                "f1-score": 0.8522480307233886,
                "support": 2810.0
            },
            "weighted avg": {
                "precision": 0.8536205326292674,
                "recall": 0.8523131672597865,
                "f1-score": 0.8522215345051929,
                "support": 2810.0
            },
            "cross-entropy": 0.3381854276257686,
            "roc-auc": 0.927979954212032,
            "score": 0.8523131672597865
        }
    },
    "time": "0:00:18.793219",
    "chunk_size": null,
    "eval_batch_size": 32768
}