{
    "function": "bin.model.main",
    "gpus": [
        "NVIDIA GeForce RTX 4090"
    ],
    "config": {
        "seed": 7,
        "batch_size": 256,
        "patience": 16,
        "n_epochs": -1,
        "gradient_clipping_norm": 1.0,
        "amp": true,
        "data": {
            "cache": true,
            "path": "data/adult",
            "num_policy": "noisy-quantile",
            "cat_policy": "ordinal"
        },
        "optimizer": {
            "type": "AdamW",
            "lr": 0.0025235193154571007,
            "weight_decay": 0.0
        },
        "model": {
            "arch_type": "tabrm",
            "sample_rate": 0.14855445633491574,
            "k": 80,
            "backbone": {
                "n_blocks": 3,
                "d_block": 96,
                "dropout": 0.025388723475763778
            },
            "num_embeddings": {
                "type": "PiecewiseLinearEmbeddingsV2",
                "d_embedding": 20
            }
        },
        "bins": {
            "n_bins": 118
        }
    },
    "n_parameters": 196744,
    "prediction_type": "probs",
    "epoch_size": 102,
    "best_step": 1836,
    "metrics": {
        "train": {
            "0": {
                "precision": 0.8885030502111685,
                "recall": 0.9574715549936789,
                "f1-score": 0.9216989168796397,
                "support": 19775.0
            },
            "1": {
                "precision": 0.822498944702406,
                "recall": 0.6212338593974175,
                "f1-score": 0.7078376169285261,
                "support": 6273.0
            },
            "accuracy": 0.8764972358722358,
            "macro avg": {
                "precision": 0.8555009974567873,
                "recall": 0.7893527071955482,
                "f1-score": 0.8147682669040829,
                "support": 26048.0
            },
            "weighted avg": {
                "precision": 0.8726076358278582,
                "recall": 0.8764972358722358,
                "f1-score": 0.8701958481375738,
                "support": 26048.0
            },
            "cross-entropy": 0.26556889497219743,
            "roc-auc": 0.938822662815756,
            "score": 0.8764972358722358
        },
        "val": {
            "0": {
                "precision": 0.881324054918187,
                "recall": 0.947623862487361,
                "f1-score": 0.9132722666146951,
                "support": 4945.0
            },
            "1": {
                "precision": 0.7834448160535117,
                "recall": 0.5975765306122449,
                "f1-score": 0.6780028943560058,
                "support": 1568.0
            },
            "accuracy": 0.8633502226316597,
            "macro avg": {
                "precision": 0.8323844354858494,
                "recall": 0.7726001965498029,
                "f1-score": 0.7956375804853504,
                "support": 6513.0
            },
            "weighted avg": {
                "precision": 0.8577596995458837,
                "recall": 0.8633502226316597,
                "f1-score": 0.8566313368278649,
                "support": 6513.0
            },
            "cross-entropy": 0.2956206523530134,
            "roc-auc": 0.918936232227977,
            "score": 0.8633502226316597
        },
        "test": {
            "0": {
                "precision": 0.8815700934579439,
                "recall": 0.9482106956172095,
                "f1-score": 0.9136768694304532,
                "support": 12435.0
            },
            "1": {
                "precision": 0.7783895388850653,
                "recall": 0.5881435257410297,
                "f1-score": 0.6700236966824644,
                "support": 3846.0
            },
            "accuracy": 0.8631533689576807,
            "macro avg": {
                "precision": 0.8299798161715046,
                "recall": 0.7681771106791195,
                "f1-score": 0.7918502830564589,
                "support": 16281.0
            },
            "weighted avg": {
                "precision": 0.8571961352927642,
                "recall": 0.8631533689576807,
                "f1-score": 0.8561195877899664,
                "support": 16281.0
            },
            "cross-entropy": 0.2991074997256127,
            "roc-auc": 0.9153423177538279,
            "score": 0.8631533689576807
        }
    },
    "time": "0:01:12.266437",
    "chunk_size": null,
    "eval_batch_size": 32768
}