{
    "function": "bin.qtabformerv2.main",
    "gpus": [
        "NVIDIA GeForce RTX 4090"
    ],
    "config": {
        "seed": 12,
        "batch_size": 256,
        "patience": 16,
        "n_epochs": -1,
        "amp": true,
        "data": {
            "cache": true,
            "path": "data/churn",
            "num_policy": "noisy-quantile",
            "cat_policy": "ordinal"
        },
        "optimizer": {
            "type": "AdamW",
            "lr": 0.0001646549921648336,
            "weight_decay": 0.0
        },
        "model": {
            "encoder_n_blocks": 1,
            "distance_metric": "cossim",
            "temperature": 0.02,
            "momentum": 0.999,
            "queue_ratio": 64,
            "d_main": 64,
            "d_multiplier": 2.0,
            "mixer_normalization": "auto",
            "dropout0": 0.244445209986528,
            "dropout1": 0.0,
            "normalization": "LayerNorm",
            "activation": "ReLU",
            "num_embeddings": {
                "type": "PeriodicEmbeddings",
                "n_frequencies": 16,
                "frequency_init_scale": 0.10354020015903512,
                "d_embedding": 17,
                "lite": true
            }
        }
    },
    "n_parameters": 30051,
    "prediction_type": "probs",
    "epoch_size": 25,
    "best_step": 725,
    "metrics": {
        "train": {
            "0": {
                "precision": 0.8893374931180033,
                "recall": 0.9509419152276295,
                "f1-score": 0.9191085822664771,
                "support": 5096.0
            },
            "1": {
                "precision": 0.7371188222923238,
                "recall": 0.5375766871165644,
                "f1-score": 0.6217294900221728,
                "support": 1304.0
            },
            "accuracy": 0.86671875,
            "macro avg": {
                "precision": 0.8132281577051635,
                "recall": 0.7442593011720969,
                "f1-score": 0.7704190361443249,
                "support": 6400.0
            },
            "weighted avg": {
                "precision": 0.858322938937271,
                "recall": 0.86671875,
                "f1-score": 0.8585175922217002,
                "support": 6400.0
            },
            "cross-entropy": 0.3220721184538625,
            "roc-auc": 0.87776034493552,
            "score": 0.86671875
        },
        "val": {
            "0": {
                "precision": 0.8846990572878898,
                "recall": 0.957613814756672,
                "f1-score": 0.919713531850735,
                "support": 1274.0
            },
            "1": {
                "precision": 0.755656108597285,
                "recall": 0.5122699386503068,
                "f1-score": 0.6106032906764168,
                "support": 326.0
            },
            "accuracy": 0.866875,
            "macro avg": {
                "precision": 0.8201775829425875,
                "recall": 0.7349418767034894,
                "f1-score": 0.7651584112635759,
                "support": 1600.0
            },
            "weighted avg": {
                "precision": 0.8584065564921791,
                "recall": 0.866875,
                "f1-score": 0.8567323202114677,
                "support": 1600.0
            },
            "cross-entropy": 0.342155213115491,
            "roc-auc": 0.8568804114378172,
            "score": 0.866875
        },
        "test": {
            "0": {
                "precision": 0.8802083333333334,
                "recall": 0.9548022598870056,
                "f1-score": 0.9159891598915988,
                "support": 1593.0
            },
            "1": {
                "precision": 0.7352941176470589,
                "recall": 0.4914004914004914,
                "f1-score": 0.5891016200294551,
                "support": 407.0
            },
            "accuracy": 0.8605,
            "macro avg": {
                "precision": 0.8077512254901962,
                "recall": 0.7231013756437485,
                "f1-score": 0.752545389960527,
                "support": 2000.0
            },
            "weighted avg": {
                "precision": 0.8507182904411764,
                "recall": 0.8605,
                "f1-score": 0.8494675455296526,
                "support": 2000.0
            },
            "cross-entropy": 0.3521482344661946,
            "roc-auc": 0.8483321534168992,
            "score": 0.8605
        }
    },
    "time": "0:00:16.067639",
    "chunk_size": null,
    "eval_batch_size": 32768
}