{
    "function": "bin.model.main",
    "gpus": [
        "NVIDIA GeForce RTX 4090"
    ],
    "config": {
        "seed": 12,
        "batch_size": 64,
        "patience": 16,
        "n_epochs": -1,
        "gradient_clipping_norm": 1.0,
        "amp": true,
        "data": {
            "cache": true,
            "path": "data/classif-cat-medium-0-KDDCup09_upselling",
            "num_policy": "noisy-quantile",
            "cat_policy": "ordinal"
        },
        "optimizer": {
            "type": "AdamW",
            "lr": 0.00105458436826614,
            "weight_decay": 0.0
        },
        "model": {
            "arch_type": "taba",
            "k": 32,
            "share_training_batches": false,
            "backbone": {
                "type": "MLP",
                "n_blocks": 9,
                "d_block": 976,
                "dropout": 0.3295977703127632
            },
            "num_embeddings": {
                "type": "PiecewiseLinearEmbeddingsV2",
                "d_embedding": 16
            }
        },
        "bins": {
            "n_bins": 116
        }
    },
    "n_parameters": 1273008,
    "prediction_type": "probs",
    "epoch_size": 57,
    "best_step": 513,
    "metrics": {
        "train": {
            "0": {
                "precision": 0.7629151291512916,
                "recall": 0.9158361018826136,
                "f1-score": 0.8324106693507801,
                "support": 1806.0
            },
            "1": {
                "precision": 0.8930330752990852,
                "recall": 0.7117218171620864,
                "f1-score": 0.7921348314606742,
                "support": 1783.0
            },
            "accuracy": 0.8144329896907216,
            "macro avg": {
                "precision": 0.8279741022251883,
                "recall": 0.8137789595223499,
                "f1-score": 0.8122727504057272,
                "support": 3589.0
            },
            "weighted avg": {
                "precision": 0.8275571737268046,
                "recall": 0.8144329896907216,
                "f1-score": 0.8124018036617139,
                "support": 3589.0
            },
            "cross-entropy": 0.40191704213125545,
            "roc-auc": 0.9108999167106094,
            "score": 0.8144329896907216
        },
        "val": {
            "0": {
                "precision": 0.7549407114624506,
                "recall": 0.9182692307692307,
                "f1-score": 0.8286334056399132,
                "support": 208.0
            },
            "1": {
                "precision": 0.9174757281553398,
                "recall": 0.7529880478087649,
                "f1-score": 0.8271334792122539,
                "support": 251.0
            },
            "accuracy": 0.8278867102396514,
            "macro avg": {
                "precision": 0.8362082198088951,
                "recall": 0.8356286392889978,
                "f1-score": 0.8278834424260835,
                "support": 459.0
            },
            "weighted avg": {
                "precision": 0.8438215157977778,
                "recall": 0.8278867102396514,
                "f1-score": 0.8278131844343739,
                "support": 459.0
            },
            "cross-entropy": 0.3731065001646107,
            "roc-auc": 0.9236323935029116,
            "score": 0.8278867102396514
        },
        "test": {
            "0": {
                "precision": 0.7507692307692307,
                "recall": 0.8905109489051095,
                "f1-score": 0.8146911519198663,
                "support": 548.0
            },
            "1": {
                "precision": 0.8591549295774648,
                "recall": 0.6931818181818182,
                "f1-score": 0.7672955974842768,
                "support": 528.0
            },
            "accuracy": 0.7936802973977695,
            "macro avg": {
                "precision": 0.8049620801733477,
                "recall": 0.7918463835434639,
                "f1-score": 0.7909933747020715,
                "support": 1076.0
            },
            "weighted avg": {
                "precision": 0.8039547781398139,
                "recall": 0.7936802973977695,
                "f1-score": 0.7914338538325137,
                "support": 1076.0
            },
            "cross-entropy": 0.4254956853996778,
            "roc-auc": 0.8911434140676842,
            "score": 0.7936802973977695
        }
    },
    "time": "0:00:21.994399",
    "chunk_size": null,
    "eval_batch_size": 32768,
    "heads": [
        5
    ],
    "head_selection_time": "0:00:00.186711"
}