{
    "function": "bin.model.main",
    "gpus": [
        "NVIDIA GeForce RTX 4090"
    ],
    "config": {
        "seed": 7,
        "batch_size": 256,
        "patience": 16,
        "n_epochs": -1,
        "gradient_clipping_norm": 1.0,
        "amp": true,
        "data": {
            "cache": true,
            "path": "data/classif-num-medium-0-MagicTelescope",
            "num_policy": "noisy-quantile"
        },
        "optimizer": {
            "type": "AdamW",
            "lr": 0.0009457435954888188,
            "weight_decay": 0.0724056573507867
        },
        "model": {
            "arch_type": "tabrmv2-mini",
            "sample_rate": 0.2939111311955071,
            "k": 32,
            "backbone": {
                "n_blocks": 1,
                "d_block": 272,
                "dropout": 0.4377442899713583
            },
            "num_embeddings": {
                "type": "PeriodicEmbeddings",
                "n_frequencies": 32,
                "d_embedding": 20,
                "frequency_init_scale": 0.11497430136904793,
                "lite": false
            }
        }
    },
    "n_parameters": 566360,
    "prediction_type": "probs",
    "epoch_size": 37,
    "best_step": 888,
    "metrics": {
        "train": {
            "0": {
                "precision": 0.876993166287016,
                "recall": 0.8983877810776411,
                "f1-score": 0.887561563449649,
                "support": 4714.0
            },
            "1": {
                "precision": 0.8943537715041906,
                "recall": 0.8722305872230587,
                "f1-score": 0.883153653490145,
                "support": 4649.0
            },
            "accuracy": 0.885399978639325,
            "macro avg": {
                "precision": 0.8856734688956033,
                "recall": 0.8853091841503499,
                "f1-score": 0.885357608469897,
                "support": 9363.0
            },
            "weighted avg": {
                "precision": 0.8856132083306608,
                "recall": 0.885399978639325,
                "f1-score": 0.8853729088088572,
                "support": 9363.0
            },
            "cross-entropy": 0.2700536083152485,
            "roc-auc": 0.9532416175558122,
            "score": 0.885399978639325
        },
        "val": {
            "0": {
                "precision": 0.8754266211604096,
                "recall": 0.882960413080895,
                "f1-score": 0.8791773778920309,
                "support": 581.0
            },
            "1": {
                "precision": 0.8897893030794165,
                "recall": 0.882636655948553,
                "f1-score": 0.8861985472154963,
                "support": 622.0
            },
            "accuracy": 0.8827930174563591,
            "macro avg": {
                "precision": 0.882607962119913,
                "recall": 0.882798534514724,
                "f1-score": 0.8826879625537636,
                "support": 1203.0
            },
            "weighted avg": {
                "precision": 0.8828527127261804,
                "recall": 0.8827930174563591,
                "f1-score": 0.8828076084150529,
                "support": 1203.0
            },
            "cross-entropy": 0.30447774592523136,
            "roc-auc": 0.9411273942808441,
            "score": 0.8827930174563591
        },
        "test": {
            "0": {
                "precision": 0.8419220055710307,
                "recall": 0.867910983488873,
                "f1-score": 0.8547189819724285,
                "support": 1393.0
            },
            "1": {
                "precision": 0.86608442503639,
                "recall": 0.839802399435427,
                "f1-score": 0.8527409530634181,
                "support": 1417.0
            },
            "accuracy": 0.8537366548042704,
            "macro avg": {
                "precision": 0.8540032153037104,
                "recall": 0.8538566914621499,
                "f1-score": 0.8537299675179233,
                "support": 2810.0
            },
            "weighted avg": {
                "precision": 0.854106400013171,
                "recall": 0.8537366548042704,
                "f1-score": 0.8537215204193794,
                "support": 2810.0
            },
            "cross-entropy": 0.33270867900031925,
            "roc-auc": 0.9316486150887516,
            "score": 0.8537366548042704
        }
    },
    "time": "0:00:27.754468",
    "chunk_size": null,
    "eval_batch_size": 32768,
    "heads": [
        23
    ],
    "head_selection_time": "0:00:00.192786"
}