{
    "function": "bin.model.main",
    "gpus": [
        "NVIDIA GeForce RTX 4090"
    ],
    "config": {
        "seed": 2,
        "batch_size": 128,
        "patience": 16,
        "n_epochs": -1,
        "amp": true,
        "data": {
            "cache": true,
            "path": "data/regression-num-medium-0-cpu_act",
            "num_policy": "noisy-quantile"
        },
        "optimizer": {
            "type": "AdamW",
            "lr": 0.00014270781178568647,
            "weight_decay": 1.2059913184531178e-05
        },
        "model": {
            "arch_type": "tabr",
            "k": 1,
            "context_size": 96,
            "d_main": 241,
            "context_dropout": 0.0,
            "d_multiplier": 2.0,
            "encoder_n_blocks": 1,
            "predictor_n_blocks": 1,
            "mixer_normalization": "auto",
            "dropout0": 0.5365829613041786,
            "dropout1": 0.0,
            "normalization": "LayerNorm",
            "activation": "ReLU",
            "num_embeddings": {
                "type": "PeriodicEmbeddings",
                "n_frequencies": 21,
                "frequency_init_scale": 0.0183744453510769,
                "d_embedding": 14,
                "lite": true
            }
        }
    },
    "n_parameters": 831530,
    "prediction_type": "labels",
    "epoch_size": 45,
    "best_step": 7290,
    "metrics": {
        "train": {
            "rmse": 1.9611390150868888,
            "mae": 1.4367555379867554,
            "r2": 0.9884508790402259,
            "score": -1.9611390150868888
        },
        "val": {
            "rmse": 2.2323918645114844,
            "mae": 1.5963631868362427,
            "r2": 0.9852796072628248,
            "score": -2.2323918645114844
        },
        "test": {
            "rmse": 2.2452026722592917,
            "mae": 1.6437121629714966,
            "r2": 0.985884342182593,
            "score": -2.2452026722592917
        }
    },
    "time": "0:02:09.095614",
    "chunk_size": null,
    "eval_batch_size": 32768
}