{
    "function": "bin.model.main",
    "gpus": [
        "NVIDIA GeForce RTX 4090"
    ],
    "config": {
        "seed": 14,
        "batch_size": 256,
        "patience": 16,
        "n_epochs": -1,
        "gradient_clipping_norm": 1.0,
        "amp": true,
        "data": {
            "cache": true,
            "path": "data/regression-num-medium-2-Ailerons",
            "num_policy": "noisy-quantile"
        },
        "optimizer": {
            "type": "AdamW",
            "lr": 3.07861902278435e-05,
            "weight_decay": 0.0
        },
        "model": {
            "arch_type": "tabrmv2-mini",
            "sample_rate": 0.5691830343713147,
            "k": 32,
            "backbone": {
                "n_blocks": 5,
                "d_block": 368,
                "dropout": 0.09696885298188279
            },
            "num_embeddings": {
                "type": "PeriodicEmbeddings",
                "n_frequencies": 88,
                "d_embedding": 16,
                "frequency_init_scale": 0.10623890194926984,
                "lite": false
            }
        }
    },
    "n_parameters": 3323384,
    "prediction_type": "labels",
    "epoch_size": 38,
    "best_step": 2090,
    "metrics": {
        "train": {
            "rmse": 0.0001601182460860955,
            "mae": 0.00011642232129815966,
            "r2": 0.8471547418350396,
            "score": -0.0001601182460860955
        },
        "val": {
            "rmse": 0.0001559912599288594,
            "mae": 0.0001160776155302301,
            "r2": 0.8287958215016134,
            "score": -0.0001559912599288594
        },
        "test": {
            "rmse": 0.0001612053596289062,
            "mae": 0.00011785747483372688,
            "r2": 0.8487347270112606,
            "score": -0.0001612053596289062
        }
    },
    "time": "0:00:54.565183",
    "chunk_size": null,
    "eval_batch_size": 32768,
    "heads": [
        29
    ],
    "head_selection_time": "0:00:00.020492"
}