{
    "function": "bin.model.main",
    "gpus": [
        "NVIDIA GeForce RTX 4090"
    ],
    "config": {
        "seed": 11,
        "batch_size": 256,
        "patience": 16,
        "n_epochs": -1,
        "amp": true,
        "data": {
            "cache": true,
            "path": "data/regression-cat-medium-0-house_sales",
            "num_policy": "noisy-quantile"
        },
        "optimizer": {
            "type": "AdamW",
            "lr": 0.00019915307062371964,
            "weight_decay": 5.223207661798255e-05
        },
        "model": {
            "arch_type": "tabr",
            "k": 1,
            "context_size": 96,
            "d_main": 162,
            "context_dropout": 0.2849582202660138,
            "d_multiplier": 2.0,
            "encoder_n_blocks": 1,
            "predictor_n_blocks": 2,
            "mixer_normalization": "auto",
            "dropout0": 0.472924571292395,
            "dropout1": 0.0,
            "normalization": "LayerNorm",
            "activation": "ReLU",
            "num_embeddings": {
                "type": "PeriodicEmbeddings",
                "n_frequencies": 37,
                "frequency_init_scale": 0.047140907375086714,
                "d_embedding": 43,
                "lite": true
            }
        }
    },
    "n_parameters": 558955,
    "prediction_type": "labels",
    "epoch_size": 40,
    "best_step": 3400,
    "metrics": {
        "train": {
            "rmse": 0.1551598727388203,
            "mae": 0.11279784888029099,
            "r2": 0.9135031800750558,
            "score": -0.1551598727388203
        },
        "val": {
            "rmse": 0.1714889189046455,
            "mae": 0.1212393045425415,
            "r2": 0.8951323944956462,
            "score": -0.1714889189046455
        },
        "test": {
            "rmse": 0.1703163205601943,
            "mae": 0.12116831541061401,
            "r2": 0.8944707319002819,
            "score": -0.1703163205601943
        }
    },
    "time": "0:01:14.488198",
    "chunk_size": null,
    "eval_batch_size": 32768
}