{
    "function": "bin.ensemble.main",
    "config": {
        "seeds": [
            5,
            6,
            7,
            8,
            9
        ],
        "data": {
            "path": "data/classif-num-medium-4-phoneme"
        }
    },
    "single_model_function": "bin.model.main",
    "prediction_type": "probs",
    "metrics": {
        "train": {
            "0": {
                "precision": 0.9918552036199095,
                "recall": 0.9882777276825969,
                "f1-score": 0.990063233965673,
                "support": 1109.0
            },
            "1": {
                "precision": 0.9883408071748879,
                "recall": 0.991899189918992,
                "f1-score": 0.9901168014375562,
                "support": 1111.0
            },
            "accuracy": 0.9900900900900901,
            "macro avg": {
                "precision": 0.9900980053973987,
                "recall": 0.9900884588007944,
                "f1-score": 0.9900900177016145,
                "support": 2220.0
            },
            "weighted avg": {
                "precision": 0.9900964223359371,
                "recall": 0.9900900900900901,
                "f1-score": 0.9900900418311064,
                "support": 2220.0
            },
            "cross-entropy": 0.06515993827928152,
            "roc-auc": 0.9994935471906072,
            "score": 0.9900900900900901
        },
        "val": {
            "0": {
                "precision": 0.9645390070921985,
                "recall": 0.912751677852349,
                "f1-score": 0.9379310344827586,
                "support": 149.0
            },
            "1": {
                "precision": 0.9097222222222222,
                "recall": 0.9632352941176471,
                "f1-score": 0.9357142857142857,
                "support": 136.0
            },
            "accuracy": 0.9368421052631579,
            "macro avg": {
                "precision": 0.9371306146572104,
                "recall": 0.9379934859849981,
                "f1-score": 0.9368226600985221,
                "support": 285.0
            },
            "weighted avg": {
                "precision": 0.938380822031438,
                "recall": 0.9368421052631579,
                "f1-score": 0.936873217526575,
                "support": 285.0
            },
            "cross-entropy": 0.21059107301148555,
            "roc-auc": 0.9741413343861034,
            "score": 0.9368421052631579
        },
        "test": {
            "0": {
                "precision": 0.896875,
                "recall": 0.875,
                "f1-score": 0.8858024691358024,
                "support": 328.0
            },
            "1": {
                "precision": 0.8818443804034583,
                "recall": 0.9026548672566371,
                "f1-score": 0.892128279883382,
                "support": 339.0
            },
            "accuracy": 0.889055472263868,
            "macro avg": {
                "precision": 0.8893596902017291,
                "recall": 0.8888274336283186,
                "f1-score": 0.8889653745095922,
                "support": 667.0
            },
            "weighted avg": {
                "precision": 0.8892357495603783,
                "recall": 0.889055472263868,
                "f1-score": 0.8890175363673309,
                "support": 667.0
            },
            "cross-entropy": 0.2686365978392959,
            "roc-auc": 0.9583783005971652,
            "score": 0.889055472263868
        }
    }
}