{
    "function": "bin.ensemble.main",
    "config": {
        "seeds": [
            0,
            1,
            2,
            3,
            4
        ],
        "data": {
            "path": "data/regression-cat-medium-0-Brazilian_houses"
        }
    },
    "single_model_function": "bin.model.main",
    "prediction_type": "labels",
    "metrics": {
        "train": {
            "rmse": 0.0783322387043498,
            "mae": 0.032597873359918594,
            "r2": 0.9904689062702364,
            "score": -0.0783322387043498
        },
        "val": {
            "rmse": 0.12652979475292936,
            "mae": 0.03713289648294449,
            "r2": 0.9751910185663025,
            "score": -0.12652979475292936
        },
        "test": {
            "rmse": 0.05064017157541427,
            "mae": 0.03179403021931648,
            "r2": 0.9958043232047827,
            "score": -0.05064017157541427
        }
    }
}