{
    "function": "bin.model.main",
    "gpus": [
        "NVIDIA GeForce RTX 4090"
    ],
    "config": {
        "seed": 14,
        "batch_size": 1024,
        "patience": 16,
        "n_epochs": -1,
        "gradient_clipping_norm": 1.0,
        "amp": true,
        "data": {
            "cache": true,
            "path": "data/ecom-offers",
            "num_policy": "noisy-quantile"
        },
        "optimizer": {
            "type": "AdamW",
            "lr": 0.0016960253738294774,
            "weight_decay": 0.0
        },
        "model": {
            "arch_type": "taba",
            "k": 128,
            "share_training_batches": false,
            "backbone": {
                "type": "MLP",
                "n_blocks": 10,
                "d_block": 464,
                "dropout": 0.0
            },
            "num_embeddings": {
                "type": "PiecewiseLinearEmbeddingsV2",
                "d_embedding": 16
            }
        },
        "bins": {
            "n_bins": 66
        }
    },
    "n_parameters": 2351168,
    "prediction_type": "probs",
    "epoch_size": 107,
    "best_step": 428,
    "metrics": {
        "train": {
            "0": {
                "precision": 0.7929220747654465,
                "recall": 0.9688402095534516,
                "f1-score": 0.8720981211972154,
                "support": 84179.0
            },
            "1": {
                "precision": 0.5955905026210299,
                "recall": 0.15352515698275176,
                "f1-score": 0.2441228513650152,
                "support": 25162.0
            },
            "accuracy": 0.78121656103383,
            "macro avg": {
                "precision": 0.6942562886932382,
                "recall": 0.5611826832681017,
                "f1-score": 0.5581104862811153,
                "support": 109341.0
            },
            "weighted avg": {
                "precision": 0.747511322913005,
                "recall": 0.78121656103383,
                "f1-score": 0.7275858729141577,
                "support": 109341.0
            },
            "cross-entropy": 0.4869565961051472,
            "roc-auc": 0.7111803447704185,
            "score": 0.7111803447704185
        },
        "val": {
            "0": {
                "precision": 0.6503927696595996,
                "recall": 0.9923959273102204,
                "f1-score": 0.7857944688233492,
                "support": 15518.0
            },
            "1": {
                "precision": 0.7975986277873071,
                "recall": 0.053185405467230926,
                "f1-score": 0.09972120952176709,
                "support": 8743.0
            },
            "accuracy": 0.653930176002638,
            "macro avg": {
                "precision": 0.7239956987234533,
                "recall": 0.5227906663887256,
                "f1-score": 0.4427578391725582,
                "support": 24261.0
            },
            "weighted avg": {
                "precision": 0.7034417296204647,
                "recall": 0.653930176002638,
                "f1-score": 0.5385524546411748,
                "support": 24261.0
            },
            "cross-entropy": 0.7913572072484768,
            "roc-auc": 0.628212856957265,
            "score": 0.628212856957265
        },
        "test": {
            "0": {
                "precision": 0.6448712553085664,
                "recall": 0.9960406571327266,
                "f1-score": 0.7828793051394598,
                "support": 16922.0
            },
            "1": {
                "precision": 0.789308176100629,
                "recall": 0.02632959194377426,
                "f1-score": 0.05095929347274389,
                "support": 9533.0
            },
            "accuracy": 0.6466074466074466,
            "macro avg": {
                "precision": 0.7170897157045977,
                "recall": 0.5111851245382504,
                "f1-score": 0.41691929930610183,
                "support": 26455.0
            },
            "weighted avg": {
                "precision": 0.696918776227513,
                "recall": 0.6466074466074466,
                "f1-score": 0.5191335681816521,
                "support": 26455.0
            },
            "cross-entropy": 0.9078318882287796,
            "roc-auc": 0.5931546849749513,
            "score": 0.5931546849749513
        }
    },
    "time": "0:04:44.534304",
    "chunk_size": null,
    "eval_batch_size": 8192,
    "heads": [
        125
    ],
    "head_selection_time": "0:00:03.513925"
}