{
    "function": "bin.model.main",
    "gpus": [
        "NVIDIA GeForce RTX 4090"
    ],
    "config": {
        "seed": 3,
        "batch_size": 32,
        "patience": 16,
        "n_epochs": -1,
        "gradient_clipping_norm": 1.0,
        "amp": true,
        "data": {
            "cache": true,
            "path": "data/classif-num-medium-1-phoneme",
            "num_policy": "noisy-quantile"
        },
        "optimizer": {
            "type": "AdamW",
            "lr": 0.0016070492327628634,
            "weight_decay": 0.0007933056242751766
        },
        "model": {
            "arch_type": "tabm-mini",
            "k": 32,
            "share_training_batches": false,
            "backbone": {
                "type": "MLP",
                "n_blocks": 4,
                "d_block": 848,
                "dropout": 0.10822384191783263
            },
            "num_embeddings": {
                "type": "PiecewiseLinearEmbeddingsV2",
                "d_embedding": 8
            }
        },
        "bins": {
            "n_bins": 3
        }
    },
    "n_parameters": 2250400,
    "prediction_type": "probs",
    "epoch_size": 70,
    "best_step": 3010,
    "metrics": {
        "train": {
            "0": {
                "precision": 0.9627213420316869,
                "recall": 0.9408014571948998,
                "f1-score": 0.9516351911561493,
                "support": 1098.0
            },
            "1": {
                "precision": 0.9433304272013949,
                "recall": 0.964349376114082,
                "f1-score": 0.9537241075363596,
                "support": 1122.0
            },
            "accuracy": 0.9527027027027027,
            "macro avg": {
                "precision": 0.9530258846165409,
                "recall": 0.9525754166544909,
                "f1-score": 0.9526796493462544,
                "support": 2220.0
            },
            "weighted avg": {
                "precision": 0.9529210688607015,
                "recall": 0.9527027027027027,
                "f1-score": 0.9526909407861474,
                "support": 2220.0
            },
            "cross-entropy": 0.11035208329509498,
            "roc-auc": 0.9945278078113179,
            "score": 0.9527027027027027
        },
        "val": {
            "0": {
                "precision": 0.9194630872483222,
                "recall": 0.9072847682119205,
                "f1-score": 0.9133333333333332,
                "support": 151.0
            },
            "1": {
                "precision": 0.8970588235294118,
                "recall": 0.9104477611940298,
                "f1-score": 0.9037037037037037,
                "support": 134.0
            },
            "accuracy": 0.9087719298245615,
            "macro avg": {
                "precision": 0.908260955388867,
                "recall": 0.9088662647029752,
                "f1-score": 0.9085185185185185,
                "support": 285.0
            },
            "weighted avg": {
                "precision": 0.9089291527278519,
                "recall": 0.9087719298245615,
                "f1-score": 0.9088057179987004,
                "support": 285.0
            },
            "cross-entropy": 0.35624820780939875,
            "roc-auc": 0.9519867549668874,
            "score": 0.9087719298245615
        },
        "test": {
            "0": {
                "precision": 0.9161290322580645,
                "recall": 0.8427299703264095,
                "f1-score": 0.8778979907264297,
                "support": 337.0
            },
            "1": {
                "precision": 0.8515406162464986,
                "recall": 0.9212121212121213,
                "f1-score": 0.8850072780203785,
                "support": 330.0
            },
            "accuracy": 0.881559220389805,
            "macro avg": {
                "precision": 0.8838348242522815,
                "recall": 0.8819710457692653,
                "f1-score": 0.8814526343734042,
                "support": 667.0
            },
            "weighted avg": {
                "precision": 0.8841737439764802,
                "recall": 0.881559220389805,
                "f1-score": 0.8814153292676639,
                "support": 667.0
            },
            "cross-entropy": 0.38091780765420996,
            "roc-auc": 0.9472034888948836,
            "score": 0.881559220389805
        }
    },
    "time": "0:00:37.502468",
    "chunk_size": null,
    "eval_batch_size": 32768,
    "heads": [
        8
    ],
    "head_selection_time": "0:00:00.176065"
}