{
    "function": "bin.model.main",
    "gpus": [
        "NVIDIA GeForce RTX 4090"
    ],
    "config": {
        "seed": 1,
        "batch_size": 64,
        "patience": 16,
        "n_epochs": -1,
        "gradient_clipping_norm": 1.0,
        "amp": true,
        "data": {
            "cache": true,
            "path": "data/classif-cat-medium-2-KDDCup09_upselling",
            "num_policy": "noisy-quantile",
            "cat_policy": "ordinal"
        },
        "optimizer": {
            "type": "AdamW",
            "lr": 0.000659074617089527,
            "weight_decay": 0.011956244022128892
        },
        "model": {
            "arch_type": "tabrmv2",
            "sample_rate": 0.4488898539008022,
            "k": 80,
            "backbone": {
                "n_blocks": 5,
                "d_block": 352,
                "dropout": 0.009596599154666763
            },
            "num_embeddings": {
                "type": "PeriodicEmbeddings",
                "n_frequencies": 40,
                "d_embedding": 28,
                "frequency_init_scale": 0.07417077580505224,
                "lite": false
            }
        }
    },
    "n_parameters": 4123464,
    "prediction_type": "probs",
    "epoch_size": 57,
    "best_step": 114,
    "metrics": {
        "train": {
            "0": {
                "precision": 0.7526737967914439,
                "recall": 0.9467488789237668,
                "f1-score": 0.8386295928500497,
                "support": 1784.0
            },
            "1": {
                "precision": 0.929368029739777,
                "recall": 0.6925207756232687,
                "f1-score": 0.7936507936507936,
                "support": 1805.0
            },
            "accuracy": 0.8188910560044581,
            "macro avg": {
                "precision": 0.8410209132656103,
                "recall": 0.8196348272735178,
                "f1-score": 0.8161401932504216,
                "support": 3589.0
            },
            "weighted avg": {
                "precision": 0.8415378509769388,
                "recall": 0.8188910560044581,
                "f1-score": 0.8160086030047844,
                "support": 3589.0
            },
            "cross-entropy": 0.34714235598721366,
            "roc-auc": 0.9210642771076855,
            "score": 0.8188910560044581
        },
        "val": {
            "0": {
                "precision": 0.7654723127035831,
                "recall": 0.951417004048583,
                "f1-score": 0.8483754512635379,
                "support": 247.0
            },
            "1": {
                "precision": 0.9215686274509803,
                "recall": 0.6619718309859155,
                "f1-score": 0.7704918032786885,
                "support": 213.0
            },
            "accuracy": 0.8173913043478261,
            "macro avg": {
                "precision": 0.8435204700772817,
                "recall": 0.8066944175172492,
                "f1-score": 0.8094336272711131,
                "support": 460.0
            },
            "weighted avg": {
                "precision": 0.8377516932279214,
                "recall": 0.8173913043478261,
                "f1-score": 0.8123119360009879,
                "support": 460.0
            },
            "cross-entropy": 0.39830741339151426,
            "roc-auc": 0.8964665184086978,
            "score": 0.8173913043478261
        },
        "test": {
            "0": {
                "precision": 0.7318518518518519,
                "recall": 0.9303201506591338,
                "f1-score": 0.8192371475953566,
                "support": 531.0
            },
            "1": {
                "precision": 0.9079601990049752,
                "recall": 0.6684981684981685,
                "f1-score": 0.7700421940928269,
                "support": 546.0
            },
            "accuracy": 0.797585886722377,
            "macro avg": {
                "precision": 0.8199060254284135,
                "recall": 0.7994091595786511,
                "f1-score": 0.7946396708440917,
                "support": 1077.0
            },
            "weighted avg": {
                "precision": 0.821132406675998,
                "recall": 0.797585886722377,
                "f1-score": 0.7942970876024307,
                "support": 1077.0
            },
            "cross-entropy": 0.3945749459395049,
            "roc-auc": 0.8928450708111726,
            "score": 0.797585886722377
        }
    },
    "time": "0:00:28.182467",
    "chunk_size": null,
    "eval_batch_size": 32768,
    "heads": [
        42
    ],
    "head_selection_time": "0:00:00.466406"
}