{
    "function": "bin.model.main",
    "gpus": [
        "NVIDIA GeForce RTX 4090"
    ],
    "config": {
        "seed": 10,
        "batch_size": 32,
        "patience": 16,
        "n_epochs": -1,
        "amp": true,
        "data": {
            "cache": true,
            "path": "data/classif-num-medium-1-wine",
            "num_policy": "noisy-quantile"
        },
        "optimizer": {
            "type": "AdamW",
            "lr": 6.561511550914622e-05,
            "weight_decay": 3.160872057754655e-05
        },
        "model": {
            "arch_type": "tabr-pln",
            "k": 32,
            "context_size": 96,
            "d_main": 347,
            "context_dropout": 0.0,
            "d_multiplier": 2.0,
            "encoder_n_blocks": 1,
            "predictor_n_blocks": 1,
            "mixer_normalization": "auto",
            "dropout0": 0.4464889519554296,
            "dropout1": 0.0,
            "normalization": "LayerNorm",
            "activation": "ReLU",
            "num_embeddings": {
                "type": "PeriodicEmbeddings",
                "n_frequencies": 90,
                "frequency_init_scale": 0.01877781706809591,
                "d_embedding": 63,
                "lite": true
            }
        }
    },
    "n_parameters": 1846637,
    "prediction_type": "probs",
    "epoch_size": 56,
    "best_step": 1400,
    "metrics": {
        "train": {
            "0": {
                "precision": 0.8534798534798534,
                "recall": 0.7792642140468228,
                "f1-score": 0.8146853146853147,
                "support": 897.0
            },
            "1": {
                "precision": 0.7954545454545454,
                "recall": 0.8651685393258427,
                "f1-score": 0.828848223896663,
                "support": 890.0
            },
            "accuracy": 0.8220481253497481,
            "macro avg": {
                "precision": 0.8244671994671995,
                "recall": 0.8222163766863327,
                "f1-score": 0.8217667692909889,
                "support": 1787.0
            },
            "weighted avg": {
                "precision": 0.8245808472445293,
                "recall": 0.8220481253497481,
                "f1-score": 0.821739029961252,
                "support": 1787.0
            },
            "cross-entropy": 0.4035956268596443,
            "roc-auc": 0.9032035624365864,
            "score": 0.8220481253497481
        },
        "val": {
            "0": {
                "precision": 0.8376068376068376,
                "recall": 0.8099173553719008,
                "f1-score": 0.8235294117647057,
                "support": 121.0
            },
            "1": {
                "precision": 0.7964601769911505,
                "recall": 0.8256880733944955,
                "f1-score": 0.8108108108108109,
                "support": 109.0
            },
            "accuracy": 0.8173913043478261,
            "macro avg": {
                "precision": 0.817033507298994,
                "recall": 0.8178027143831981,
                "f1-score": 0.8171701112877583,
                "support": 230.0
            },
            "weighted avg": {
                "precision": 0.8181068984454902,
                "recall": 0.8173913043478261,
                "f1-score": 0.8175019008778599,
                "support": 230.0
            },
            "cross-entropy": 0.44430550739458863,
            "roc-auc": 0.8792175297596483,
            "score": 0.8173913043478261
        },
        "test": {
            "0": {
                "precision": 0.8340425531914893,
                "recall": 0.7567567567567568,
                "f1-score": 0.7935222672064777,
                "support": 259.0
            },
            "1": {
                "precision": 0.7913907284768212,
                "recall": 0.8597122302158273,
                "f1-score": 0.8241379310344826,
                "support": 278.0
            },
            "accuracy": 0.8100558659217877,
            "macro avg": {
                "precision": 0.8127166408341553,
                "recall": 0.8082344934862921,
                "f1-score": 0.8088300991204802,
                "support": 537.0
            },
            "weighted avg": {
                "precision": 0.8119620927246779,
                "recall": 0.8100558659217877,
                "f1-score": 0.8093717170094299,
                "support": 537.0
            },
            "cross-entropy": 0.4290338280185409,
            "roc-auc": 0.8791978000611095,
            "score": 0.8100558659217877
        }
    },
    "time": "0:00:39.494355",
    "chunk_size": null,
    "eval_batch_size": 32768,
    "heads": [
        0
    ],
    "head_selection_time": "0:00:00.173851"
}