{
    "function": "bin.model.main",
    "gpus": [
        "NVIDIA GeForce RTX 4090"
    ],
    "config": {
        "seed": 12,
        "batch_size": 64,
        "patience": 16,
        "n_epochs": -1,
        "amp": true,
        "data": {
            "cache": true,
            "path": "data/classif-num-medium-0-kdd_ipums_la_97-small",
            "num_policy": "noisy-quantile"
        },
        "optimizer": {
            "type": "AdamW",
            "lr": 0.0004187831140248399,
            "weight_decay": 0.0
        },
        "model": {
            "arch_type": "tabr-pln",
            "k": 32,
            "context_size": 96,
            "d_main": 105,
            "context_dropout": 0.0,
            "d_multiplier": 2.0,
            "encoder_n_blocks": 1,
            "predictor_n_blocks": 2,
            "mixer_normalization": "auto",
            "dropout0": 0.0,
            "dropout1": 0.0,
            "normalization": "LayerNorm",
            "activation": "ReLU",
            "num_embeddings": {
                "type": "PeriodicEmbeddings",
                "n_frequencies": 33,
                "frequency_init_scale": 0.042439966207577375,
                "d_embedding": 59,
                "lite": true
            }
        }
    },
    "n_parameters": 331585,
    "prediction_type": "probs",
    "epoch_size": 57,
    "best_step": 342,
    "metrics": {
        "train": {
            "0": {
                "precision": 0.9719504240052185,
                "recall": 0.8142076502732241,
                "f1-score": 0.8861135890573894,
                "support": 1830.0
            },
            "1": {
                "precision": 0.8379408960915157,
                "recall": 0.9761243753470294,
                "f1-score": 0.901769684534496,
                "support": 1801.0
            },
            "accuracy": 0.8945194161388047,
            "macro avg": {
                "precision": 0.9049456600483671,
                "recall": 0.8951660128101268,
                "f1-score": 0.8939416367959427,
                "support": 3631.0
            },
            "weighted avg": {
                "precision": 0.9054808123906277,
                "recall": 0.8945194161388047,
                "f1-score": 0.8938791158969017,
                "support": 3631.0
            },
            "cross-entropy": 0.25391135159716166,
            "roc-auc": 0.9518110764208105,
            "score": 0.8945194161388047
        },
        "val": {
            "0": {
                "precision": 0.9714285714285714,
                "recall": 0.8429752066115702,
                "f1-score": 0.9026548672566371,
                "support": 242.0
            },
            "1": {
                "precision": 0.8521400778210116,
                "recall": 0.9733333333333334,
                "f1-score": 0.9087136929460581,
                "support": 225.0
            },
            "accuracy": 0.9057815845824411,
            "macro avg": {
                "precision": 0.9117843246247915,
                "recall": 0.9081542699724519,
                "f1-score": 0.9056842801013476,
                "support": 467.0
            },
            "weighted avg": {
                "precision": 0.913955528469897,
                "recall": 0.9057815845824411,
                "f1-score": 0.9055740016894417,
                "support": 467.0
            },
            "cross-entropy": 0.2505412378899342,
            "roc-auc": 0.95643709825528,
            "score": 0.9057815845824411
        },
        "test": {
            "0": {
                "precision": 0.9354120267260579,
                "recall": 0.8045977011494253,
                "f1-score": 0.8650875386199794,
                "support": 522.0
            },
            "1": {
                "precision": 0.8408736349453978,
                "recall": 0.948943661971831,
                "f1-score": 0.8916459884201821,
                "support": 568.0
            },
            "accuracy": 0.8798165137614679,
            "macro avg": {
                "precision": 0.8881428308357279,
                "recall": 0.8767706815606282,
                "f1-score": 0.8783667635200807,
                "support": 1090.0
            },
            "weighted avg": {
                "precision": 0.8861479840366864,
                "recall": 0.8798165137614679,
                "f1-score": 0.8789271711764153,
                "support": 1090.0
            },
            "cross-entropy": 0.27708631284601376,
            "roc-auc": 0.9421813447736225,
            "score": 0.8798165137614679
        }
    },
    "time": "0:00:21.632547",
    "chunk_size": null,
    "eval_batch_size": 32768
}