{
    "function": "bin.model.main",
    "gpus": [
        "NVIDIA GeForce RTX 4090"
    ],
    "config": {
        "seed": 5,
        "batch_size": 32,
        "patience": 16,
        "n_epochs": -1,
        "amp": true,
        "data": {
            "cache": true,
            "path": "data/classif-num-medium-1-wine",
            "num_policy": "noisy-quantile"
        },
        "optimizer": {
            "type": "AdamW",
            "lr": 0.00020067047152017492,
            "weight_decay": 9.876757921540317e-06
        },
        "model": {
            "arch_type": "retransformer",
            "k": 1,
            "context_size": 96,
            "d_main": 299,
            "context_dropout": 0.0,
            "d_multiplier": 2.0,
            "encoder_n_blocks": 1,
            "predictor_n_blocks": 2,
            "mixer_normalization": "auto",
            "dropout0": 0.46523552681636615,
            "dropout1": 0.0,
            "normalization": "LayerNorm",
            "activation": "ReLU",
            "num_embeddings": {
                "type": "PeriodicEmbeddings",
                "n_frequencies": 46,
                "frequency_init_scale": 0.033946255418631645,
                "d_embedding": 31,
                "lite": true
            }
        }
    },
    "n_parameters": 2352634,
    "prediction_type": "probs",
    "epoch_size": 56,
    "best_step": 1792,
    "metrics": {
        "train": {
            "0": {
                "precision": 0.8719898605830165,
                "recall": 0.7670011148272018,
                "f1-score": 0.8161328588374851,
                "support": 897.0
            },
            "1": {
                "precision": 0.7905811623246493,
                "recall": 0.8865168539325843,
                "f1-score": 0.8358050847457626,
                "support": 890.0
            },
            "accuracy": 0.8265249020705092,
            "macro avg": {
                "precision": 0.8312855114538329,
                "recall": 0.826758984379893,
                "f1-score": 0.8259689717916239,
                "support": 1787.0
            },
            "weighted avg": {
                "precision": 0.8314449577011211,
                "recall": 0.8265249020705092,
                "f1-score": 0.8259304419703151,
                "support": 1787.0
            },
            "cross-entropy": 0.366624544915133,
            "roc-auc": 0.9235109541167186,
            "score": 0.8265249020705092
        },
        "val": {
            "0": {
                "precision": 0.8305084745762712,
                "recall": 0.8099173553719008,
                "f1-score": 0.8200836820083681,
                "support": 121.0
            },
            "1": {
                "precision": 0.7946428571428571,
                "recall": 0.8165137614678899,
                "f1-score": 0.8054298642533937,
                "support": 109.0
            },
            "accuracy": 0.8130434782608695,
            "macro avg": {
                "precision": 0.8125756658595642,
                "recall": 0.8132155584198953,
                "f1-score": 0.8127567731308809,
                "support": 230.0
            },
            "weighted avg": {
                "precision": 0.8135112906621749,
                "recall": 0.8130434782608695,
                "f1-score": 0.8131390466375326,
                "support": 230.0
            },
            "cross-entropy": 0.47187948135513125,
            "roc-auc": 0.8693987413753886,
            "score": 0.8130434782608695
        },
        "test": {
            "0": {
                "precision": 0.8186046511627907,
                "recall": 0.6795366795366795,
                "f1-score": 0.7426160337552742,
                "support": 259.0
            },
            "1": {
                "precision": 0.7422360248447205,
                "recall": 0.8597122302158273,
                "f1-score": 0.7966666666666666,
                "support": 278.0
            },
            "accuracy": 0.7728119180633147,
            "macro avg": {
                "precision": 0.7804203380037555,
                "recall": 0.7696244548762534,
                "f1-score": 0.7696413502109705,
                "support": 537.0
            },
            "weighted avg": {
                "precision": 0.7790693101638642,
                "recall": 0.7728119180633147,
                "f1-score": 0.7705975532140584,
                "support": 537.0
            },
            "cross-entropy": 0.5279781136550519,
            "roc-auc": 0.8493861281631067,
            "score": 0.7728119180633147
        }
    },
    "time": "0:03:20.812412",
    "chunk_size": null,
    "eval_batch_size": 32768
}