{
    "function": "bin.model.main",
    "gpus": [
        "NVIDIA GeForce RTX 4090"
    ],
    "config": {
        "seed": 3,
        "batch_size": 256,
        "patience": 16,
        "n_epochs": -1,
        "gradient_clipping_norm": 1.0,
        "amp": true,
        "data": {
            "cache": true,
            "path": "data/sberbank-housing",
            "num_policy": "noisy-quantile",
            "cat_policy": "ordinal"
        },
        "optimizer": {
            "type": "AdamW",
            "lr": 3.03137955498814e-05,
            "weight_decay": 0.044361224949735344
        },
        "model": {
            "arch_type": "tabrmv3",
            "sample_rate": 0.47909985495762053,
            "k": 4,
            "backbone": {
                "ensemble_type": "mini",
                "context_size": 64,
                "n_blocks": 1,
                "d_block": 544,
                "dropout": 0.0020779615874243606
            },
            "num_embeddings": {
                "type": "PeriodicEmbeddings",
                "n_frequencies": 96,
                "d_embedding": 28,
                "frequency_init_scale": 0.017059077007511598,
                "lite": false
            }
        }
    },
    "n_parameters": 9163280,
    "prediction_type": "labels",
    "epoch_size": 74,
    "best_step": 2664,
    "metrics": {
        "train": {
            "rmse": 0.26628441863496516,
            "mae": 0.1418635994195938,
            "r2": 0.5469925387304575,
            "score": -0.26628441863496516
        },
        "val": {
            "rmse": 0.2507476207728672,
            "mae": 0.13940002024173737,
            "r2": 0.5800235600688151,
            "score": -0.2507476207728672
        },
        "test": {
            "rmse": 0.24949289836934574,
            "mae": 0.1537848263978958,
            "r2": 0.5746407179395934,
            "score": -0.24949289836934574
        }
    },
    "time": "0:10:48.932083",
    "chunk_size": null,
    "eval_batch_size": 32768,
    "heads": [
        0
    ],
    "head_selection_time": "0:00:00.003246"
}