{
    "function": "bin.model.main",
    "gpus": [
        "NVIDIA GeForce RTX 4090"
    ],
    "config": {
        "seed": 5,
        "batch_size": 512,
        "patience": 16,
        "n_epochs": -1,
        "gradient_clipping_norm": 1.0,
        "amp": true,
        "data": {
            "cache": true,
            "path": "data/black-friday",
            "num_policy": "noisy-quantile",
            "cat_policy": "ordinal"
        },
        "optimizer": {
            "type": "AdamW",
            "lr": 0.00014471724349372257,
            "weight_decay": 0.0
        },
        "model": {
            "arch_type": "moe-mlp",
            "k": 4,
            "share_training_batches": false,
            "backbone": {
                "n_blocks": 1,
                "d_block": 96,
                "dropout": 0.22574688442679827,
                "moe_ratio": 0.5,
                "num_experts": 32
            }
        }
    },
    "n_parameters": 300385,
    "prediction_type": "labels",
    "epoch_size": 209,
    "best_step": 11704,
    "metrics": {
        "train": {
            "rmse": 0.6765223942734347,
            "mae": 0.5250968337059021,
            "r2": 0.5415414746660197,
            "score": -0.6765223942734347
        },
        "val": {
            "rmse": 0.697229208115446,
            "mae": 0.5412135124206543,
            "r2": 0.5124873714491236,
            "score": -0.697229208115446
        },
        "test": {
            "rmse": 0.6982432118655073,
            "mae": 0.5428739786148071,
            "r2": 0.5161377475651895,
            "score": -0.6982432118655073
        }
    },
    "time": "0:02:07.852470",
    "chunk_size": null,
    "eval_batch_size": 32768
}