{
    "function": "bin.model.main",
    "gpus": [
        "NVIDIA GeForce RTX 4090"
    ],
    "config": {
        "seed": 2,
        "batch_size": 512,
        "patience": 16,
        "n_epochs": -1,
        "gradient_clipping_norm": 1.0,
        "amp": true,
        "data": {
            "cache": true,
            "path": "data/regression-num-large-0-year",
            "num_policy": "noisy-quantile"
        },
        "optimizer": {
            "type": "AdamW",
            "lr": 0.0020673877633891257,
            "weight_decay": 0.04411987259395817
        },
        "model": {
            "arch_type": "taba",
            "k": 32,
            "share_training_batches": false,
            "backbone": {
                "type": "MLP",
                "n_blocks": 4,
                "d_block": 128,
                "dropout": 0.0
            },
            "num_embeddings": {
                "type": "PiecewiseLinearEmbeddingsV2",
                "d_embedding": 32
            }
        },
        "bins": {
            "n_bins": 2
        }
    },
    "n_parameters": 502240,
    "prediction_type": "labels",
    "epoch_size": 98,
    "best_step": 4508,
    "metrics": {
        "train": {
            "rmse": 8.55769380323814,
            "mae": 5.971578121185303,
            "r2": 0.39377487989379956,
            "score": -8.55769380323814
        },
        "val": {
            "rmse": 8.961129489960507,
            "mae": 6.250128746032715,
            "r2": 0.3043578965304834,
            "score": -8.961129489960507
        },
        "test": {
            "rmse": 9.076305738939121,
            "mae": 6.28141450881958,
            "r2": 0.30633642912231285,
            "score": -9.076305738939121
        }
    },
    "time": "0:00:55.256351",
    "chunk_size": null,
    "eval_batch_size": 32768,
    "heads": [
        25
    ],
    "head_selection_time": "0:00:00.041829"
}