{
    "function": "bin.model.main",
    "gpus": [
        "NVIDIA GeForce RTX 4090"
    ],
    "config": {
        "seed": 2,
        "batch_size": 256,
        "patience": 16,
        "n_epochs": -1,
        "gradient_clipping_norm": 1.0,
        "amp": true,
        "data": {
            "cache": true,
            "path": "data/sberbank-housing",
            "num_policy": "noisy-quantile",
            "cat_policy": "ordinal"
        },
        "optimizer": {
            "type": "AdamW",
            "lr": 0.002220165273618292,
            "weight_decay": 0.001131542716814749
        },
        "model": {
            "arch_type": "taba",
            "k": 32,
            "share_training_batches": false,
            "backbone": {
                "type": "MLP",
                "n_blocks": 5,
                "d_block": 736,
                "dropout": 0.29458541030872853
            },
            "num_embeddings": {
                "type": "PiecewiseLinearEmbeddingsV2",
                "d_embedding": 32
            }
        },
        "bins": {
            "n_bins": 91
        }
    },
    "n_parameters": 10430112,
    "prediction_type": "labels",
    "epoch_size": 74,
    "best_step": 1258,
    "metrics": {
        "train": {
            "rmse": 0.23790120475557394,
            "mae": 0.13836702704429626,
            "r2": 0.6384177604795603,
            "score": -0.23790120475557394
        },
        "val": {
            "rmse": 0.24185171229604333,
            "mae": 0.13812531530857086,
            "r2": 0.6092944410523757,
            "score": -0.24185171229604333
        },
        "test": {
            "rmse": 0.24514018099110824,
            "mae": 0.1591210812330246,
            "r2": 0.5893530702658776,
            "score": -0.24514018099110824
        }
    },
    "time": "0:01:50.268896",
    "chunk_size": null,
    "eval_batch_size": 32768,
    "heads": [
        8
    ],
    "head_selection_time": "0:00:00.020733"
}