{
    "function": "bin.qtab.main",
    "gpus": [
        "NVIDIA GeForce RTX 4090"
    ],
    "config": {
        "seed": 6,
        "batch_size": 256,
        "patience": 16,
        "n_epochs": -1,
        "amp": true,
        "data": {
            "cache": true,
            "path": "data/regression-cat-medium-0-OnlineNewsPopularity",
            "num_policy": "noisy-quantile"
        },
        "optimizer": {
            "type": "AdamW",
            "lr": 4.0213071007315834e-05,
            "weight_decay": 0.0
        },
        "model": {
            "distance_metric": "cossim",
            "encoder_n_blocks": 1,
            "temperature": 0.1,
            "momentum": 0.999,
            "queue_ratio": 64,
            "d_main": 256,
            "d_multiplier": 2.0,
            "mixer_normalization": "auto",
            "dropout0": 0.0,
            "dropout1": 0.0,
            "normalization": "LayerNorm",
            "activation": "ReLU",
            "num_embeddings": {
                "type": "PeriodicEmbeddings",
                "n_frequencies": 50,
                "frequency_init_scale": 0.08838926775306169,
                "d_embedding": 25,
                "lite": true
            }
        }
    },
    "n_parameters": 563623,
    "prediction_type": "labels",
    "epoch_size": 40,
    "best_step": 2320,
    "metrics": {
        "train": {
            "rmse": 0.7968222656752675,
            "mae": 0.5858283042907715,
            "r2": 0.2666255679140559,
            "score": -0.7968222656752675
        },
        "val": {
            "rmse": 0.8441968017413611,
            "mae": 0.6254170536994934,
            "r2": 0.1548124401943658,
            "score": -0.8441968017413611
        },
        "test": {
            "rmse": 0.8608615156313782,
            "mae": 0.6333317756652832,
            "r2": 0.1506957501997167,
            "score": -0.8608615156313782
        }
    },
    "time": "0:00:38.578871",
    "chunk_size": null,
    "eval_batch_size": 32768
}