{
    "function": "bin.model.main",
    "gpus": [
        "NVIDIA GeForce RTX 4090"
    ],
    "config": {
        "seed": 11,
        "batch_size": 256,
        "patience": 16,
        "n_epochs": -1,
        "gradient_clipping_norm": 1.0,
        "amp": true,
        "data": {
            "cache": true,
            "path": "data/churn",
            "num_policy": "noisy-quantile",
            "cat_policy": "ordinal"
        },
        "optimizer": {
            "type": "AdamW",
            "lr": 0.0005508073596705366,
            "weight_decay": 0.0
        },
        "model": {
            "arch_type": "taba",
            "k": 32,
            "share_training_batches": false,
            "backbone": {
                "type": "MLP",
                "n_blocks": 7,
                "d_block": 784,
                "dropout": 0.059083712852661056
            },
            "num_embeddings": {
                "type": "PiecewiseLinearEmbeddingsV2",
                "d_embedding": 16
            }
        },
        "bins": {
            "n_bins": 98
        }
    },
    "n_parameters": 486208,
    "prediction_type": "probs",
    "epoch_size": 25,
    "best_step": 675,
    "metrics": {
        "train": {
            "0": {
                "precision": 0.8825107296137339,
                "recall": 0.9684065934065934,
                "f1-score": 0.9234655688622755,
                "support": 5096.0
            },
            "1": {
                "precision": 0.8007425742574258,
                "recall": 0.49616564417177916,
                "f1-score": 0.612689393939394,
                "support": 1304.0
            },
            "accuracy": 0.8721875,
            "macro avg": {
                "precision": 0.8416266519355798,
                "recall": 0.7322861187891863,
                "f1-score": 0.7680774814008348,
                "support": 6400.0
            },
            "weighted avg": {
                "precision": 0.8658504679598861,
                "recall": 0.8721875,
                "f1-score": 0.8601449232217384,
                "support": 6400.0
            },
            "cross-entropy": 0.31703761101298283,
            "roc-auc": 0.8818840832699291,
            "score": 0.8721875
        },
        "val": {
            "0": {
                "precision": 0.8806818181818182,
                "recall": 0.9733124018838305,
                "f1-score": 0.9246830723340791,
                "support": 1274.0
            },
            "1": {
                "precision": 0.8229166666666666,
                "recall": 0.48466257668711654,
                "f1-score": 0.61003861003861,
                "support": 326.0
            },
            "accuracy": 0.87375,
            "macro avg": {
                "precision": 0.8517992424242424,
                "recall": 0.7289874892854735,
                "f1-score": 0.7673608411863446,
                "support": 1600.0
            },
            "weighted avg": {
                "precision": 0.868912168560606,
                "recall": 0.87375,
                "f1-score": 0.8605742631413773,
                "support": 1600.0
            },
            "cross-entropy": 0.3343549793747704,
            "roc-auc": 0.8617428802573412,
            "score": 0.87375
        },
        "test": {
            "0": {
                "precision": 0.8710959681998864,
                "recall": 0.9629629629629629,
                "f1-score": 0.9147286821705427,
                "support": 1593.0
            },
            "1": {
                "precision": 0.7531380753138075,
                "recall": 0.44226044226044225,
                "f1-score": 0.5572755417956656,
                "support": 407.0
            },
            "accuracy": 0.857,
            "macro avg": {
                "precision": 0.812117021756847,
                "recall": 0.7026117026117026,
                "f1-score": 0.7360021119831042,
                "support": 2000.0
            },
            "weighted avg": {
                "precision": 0.8470915369975692,
                "recall": 0.857,
                "f1-score": 0.8419869681042553,
                "support": 2000.0
            },
            "cross-entropy": 0.3458999255993703,
            "roc-auc": 0.852353894726776,
            "score": 0.857
        }
    },
    "time": "0:00:14.594248",
    "chunk_size": null,
    "eval_batch_size": 32768,
    "heads": [
        10
    ],
    "head_selection_time": "0:00:00.263230"
}