{
    "function": "bin.model.main",
    "gpus": [
        "NVIDIA GeForce RTX 4090"
    ],
    "config": {
        "seed": 5,
        "batch_size": 256,
        "patience": 16,
        "n_epochs": -1,
        "gradient_clipping_norm": 1.0,
        "amp": true,
        "data": {
            "cache": true,
            "path": "data/sberbank-housing",
            "num_policy": "noisy-quantile",
            "cat_policy": "ordinal"
        },
        "optimizer": {
            "type": "AdamW",
            "lr": 0.0028890593355183933,
            "weight_decay": 0.0
        },
        "model": {
            "arch_type": "taba",
            "k": 128,
            "share_training_batches": false,
            "backbone": {
                "type": "MLP",
                "n_blocks": 3,
                "d_block": 336,
                "dropout": 0.32363107279235814
            },
            "num_embeddings": {
                "type": "PiecewiseLinearEmbeddingsV2",
                "d_embedding": 20
            }
        },
        "bins": {
            "n_bins": 52
        }
    },
    "n_parameters": 4122756,
    "prediction_type": "labels",
    "epoch_size": 74,
    "best_step": 666,
    "metrics": {
        "train": {
            "rmse": 0.23764555981661747,
            "mae": 0.12904877960681915,
            "r2": 0.6391944050416459,
            "score": -0.23764555981661747
        },
        "val": {
            "rmse": 0.23501887094789625,
            "mae": 0.12922032177448273,
            "r2": 0.6310591610863088,
            "score": -0.23501887094789625
        },
        "test": {
            "rmse": 0.24743648579864894,
            "mae": 0.16084541380405426,
            "r2": 0.5816237170320862,
            "score": -0.24743648579864894
        }
    },
    "time": "0:02:18.265430",
    "chunk_size": null,
    "eval_batch_size": 2048,
    "heads": [
        46,
        97,
        5,
        30,
        48,
        117,
        1,
        104,
        5,
        97,
        50,
        101,
        48,
        30,
        97,
        117,
        5,
        11
    ],
    "head_selection_time": "0:00:01.565780"
}