{
    "function": "bin.model.main",
    "gpus": [
        "NVIDIA GeForce RTX 4090"
    ],
    "config": {
        "seed": 7,
        "batch_size": 256,
        "patience": 16,
        "n_epochs": -1,
        "gradient_clipping_norm": 1.0,
        "amp": true,
        "data": {
            "cache": true,
            "path": "data/adult",
            "num_policy": "noisy-quantile",
            "cat_policy": "ordinal"
        },
        "optimizer": {
            "type": "AdamW",
            "lr": 4.735754917598464e-05,
            "weight_decay": 0.0
        },
        "model": {
            "arch_type": "tabrmv3",
            "sample_rate": 0.5847909696773961,
            "k": 8,
            "backbone": {
                "embed_type": "tabr",
                "ensemble_type": "mini-resnet",
                "context_shuffle": false,
                "context_size": 64,
                "encoder_n_blocks": 0,
                "n_blocks": 2,
                "d_block": 512,
                "dropout": 0.45063365984535486
            },
            "num_embeddings": {
                "type": "PeriodicEmbeddings",
                "n_frequencies": 36,
                "d_embedding": 24,
                "frequency_init_scale": 7.282568477315642,
                "lite": false
            }
        }
    },
    "n_parameters": 1727992,
    "prediction_type": "probs",
    "epoch_size": 102,
    "best_step": 4794,
    "metrics": {
        "train": {
            "0": {
                "precision": 0.8988255270977784,
                "recall": 0.9636409608091024,
                "f1-score": 0.9301054275673565,
                "support": 19775.0
            },
            "1": {
                "precision": 0.85166082112647,
                "recall": 0.6580583452893353,
                "f1-score": 0.7424460431654677,
                "support": 6273.0
            },
            "accuracy": 0.89004914004914,
            "macro avg": {
                "precision": 0.8752431741121243,
                "recall": 0.8108496530492189,
                "f1-score": 0.8362757353664121,
                "support": 26048.0
            },
            "weighted avg": {
                "precision": 0.8874671041648078,
                "recall": 0.89004914004914,
                "f1-score": 0.8849124254807069,
                "support": 26048.0
            },
            "cross-entropy": 0.2393831126165187,
            "roc-auc": 0.9495210767233723,
            "score": 0.89004914004914
        },
        "val": {
            "0": {
                "precision": 0.8885735906167235,
                "recall": 0.9498483316481294,
                "f1-score": 0.9181898152673249,
                "support": 4945.0
            },
            "1": {
                "precision": 0.797881010594947,
                "recall": 0.6243622448979592,
                "f1-score": 0.7005366726296958,
                "support": 1568.0
            },
            "accuracy": 0.8714877936434823,
            "macro avg": {
                "precision": 0.8432273006058353,
                "recall": 0.7871052882730443,
                "f1-score": 0.8093632439485103,
                "support": 6513.0
            },
            "weighted avg": {
                "precision": 0.8667394181195416,
                "recall": 0.8714877936434823,
                "f1-score": 0.8657899799140618,
                "support": 6513.0
            },
            "cross-entropy": 0.2908906689683652,
            "roc-auc": 0.9238413363323085,
            "score": 0.8714877936434823
        },
        "test": {
            "0": {
                "precision": 0.8860721518037951,
                "recall": 0.9500603136308806,
                "f1-score": 0.9169512573734864,
                "support": 12435.0
            },
            "1": {
                "precision": 0.7893487109905021,
                "recall": 0.6050442017680707,
                "f1-score": 0.6850161907565498,
                "support": 3846.0
            },
            "accuracy": 0.8685584423561207,
            "macro avg": {
                "precision": 0.8377104313971486,
                "recall": 0.7775522576994757,
                "f1-score": 0.8009837240650182,
                "support": 16281.0
            },
            "weighted avg": {
                "precision": 0.8632235335759266,
                "recall": 0.8685584423561207,
                "f1-score": 0.8621621003064304,
                "support": 16281.0
            },
            "cross-entropy": 0.2918163131868256,
            "roc-auc": 0.9196829545879865,
            "score": 0.8685584423561207
        }
    },
    "time": "0:02:21.254415",
    "chunk_size": null,
    "eval_batch_size": 32768
}