{
    "function": "bin.ensemble.main",
    "config": {
        "seeds": [
            0,
            1,
            2,
            3,
            4
        ],
        "data": {
            "path": "data/classif-num-medium-0-credit"
        }
    },
    "single_model_function": "bin.qtab.main",
    "prediction_type": "probs",
    "metrics": {
        "train": {
            "0": {
                "precision": 0.7816679779701022,
                "recall": 0.7897456279809221,
                "f1-score": 0.7856860419137999,
                "support": 5032.0
            },
            "1": {
                "precision": 0.7847843775427177,
                "recall": 0.7765700483091788,
                "f1-score": 0.7806556050182112,
                "support": 4968.0
            },
            "accuracy": 0.7832,
            "macro avg": {
                "precision": 0.78322617775641,
                "recall": 0.7831578381450504,
                "f1-score": 0.7831708234660055,
                "support": 10000.0
            },
            "weighted avg": {
                "precision": 0.7832162052777776,
                "recall": 0.7832,
                "f1-score": 0.7831869208640714,
                "support": 10000.0
            },
            "cross-entropy": 0.4750074468600329,
            "roc-auc": 0.8575602056660242,
            "score": 0.7832
        },
        "val": {
            "0": {
                "precision": 0.7882703777335984,
                "recall": 0.7993951612903226,
                "f1-score": 0.7937937937937939,
                "support": 992.0
            },
            "1": {
                "precision": 0.8025793650793651,
                "recall": 0.7915851272015656,
                "f1-score": 0.7970443349753694,
                "support": 1022.0
            },
            "accuracy": 0.7954319761668321,
            "macro avg": {
                "precision": 0.7954248714064818,
                "recall": 0.7954901442459441,
                "f1-score": 0.7954190643845817,
                "support": 2014.0
            },
            "weighted avg": {
                "precision": 0.7955314428117383,
                "recall": 0.7954319761668321,
                "f1-score": 0.7954432739763014,
                "support": 2014.0
            },
            "cross-entropy": 0.4698322156180938,
            "roc-auc": 0.8606543147528565,
            "score": 0.7954319761668321
        },
        "test": {
            "0": {
                "precision": 0.7638190954773869,
                "recall": 0.7818259751393056,
                "f1-score": 0.7727176445668291,
                "support": 2333.0
            },
            "1": {
                "precision": 0.7798442906574394,
                "recall": 0.761723700887199,
                "f1-score": 0.77067749519128,
                "support": 2367.0
            },
            "accuracy": 0.7717021276595745,
            "macro avg": {
                "precision": 0.7718316930674132,
                "recall": 0.7717748380132523,
                "f1-score": 0.7716975698790546,
                "support": 4700.0
            },
            "weighted avg": {
                "precision": 0.771889656539341,
                "recall": 0.7717021276595745,
                "f1-score": 0.7716901906153557,
                "support": 4700.0
            },
            "cross-entropy": 0.4936684816462195,
            "roc-auc": 0.8464576054772264,
            "score": 0.7717021276595745
        }
    }
}