{
    "function": "bin.ensemble.main",
    "config": {
        "seeds": [
            0,
            1,
            2,
            3,
            4
        ],
        "data": {
            "path": "data/otto"
        }
    },
    "single_model_function": "bin.model.main",
    "prediction_type": "probs",
    "metrics": {
        "train": {
            "0": {
                "precision": 0.9199648197009674,
                "recall": 0.8469635627530364,
                "f1-score": 0.8819561551433389,
                "support": 1235.0
            },
            "1": {
                "precision": 0.826048329779673,
                "recall": 0.9011436324869161,
                "f1-score": 0.8619634745527024,
                "support": 10318.0
            },
            "2": {
                "precision": 0.7518454190186713,
                "recall": 0.6761030847325263,
                "f1-score": 0.7119654605263158,
                "support": 5122.0
            },
            "3": {
                "precision": 0.8857758620689655,
                "recall": 0.7160278745644599,
                "f1-score": 0.791907514450867,
                "support": 1722.0
            },
            "4": {
                "precision": 0.9879793932455638,
                "recall": 0.9845978322875071,
                "f1-score": 0.9862857142857143,
                "support": 1753.0
            },
            "5": {
                "precision": 0.9843215192668654,
                "recall": 0.9855184611983197,
                "f1-score": 0.9849196265812297,
                "support": 9046.0
            },
            "6": {
                "precision": 0.9055338177752935,
                "recall": 0.8915795266923501,
                "f1-score": 0.8985024958402662,
                "support": 1817.0
            },
            "7": {
                "precision": 0.975564605701592,
                "recall": 0.9728632084179435,
                "f1-score": 0.9742120343839541,
                "support": 5417.0
            },
            "8": {
                "precision": 0.944945567651633,
                "recall": 0.9580573951434879,
                "f1-score": 0.9514563106796116,
                "support": 3171.0
            },
            "accuracy": 0.8991944647862428,
            "macro avg": {
                "precision": 0.9091088149121362,
                "recall": 0.8814282864751719,
                "f1-score": 0.8936854207159999,
                "support": 39601.0
            },
            "weighted avg": {
                "precision": 0.8989190333665275,
                "recall": 0.8991944647862428,
                "f1-score": 0.8979268754904762,
                "support": 39601.0
            },
            "cross-entropy": 0.2707143603002403,
            "score": 0.8991944647862428
        },
        "val": {
            "0": {
                "precision": 0.6775510204081633,
                "recall": 0.538961038961039,
                "f1-score": 0.6003616636528029,
                "support": 308.0
            },
            "1": {
                "precision": 0.7610837438423645,
                "recall": 0.8383720930232558,
                "f1-score": 0.7978605680560679,
                "support": 2580.0
            },
            "2": {
                "precision": 0.6351819757365684,
                "recall": 0.5722092115534738,
                "f1-score": 0.602053388090349,
                "support": 1281.0
            },
            "3": {
                "precision": 0.7164634146341463,
                "recall": 0.5452436194895591,
                "f1-score": 0.6192358366271409,
                "support": 431.0
            },
            "4": {
                "precision": 0.9701834862385321,
                "recall": 0.9657534246575342,
                "f1-score": 0.9679633867276888,
                "support": 438.0
            },
            "5": {
                "precision": 0.9458370635631155,
                "recall": 0.9341290893015031,
                "f1-score": 0.9399466192170818,
                "support": 2262.0
            },
            "6": {
                "precision": 0.7276785714285714,
                "recall": 0.7180616740088106,
                "f1-score": 0.7228381374722838,
                "support": 454.0
            },
            "7": {
                "precision": 0.9184268026219956,
                "recall": 0.931314623338257,
                "f1-score": 0.9248258159149247,
                "support": 1354.0
            },
            "8": {
                "precision": 0.8287752675386445,
                "recall": 0.8789407313997478,
                "f1-score": 0.8531211750305998,
                "support": 793.0
            },
            "accuracy": 0.8198161801838199,
            "macro avg": {
                "precision": 0.7979090384457891,
                "recall": 0.7692206117481312,
                "f1-score": 0.7809118434209933,
                "support": 9901.0
            },
            "weighted avg": {
                "precision": 0.8171199040616118,
                "recall": 0.8198161801838199,
                "f1-score": 0.8169424978018393,
                "support": 9901.0
            },
            "cross-entropy": 0.47822451473978533,
            "score": 0.8198161801838199
        },
        "test": {
            "0": {
                "precision": 0.6797385620915033,
                "recall": 0.538860103626943,
                "f1-score": 0.6011560693641619,
                "support": 386.0
            },
            "1": {
                "precision": 0.7596810933940774,
                "recall": 0.8275434243176178,
                "f1-score": 0.7921615201900237,
                "support": 3224.0
            },
            "2": {
                "precision": 0.6043878273177636,
                "recall": 0.5334166146158651,
                "f1-score": 0.5666887856668879,
                "support": 1601.0
            },
            "3": {
                "precision": 0.6957494407158836,
                "recall": 0.5780669144981413,
                "f1-score": 0.6314720812182741,
                "support": 538.0
            },
            "4": {
                "precision": 0.9797794117647058,
                "recall": 0.9726277372262774,
                "f1-score": 0.9761904761904762,
                "support": 548.0
            },
            "5": {
                "precision": 0.9494841693347563,
                "recall": 0.9441103643438273,
                "f1-score": 0.9467896417169208,
                "support": 2827.0
            },
            "6": {
                "precision": 0.7359154929577465,
                "recall": 0.7359154929577465,
                "f1-score": 0.7359154929577465,
                "support": 568.0
            },
            "7": {
                "precision": 0.9130434782608695,
                "recall": 0.9303012404016539,
                "f1-score": 0.9215915740198947,
                "support": 1693.0
            },
            "8": {
                "precision": 0.8476190476190476,
                "recall": 0.8980827447023209,
                "f1-score": 0.8721215090641842,
                "support": 991.0
            },
            "accuracy": 0.8181965093729799,
            "macro avg": {
                "precision": 0.7961553914951502,
                "recall": 0.7732138485211548,
                "f1-score": 0.7826763500431745,
                "support": 12376.0
            },
            "weighted avg": {
                "precision": 0.8143514051352015,
                "recall": 0.8181965093729799,
                "f1-score": 0.8150476210245415,
                "support": 12376.0
            },
            "cross-entropy": 0.4777363611379048,
            "score": 0.8181965093729799
        }
    }
}