{
    "function": "bin.qreformer.main",
    "gpus": [
        "NVIDIA GeForce RTX 4090"
    ],
    "config": {
        "seed": 6,
        "batch_size": 256,
        "patience": 16,
        "n_epochs": -1,
        "amp": true,
        "data": {
            "cache": true,
            "path": "data/sberbank-housing",
            "num_policy": "noisy-quantile",
            "cat_policy": "ordinal"
        },
        "optimizer": {
            "type": "AdamW",
            "lr": 7.267205820098865e-05,
            "weight_decay": 1.073700396913845e-06
        },
        "model": {
            "predictor_type": "mqa",
            "predictor_n_blocks": 3,
            "k": 1,
            "use_adapter": false,
            "context_size": 96,
            "encoder_n_blocks": 1,
            "num_heads": 4,
            "momentum": 0.999,
            "use_aux_loss": false,
            "multi_output_head": false,
            "queue_ratio": 64,
            "arch_type": "retransformer",
            "d_main": 256,
            "d_multiplier": 2.0,
            "mixer_normalization": "auto",
            "dropout0": 0.010560381850033052,
            "dropout1": 0.0,
            "normalization": "LayerNorm",
            "activation": "ReLU",
            "num_embeddings": {
                "type": "PeriodicEmbeddings",
                "n_frequencies": 42,
                "frequency_init_scale": 0.012168068949203378,
                "d_embedding": 23,
                "lite": true
            }
        }
    },
    "n_parameters": 3766406,
    "prediction_type": "labels",
    "epoch_size": 74,
    "best_step": 518,
    "metrics": {
        "train": {
            "rmse": 0.24516338505764845,
            "mae": 0.12967036664485931,
            "r2": 0.6160054500444936,
            "score": -0.24516338505764845
        },
        "val": {
            "rmse": 0.24844388653685534,
            "mae": 0.14059431850910187,
            "r2": 0.5877051598894941,
            "score": -0.24844388653685534
        },
        "test": {
            "rmse": 0.2552033378475467,
            "mae": 0.1600087732076645,
            "r2": 0.5549464304721391,
            "score": -0.2552033378475467
        }
    },
    "time": "0:00:53.202977",
    "chunk_size": null,
    "eval_batch_size": 32768
}