{
    "function": "bin.model.main",
    "gpus": [
        "NVIDIA GeForce RTX 4090"
    ],
    "config": {
        "seed": 10,
        "batch_size": 256,
        "patience": 16,
        "n_epochs": -1,
        "gradient_clipping_norm": 1.0,
        "amp": true,
        "data": {
            "cache": true,
            "path": "data/sberbank-housing",
            "num_policy": "noisy-quantile",
            "cat_policy": "ordinal"
        },
        "optimizer": {
            "type": "AdamW",
            "lr": 5.475306731535957e-05,
            "weight_decay": 0.0012163144372048542
        },
        "model": {
            "arch_type": "tabrmv3",
            "sample_rate": 0.30056944079897907,
            "k": 4,
            "backbone": {
                "ensemble_type": "moe",
                "context_size": 128,
                "num_experts": 4,
                "moe_ratio": 1.0,
                "n_blocks": 2,
                "d_block": 368,
                "dropout": 0.0
            },
            "num_embeddings": {
                "type": "PeriodicEmbeddings",
                "n_frequencies": 60,
                "d_embedding": 32,
                "frequency_init_scale": 0.8757961609253293,
                "lite": false
            }
        }
    },
    "n_parameters": 8527656,
    "prediction_type": "labels",
    "epoch_size": 74,
    "best_step": 888,
    "metrics": {
        "train": {
            "rmse": 0.2704823478528893,
            "mae": 0.1505335569381714,
            "r2": 0.5325967444668771,
            "score": -0.2704823478528893
        },
        "val": {
            "rmse": 0.250907487677827,
            "mae": 0.14115315675735474,
            "r2": 0.5794878624487984,
            "score": -0.250907487677827
        },
        "test": {
            "rmse": 0.3203269908697576,
            "mae": 0.22263602912425995,
            "r2": 0.2988246169654354,
            "score": -0.3203269908697576
        }
    },
    "time": "0:05:35.163039",
    "chunk_size": null,
    "eval_batch_size": 32768,
    "heads": [
        0,
        1
    ],
    "head_selection_time": "0:00:00.008623"
}