{
    "function": "bin.model.main",
    "gpus": [
        "NVIDIA GeForce RTX 4090"
    ],
    "config": {
        "seed": 2,
        "batch_size": 256,
        "patience": 16,
        "n_epochs": -1,
        "gradient_clipping_norm": 1.0,
        "amp": true,
        "data": {
            "cache": true,
            "path": "data/house",
            "num_policy": "noisy-quantile"
        },
        "optimizer": {
            "type": "AdamW",
            "lr": 0.00022771572086961096,
            "weight_decay": 0.00010401998169894583
        },
        "model": {
            "arch_type": "moe-sparse-shared",
            "backbone": {
                "k": 2,
                "n_blocks": 5,
                "d_block": 1008,
                "dropout": 0.0,
                "moe_ratio": 0.5,
                "num_experts": 16
            }
        }
    },
    "n_parameters": 91554625,
    "prediction_type": "labels",
    "epoch_size": 57,
    "best_step": 1254,
    "metrics": {
        "train": {
            "rmse": 17114.3074648085,
            "mae": 10220.1435546875,
            "r2": 0.8921391190668494,
            "score": -17114.3074648085
        },
        "val": {
            "rmse": 29385.740215281287,
            "mae": 14605.119140625,
            "r2": 0.7102257266475369,
            "score": -29385.740215281287
        },
        "test": {
            "rmse": 31528.479062587212,
            "mae": 14941.64453125,
            "r2": 0.6556707975408298,
            "score": -31528.479062587212
        }
    },
    "time": "0:01:08.975090",
    "chunk_size": null,
    "eval_batch_size": 32768
}