{
    "function": "bin.ensemble.main",
    "config": {
        "seeds": [
            5,
            6,
            7,
            8,
            9
        ],
        "data": {
            "path": "data/churn"
        }
    },
    "single_model_function": "bin.qtabformer.main",
    "prediction_type": "probs",
    "metrics": {
        "train": {
            "0": {
                "precision": 0.8900570206699929,
                "recall": 0.9801805337519623,
                "f1-score": 0.9329473290997384,
                "support": 5096.0
            },
            "1": {
                "precision": 0.8718274111675127,
                "recall": 0.526840490797546,
                "f1-score": 0.6567877629063098,
                "support": 1304.0
            },
            "accuracy": 0.8878125,
            "macro avg": {
                "precision": 0.8809422159187528,
                "recall": 0.7535105122747542,
                "f1-score": 0.7948675460030241,
                "support": 6400.0
            },
            "weighted avg": {
                "precision": 0.8863427377338627,
                "recall": 0.8878125,
                "f1-score": 0.8766798174878272,
                "support": 6400.0
            },
            "cross-entropy": 0.26964887726800074,
            "roc-auc": 0.9273744714969517,
            "score": 0.8878125
        },
        "val": {
            "0": {
                "precision": 0.8765867418899859,
                "recall": 0.9756671899529042,
                "f1-score": 0.9234769687964339,
                "support": 1274.0
            },
            "1": {
                "precision": 0.8296703296703297,
                "recall": 0.46319018404907975,
                "f1-score": 0.594488188976378,
                "support": 326.0
            },
            "accuracy": 0.87125,
            "macro avg": {
                "precision": 0.8531285357801578,
                "recall": 0.719428687000992,
                "f1-score": 0.758982578886406,
                "support": 1600.0
            },
            "weighted avg": {
                "precision": 0.8670275229002309,
                "recall": 0.87125,
                "f1-score": 0.8564455049080975,
                "support": 1600.0
            },
            "cross-entropy": 0.3357643646135609,
            "roc-auc": 0.8618307634521483,
            "score": 0.87125
        },
        "test": {
            "0": {
                "precision": 0.8693213684800898,
                "recall": 0.9730069052102951,
                "f1-score": 0.9182464454976303,
                "support": 1593.0
            },
            "1": {
                "precision": 0.8018433179723502,
                "recall": 0.4275184275184275,
                "f1-score": 0.5576923076923077,
                "support": 407.0
            },
            "accuracy": 0.862,
            "macro avg": {
                "precision": 0.8355823432262199,
                "recall": 0.7002626663643613,
                "f1-score": 0.7379693765949691,
                "support": 2000.0
            },
            "weighted avg": {
                "precision": 0.8555895852017648,
                "recall": 0.862,
                "f1-score": 0.8448736784542472,
                "support": 2000.0
            },
            "cross-entropy": 0.3520999504619168,
            "roc-auc": 0.8469671520518977,
            "score": 0.862
        }
    }
}