{
    "function": "bin.model.main",
    "gpus": [
        "NVIDIA GeForce RTX 4090"
    ],
    "config": {
        "seed": 5,
        "batch_size": 256,
        "patience": 16,
        "n_epochs": -1,
        "gradient_clipping_norm": 1.0,
        "amp": true,
        "data": {
            "cache": true,
            "path": "data/regression-num-medium-2-Ailerons",
            "num_policy": "noisy-quantile"
        },
        "optimizer": {
            "type": "AdamW",
            "lr": 3.07861902278435e-05,
            "weight_decay": 0.0
        },
        "model": {
            "arch_type": "tabrmv2-mini",
            "sample_rate": 0.5691830343713147,
            "k": 32,
            "backbone": {
                "n_blocks": 5,
                "d_block": 368,
                "dropout": 0.09696885298188279
            },
            "num_embeddings": {
                "type": "PeriodicEmbeddings",
                "n_frequencies": 88,
                "d_embedding": 16,
                "frequency_init_scale": 0.10623890194926984,
                "lite": false
            }
        }
    },
    "n_parameters": 3323384,
    "prediction_type": "labels",
    "epoch_size": 38,
    "best_step": 798,
    "metrics": {
        "train": {
            "rmse": 0.00016252470747741985,
            "mae": 0.00011845766130136326,
            "r2": 0.8425259219391831,
            "score": -0.00016252470747741985
        },
        "val": {
            "rmse": 0.00015613210577345858,
            "mae": 0.00011630172230070457,
            "r2": 0.8284865144974624,
            "score": -0.00015613210577345858
        },
        "test": {
            "rmse": 0.0001619162671190638,
            "mae": 0.00011941161210415885,
            "r2": 0.8473976450027537,
            "score": -0.0001619162671190638
        }
    },
    "time": "0:00:28.733069",
    "chunk_size": null,
    "eval_batch_size": 32768,
    "heads": [
        14,
        15
    ],
    "head_selection_time": "0:00:00.059791"
}