{
    "function": "bin.model.main",
    "gpus": [
        "NVIDIA GeForce RTX 4090"
    ],
    "config": {
        "seed": 12,
        "batch_size": 256,
        "patience": 16,
        "n_epochs": -1,
        "gradient_clipping_norm": 1.0,
        "amp": true,
        "data": {
            "cache": true,
            "path": "data/classif-num-medium-1-credit",
            "num_policy": "noisy-quantile"
        },
        "optimizer": {
            "type": "AdamW",
            "lr": 0.0007219283072966464,
            "weight_decay": 0.0006993449452112442
        },
        "model": {
            "arch_type": "tabpln-mini",
            "k": 32,
            "share_training_batches": false,
            "backbone": {
                "type": "MLP",
                "n_blocks": 1,
                "d_block": 864,
                "dropout": 0.0
            },
            "num_embeddings": {
                "type": "PiecewiseLinearEmbeddingsV2",
                "d_embedding": 28
            }
        },
        "bins": {
            "n_bins": 7
        }
    },
    "n_parameters": 318304,
    "prediction_type": "probs",
    "epoch_size": 40,
    "best_step": 1360,
    "metrics": {
        "train": {
            "0": {
                "precision": 0.7967054263565891,
                "recall": 0.8153510511701706,
                "f1-score": 0.8059204077631836,
                "support": 5042.0
            },
            "1": {
                "precision": 0.8076446280991736,
                "recall": 0.7884227511093183,
                "f1-score": 0.7979179424372321,
                "support": 4958.0
            },
            "accuracy": 0.802,
            "macro avg": {
                "precision": 0.8021750272278814,
                "recall": 0.8018869011397445,
                "f1-score": 0.8019191751002079,
                "support": 10000.0
            },
            "weighted avg": {
                "precision": 0.8021290825805625,
                "recall": 0.802,
                "f1-score": 0.8019527854545768,
                "support": 10000.0
            },
            "cross-entropy": 0.42535572597386456,
            "roc-auc": 0.8863570213514266,
            "score": 0.802
        },
        "val": {
            "0": {
                "precision": 0.7728613569321534,
                "recall": 0.7759131293188549,
                "f1-score": 0.7743842364532021,
                "support": 1013.0
            },
            "1": {
                "precision": 0.7723169508525577,
                "recall": 0.7692307692307693,
                "f1-score": 0.7707707707707708,
                "support": 1001.0
            },
            "accuracy": 0.7725918570009931,
            "macro avg": {
                "precision": 0.7725891538923555,
                "recall": 0.7725719492748121,
                "f1-score": 0.7725775036119864,
                "support": 2014.0
            },
            "weighted avg": {
                "precision": 0.772590775757538,
                "recall": 0.7725918570009931,
                "f1-score": 0.7725882686537415,
                "support": 2014.0
            },
            "cross-entropy": 0.4869254850039505,
            "roc-auc": 0.8457445811838704,
            "score": 0.7725918570009931
        },
        "test": {
            "0": {
                "precision": 0.7664264518863926,
                "recall": 0.7854039965247611,
                "f1-score": 0.775799184724308,
                "support": 2302.0
            },
            "1": {
                "precision": 0.7889790687740282,
                "recall": 0.7702251876563804,
                "f1-score": 0.7794893437434057,
                "support": 2398.0
            },
            "accuracy": 0.7776595744680851,
            "macro avg": {
                "precision": 0.7777027603302105,
                "recall": 0.7778145920905708,
                "f1-score": 0.7776442642338568,
                "support": 4700.0
            },
            "weighted avg": {
                "precision": 0.7779330849282118,
                "recall": 0.7776595744680851,
                "f1-score": 0.7776819509642646,
                "support": 4700.0
            },
            "cross-entropy": 0.48028758835620544,
            "roc-auc": 0.8521784371424493,
            "score": 0.7776595744680851
        }
    },
    "time": "0:00:21.068327",
    "chunk_size": null,
    "eval_batch_size": 32768
}