{
    "function": "bin.model.main",
    "gpus": [
        "NVIDIA GeForce RTX 4090"
    ],
    "config": {
        "seed": 12,
        "batch_size": 256,
        "patience": 16,
        "n_epochs": -1,
        "amp": true,
        "data": {
            "cache": true,
            "path": "data/churn",
            "num_policy": "noisy-quantile",
            "cat_policy": "ordinal"
        },
        "optimizer": {
            "type": "AdamW",
            "lr": 0.0008984274055148994,
            "weight_decay": 0.0
        },
        "model": {
            "arch_type": "tabr",
            "k": 1,
            "context_size": 96,
            "share_training_batches": false,
            "d_main": 115,
            "context_dropout": 0.17654148890757357,
            "d_multiplier": 2.0,
            "encoder_n_blocks": 0,
            "predictor_n_blocks": 1,
            "mixer_normalization": "auto",
            "dropout0": 0.03100980937144153,
            "dropout1": 0.0,
            "normalization": "LayerNorm",
            "activation": "ReLU",
            "num_embeddings": {
                "type": "PeriodicEmbeddings",
                "n_frequencies": 33,
                "frequency_init_scale": 0.1706134128522829,
                "d_embedding": 29,
                "lite": true
            }
        }
    },
    "n_parameters": 147306,
    "prediction_type": "probs",
    "epoch_size": 25,
    "best_step": 325,
    "metrics": {
        "train": {
            "0": {
                "precision": 0.8767680339462518,
                "recall": 0.973116169544741,
                "f1-score": 0.9224330357142858,
                "support": 5096.0
            },
            "1": {
                "precision": 0.8158602150537635,
                "recall": 0.46549079754601225,
                "f1-score": 0.5927734375,
                "support": 1304.0
            },
            "accuracy": 0.8696875,
            "macro avg": {
                "precision": 0.8463141245000076,
                "recall": 0.7193034835453767,
                "f1-score": 0.7576032366071429,
                "support": 6400.0
            },
            "weighted avg": {
                "precision": 0.8643580658469073,
                "recall": 0.8696875,
                "f1-score": 0.8552648925781251,
                "support": 6400.0
            },
            "cross-entropy": 0.31276484988251124,
            "roc-auc": 0.8863946430979187,
            "score": 0.8696875
        },
        "val": {
            "0": {
                "precision": 0.8723702664796634,
                "recall": 0.9764521193092621,
                "f1-score": 0.9214814814814816,
                "support": 1274.0
            },
            "1": {
                "precision": 0.8275862068965517,
                "recall": 0.44171779141104295,
                "f1-score": 0.5760000000000001,
                "support": 326.0
            },
            "accuracy": 0.8675,
            "macro avg": {
                "precision": 0.8499782366881076,
                "recall": 0.7090849553601526,
                "f1-score": 0.7487407407407408,
                "support": 1600.0
            },
            "weighted avg": {
                "precision": 0.8632455143396044,
                "recall": 0.8675,
                "f1-score": 0.8510896296296298,
                "support": 1600.0
            },
            "cross-entropy": 0.34214141734200865,
            "roc-auc": 0.8579253787404532,
            "score": 0.8675
        },
        "test": {
            "0": {
                "precision": 0.8694196428571429,
                "recall": 0.9780288763339611,
                "f1-score": 0.9205317577548007,
                "support": 1593.0
            },
            "1": {
                "precision": 0.8317307692307693,
                "recall": 0.4250614250614251,
                "f1-score": 0.5626016260162602,
                "support": 407.0
            },
            "accuracy": 0.8655,
            "macro avg": {
                "precision": 0.8505752060439561,
                "recall": 0.7015451506976931,
                "f1-score": 0.7415666918855304,
                "support": 2000.0
            },
            "weighted avg": {
                "precision": 0.8617499570741759,
                "recall": 0.8655,
                "f1-score": 0.8476929759460077,
                "support": 2000.0
            },
            "cross-entropy": 0.34636047834635053,
            "roc-auc": 0.8484586281196451,
            "score": 0.8655
        }
    },
    "time": "0:00:12.352726",
    "chunk_size": null,
    "eval_batch_size": 32768
}