{
    "function": "bin.model.main",
    "gpus": [
        "NVIDIA GeForce RTX 4090"
    ],
    "config": {
        "seed": 8,
        "batch_size": 128,
        "patience": 16,
        "n_epochs": -1,
        "gradient_clipping_norm": 1.0,
        "amp": true,
        "data": {
            "cache": true,
            "path": "data/regression-num-medium-1-wine_quality",
            "num_policy": "noisy-quantile"
        },
        "optimizer": {
            "type": "AdamW",
            "lr": 0.001719474535401803,
            "weight_decay": 0.00034874401964398957
        },
        "model": {
            "arch_type": "taba",
            "k": 32,
            "share_training_batches": false,
            "backbone": {
                "type": "MLP",
                "n_blocks": 2,
                "d_block": 768,
                "dropout": 0.3183851272120357
            },
            "num_embeddings": {
                "type": "PiecewiseLinearEmbeddingsV2",
                "d_embedding": 24
            }
        },
        "bins": {
            "n_bins": 10
        }
    },
    "n_parameters": 312440,
    "prediction_type": "labels",
    "epoch_size": 36,
    "best_step": 7596,
    "metrics": {
        "train": {
            "rmse": 0.3255559736993876,
            "mae": 0.2559778094291687,
            "r2": 0.8630071452938481,
            "score": -0.3255559736993876
        },
        "val": {
            "rmse": 0.622115632087641,
            "mae": 0.4795709550380707,
            "r2": 0.4653126528311433,
            "score": -0.622115632087641
        },
        "test": {
            "rmse": 0.6585206304575584,
            "mae": 0.4920080304145813,
            "r2": 0.41379148695876145,
            "score": -0.6585206304575584
        }
    },
    "time": "0:01:01.795018",
    "chunk_size": null,
    "eval_batch_size": 32768,
    "heads": [
        22
    ],
    "head_selection_time": "0:00:00.033706"
}