{
    "function": "bin.model.main",
    "gpus": [
        "NVIDIA GeForce RTX 4090"
    ],
    "config": {
        "seed": 14,
        "batch_size": 32,
        "patience": 16,
        "n_epochs": -1,
        "gradient_clipping_norm": 1.0,
        "amp": true,
        "data": {
            "cache": true,
            "path": "data/classif-num-medium-2-wine",
            "num_policy": "noisy-quantile"
        },
        "optimizer": {
            "type": "AdamW",
            "lr": 6.193301420867333e-05,
            "weight_decay": 0.0030219032393765033
        },
        "model": {
            "arch_type": "tabrmv2",
            "sample_rate": 0.5460647393796243,
            "k": 112,
            "backbone": {
                "n_blocks": 2,
                "d_block": 336,
                "dropout": 0.2433329998025765
            },
            "num_embeddings": {
                "type": "PeriodicEmbeddings",
                "n_frequencies": 52,
                "d_embedding": 24,
                "frequency_init_scale": 0.017767680736550752,
                "lite": false
            }
        }
    },
    "n_parameters": 1850644,
    "prediction_type": "probs",
    "epoch_size": 56,
    "best_step": 1568,
    "metrics": {
        "train": {
            "0": {
                "precision": 0.8022346368715084,
                "recall": 0.7881448957189902,
                "f1-score": 0.7951273532668881,
                "support": 911.0
            },
            "1": {
                "precision": 0.7836322869955157,
                "recall": 0.797945205479452,
                "f1-score": 0.7907239819004525,
                "support": 876.0
            },
            "accuracy": 0.7929490766648013,
            "macro avg": {
                "precision": 0.792933461933512,
                "recall": 0.793045050599221,
                "f1-score": 0.7929256675836702,
                "support": 1787.0
            },
            "weighted avg": {
                "precision": 0.7931156337985539,
                "recall": 0.7929490766648013,
                "f1-score": 0.7929687895752274,
                "support": 1787.0
            },
            "cross-entropy": 0.4506193347054771,
            "roc-auc": 0.8686425173801684,
            "score": 0.7929490766648013
        },
        "val": {
            "0": {
                "precision": 0.8080808080808081,
                "recall": 0.7619047619047619,
                "f1-score": 0.7843137254901961,
                "support": 105.0
            },
            "1": {
                "precision": 0.8091603053435115,
                "recall": 0.848,
                "f1-score": 0.8281249999999999,
                "support": 125.0
            },
            "accuracy": 0.808695652173913,
            "macro avg": {
                "precision": 0.8086205567121598,
                "recall": 0.8049523809523809,
                "f1-score": 0.806219362745098,
                "support": 230.0
            },
            "weighted avg": {
                "precision": 0.8086674913757556,
                "recall": 0.808695652173913,
                "f1-score": 0.8081242007672634,
                "support": 230.0
            },
            "cross-entropy": 0.4891628949407576,
            "roc-auc": 0.8428952380952381,
            "score": 0.808695652173913
        },
        "test": {
            "0": {
                "precision": 0.7704280155642024,
                "recall": 0.7586206896551724,
                "f1-score": 0.7644787644787644,
                "support": 261.0
            },
            "1": {
                "precision": 0.775,
                "recall": 0.7862318840579711,
                "f1-score": 0.7805755395683452,
                "support": 276.0
            },
            "accuracy": 0.7728119180633147,
            "macro avg": {
                "precision": 0.7727140077821012,
                "recall": 0.7724262868565717,
                "f1-score": 0.7725271520235548,
                "support": 537.0
            },
            "weighted avg": {
                "precision": 0.7727778623133275,
                "recall": 0.7728119180633147,
                "f1-score": 0.772751967318102,
                "support": 537.0
            },
            "cross-entropy": 0.49483364014521053,
            "roc-auc": 0.8418429674051864,
            "score": 0.7728119180633147
        }
    },
    "time": "0:00:43.775252",
    "chunk_size": null,
    "eval_batch_size": 32768,
    "heads": [
        51
    ],
    "head_selection_time": "0:00:00.499420"
}