{
    "function": "bin.model.main",
    "gpus": [
        "NVIDIA GeForce RTX 4090"
    ],
    "config": {
        "seed": 1,
        "batch_size": 512,
        "patience": 16,
        "n_epochs": -1,
        "gradient_clipping_norm": 1.0,
        "amp": true,
        "data": {
            "cache": true,
            "path": "data/otto"
        },
        "optimizer": {
            "type": "AdamW",
            "lr": 0.0003773791701581441,
            "weight_decay": 0.0
        },
        "model": {
            "arch_type": "moe-sparse",
            "backbone": {
                "k": 2,
                "n_blocks": 2,
                "d_block": 832,
                "dropout": 0.48234583879181137,
                "moe_ratio": 0.75,
                "num_experts": 8
            }
        }
    },
    "n_parameters": 16712393,
    "prediction_type": "probs",
    "epoch_size": 78,
    "best_step": 3042,
    "metrics": {
        "train": {
            "0": {
                "precision": 0.949685534591195,
                "recall": 0.8558704453441296,
                "f1-score": 0.9003407155025555,
                "support": 1235.0
            },
            "1": {
                "precision": 0.8216482164821648,
                "recall": 0.9063772048846676,
                "f1-score": 0.8619354838709677,
                "support": 10318.0
            },
            "2": {
                "precision": 0.7625833141806482,
                "recall": 0.6477938305349473,
                "f1-score": 0.7005172595798586,
                "support": 5122.0
            },
            "3": {
                "precision": 0.910814606741573,
                "recall": 0.7531939605110337,
                "f1-score": 0.8245390972663701,
                "support": 1722.0
            },
            "4": {
                "precision": 0.9908987485779295,
                "recall": 0.9937250427837993,
                "f1-score": 0.9923098832241527,
                "support": 1753.0
            },
            "5": {
                "precision": 0.9878239499553172,
                "recall": 0.9775591421622817,
                "f1-score": 0.9826647405267251,
                "support": 9046.0
            },
            "6": {
                "precision": 0.8860625331213566,
                "recall": 0.9201981287837094,
                "f1-score": 0.9028077753779697,
                "support": 1817.0
            },
            "7": {
                "precision": 0.9722627737226277,
                "recall": 0.983570241831272,
                "f1-score": 0.9778838212352023,
                "support": 5417.0
            },
            "8": {
                "precision": 0.9434542102028273,
                "recall": 0.9681488489435509,
                "f1-score": 0.9556420233463035,
                "support": 3171.0
            },
            "accuracy": 0.9009620969167446,
            "macro avg": {
                "precision": 0.9139148763972932,
                "recall": 0.8896040939754878,
                "f1-score": 0.8998489777700117,
                "support": 39601.0
            },
            "weighted avg": {
                "precision": 0.9006418965927232,
                "recall": 0.9009620969167446,
                "f1-score": 0.8992177103332671,
                "support": 39601.0
            },
            "cross-entropy": 0.24433857629505998,
            "score": 0.9009620969167446
        },
        "val": {
            "0": {
                "precision": 0.6381322957198443,
                "recall": 0.5324675324675324,
                "f1-score": 0.5805309734513274,
                "support": 308.0
            },
            "1": {
                "precision": 0.7414383561643836,
                "recall": 0.8391472868217055,
                "f1-score": 0.7872727272727273,
                "support": 2580.0
            },
            "2": {
                "precision": 0.6213408876298395,
                "recall": 0.5136612021857924,
                "f1-score": 0.5623931623931624,
                "support": 1281.0
            },
            "3": {
                "precision": 0.6852941176470588,
                "recall": 0.5406032482598608,
                "f1-score": 0.6044098573281452,
                "support": 431.0
            },
            "4": {
                "precision": 0.967816091954023,
                "recall": 0.9611872146118722,
                "f1-score": 0.9644902634593356,
                "support": 438.0
            },
            "5": {
                "precision": 0.951385733757383,
                "recall": 0.9257294429708223,
                "f1-score": 0.9383822540891776,
                "support": 2262.0
            },
            "6": {
                "precision": 0.7106382978723405,
                "recall": 0.73568281938326,
                "f1-score": 0.722943722943723,
                "support": 454.0
            },
            "7": {
                "precision": 0.898932384341637,
                "recall": 0.9327917282127031,
                "f1-score": 0.9155491119971005,
                "support": 1354.0
            },
            "8": {
                "precision": 0.8501228501228502,
                "recall": 0.8726355611601513,
                "f1-score": 0.8612321095208463,
                "support": 793.0
            },
            "accuracy": 0.8104231895768105,
            "macro avg": {
                "precision": 0.7850112239121512,
                "recall": 0.7615451151193,
                "f1-score": 0.7708004647172827,
                "support": 9901.0
            },
            "weighted avg": {
                "precision": 0.8070522958853278,
                "recall": 0.8104231895768105,
                "f1-score": 0.806664768263426,
                "support": 9901.0
            },
            "cross-entropy": 0.5824689275527977,
            "score": 0.8104231895768105
        },
        "test": {
            "0": {
                "precision": 0.6347305389221557,
                "recall": 0.5492227979274611,
                "f1-score": 0.5888888888888888,
                "support": 386.0
            },
            "1": {
                "precision": 0.7481833426495249,
                "recall": 0.8303349875930521,
                "f1-score": 0.7871214348720964,
                "support": 3224.0
            },
            "2": {
                "precision": 0.5998531571218796,
                "recall": 0.5103060587133041,
                "f1-score": 0.5514681066486669,
                "support": 1601.0
            },
            "3": {
                "precision": 0.6705069124423964,
                "recall": 0.5408921933085502,
                "f1-score": 0.5987654320987654,
                "support": 538.0
            },
            "4": {
                "precision": 0.9690346083788707,
                "recall": 0.9708029197080292,
                "f1-score": 0.9699179580674567,
                "support": 548.0
            },
            "5": {
                "precision": 0.9556116925297726,
                "recall": 0.9366819950477538,
                "f1-score": 0.9460521614862452,
                "support": 2827.0
            },
            "6": {
                "precision": 0.7140350877192982,
                "recall": 0.7165492957746479,
                "f1-score": 0.7152899824253076,
                "support": 568.0
            },
            "7": {
                "precision": 0.9049539170506913,
                "recall": 0.9279385705847608,
                "f1-score": 0.9163021289005541,
                "support": 1693.0
            },
            "8": {
                "precision": 0.8464491362763915,
                "recall": 0.8900100908173562,
                "f1-score": 0.8676832267584849,
                "support": 991.0
            },
            "accuracy": 0.811005171299289,
            "macro avg": {
                "precision": 0.782595377010109,
                "recall": 0.763637656608324,