{
    "function": "bin.model.main",
    "gpus": [
        "NVIDIA GeForce RTX 4090"
    ],
    "config": {
        "seed": 10,
        "batch_size": 64,
        "patience": 16,
        "n_epochs": -1,
        "gradient_clipping_norm": 1.0,
        "amp": true,
        "data": {
            "cache": true,
            "path": "data/classif-cat-medium-2-KDDCup09_upselling",
            "num_policy": "noisy-quantile",
            "cat_policy": "ordinal"
        },
        "optimizer": {
            "type": "AdamW",
            "lr": 7.027775721200036e-05,
            "weight_decay": 0.023844594884161015
        },
        "model": {
            "arch_type": "tabrmv2",
            "sample_rate": 0.4354744351256098,
            "k": 112,
            "backbone": {
                "n_blocks": 3,
                "d_block": 320,
                "dropout": 0.33126374324697133
            },
            "num_embeddings": {
                "type": "PiecewiseLinearEmbeddingsV2",
                "d_embedding": 20
            }
        },
        "bins": {
            "n_bins": 73
        }
    },
    "n_parameters": 2514224,
    "prediction_type": "probs",
    "epoch_size": 57,
    "best_step": 1539,
    "metrics": {
        "train": {
            "0": {
                "precision": 0.9988706945228685,
                "recall": 0.9915919282511211,
                "f1-score": 0.9952180028129395,
                "support": 1784.0
            },
            "1": {
                "precision": 0.9917491749174917,
                "recall": 0.9988919667590028,
                "f1-score": 0.9953077560033121,
                "support": 1805.0
            },
            "accuracy": 0.995263304541655,
            "macro avg": {
                "precision": 0.9953099347201801,
                "recall": 0.995241947505062,
                "f1-score": 0.9952628794081257,
                "support": 3589.0
            },
            "weighted avg": {
                "precision": 0.9952890999595625,
                "recall": 0.995263304541655,
                "f1-score": 0.9952631419905997,
                "support": 3589.0
            },
            "cross-entropy": 0.025588279704487953,
            "roc-auc": 0.9999417723563098,
            "score": 0.995263304541655
        },
        "val": {
            "0": {
                "precision": 0.8552036199095022,
                "recall": 0.7651821862348178,
                "f1-score": 0.8076923076923077,
                "support": 247.0
            },
            "1": {
                "precision": 0.7573221757322176,
                "recall": 0.8497652582159625,
                "f1-score": 0.8008849557522125,
                "support": 213.0
            },
            "accuracy": 0.8043478260869565,
            "macro avg": {
                "precision": 0.8062628978208599,
                "recall": 0.8074737222253902,
                "f1-score": 0.8042886317222602,
                "support": 460.0
            },
            "weighted avg": {
                "precision": 0.8098802555404553,
                "recall": 0.8043478260869565,
                "f1-score": 0.8045402077722201,
                "support": 460.0
            },
            "cross-entropy": 0.7655573718543458,
            "roc-auc": 0.8960578586227215,
            "score": 0.8043478260869565
        },
        "test": {
            "0": {
                "precision": 0.8176100628930818,
                "recall": 0.7344632768361582,
                "f1-score": 0.7738095238095238,
                "support": 531.0
            },
            "1": {
                "precision": 0.765,
                "recall": 0.8406593406593407,
                "f1-score": 0.8010471204188482,
                "support": 546.0
            },
            "accuracy": 0.7883008356545961,
            "macro avg": {
                "precision": 0.7913050314465409,
                "recall": 0.7875613087477494,
                "f1-score": 0.787428322114186,
                "support": 1077.0
            },
            "weighted avg": {
                "precision": 0.7909386661060598,
                "recall": 0.7883008356545961,
                "f1-score": 0.787617998970797,
                "support": 1077.0
            },
            "cross-entropy": 0.7734788039654399,
            "roc-auc": 0.8873712602526161,
            "score": 0.7883008356545961
        }
    },
    "time": "0:01:13.973962",
    "chunk_size": null,
    "eval_batch_size": 32768,
    "heads": [
        9
    ],
    "head_selection_time": "0:00:00.630581"
}