{
    "function": "bin.model.main",
    "gpus": [
        "NVIDIA GeForce RTX 4090"
    ],
    "config": {
        "seed": 6,
        "batch_size": 256,
        "patience": 16,
        "n_epochs": -1,
        "gradient_clipping_norm": 1.0,
        "amp": true,
        "data": {
            "cache": true,
            "path": "data/regression-cat-medium-0-Brazilian_houses",
            "num_policy": "noisy-quantile",
            "cat_policy": "ordinal"
        },
        "optimizer": {
            "type": "AdamW",
            "lr": 3.688901352771338e-05,
            "weight_decay": 0.00042837085874714525
        },
        "model": {
            "arch_type": "tabrmv2",
            "sample_rate": 0.1650258349615761,
            "k": 128,
            "backbone": {
                "n_blocks": 3,
                "d_block": 496,
                "dropout": 0.0
            },
            "num_embeddings": {
                "type": "PeriodicEmbeddings",
                "n_frequencies": 84,
                "d_embedding": 28,
                "frequency_init_scale": 0.07247426797398379,
                "lite": false
            }
        }
    },
    "n_parameters": 4871680,
    "prediction_type": "labels",
    "epoch_size": 30,
    "best_step": 2040,
    "metrics": {
        "train": {
            "rmse": 0.09217310970945403,
            "mae": 0.05674837529659271,
            "r2": 0.9868031542544309,
            "score": -0.09217310970945403
        },
        "val": {
            "rmse": 0.1366224562908994,
            "mae": 0.0593988336622715,
            "r2": 0.9710753864149221,
            "score": -0.1366224562908994
        },
        "test": {
            "rmse": 0.07521530913469263,
            "mae": 0.056115925312042236,
            "r2": 0.990743981774771,
            "score": -0.07521530913469263
        }
    },
    "time": "0:01:17.122833",
    "chunk_size": null,
    "eval_batch_size": 32768,
    "heads": [
        91
    ],
    "head_selection_time": "0:00:00.073541"
}