{
    "function": "bin.model.main",
    "gpus": [
        "NVIDIA GeForce RTX 4090"
    ],
    "config": {
        "seed": 7,
        "batch_size": 32,
        "patience": 16,
        "n_epochs": -1,
        "gradient_clipping_norm": 1.0,
        "amp": true,
        "data": {
            "cache": true,
            "path": "data/classif-num-medium-3-wine",
            "num_policy": "noisy-quantile"
        },
        "optimizer": {
            "type": "AdamW",
            "lr": 0.00021602931259153413,
            "weight_decay": 0.092615036019135
        },
        "model": {
            "arch_type": "tabrmv2-mini",
            "sample_rate": 0.14597217121271658,
            "k": 80,
            "backbone": {
                "n_blocks": 1,
                "d_block": 96,
                "dropout": 0.0
            },
            "num_embeddings": {
                "type": "PeriodicEmbeddings",
                "n_frequencies": 44,
                "d_embedding": 32,
                "frequency_init_scale": 0.3046858061652897,
                "lite": false
            }
        }
    },
    "n_parameters": 168004,
    "prediction_type": "probs",
    "epoch_size": 56,
    "best_step": 448,
    "metrics": {
        "train": {
            "0": {
                "precision": 0.8040455120101138,
                "recall": 0.7058823529411765,
                "f1-score": 0.75177304964539,
                "support": 901.0
            },
            "1": {
                "precision": 0.7339357429718876,
                "recall": 0.8250564334085779,
                "f1-score": 0.7768331562167907,
                "support": 886.0
            },
            "accuracy": 0.7649692221600448,
            "macro avg": {
                "precision": 0.7689906274910007,
                "recall": 0.7654693931748773,
                "f1-score": 0.7643031029310904,
                "support": 1787.0
            },
            "weighted avg": {
                "precision": 0.7692848766615583,
                "recall": 0.7649692221600448,
                "f1-score": 0.764197926210729,
                "support": 1787.0
            },
            "cross-entropy": 0.5141154628007435,
            "roc-auc": 0.8222316312699959,
            "score": 0.7649692221600448
        },
        "val": {
            "0": {
                "precision": 0.7669902912621359,
                "recall": 0.6991150442477876,
                "f1-score": 0.7314814814814814,
                "support": 113.0
            },
            "1": {
                "precision": 0.7322834645669292,
                "recall": 0.7948717948717948,
                "f1-score": 0.7622950819672131,
                "support": 117.0
            },
            "accuracy": 0.7478260869565218,
            "macro avg": {
                "precision": 0.7496368779145326,
                "recall": 0.7469934195597911,
                "f1-score": 0.7468882817243472,
                "support": 230.0
            },
            "weighted avg": {
                "precision": 0.7493350794215308,
                "recall": 0.7478260869565218,
                "f1-score": 0.7471562260763971,
                "support": 230.0
            },
            "cross-entropy": 0.5553919606753907,
            "roc-auc": 0.7734664548823842,
            "score": 0.7478260869565218
        },
        "test": {
            "0": {
                "precision": 0.7400881057268722,
                "recall": 0.6387832699619772,
                "f1-score": 0.6857142857142857,
                "support": 263.0
            },
            "1": {
                "precision": 0.6935483870967742,
                "recall": 0.7846715328467153,
                "f1-score": 0.7363013698630138,
                "support": 274.0
            },
            "accuracy": 0.7132216014897579,
            "macro avg": {
                "precision": 0.7168182464118232,
                "recall": 0.7117274014043462,
                "f1-score": 0.7110078277886498,
                "support": 537.0
            },
            "weighted avg": {
                "precision": 0.7163415826269712,
                "recall": 0.7132216014897579,
                "f1-score": 0.7115259450378454,
                "support": 537.0
            },
            "cross-entropy": 0.563629462288419,
            "roc-auc": 0.7857539341122922,
            "score": 0.7132216014897579
        }
    },
    "time": "0:00:20.915226",
    "chunk_size": null,
    "eval_batch_size": 32768
}