{
    "function": "bin.model.main",
    "gpus": [
        "NVIDIA GeForce RTX 4090"
    ],
    "config": {
        "seed": 3,
        "batch_size": 64,
        "patience": 16,
        "n_epochs": -1,
        "gradient_clipping_norm": 1.0,
        "amp": true,
        "data": {
            "cache": true,
            "path": "data/classif-cat-medium-2-KDDCup09_upselling",
            "num_policy": "noisy-quantile",
            "cat_policy": "ordinal"
        },
        "optimizer": {
            "type": "AdamW",
            "lr": 7.027775721200036e-05,
            "weight_decay": 0.023844594884161015
        },
        "model": {
            "arch_type": "tabrmv2",
            "sample_rate": 0.4354744351256098,
            "k": 112,
            "backbone": {
                "n_blocks": 3,
                "d_block": 320,
                "dropout": 0.33126374324697133
            },
            "num_embeddings": {
                "type": "PiecewiseLinearEmbeddingsV2",
                "d_embedding": 20
            }
        },
        "bins": {
            "n_bins": 73
        }
    },
    "n_parameters": 2514224,
    "prediction_type": "probs",
    "epoch_size": 57,
    "best_step": 2337,
    "metrics": {
        "train": {
            "0": {
                "precision": 0.9983193277310924,
                "recall": 0.9988789237668162,
                "f1-score": 0.9985990473521994,
                "support": 1784.0
            },
            "1": {
                "precision": 0.9988913525498891,
                "recall": 0.9983379501385041,
                "f1-score": 0.998614574674425,
                "support": 1805.0
            },
            "accuracy": 0.9986068542769574,
            "macro avg": {
                "precision": 0.9986053401404908,
                "recall": 0.9986084369526602,
                "f1-score": 0.9986068110133122,
                "support": 3589.0
            },
            "weighted avg": {
                "precision": 0.9986070136597435,
                "recall": 0.9986068542769574,
                "f1-score": 0.9986068564401396,
                "support": 3589.0
            },
            "cross-entropy": 0.004833118813064832,
            "roc-auc": 0.9999972050731029,
            "score": 0.9986068542769574
        },
        "val": {
            "0": {
                "precision": 0.8054474708171206,
                "recall": 0.8380566801619433,
                "f1-score": 0.8214285714285714,
                "support": 247.0
            },
            "1": {
                "precision": 0.8029556650246306,
                "recall": 0.7652582159624414,
                "f1-score": 0.7836538461538463,
                "support": 213.0
            },
            "accuracy": 0.8043478260869565,
            "macro avg": {
                "precision": 0.8042015679208756,
                "recall": 0.8016574480621923,
                "f1-score": 0.8025412087912088,
                "support": 460.0
            },
            "weighted avg": {
                "precision": 0.8042936563958155,
                "recall": 0.8043478260869565,
                "f1-score": 0.8039372312470139,
                "support": 460.0
            },
            "cross-entropy": 1.099178366087027,
            "roc-auc": 0.8891391534089829,
            "score": 0.8043478260869565
        },
        "test": {
            "0": {
                "precision": 0.779783393501805,
                "recall": 0.8135593220338984,
                "f1-score": 0.7963133640552995,
                "support": 531.0
            },
            "1": {
                "precision": 0.8107074569789675,
                "recall": 0.7765567765567766,
                "f1-score": 0.793264733395697,
                "support": 546.0
            },
            "accuracy": 0.7948003714020427,
            "macro avg": {
                "precision": 0.7952454252403862,
                "recall": 0.7950580492953374,
                "f1-score": 0.7947890487254983,
                "support": 1077.0
            },
            "weighted avg": {
                "precision": 0.7954607738718428,
                "recall": 0.7948003714020427,
                "f1-score": 0.7947678187069773,
                "support": 1077.0
            },
            "cross-entropy": 1.0743103729387349,
            "roc-auc": 0.884724033029118,
            "score": 0.7948003714020427
        }
    },
    "time": "0:01:38.131318",
    "chunk_size": null,
    "eval_batch_size": 32768
}