{
    "function": "bin.model.main",
    "gpus": [
        "NVIDIA GeForce RTX 4090"
    ],
    "config": {
        "seed": 8,
        "batch_size": 256,
        "patience": 16,
        "n_epochs": -1,
        "gradient_clipping_norm": 1.0,
        "amp": true,
        "data": {
            "cache": true,
            "path": "data/churn",
            "num_policy": "noisy-quantile",
            "cat_policy": "ordinal"
        },
        "optimizer": {
            "type": "AdamW",
            "lr": 0.0017772766826206821,
            "weight_decay": 0.0008535326411415913
        },
        "model": {
            "arch_type": "tabrm",
            "sample_rate": 0.2044659901478033,
            "k": 96,
            "backbone": {
                "n_blocks": 1,
                "d_block": 240,
                "dropout": 0.011709792066757943
            },
            "num_embeddings": {
                "type": "PiecewiseLinearEmbeddingsV2",
                "d_embedding": 28
            }
        },
        "bins": {
            "n_bins": 53
        }
    },
    "n_parameters": 499896,
    "prediction_type": "probs",
    "epoch_size": 25,
    "best_step": 100,
    "metrics": {
        "train": {
            "0": {
                "precision": 0.880256593014968,
                "recall": 0.9693877551020408,
                "f1-score": 0.922674635786328,
                "support": 5096.0
            },
            "1": {
                "precision": 0.8020304568527918,
                "recall": 0.48466257668711654,
                "f1-score": 0.6042065009560229,
                "support": 1304.0
            },
            "accuracy": 0.870625,
            "macro avg": {
                "precision": 0.8411435249338799,
                "recall": 0.7270251658945787,
                "f1-score": 0.7634405683711755,
                "support": 6400.0
            },
            "weighted avg": {
                "precision": 0.8643180177719245,
                "recall": 0.870625,
                "f1-score": 0.8577867533146534,
                "support": 6400.0
            },
            "cross-entropy": 0.32404168550697415,
            "roc-auc": 0.8819065055233986,
            "score": 0.870625
        },
        "val": {
            "0": {
                "precision": 0.876770538243626,
                "recall": 0.9717425431711146,
                "f1-score": 0.9218168279970216,
                "support": 1274.0
            },
            "1": {
                "precision": 0.8085106382978723,
                "recall": 0.4662576687116564,
                "f1-score": 0.5914396887159532,
                "support": 326.0
            },
            "accuracy": 0.86875,
            "macro avg": {
                "precision": 0.8426405882707492,
                "recall": 0.7190001059413855,
                "f1-score": 0.7566282583564874,
                "support": 1600.0
            },
            "weighted avg": {
                "precision": 0.8628625836296787,
                "recall": 0.86875,
                "f1-score": 0.854502485868504,
                "support": 1600.0
            },
            "cross-entropy": 0.34775287012913253,
            "roc-auc": 0.8531074534580232,
            "score": 0.86875
        },
        "test": {
            "0": {
                "precision": 0.8652762119503946,
                "recall": 0.9635907093534212,
                "f1-score": 0.9117909117909118,
                "support": 1593.0
            },
            "1": {
                "precision": 0.7433628318584071,
                "recall": 0.41277641277641275,
                "f1-score": 0.5308056872037914,
                "support": 407.0
            },
            "accuracy": 0.8515,
            "macro avg": {
                "precision": 0.8043195219044008,
                "recall": 0.688183561064917,
                "f1-score": 0.7212982994973516,
                "support": 2000.0
            },
            "weighted avg": {
                "precision": 0.8404668391016751,
                "recall": 0.8515,
                "f1-score": 0.8342604185874328,
                "support": 2000.0
            },
            "cross-entropy": 0.3653026607480034,
            "roc-auc": 0.8330765279917822,
            "score": 0.8515
        }
    },
    "time": "0:00:10.652421",
    "chunk_size": null,
    "eval_batch_size": 32768
}