{
    "function": "bin.model.main",
    "gpus": [
        "NVIDIA GeForce RTX 4090"
    ],
    "config": {
        "seed": 1,
        "batch_size": 256,
        "patience": 16,
        "n_epochs": -1,
        "gradient_clipping_norm": 1.0,
        "amp": true,
        "data": {
            "cache": true,
            "path": "data/regression-cat-medium-0-house_sales",
            "num_policy": "noisy-quantile"
        },
        "optimizer": {
            "type": "AdamW",
            "lr": 7.479119958589417e-05,
            "weight_decay": 0.0
        },
        "model": {
            "arch_type": "tabrmv2",
            "sample_rate": 0.573490245106693,
            "k": 48,
            "backbone": {
                "n_blocks": 3,
                "d_block": 192,
                "dropout": 0.0
            },
            "num_embeddings": {
                "type": "PeriodicEmbeddings",
                "n_frequencies": 48,
                "d_embedding": 28,
                "frequency_init_scale": 0.051327622506788094,
                "lite": false
            }
        }
    },
    "n_parameters": 824676,
    "prediction_type": "labels",
    "epoch_size": 40,
    "best_step": 1920,
    "metrics": {
        "train": {
            "rmse": 0.1818977607334679,
            "mae": 0.13474029302597046,
            "r2": 0.8811234971507046,
            "score": -0.1818977607334679
        },
        "val": {
            "rmse": 0.1898721799245508,
            "mae": 0.13869430124759674,
            "r2": 0.8714441227540142,
            "score": -0.1898721799245508
        },
        "test": {
            "rmse": 0.19003539714042458,
            "mae": 0.13839682936668396,
            "r2": 0.8686199687387796,
            "score": -0.19003539714042458
        }
    },
    "time": "0:00:56.008475",
    "chunk_size": null,
    "eval_batch_size": 32768,
    "heads": [
        19,
        42,
        0,
        5,
        11
    ],
    "head_selection_time": "0:00:00.196485"
}