{
    "function": "bin.model.main",
    "gpus": [
        "NVIDIA GeForce RTX 4090"
    ],
    "config": {
        "seed": 8,
        "batch_size": 32,
        "patience": 16,
        "n_epochs": -1,
        "gradient_clipping_norm": 1.0,
        "amp": true,
        "data": {
            "cache": true,
            "path": "data/classif-num-medium-0-wine",
            "num_policy": "noisy-quantile"
        },
        "optimizer": {
            "type": "AdamW",
            "lr": 0.0028696454418523478,
            "weight_decay": 0.021862750667354606
        },
        "model": {
            "arch_type": "tabpln-mini",
            "k": 32,
            "share_training_batches": false,
            "backbone": {
                "type": "MLP",
                "n_blocks": 3,
                "d_block": 480,
                "dropout": 0.031225289336164364
            },
            "num_embeddings": {
                "type": "PiecewiseLinearEmbeddingsV2",
                "d_embedding": 16
            }
        },
        "bins": {
            "n_bins": 3
        }
    },
    "n_parameters": 589472,
    "prediction_type": "probs",
    "epoch_size": 56,
    "best_step": 1456,
    "metrics": {
        "train": {
            "0": {
                "precision": 0.9977703455964325,
                "recall": 0.9988839285714286,
                "f1-score": 0.9983268265476855,
                "support": 896.0
            },
            "1": {
                "precision": 0.998876404494382,
                "recall": 0.9977553310886644,
                "f1-score": 0.9983155530600787,
                "support": 891.0
            },
            "accuracy": 0.9983212087297146,
            "macro avg": {
                "precision": 0.9983233750454072,
                "recall": 0.9983196298300465,
                "f1-score": 0.9983211898038821,
                "support": 1787.0
            },
            "weighted avg": {
                "precision": 0.9983218276770554,
                "recall": 0.9983212087297146,
                "f1-score": 0.9983212055754092,
                "support": 1787.0
            },
            "cross-entropy": 0.08251439068876468,
            "roc-auc": 0.9999874739458073,
            "score": 0.9983212087297146
        },
        "val": {
            "0": {
                "precision": 0.8303571428571429,
                "recall": 0.8532110091743119,
                "f1-score": 0.8416289592760182,
                "support": 109.0
            },
            "1": {
                "precision": 0.864406779661017,
                "recall": 0.8429752066115702,
                "f1-score": 0.8535564853556484,
                "support": 121.0
            },
            "accuracy": 0.8478260869565217,
            "macro avg": {
                "precision": 0.8473819612590799,
                "recall": 0.848093107892941,
                "f1-score": 0.8475927223158333,
                "support": 230.0
            },
            "weighted avg": {
                "precision": 0.8482702126539636,
                "recall": 0.8478260869565217,
                "f1-score": 0.8479038751700846,
                "support": 230.0
            },
            "cross-entropy": 0.36002563484136396,
            "roc-auc": 0.925771476230192,
            "score": 0.8478260869565217
        },
        "test": {
            "0": {
                "precision": 0.8232931726907631,
                "recall": 0.7536764705882353,
                "f1-score": 0.7869481765834933,
                "support": 272.0
            },
            "1": {
                "precision": 0.7673611111111112,
                "recall": 0.8339622641509434,
                "f1-score": 0.7992766726943943,
                "support": 265.0
            },
            "accuracy": 0.7932960893854749,
            "macro avg": {
                "precision": 0.7953271419009371,
                "recall": 0.7938193673695894,
                "f1-score": 0.7931124246389438,
                "support": 537.0
            },
            "weighted avg": {
                "precision": 0.7956916897883277,
                "recall": 0.7932960893854749,
                "f1-score": 0.7930320713123364,
                "support": 537.0
            },
            "cross-entropy": 0.4599883231213408,
            "roc-auc": 0.8810765815760268,
            "score": 0.7932960893854749
        }
    },
    "time": "0:00:22.365141",
    "chunk_size": null,
    "eval_batch_size": 32768
}