{
    "function": "bin.model.main",
    "gpus": [
        "NVIDIA GeForce RTX 4090"
    ],
    "config": {
        "seed": 3,
        "batch_size": 256,
        "patience": 16,
        "n_epochs": -1,
        "gradient_clipping_norm": 1.0,
        "amp": true,
        "data": {
            "cache": true,
            "path": "data/regression-num-medium-0-fifa",
            "num_policy": "noisy-quantile"
        },
        "optimizer": {
            "type": "AdamW",
            "lr": 0.00032990639034601255,
            "weight_decay": 0.0
        },
        "model": {
            "p": 24,
            "arch_type": "tabm-rankp",
            "k": 32,
            "share_training_batches": false,
            "backbone": {
                "type": "MLP",
                "n_blocks": 4,
                "d_block": 288,
                "dropout": 0.004016359366615818
            },
            "num_embeddings": {
                "type": "PiecewiseLinearEmbeddingsV2",
                "d_embedding": 12
            }
        },
        "bins": {
            "n_bins": 108
        }
    },
    "n_parameters": 1712552,
    "prediction_type": "labels",
    "epoch_size": 40,
    "best_step": 3240,
    "metrics": {
        "train": {
            "rmse": 0.7261109948865543,
            "mae": 0.5340434312820435,
            "r2": 0.7142748116750179,
            "score": -0.7261109948865543
        },
        "val": {
            "rmse": 0.7495910801327287,
            "mae": 0.5541874170303345,
            "r2": 0.700968564754855,
            "score": -0.7495910801327287
        },
        "test": {
            "rmse": 0.7898890254989033,
            "mae": 0.5781375169754028,
            "r2": 0.6621579669630151,
            "score": -0.7898890254989033
        }
    },
    "time": "0:00:54.902243",
    "chunk_size": null,
    "eval_batch_size": 32768,
    "heads": [
        7
    ],
    "head_selection_time": "0:00:00.025939"
}