{
    "function": "bin.model.main",
    "gpus": [
        "NVIDIA GeForce RTX 4090"
    ],
    "config": {
        "seed": 11,
        "batch_size": 64,
        "patience": 16,
        "n_epochs": -1,
        "gradient_clipping_norm": 1.0,
        "amp": true,
        "data": {
            "cache": true,
            "path": "data/classif-num-medium-2-kdd_ipums_la_97-small",
            "num_policy": "noisy-quantile"
        },
        "optimizer": {
            "type": "AdamW",
            "lr": 0.00011856438497915427,
            "weight_decay": 0.0
        },
        "model": {
            "arch_type": "tabrmv2-mini",
            "sample_rate": 0.2832388407544872,
            "k": 32,
            "backbone": {
                "n_blocks": 2,
                "d_block": 64,
                "dropout": 0.0
            },
            "num_embeddings": {
                "type": "PeriodicEmbeddings",
                "n_frequencies": 64,
                "d_embedding": 28,
                "frequency_init_scale": 6.013505520487698,
                "lite": false
            }
        }
    },
    "n_parameters": 163376,
    "prediction_type": "probs",
    "epoch_size": 57,
    "best_step": 285,
    "metrics": {
        "train": {
            "0": {
                "precision": 0.9481074481074481,
                "recall": 0.8622987229317046,
                "f1-score": 0.9031695260250073,
                "support": 1801.0
            },
            "1": {
                "precision": 0.8755644756648269,
                "recall": 0.953551912568306,
                "f1-score": 0.9128956317028512,
                "support": 1830.0
            },
            "accuracy": 0.9082897273478381,
            "macro avg": {
                "precision": 0.9118359618861375,
                "recall": 0.9079253177500053,
                "f1-score": 0.9080325788639292,
                "support": 3631.0
            },
            "weighted avg": {
                "precision": 0.9115462694872342,
                "recall": 0.9082897273478381,
                "f1-score": 0.9080714189995196,
                "support": 3631.0
            },
            "cross-entropy": 0.22271339122511208,
            "roc-auc": 0.9664633794825583,
            "score": 0.9082897273478381
        },
        "val": {
            "0": {
                "precision": 0.9514563106796117,
                "recall": 0.8596491228070176,
                "f1-score": 0.903225806451613,
                "support": 228.0
            },
            "1": {
                "precision": 0.8773946360153256,
                "recall": 0.9581589958158996,
                "f1-score": 0.916,
                "support": 239.0
            },
            "accuracy": 0.9100642398286938,
            "macro avg": {
                "precision": 0.9144254733474686,
                "recall": 0.9089040593114586,
                "f1-score": 0.9096129032258065,
                "support": 467.0
            },
            "weighted avg": {
                "precision": 0.9135532266437137,
                "recall": 0.9100642398286938,
                "f1-score": 0.9097633487601023,
                "support": 467.0
            },
            "cross-entropy": 0.25837455685402855,
            "roc-auc": 0.9488915804154738,
            "score": 0.9100642398286938
        },
        "test": {
            "0": {
                "precision": 0.93812375249501,
                "recall": 0.831858407079646,
                "f1-score": 0.8818011257035648,
                "support": 565.0
            },
            "1": {
                "precision": 0.8387096774193549,
                "recall": 0.940952380952381,
                "f1-score": 0.8868940754039497,
                "support": 525.0
            },
            "accuracy": 0.8844036697247707,
            "macro avg": {
                "precision": 0.8884167149571824,
                "recall": 0.8864053940160135,
                "f1-score": 0.8843476005537573,
                "support": 1090.0
            },
            "weighted avg": {
                "precision": 0.8902408264264604,
                "recall": 0.8844036697247707,
                "f1-score": 0.8842541519354016,
                "support": 1090.0
            },
            "cross-entropy": 0.28757006295589116,
            "roc-auc": 0.9394302570585756,
            "score": 0.8844036697247707
        }
    },
    "time": "0:00:19.969084",
    "chunk_size": null,
    "eval_batch_size": 32768,
    "heads": [
        19
    ],
    "head_selection_time": "0:00:00.192126"
}