{
    "function": "bin.ensemble.main",
    "config": {
        "seeds": [
            5,
            6,
            7,
            8,
            9
        ],
        "data": {
            "path": "data/churn"
        }
    },
    "single_model_function": "bin.model.main",
    "prediction_type": "probs",
    "metrics": {
        "train": {
            "0": {
                "precision": 0.8807404770380919,
                "recall": 0.9709576138147566,
                "f1-score": 0.9236512973679297,
                "support": 5096.0
            },
            "1": {
                "precision": 0.8107416879795396,
                "recall": 0.48619631901840493,
                "f1-score": 0.6078619367209971,
                "support": 1304.0
            },
            "accuracy": 0.8721875,
            "macro avg": {
                "precision": 0.8457410825088157,
                "recall": 0.7285769664165808,
                "f1-score": 0.7657566170444634,
                "support": 6400.0
            },
            "weighted avg": {
                "precision": 0.8664782237674119,
                "recall": 0.8721875,
                "f1-score": 0.8593092151361172,
                "support": 6400.0
            },
            "cross-entropy": 0.3071313452816907,
            "roc-auc": 0.8919220295480156,
            "score": 0.8721875
        },
        "val": {
            "0": {
                "precision": 0.8779110797459422,
                "recall": 0.9764521193092621,
                "f1-score": 0.9245633593459681,
                "support": 1274.0
            },
            "1": {
                "precision": 0.8360655737704918,
                "recall": 0.46932515337423314,
                "f1-score": 0.6011787819253439,
                "support": 326.0
            },
            "accuracy": 0.873125,
            "macro avg": {
                "precision": 0.856988326758217,
                "recall": 0.7228886363417476,
                "f1-score": 0.7628710706356561,
                "support": 1600.0
            },
            "weighted avg": {
                "precision": 0.8693850579034442,
                "recall": 0.873125,
                "f1-score": 0.8586737516965159,
                "support": 1600.0
            },
            "cross-entropy": 0.3363931303677725,
            "roc-auc": 0.8607280099392282,
            "score": 0.873125
        },
        "test": {
            "0": {
                "precision": 0.8719101123595505,
                "recall": 0.9742623979912115,
                "f1-score": 0.9202490364660539,
                "support": 1593.0
            },
            "1": {
                "precision": 0.8136363636363636,
                "recall": 0.4398034398034398,
                "f1-score": 0.5709728867623605,
                "support": 407.0
            },
            "accuracy": 0.8655,
            "macro avg": {
                "precision": 0.8427732379979571,
                "recall": 0.7070329188973257,
                "f1-score": 0.7456109616142073,
                "support": 2000.0
            },
            "weighted avg": {
                "precision": 0.860051404494382,
                "recall": 0.8655,
                "f1-score": 0.8491713400013523,
                "support": 2000.0
            },
            "cross-entropy": 0.34401612889751654,
            "roc-auc": 0.8516143261905975,
            "score": 0.8655
        }
    }
}