{
    "function": "bin.model.main",
    "gpus": [
        "NVIDIA GeForce RTX 4090"
    ],
    "config": {
        "seed": 8,
        "batch_size": 256,
        "patience": 16,
        "n_epochs": -1,
        "gradient_clipping_norm": 1.0,
        "amp": true,
        "data": {
            "cache": true,
            "path": "data/classif-num-medium-0-bank-marketing",
            "num_policy": "noisy-quantile"
        },
        "optimizer": {
            "type": "AdamW",
            "lr": 0.0003879791314675207,
            "weight_decay": 0.00014555058825551698
        },
        "model": {
            "arch_type": "tabrmv2",
            "sample_rate": 0.15999808869302,
            "k": 32,
            "backbone": {
                "n_blocks": 4,
                "d_block": 160,
                "dropout": 0.3522072009617664
            },
            "num_embeddings": {
                "type": "PiecewiseLinearEmbeddingsV2",
                "d_embedding": 8
            }
        },
        "bins": {
            "n_bins": 22
        }
    },
    "n_parameters": 615592,
    "prediction_type": "probs",
    "epoch_size": 29,
    "best_step": 522,
    "metrics": {
        "train": {
            "0": {
                "precision": 0.8232432432432433,
                "recall": 0.8161843515541265,
                "f1-score": 0.8196986006458559,
                "support": 3732.0
            },
            "1": {
                "precision": 0.8147948164146869,
                "recall": 0.8218954248366013,
                "f1-score": 0.8183297180043385,
                "support": 3672.0
            },
            "accuracy": 0.8190167477039438,
            "macro avg": {
                "precision": 0.819019029828965,
                "recall": 0.8190398881953639,
                "f1-score": 0.8190141593250972,
                "support": 7404.0
            },
            "weighted avg": {
                "precision": 0.8190532617042834,
                "recall": 0.8190167477039438,
                "f1-score": 0.8190197058511974,
                "support": 7404.0
            },
            "cross-entropy": 0.41113130621106436,
            "roc-auc": 0.9002156246862207,
            "score": 0.8190167477039438
        },
        "val": {
            "0": {
                "precision": 0.8341013824884793,
                "recall": 0.793859649122807,
                "f1-score": 0.8134831460674158,
                "support": 456.0
            },
            "1": {
                "precision": 0.8185328185328186,
                "recall": 0.8548387096774194,
                "f1-score": 0.8362919132149902,
                "support": 496.0
            },
            "accuracy": 0.8256302521008403,
            "macro avg": {
                "precision": 0.8263171005106489,
                "recall": 0.8243491794001132,
                "f1-score": 0.824887529641203,
                "support": 952.0
            },
            "weighted avg": {
                "precision": 0.8259900298393115,
                "recall": 0.8256302521008403,
                "f1-score": 0.8253667054216142,
                "support": 952.0
            },
            "cross-entropy": 0.4211733232612403,
            "roc-auc": 0.8910803975664968,
            "score": 0.8256302521008403
        },
        "test": {
            "0": {
                "precision": 0.8038321167883211,
                "recall": 0.8001816530426885,
                "f1-score": 0.8020027309968137,
                "support": 1101.0
            },
            "1": {
                "precision": 0.8046181172291297,
                "recall": 0.808206958073149,
                "f1-score": 0.8064085447263019,
                "support": 1121.0
            },
            "accuracy": 0.8042304230423042,
            "macro avg": {
                "precision": 0.8042251170087253,
                "recall": 0.8041943055579188,
                "f1-score": 0.8042056378615579,
                "support": 2222.0
            },
            "weighted avg": {
                "precision": 0.8042286543644447,
                "recall": 0.8042304230423042,
                "f1-score": 0.804225466006155,
                "support": 2222.0
            },
            "cross-entropy": 0.44485676401788365,
            "roc-auc": 0.8759958710798147,
            "score": 0.8042304230423042
        }
    },
    "time": "0:00:21.191998",
    "chunk_size": null,
    "eval_batch_size": 32768
}