{
    "function": "bin.model.main",
    "gpus": [
        "NVIDIA GeForce RTX 4090"
    ],
    "config": {
        "seed": 11,
        "batch_size": 32,
        "patience": 16,
        "n_epochs": -1,
        "gradient_clipping_norm": 1.0,
        "amp": true,
        "data": {
            "cache": true,
            "path": "data/classif-num-medium-1-wine",
            "num_policy": "noisy-quantile"
        },
        "optimizer": {
            "type": "AdamW",
            "lr": 0.002400317401391972,
            "weight_decay": 0.0
        },
        "model": {
            "arch_type": "taba-moe",
            "k": 32,
            "share_training_batches": false,
            "backbone": {
                "type": "MLP",
                "n_blocks": 8,
                "d_block": 928,
                "dropout": 0.0
            },
            "num_embeddings": {
                "type": "PiecewiseLinearEmbeddingsV2",
                "d_embedding": 8
            }
        },
        "bins": {
            "n_bins": 2
        }
    },
    "n_parameters": 7033672,
    "prediction_type": "probs",
    "epoch_size": 56,
    "best_step": 952,
    "metrics": {
        "train": {
            "0": {
                "precision": 0.9798882681564246,
                "recall": 0.9777034559643255,
                "f1-score": 0.9787946428571429,
                "support": 897.0
            },
            "1": {
                "precision": 0.9775784753363229,
                "recall": 0.9797752808988764,
                "f1-score": 0.9786756453423121,
                "support": 890.0
            },
            "accuracy": 0.978735310576385,
            "macro avg": {
                "precision": 0.9787333717463738,
                "recall": 0.978739368431601,
                "f1-score": 0.9787351440997275,
                "support": 1787.0
            },
            "weighted avg": {
                "precision": 0.9787378956830668,
                "recall": 0.978735310576385,
                "f1-score": 0.9787353771670482,
                "support": 1787.0
            },
            "cross-entropy": 0.05838028929271767,
            "roc-auc": 0.9982926859819874,
            "score": 0.978735310576385
        },
        "val": {
            "0": {
                "precision": 0.7829457364341085,
                "recall": 0.8347107438016529,
                "f1-score": 0.8079999999999999,
                "support": 121.0
            },
            "1": {
                "precision": 0.801980198019802,
                "recall": 0.7431192660550459,
                "f1-score": 0.7714285714285715,
                "support": 109.0
            },
            "accuracy": 0.7913043478260869,
            "macro avg": {
                "precision": 0.7924629672269552,
                "recall": 0.7889150049283493,
                "f1-score": 0.7897142857142857,
                "support": 230.0
            },
            "weighted avg": {
                "precision": 0.7919664160551544,
                "recall": 0.7913043478260869,
                "f1-score": 0.7906683229813664,
                "support": 230.0
            },
            "cross-entropy": 1.2761366233340425,
            "roc-auc": 0.8393358101448177,
            "score": 0.7913043478260869
        },
        "test": {
            "0": {
                "precision": 0.7649402390438247,
                "recall": 0.7413127413127413,
                "f1-score": 0.7529411764705881,
                "support": 259.0
            },
            "1": {
                "precision": 0.7657342657342657,
                "recall": 0.7877697841726619,
                "f1-score": 0.776595744680851,
                "support": 278.0
            },
            "accuracy": 0.7653631284916201,
            "macro avg": {
                "precision": 0.7653372523890452,
                "recall": 0.7645412627427015,
                "f1-score": 0.7647684605757196,
                "support": 537.0
            },
            "weighted avg": {
                "precision": 0.7653512994161573,
                "recall": 0.7653631284916201,
                "f1-score": 0.7651869305906125,
                "support": 537.0
            },
            "cross-entropy": 1.252921874198882,
            "roc-auc": 0.8322338268381433,
            "score": 0.7653631284916201
        }
    },
    "time": "0:00:40.834975",
    "chunk_size": null,
    "eval_batch_size": 32768,
    "heads": [
        6,
        0,
        21
    ],
    "head_selection_time": "0:00:00.744236"
}