{
    "function": "bin.model.main",
    "gpus": [
        "NVIDIA GeForce RTX 4090"
    ],
    "config": {
        "seed": 8,
        "batch_size": 128,
        "patience": 16,
        "n_epochs": -1,
        "gradient_clipping_norm": 1.0,
        "amp": true,
        "data": {
            "cache": true,
            "path": "data/regression-num-medium-1-cpu_act",
            "num_policy": "noisy-quantile"
        },
        "optimizer": {
            "type": "AdamW",
            "lr": 0.0007178273655985041,
            "weight_decay": 0.00013463886918369037
        },
        "model": {
            "arch_type": "taba",
            "k": 128,
            "share_training_batches": false,
            "backbone": {
                "type": "MLP",
                "n_blocks": 6,
                "d_block": 64,
                "dropout": 0.0
            },
            "num_embeddings": {
                "type": "PiecewiseLinearEmbeddingsV2",
                "d_embedding": 32
            }
        },
        "bins": {
            "n_bins": 24
        }
    },
    "n_parameters": 244256,
    "prediction_type": "labels",
    "epoch_size": 45,
    "best_step": 20430,
    "metrics": {
        "train": {
            "rmse": 1.893929297391393,
            "mae": 1.404205560684204,
            "r2": 0.9888002812013845,
            "score": -1.893929297391393
        },
        "val": {
            "rmse": 2.0984562603871,
            "mae": 1.5839581489562988,
            "r2": 0.9901784082800339,
            "score": -2.0984562603871
        },
        "test": {
            "rmse": 2.3531760322944058,
            "mae": 1.6866188049316406,
            "r2": 0.984258879216932,
            "score": -2.3531760322944058
        }
    },
    "time": "0:03:59.097941",
    "chunk_size": null,
    "eval_batch_size": 32768,
    "heads": [
        103
    ],
    "head_selection_time": "0:00:00.093765"
}