{
    "function": "bin.model.main",
    "gpus": [
        "NVIDIA GeForce RTX 4090",
        "NVIDIA GeForce RTX 4090",
        "NVIDIA GeForce RTX 4090",
        "NVIDIA GeForce RTX 4090",
        "NVIDIA GeForce RTX 4090",
        "NVIDIA GeForce RTX 4090",
        "NVIDIA GeForce RTX 4090",
        "NVIDIA GeForce RTX 4090"
    ],
    "config": {
        "seed": 13,
        "batch_size": 256,
        "patience": 16,
        "n_epochs": -1,
        "gradient_clipping_norm": 1.0,
        "amp": true,
        "data": {
            "cache": true,
            "path": "data/california",
            "num_policy": "noisy-quantile"
        },
        "optimizer": {
            "type": "AdamW",
            "lr": 0.0004979996236850339,
            "weight_decay": 0.0
        },
        "model": {
            "arch_type": "tabm",
            "k": 32,
            "share_training_batches": false,
            "backbone": {
                "type": "MLP",
                "n_blocks": 3,
                "d_block": 720,
                "dropout": 0.36360113825353446
            }
        }
    },
    "n_parameters": 1250208,
    "prediction_type": "labels",
    "epoch_size": 52,
    "best_step": 12064,
    "metrics": {
        "train": {
            "rmse": 0.3534561971378555,
            "mae": 0.2439156174659729,
            "r2": 0.9072501290869325,
            "score": -0.3534561971378555
        },
        "val": {
            "rmse": 0.448815770390044,
            "mae": 0.28617942333221436,
            "r2": 0.8455094002366123,
            "score": -0.448815770390044
        },
        "test": {
            "rmse": 0.4457063104781474,
            "mae": 0.2941740155220032,
            "r2": 0.8476526233942846,
            "score": -0.4457063104781474
        }
    },
    "time": "0:01:26.010114",
    "chunk_size": null,
    "eval_batch_size": 32768
}