{
    "function": "bin.model.main",
    "gpus": [
        "NVIDIA GeForce RTX 4090"
    ],
    "config": {
        "seed": 5,
        "batch_size": 1024,
        "patience": 16,
        "n_epochs": -1,
        "gradient_clipping_norm": 1.0,
        "amp": true,
        "data": {
            "cache": true,
            "path": "data/microsoft",
            "num_policy": "noisy-quantile"
        },
        "optimizer": {
            "type": "AdamW",
            "lr": 0.00013214944225052174,
            "weight_decay": 0.07292259744917656
        },
        "model": {
            "arch_type": "moe-sparse-shared",
            "backbone": {
                "k": 4,
                "n_blocks": 5,
                "d_block": 368,
                "dropout": 0.29627660584115695,
                "moe_ratio": 0.5,
                "num_experts": 32
            },
            "num_embeddings": {
                "type": "PiecewiseLinearEmbeddingsV2",
                "d_embedding": 12
            }
        },
        "bins": {
            "n_bins": 2
        }
    },
    "n_parameters": 23672269,
    "prediction_type": "labels",
    "epoch_size": 707,
    "best_step": 26159,
    "metrics": {
        "train": {
            "rmse": 0.7219822395232529,
            "mae": 0.5739174485206604,
            "r2": 0.22878513349080554,
            "score": -0.7219822395232529
        },
        "val": {
            "rmse": 0.7481012947068256,
            "mae": 0.5918029546737671,
            "r2": 0.18767069483389653,
            "score": -0.7481012947068256
        },
        "test": {
            "rmse": 0.7522221467961747,
            "mae": 0.5928584337234497,
            "r2": 0.1840098318536979,
            "score": -0.7522221467961747
        }
    },
    "time": "0:22:46.719364",
    "chunk_size": null,
    "eval_batch_size": 32768
}