{
    "function": "bin.model.main",
    "gpus": [
        "NVIDIA GeForce RTX 4090"
    ],
    "config": {
        "seed": 12,
        "batch_size": 256,
        "patience": 16,
        "n_epochs": -1,
        "gradient_clipping_norm": 1.0,
        "amp": true,
        "data": {
            "cache": true,
            "path": "data/classif-num-medium-1-MagicTelescope",
            "num_policy": "noisy-quantile"
        },
        "optimizer": {
            "type": "AdamW",
            "lr": 0.00011325588535633829,
            "weight_decay": 0.0
        },
        "model": {
            "arch_type": "tabrmv3",
            "sample_rate": 0.5998184501805676,
            "k": 4,
            "backbone": {
                "embed_type": "tabr",
                "ensemble_type": "shared-resnet",
                "context_shuffle": false,
                "context_size": 256,
                "encoder_n_blocks": 0,
                "n_blocks": 1,
                "d_block": 992,
                "dropout": 0.10584402393188508
            },
            "num_embeddings": {
                "type": "PeriodicEmbeddings",
                "n_frequencies": 32,
                "d_embedding": 32,
                "frequency_init_scale": 0.14151213928152573,
                "lite": false
            }
        }
    },
    "n_parameters": 4290696,
    "prediction_type": "probs",
    "epoch_size": 37,
    "best_step": 1184,
    "metrics": {
        "train": {
            "0": {
                "precision": 0.8478862109838009,
                "recall": 0.9184677937085384,
                "f1-score": 0.8817668207498717,
                "support": 4673.0
            },
            "1": {
                "precision": 0.9114159497791211,
                "recall": 0.835820895522388,
                "f1-score": 0.8719830942053163,
                "support": 4690.0
            },
            "accuracy": 0.8770693153903664,
            "macro avg": {
                "precision": 0.879651080381461,
                "recall": 0.8771443446154632,
                "f1-score": 0.876874957477594,
                "support": 9363.0
            },
            "weighted avg": {
                "precision": 0.8797087545008416,
                "recall": 0.8770693153903664,
                "f1-score": 0.8768660755299672,
                "support": 9363.0
            },
            "cross-entropy": 0.291709049005861,
            "roc-auc": 0.9458448410936665,
            "score": 0.8770693153903664
        },
        "val": {
            "0": {
                "precision": 0.852760736196319,
                "recall": 0.8924558587479936,
                "f1-score": 0.8721568627450981,
                "support": 623.0
            },
            "1": {
                "precision": 0.8784029038112523,
                "recall": 0.8344827586206897,
                "f1-score": 0.8558797524314765,
                "support": 580.0
            },
            "accuracy": 0.8645054031587698,
            "macro avg": {
                "precision": 0.8655818200037857,
                "recall": 0.8634693086843417,
                "f1-score": 0.8640183075882872,
                "support": 1203.0
            },
            "weighted avg": {
                "precision": 0.8651235435252145,
                "recall": 0.8645054031587698,
                "f1-score": 0.8643092118873255,
                "support": 1203.0
            },
            "cross-entropy": 0.3366343790797939,
            "roc-auc": 0.9278906293241821,
            "score": 0.8645054031587698
        },
        "test": {
            "0": {
                "precision": 0.827653997378768,
                "recall": 0.9073275862068966,
                "f1-score": 0.8656614119259767,
                "support": 1392.0
            },
            "1": {
                "precision": 0.8995327102803738,
                "recall": 0.814527503526093,
                "f1-score": 0.8549222797927462,
                "support": 1418.0
            },
            "accuracy": 0.8604982206405694,
            "macro avg": {
                "precision": 0.8635933538295709,
                "recall": 0.8609275448664948,
                "f1-score": 0.8602918458593614,
                "support": 2810.0
            },
            "weighted avg": {
                "precision": 0.8639258888002901,
                "recall": 0.8604982206405694,
                "f1-score": 0.8602421630416632,
                "support": 2810.0
            },
            "cross-entropy": 0.318721649273568,
            "roc-auc": 0.9356265097352594,
            "score": 0.8604982206405694
        }
    },
    "time": "0:00:55.411308",
    "chunk_size": null,
    "eval_batch_size": 32768
}