{
    "function": "bin.model.main",
    "gpus": [
        "NVIDIA GeForce RTX 4090"
    ],
    "config": {
        "seed": 5,
        "batch_size": 64,
        "patience": 16,
        "n_epochs": -1,
        "amp": true,
        "data": {
            "cache": true,
            "path": "data/classif-cat-medium-0-KDDCup09_upselling",
            "num_policy": "noisy-quantile",
            "cat_policy": "ordinal"
        },
        "optimizer": {
            "type": "AdamW",
            "lr": 4.3793621635178336e-05,
            "weight_decay": 8.037749254288664e-06
        },
        "model": {
            "arch_type": "tabr-pln",
            "k": 32,
            "context_size": 96,
            "d_main": 204,
            "context_dropout": 0.28096988248203103,
            "d_multiplier": 2.0,
            "encoder_n_blocks": 1,
            "predictor_n_blocks": 1,
            "mixer_normalization": "auto",
            "dropout0": 0.46151971936516745,
            "dropout1": 0.0,
            "normalization": "LayerNorm",
            "activation": "ReLU",
            "num_embeddings": {
                "type": "PeriodicEmbeddings",
                "n_frequencies": 87,
                "frequency_init_scale": 1.3893697054068375,
                "d_embedding": 36,
                "lite": true
            }
        }
    },
    "n_parameters": 830360,
    "prediction_type": "probs",
    "epoch_size": 57,
    "best_step": 228,
    "metrics": {
        "train": {
            "0": {
                "precision": 0.7641901245962159,
                "recall": 0.9169435215946844,
                "f1-score": 0.8336269821293733,
                "support": 1806.0
            },
            "1": {
                "precision": 0.8945147679324894,
                "recall": 0.7134043746494672,
                "f1-score": 0.7937597503900156,
                "support": 1783.0
            },
            "accuracy": 0.8158261354137643,
            "macro avg": {
                "precision": 0.8293524462643527,
                "recall": 0.8151739481220758,
                "f1-score": 0.8136933662596944,
                "support": 3589.0
            },
            "weighted avg": {
                "precision": 0.8289348554595694,
                "recall": 0.8158261354137643,
                "f1-score": 0.8138211102454851,
                "support": 3589.0
            },
            "cross-entropy": 0.37372853282293106,
            "roc-auc": 0.9179410067643904,
            "score": 0.8158261354137643
        },
        "val": {
            "0": {
                "precision": 0.7449392712550608,
                "recall": 0.8846153846153846,
                "f1-score": 0.8087912087912088,
                "support": 208.0
            },
            "1": {
                "precision": 0.8867924528301887,
                "recall": 0.749003984063745,
                "f1-score": 0.8120950323974082,
                "support": 251.0
            },
            "accuracy": 0.8104575163398693,
            "macro avg": {
                "precision": 0.8158658620426247,
                "recall": 0.8168096843395648,
                "f1-score": 0.8104431205943086,
                "support": 459.0
            },
            "weighted avg": {
                "precision": 0.8225104010488671,
                "recall": 0.8104575163398693,
                "f1-score": 0.810597874859087,
                "support": 459.0
            },
            "cross-entropy": 0.39164293418404456,
            "roc-auc": 0.9038461538461537,
            "score": 0.8104575163398693
        },
        "test": {
            "0": {
                "precision": 0.7461059190031153,
                "recall": 0.8740875912408759,
                "f1-score": 0.8050420168067227,
                "support": 548.0
            },
            "1": {
                "precision": 0.8410138248847926,
                "recall": 0.6912878787878788,
                "f1-score": 0.7588357588357588,
                "support": 528.0
            },
            "accuracy": 0.7843866171003717,
            "macro avg": {
                "precision": 0.7935598719439539,
                "recall": 0.7826877350143773,
                "f1-score": 0.7819388878212408,
                "support": 1076.0
            },
            "weighted avg": {
                "precision": 0.7926778282089941,
                "recall": 0.7843866171003717,
                "f1-score": 0.7823683140105621,
                "support": 1076.0
            },
            "cross-entropy": 0.43882862497021025,
            "roc-auc": 0.8757499723512496,
            "score": 0.7843866171003717
        }
    },
    "time": "0:00:23.231707",
    "chunk_size": null,
    "eval_batch_size": 32768
}