Dataset,mean,std
adult,0.8638126241221874,0.001749539214071679
black-friday,-0.6906071767645148,0.0009290394775324073
california,-0.4681699545404791,0.005402696312278838
covtype2,0.9676600432002616,0.0009050301093238928
diamond,-0.1339928716103685,0.0006821786463829274
higgs-small,0.7225429202787693,0.0015960821437769764
house,-32412.097381282958,500.6725614793301
otto,0.803689937513467,0.0031482795987761237
