{
    "function": "bin.qtab.main",
    "gpus": [
        "NVIDIA GeForce RTX 4090"
    ],
    "config": {
        "seed": 13,
        "batch_size": 256,
        "patience": 16,
        "n_epochs": -1,
        "amp": true,
        "data": {
            "cache": true,
            "path": "data/churn",
            "num_policy": "noisy-quantile",
            "cat_policy": "ordinal"
        },
        "optimizer": {
            "type": "AdamW",
            "lr": 0.0006649446497860844,
            "weight_decay": 1.2377028459083315e-06
        },
        "model": {
            "distance_metric": "cossim",
            "encoder_n_blocks": 1,
            "temperature": 0.01,
            "momentum": 0.999,
            "queue_ratio": 64,
            "d_main": 128,
            "d_multiplier": 2.0,
            "mixer_normalization": "auto",
            "dropout0": 0.5042073540554298,
            "dropout1": 0.0,
            "normalization": "LayerNorm",
            "activation": "ReLU",
            "num_embeddings": {
                "type": "PeriodicEmbeddings",
                "n_frequencies": 38,
                "frequency_init_scale": 0.07137487233148293,
                "d_embedding": 39,
                "lite": true
            }
        }
    },
    "n_parameters": 105669,
    "prediction_type": "probs",
    "epoch_size": 25,
    "best_step": 1100,
    "metrics": {
        "train": {
            "0": {
                "precision": 0.877292965271594,
                "recall": 0.966640502354788,
                "f1-score": 0.9198020726356083,
                "support": 5096.0
            },
            "1": {
                "precision": 0.7834394904458599,
                "recall": 0.47162576687116564,
                "f1-score": 0.5887984681665869,
                "support": 1304.0
            },
            "accuracy": 0.86578125,
            "macro avg": {
                "precision": 0.8303662278587269,
                "recall": 0.7191331346129768,
                "f1-score": 0.7543002704010976,
                "support": 6400.0
            },
            "weighted avg": {
                "precision": 0.8581703197758506,
                "recall": 0.86578125,
                "f1-score": 0.8523600882250452,
                "support": 6400.0
            },
            "cross-entropy": 0.3250981274356262,
            "roc-auc": 0.8756165367279521,
            "score": 0.86578125
        },
        "val": {
            "0": {
                "precision": 0.8781006378454996,
                "recall": 0.9725274725274725,
                "f1-score": 0.9229050279329609,
                "support": 1274.0
            },
            "1": {
                "precision": 0.8148148148148148,
                "recall": 0.4723926380368098,
                "f1-score": 0.5980582524271844,
                "support": 326.0
            },
            "accuracy": 0.870625,
            "macro avg": {
                "precision": 0.8464577263301571,
                "recall": 0.7224600552821412,
                "f1-score": 0.7604816401800727,
                "support": 1600.0
            },
            "weighted avg": {
                "precision": 0.8652061514029975,
                "recall": 0.870625,
                "f1-score": 0.856717497423659,
                "support": 1600.0
            },
            "cross-entropy": 0.3396399112369646,
            "roc-auc": 0.860844786239177,
            "score": 0.870625
        },
        "test": {
            "0": {
                "precision": 0.8697361033127456,
                "recall": 0.9723791588198368,
                "f1-score": 0.9181979845880262,
                "support": 1593.0
            },
            "1": {
                "precision": 0.7990867579908676,
                "recall": 0.42997542997543,
                "f1-score": 0.5591054313099042,
                "support": 407.0
            },
            "accuracy": 0.862,
            "macro avg": {
                "precision": 0.8344114306518067,
                "recall": 0.7011772943976334,
                "f1-score": 0.7386517079489652,
                "support": 2000.0
            },
            "weighted avg": {
                "precision": 0.8553589615397436,
                "recall": 0.862,
                "f1-score": 0.8451226499959283,
                "support": 2000.0
            },
            "cross-entropy": 0.3483173198943605,
            "roc-auc": 0.8535168450422688,
            "score": 0.862
        }
    },
    "time": "0:00:20.247893",
    "chunk_size": null,
    "eval_batch_size": 32768
}