{
    "function": "bin.model.main",
    "gpus": [
        "NVIDIA GeForce RTX 4090"
    ],
    "config": {
        "seed": 2,
        "batch_size": 512,
        "patience": 16,
        "n_epochs": -1,
        "amp": true,
        "data": {
            "cache": true,
            "path": "data/regression-num-medium-0-medical_charges",
            "num_policy": "noisy-quantile"
        },
        "optimizer": {
            "type": "AdamW",
            "lr": 0.000436443060215516,
            "weight_decay": 0.0
        },
        "model": {
            "arch_type": "tabr-pln",
            "k": 32,
            "context_size": 96,
            "d_main": 170,
            "context_dropout": 0.3400878482637555,
            "d_multiplier": 2.0,
            "encoder_n_blocks": 0,
            "predictor_n_blocks": 1,
            "mixer_normalization": "auto",
            "dropout0": 0.21299303220567928,
            "dropout1": 0.0,
            "normalization": "LayerNorm",
            "activation": "ReLU",
            "num_embeddings": {
                "type": "PeriodicEmbeddings",
                "n_frequencies": 88,
                "frequency_init_scale": 0.013832160039299596,
                "d_embedding": 63,
                "lite": true
            }
        }
    },
    "n_parameters": 316566,
    "prediction_type": "labels",
    "epoch_size": 20,
    "best_step": 760,
    "metrics": {
        "train": {
            "rmse": 0.0792641323121251,
            "mae": 0.05000903829932213,
            "r2": 0.9799403663973589,
            "score": -0.0792641323121251
        },
        "val": {
            "rmse": 0.08163974067902627,
            "mae": 0.0502471849322319,
            "r2": 0.9792428831161137,
            "score": -0.08163974067902627
        },
        "test": {
            "rmse": 0.08098441547769619,
            "mae": 0.04991615191102028,
            "r2": 0.979623757768137,
            "score": -0.08098441547769619
        }
    },
    "time": "0:00:28.543379",
    "chunk_size": null,
    "eval_batch_size": 32768
}