{
    "function": "bin.model.main",
    "gpus": [
        "NVIDIA GeForce RTX 4090"
    ],
    "config": {
        "seed": 6,
        "batch_size": 256,
        "patience": 16,
        "n_epochs": -1,
        "gradient_clipping_norm": 1.0,
        "amp": true,
        "data": {
            "cache": true,
            "path": "data/classif-num-medium-0-credit",
            "num_policy": "noisy-quantile"
        },
        "optimizer": {
            "type": "AdamW",
            "lr": 0.00027489533137238124,
            "weight_decay": 0.0
        },
        "model": {
            "arch_type": "tabm-mini",
            "k": 32,
            "share_training_batches": false,
            "backbone": {
                "type": "MLP",
                "n_blocks": 3,
                "d_block": 592,
                "dropout": 0.0
            },
            "num_embeddings": {
                "type": "PiecewiseLinearEmbeddingsV2",
                "d_embedding": 32
            }
        },
        "bins": {
            "n_bins": 2
        }
    },
    "n_parameters": 941296,
    "prediction_type": "probs",
    "epoch_size": 40,
    "best_step": 1680,
    "metrics": {
        "train": {
            "0": {
                "precision": 0.7752744078567302,
                "recall": 0.8000794912559619,
                "f1-score": 0.7874816625916871,
                "support": 5032.0
            },
            "1": {
                "precision": 0.7907218639484086,
                "recall": 0.7650966183574879,
                "f1-score": 0.77769820971867,
                "support": 4968.0
            },
            "accuracy": 0.7827,
            "macro avg": {
                "precision": 0.7829981359025694,
                "recall": 0.7825880548067249,
                "f1-score": 0.7825899361551785,
                "support": 10000.0
            },
            "weighted avg": {
                "precision": 0.782948704043076,
                "recall": 0.7827,
                "f1-score": 0.7826212432043721,
                "support": 10000.0
            },
            "cross-entropy": 0.46406989538751825,
            "roc-auc": 0.8613536210443179,
            "score": 0.7827
        },
        "val": {
            "0": {
                "precision": 0.7754114230396902,
                "recall": 0.8074596774193549,
                "f1-score": 0.7911111111111112,
                "support": 992.0
            },
            "1": {
                "precision": 0.8053007135575942,
                "recall": 0.7729941291585127,
                "f1-score": 0.7888167748377434,
                "support": 1022.0
            },
            "accuracy": 0.7899702085402185,
            "macro avg": {
                "precision": 0.7903560682986422,
                "recall": 0.7902269032889337,
                "f1-score": 0.7899639429744273,
                "support": 2014.0
            },
            "weighted avg": {
                "precision": 0.790578679697733,
                "recall": 0.7899702085402185,
                "f1-score": 0.789946855067724,
                "support": 2014.0
            },
            "cross-entropy": 0.4618738497625158,
            "roc-auc": 0.8633682966668771,
            "score": 0.7899702085402185
        },
        "test": {
            "0": {
                "precision": 0.7572537801389456,
                "recall": 0.7942563223317617,
                "f1-score": 0.7753138075313807,
                "support": 2333.0
            },
            "1": {
                "precision": 0.7869507323568575,
                "recall": 0.7490494296577946,
                "f1-score": 0.7675324675324675,
                "support": 2367.0
            },
            "accuracy": 0.7714893617021277,
            "macro avg": {
                "precision": 0.7721022562479016,
                "recall": 0.7716528759947782,
                "f1-score": 0.771423137531924,
                "support": 4700.0
            },
            "weighted avg": {
                "precision": 0.7722096707559238,
                "recall": 0.7714893617021277,
                "f1-score": 0.7713949922595875,
                "support": 4700.0
            },
            "cross-entropy": 0.48276266162794335,
            "roc-auc": 0.8500500071438778,
            "score": 0.7714893617021277
        }
    },
    "time": "0:00:23.328389",
    "chunk_size": null,
    "eval_batch_size": 32768,
    "heads": [
        19
    ],
    "head_selection_time": "0:00:00.209654"
}