{
    "function": "bin.model.main",
    "gpus": [
        "NVIDIA GeForce RTX 4090"
    ],
    "config": {
        "seed": 8,
        "batch_size": 256,
        "patience": 16,
        "n_epochs": -1,
        "gradient_clipping_norm": 1.0,
        "amp": true,
        "data": {
            "cache": true,
            "path": "data/house",
            "num_policy": "noisy-quantile"
        },
        "optimizer": {
            "type": "AdamW",
            "lr": 0.0010392934583895697,
            "weight_decay": 0.0011395800582466498
        },
        "model": {
            "arch_type": "tabrmv2",
            "sample_rate": 0.06603444399539124,
            "k": 128,
            "backbone": {
                "n_blocks": 1,
                "d_block": 400,
                "dropout": 0.468588621669608
            },
            "num_embeddings": {
                "type": "PiecewiseLinearEmbeddingsV2",
                "d_embedding": 12
            }
        },
        "bins": {
            "n_bins": 2
        }
    },
    "n_parameters": 1449904,
    "prediction_type": "labels",
    "epoch_size": 57,
    "best_step": 1938,
    "metrics": {
        "train": {
            "rmse": 28036.527031713467,
            "mae": 15169.001953125,
            "r2": 0.7105365130854868,
            "score": -28036.527031713467
        },
        "val": {
            "rmse": 30432.911658268913,
            "mae": 16203.1591796875,
            "r2": 0.6892053187512666,
            "score": -30432.911658268913
        },
        "test": {
            "rmse": 32437.616681871066,
            "mae": 16668.09375,
            "r2": 0.6355267302684326,
            "score": -32437.616681871066
        }
    },
    "time": "0:00:59.174837",
    "chunk_size": null,
    "eval_batch_size": 32768
}