{
    "function": "bin.model.main",
    "gpus": [
        "NVIDIA GeForce RTX 4090"
    ],
    "config": {
        "seed": 13,
        "batch_size": 256,
        "patience": 16,
        "n_epochs": -1,
        "gradient_clipping_norm": 1.0,
        "amp": true,
        "data": {
            "cache": true,
            "path": "data/adult",
            "num_policy": "noisy-quantile",
            "cat_policy": "ordinal"
        },
        "optimizer": {
            "type": "AdamW",
            "lr": 0.0025216687039185774,
            "weight_decay": 0.0
        },
        "model": {
            "arch_type": "taba",
            "k": 32,
            "share_training_batches": false,
            "backbone": {
                "type": "MLP",
                "n_blocks": 4,
                "d_block": 432,
                "dropout": 0.1724318487499808
            },
            "num_embeddings": {
                "type": "PiecewiseLinearEmbeddingsV2",
                "d_embedding": 28
            }
        },
        "bins": {
            "n_bins": 90
        }
    },
    "n_parameters": 265048,
    "prediction_type": "probs",
    "epoch_size": 102,
    "best_step": 2550,
    "metrics": {
        "train": {
            "0": {
                "precision": 0.8958362804734286,
                "recall": 0.9607079646017699,
                "f1-score": 0.9271387438387585,
                "support": 19775.0
            },
            "1": {
                "precision": 0.8394959719066308,
                "recall": 0.6478558903236091,
                "f1-score": 0.7313298542378981,
                "support": 6273.0
            },
            "accuracy": 0.8853654791154791,
            "macro avg": {
                "precision": 0.8676661261900297,
                "recall": 0.8042819274626896,
                "f1-score": 0.8292342990383283,
                "support": 26048.0
            },
            "weighted avg": {
                "precision": 0.8822681464270711,
                "recall": 0.8853654791154791,
                "f1-score": 0.8799831401660698,
                "support": 26048.0
            },
            "cross-entropy": 0.2539248980418404,
            "roc-auc": 0.94425005285228,
            "score": 0.8853654791154791
        },
        "val": {
            "0": {
                "precision": 0.8852026390197927,
                "recall": 0.9496461071789687,
                "f1-score": 0.9162926829268293,
                "support": 4945.0
            },
            "1": {
                "precision": 0.7938741721854304,
                "recall": 0.6116071428571429,
                "f1-score": 0.6909221902017292,
                "support": 1568.0
            },
            "accuracy": 0.8682634730538922,
            "macro avg": {
                "precision": 0.8395384056026116,
                "recall": 0.7806266250180558,
                "f1-score": 0.8036074365642792,
                "support": 6513.0
            },
            "weighted avg": {
                "precision": 0.8632153772362398,
                "recall": 0.8682634730538922,
                "f1-score": 0.8620349011683528,
                "support": 6513.0
            },
            "cross-entropy": 0.28559475546231416,
            "roc-auc": 0.9246689348135614,
            "score": 0.8682634730538922
        },
        "test": {
            "0": {
                "precision": 0.8877105896510229,
                "recall": 0.9491757137112987,
                "f1-score": 0.9174147914966382,
                "support": 12435.0
            },
            "1": {
                "precision": 0.7882747068676716,
                "recall": 0.6118044721788871,
                "f1-score": 0.6889181671790366,
                "support": 3846.0
            },
            "accuracy": 0.8694797616854002,
            "macro avg": {
                "precision": 0.8379926482593473,
                "recall": 0.7804900929450929,
                "f1-score": 0.8031664793378375,
                "support": 16281.0
            },
            "weighted avg": {
                "precision": 0.8642212213576276,
                "recall": 0.8694797616854002,
                "f1-score": 0.8634378848492889,
                "support": 16281.0
            },
            "cross-entropy": 0.28783582011724257,
            "roc-auc": 0.9217741094042637,
            "score": 0.8694797616854002
        }
    },
    "time": "0:00:42.036099",
    "chunk_size": null,
    "eval_batch_size": 32768
}