{
    "function": "bin.model.main",
    "gpus": [
        "NVIDIA GeForce RTX 4090"
    ],
    "config": {
        "seed": 11,
        "batch_size": 256,
        "patience": 16,
        "n_epochs": -1,
        "amp": true,
        "data": {
            "cache": true,
            "path": "data/regression-num-medium-0-pol",
            "num_policy": "noisy-quantile"
        },
        "optimizer": {
            "type": "AdamW",
            "lr": 0.0008839602281977979,
            "weight_decay": 2.619705855619081e-05
        },
        "model": {
            "arch_type": "tabr-pln",
            "k": 32,
            "context_size": 96,
            "d_main": 52,
            "context_dropout": 0.2112924556219214,
            "d_multiplier": 2.0,
            "encoder_n_blocks": 1,
            "predictor_n_blocks": 1,
            "mixer_normalization": "auto",
            "dropout0": 0.0,
            "dropout1": 0.0,
            "normalization": "LayerNorm",
            "activation": "ReLU",
            "num_embeddings": {
                "type": "PeriodicEmbeddings",
                "n_frequencies": 87,
                "frequency_init_scale": 0.26830377566994584,
                "d_embedding": 43,
                "lite": true
            }
        }
    },
    "n_parameters": 107288,
    "prediction_type": "labels",
    "epoch_size": 40,
    "best_step": 1680,
    "metrics": {
        "train": {
            "rmse": 1.7744030445619678,
            "mae": 0.8797404170036316,
            "r2": 0.9981712857142299,
            "score": -1.7744030445619678
        },
        "val": {
            "rmse": 2.5708280933229863,
            "mae": 1.1519360542297363,
            "r2": 0.9962906837729734,
            "score": -2.5708280933229863
        },
        "test": {
            "rmse": 2.848253812741996,
            "mae": 1.1810370683670044,
            "r2": 0.9954346011713356,
            "score": -2.848253812741996
        }
    },
    "time": "0:00:38.753355",
    "chunk_size": null,
    "eval_batch_size": 32768
}