{
    "function": "bin.model.main",
    "gpus": [
        "NVIDIA GeForce RTX 4090"
    ],
    "config": {
        "seed": 1,
        "batch_size": 512,
        "patience": 16,
        "n_epochs": -1,
        "amp": true,
        "data": {
            "cache": true,
            "path": "data/regression-num-medium-0-medical_charges",
            "num_policy": "noisy-quantile"
        },
        "optimizer": {
            "type": "AdamW",
            "lr": 0.0004946953941348549,
            "weight_decay": 1.937009325095422e-05
        },
        "model": {
            "arch_type": "tabr-pln",
            "k": 32,
            "context_size": 96,
            "d_main": 173,
            "context_dropout": 0.20054765031825472,
            "d_multiplier": 2.0,
            "encoder_n_blocks": 1,
            "predictor_n_blocks": 2,
            "mixer_normalization": "auto",
            "dropout0": 0.5460424665217717,
            "dropout1": 0.0,
            "normalization": "LayerNorm",
            "activation": "ReLU",
            "num_embeddings": {
                "type": "PeriodicEmbeddings",
                "n_frequencies": 28,
                "frequency_init_scale": 0.015705428504324694,
                "d_embedding": 57,
                "lite": true
            }
        }
    },
    "n_parameters": 567314,
    "prediction_type": "labels",
    "epoch_size": 20,
    "best_step": 720,
    "metrics": {
        "train": {
            "rmse": 0.08053506183669615,
            "mae": 0.051381926983594894,
            "r2": 0.9792919308074559,
            "score": -0.08053506183669615
        },
        "val": {
            "rmse": 0.08293894266905481,
            "mae": 0.05163752660155296,
            "r2": 0.9785769741155435,
            "score": -0.08293894266905481
        },
        "test": {
            "rmse": 0.08224656593406436,
            "mae": 0.05136534199118614,
            "r2": 0.9789836775459282,
            "score": -0.08224656593406436
        }
    },
    "time": "0:00:37.750549",
    "chunk_size": null,
    "eval_batch_size": 32768
}