{
    "function": "bin.qtab.main",
    "gpus": [
        "NVIDIA GeForce RTX 4090"
    ],
    "config": {
        "seed": 5,
        "batch_size": 512,
        "patience": 16,
        "n_epochs": -1,
        "amp": true,
        "data": {
            "cache": true,
            "path": "data/regression-num-medium-0-medical_charges",
            "num_policy": "noisy-quantile"
        },
        "optimizer": {
            "type": "AdamW",
            "lr": 0.00035899378006881217,
            "weight_decay": 0.0
        },
        "model": {
            "encoder_n_blocks": 1,
            "temperature": 0.01,
            "momentum": 0.999,
            "queue_ratio": 64,
            "d_main": 256,
            "d_multiplier": 2.0,
            "mixer_normalization": "auto",
            "dropout0": 0.0,
            "dropout1": 0.0,
            "normalization": "LayerNorm",
            "activation": "ReLU",
            "num_embeddings": {
                "type": "PeriodicEmbeddings",
                "n_frequencies": 68,
                "frequency_init_scale": 0.3290633408977771,
                "d_embedding": 34,
                "lite": true
            }
        }
    },
    "n_parameters": 294654,
    "prediction_type": "labels",
    "epoch_size": 20,
    "best_step": 2440,
    "metrics": {
        "train": {
            "rmse": 0.08816228051385448,
            "mae": 0.05664793774485588,
            "r2": 0.9751838057329365,
            "score": -0.08816228051385448
        },
        "val": {
            "rmse": 0.09102646186066489,
            "mae": 0.058209922164678574,
            "r2": 0.9741952772664599,
            "score": -0.09102646186066489
        },
        "test": {
            "rmse": 0.09072653738534105,
            "mae": 0.057905521243810654,
            "r2": 0.9744265173647781,
            "score": -0.09072653738534105
        }
    },
    "time": "0:00:35.603690",
    "chunk_size": null,
    "eval_batch_size": 32768
}