{
    "function": "bin.model.main",
    "gpus": [
        "NVIDIA GeForce RTX 4090"
    ],
    "config": {
        "seed": 3,
        "batch_size": 512,
        "patience": 16,
        "n_epochs": -1,
        "gradient_clipping_norm": 1.0,
        "amp": true,
        "data": {
            "cache": true,
            "path": "data/regression-num-medium-0-medical_charges",
            "num_policy": "noisy-quantile"
        },
        "optimizer": {
            "type": "AdamW",
            "lr": 0.0004435674347738084,
            "weight_decay": 0.0
        },
        "model": {
            "arch_type": "tabrmv3",
            "sample_rate": 0.537567938467842,
            "k": 8,
            "backbone": {
                "embed_type": "tabr",
                "ensemble_type": "mini-resnet",
                "context_shuffle": false,
                "context_size": 256,
                "encoder_n_blocks": 0,
                "n_blocks": 2,
                "d_block": 288,
                "dropout": 0.0
            },
            "num_embeddings": {
                "type": "PeriodicEmbeddings",
                "n_frequencies": 96,
                "d_embedding": 32,
                "frequency_init_scale": 0.18115232191901937,
                "lite": false
            }
        }
    },
    "n_parameters": 552200,
    "prediction_type": "labels",
    "epoch_size": 20,
    "best_step": 240,
    "metrics": {
        "train": {
            "rmse": 0.0810577753926575,
            "mae": 0.05132436379790306,
            "r2": 0.9790222489294566,
            "score": -0.0810577753926575
        },
        "val": {
            "rmse": 0.0831008866164198,
            "mae": 0.051547519862651825,
            "r2": 0.9784932306880866,
            "score": -0.0831008866164198
        },
        "test": {
            "rmse": 0.0822966007773468,
            "mae": 0.05106695368885994,
            "r2": 0.9789580989662818,
            "score": -0.0822966007773468
        }
    },
    "time": "0:00:27.823438",
    "chunk_size": null,
    "eval_batch_size": 16384
}