{
    "function": "bin.model.main",
    "gpus": [
        "NVIDIA GeForce RTX 4090"
    ],
    "config": {
        "seed": 0,
        "batch_size": 256,
        "patience": 16,
        "n_epochs": -1,
        "gradient_clipping_norm": 1.0,
        "amp": true,
        "data": {
            "cache": true,
            "path": "data/classif-num-medium-0-bank-marketing",
            "num_policy": "noisy-quantile"
        },
        "optimizer": {
            "type": "AdamW",
            "lr": 0.0009257676078558769,
            "weight_decay": 0.0
        },
        "model": {
            "p": 4,
            "arch_type": "tabm-rankp",
            "k": 32,
            "share_training_batches": false,
            "backbone": {
                "type": "MLP",
                "n_blocks": 2,
                "d_block": 320,
                "dropout": 0.0
            },
            "num_embeddings": {
                "type": "PiecewiseLinearEmbeddingsV2",
                "d_embedding": 28
            }
        },
        "bins": {
            "n_bins": 55
        }
    },
    "n_parameters": 236960,
    "prediction_type": "probs",
    "epoch_size": 29,
    "best_step": 319,
    "metrics": {
        "train": {
            "0": {
                "precision": 0.8307075336579777,
                "recall": 0.7770632368703109,
                "f1-score": 0.8029904471826111,
                "support": 3732.0
            },
            "1": {
                "precision": 0.7873754152823921,
                "recall": 0.8390522875816994,
                "f1-score": 0.8123928806855637,
                "support": 3672.0
            },
            "accuracy": 0.8078065910318747,
            "macro avg": {
                "precision": 0.8090414744701848,
                "recall": 0.8080577622260051,
                "f1-score": 0.8076916639340874,
                "support": 7404.0
            },
            "weighted avg": {
                "precision": 0.8092170503144944,
                "recall": 0.8078065910318747,
                "f1-score": 0.8076535665536054,
                "support": 7404.0
            },
            "cross-entropy": 0.42697599674103026,
            "roc-auc": 0.8848491276646422,
            "score": 0.8078065910318747
        },
        "val": {
            "0": {
                "precision": 0.8599033816425121,
                "recall": 0.7807017543859649,
                "f1-score": 0.8183908045977012,
                "support": 456.0
            },
            "1": {
                "precision": 0.8141263940520446,
                "recall": 0.8830645161290323,
                "f1-score": 0.8471953578336557,
                "support": 496.0
            },
            "accuracy": 0.8340336134453782,
            "macro avg": {
                "precision": 0.8370148878472783,
                "recall": 0.8318831352574986,
                "f1-score": 0.8327930812156785,
                "support": 952.0
            },
            "weighted avg": {
                "precision": 0.8360531864273104,
                "recall": 0.8340336134453782,
                "f1-score": 0.8333982188887028,
                "support": 952.0
            },
            "cross-entropy": 0.4189219436438883,
            "roc-auc": 0.8851513865308432,
            "score": 0.8340336134453782
        },
        "test": {
            "0": {
                "precision": 0.8091603053435115,
                "recall": 0.7702089009990918,
                "f1-score": 0.7892042810609586,
                "support": 1101.0
            },
            "1": {
                "precision": 0.7844974446337308,
                "recall": 0.8215878679750223,
                "f1-score": 0.8026143790849672,
                "support": 1121.0
            },
            "accuracy": 0.7961296129612961,
            "macro avg": {
                "precision": 0.7968288749886212,
                "recall": 0.7958983844870571,
                "f1-score": 0.7959093300729629,
                "support": 2222.0
            },
            "weighted avg": {
                "precision": 0.7967178810160298,
                "recall": 0.7961296129612961,
                "f1-score": 0.7959696815492185,
                "support": 2222.0
            },
            "cross-entropy": 0.438144598054592,
            "roc-auc": 0.87824992444627,
            "score": 0.7961296129612961
        }
    },
    "time": "0:00:09.282615",
    "chunk_size": null,
    "eval_batch_size": 32768,
    "heads": [
        2
    ],
    "head_selection_time": "0:00:00.194209"
}