{
    "function": "bin.model.main",
    "gpus": [
        "NVIDIA GeForce RTX 4090"
    ],
    "config": {
        "seed": 2,
        "batch_size": 128,
        "patience": 16,
        "n_epochs": -1,
        "gradient_clipping_norm": 1.0,
        "amp": true,
        "data": {
            "cache": true,
            "path": "data/regression-num-medium-2-wine_quality",
            "num_policy": "noisy-quantile"
        },
        "optimizer": {
            "type": "AdamW",
            "lr": 0.0019243900591318214,
            "weight_decay": 0.0
        },
        "model": {
            "arch_type": "tabm-mini",
            "k": 32,
            "share_training_batches": false,
            "backbone": {
                "type": "MLP",
                "n_blocks": 4,
                "d_block": 816,
                "dropout": 0.054641927186140825
            },
            "num_embeddings": {
                "type": "PiecewiseLinearEmbeddingsV2",
                "d_embedding": 12
            }
        },
        "bins": {
            "n_bins": 34
        }
    },
    "n_parameters": 2143532,
    "prediction_type": "labels",
    "epoch_size": 36,
    "best_step": 2340,
    "metrics": {
        "train": {
            "rmse": 0.038280147784772386,
            "mae": 0.028079843148589134,
            "r2": 0.9980981010945179,
            "score": -0.038280147784772386
        },
        "val": {
            "rmse": 0.5723504013437354,
            "mae": 0.3862966299057007,
            "r2": 0.5613353364551298,
            "score": -0.5723504013437354
        },
        "test": {
            "rmse": 0.6370496299698865,
            "mae": 0.4220336377620697,
            "r2": 0.4517965247178066,
            "score": -0.6370496299698865
        }
    },
    "time": "0:00:31.980182",
    "chunk_size": null,
    "eval_batch_size": 32768,
    "heads": [
        20,
        26,
        11,
        0,
        10,
        18,
        16,
        1,
        26,
        11,
        27,
        30,
        0
    ],
    "head_selection_time": "0:00:00.270981"
}