{
    "function": "bin.model.main",
    "gpus": [
        "NVIDIA GeForce RTX 4090"
    ],
    "config": {
        "seed": 12,
        "batch_size": 32,
        "patience": 16,
        "n_epochs": -1,
        "amp": true,
        "data": {
            "cache": true,
            "path": "data/classif-num-medium-4-phoneme",
            "num_policy": "noisy-quantile"
        },
        "optimizer": {
            "type": "AdamW",
            "lr": 0.0003955287778272277,
            "weight_decay": 0.0
        },
        "model": {
            "arch_type": "tabr-pln",
            "k": 32,
            "context_size": 96,
            "d_main": 313,
            "context_dropout": 0.0,
            "d_multiplier": 2.0,
            "encoder_n_blocks": 1,
            "predictor_n_blocks": 1,
            "mixer_normalization": "auto",
            "dropout0": 0.19518520064058334,
            "dropout1": 0.0,
            "normalization": "LayerNorm",
            "activation": "ReLU",
            "num_embeddings": {
                "type": "PeriodicEmbeddings",
                "n_frequencies": 72,
                "frequency_init_scale": 0.4095176250871034,
                "d_embedding": 27,
                "lite": true
            }
        }
    },
    "n_parameters": 1345795,
    "prediction_type": "probs",
    "epoch_size": 70,
    "best_step": 770,
    "metrics": {
        "train": {
            "0": {
                "precision": 0.9391143911439115,
                "recall": 0.9179440937781785,
                "f1-score": 0.9284085727314183,
                "support": 1109.0
            },
            "1": {
                "precision": 0.9198943661971831,
                "recall": 0.9405940594059405,
                "f1-score": 0.9301290609701826,
                "support": 1111.0
            },
            "accuracy": 0.9292792792792792,
            "macro avg": {
                "precision": 0.9295043786705472,
                "recall": 0.9292690765920595,
                "f1-score": 0.9292688168508004,
                "support": 2220.0
            },
            "weighted avg": {
                "precision": 0.9294957210016525,
                "recall": 0.9292792792792792,
                "f1-score": 0.9292695918455025,
                "support": 2220.0
            },
            "cross-entropy": 0.15952470045664058,
            "roc-auc": 0.9843973576798617,
            "score": 0.9292792792792792
        },
        "val": {
            "0": {
                "precision": 0.9379310344827586,
                "recall": 0.912751677852349,
                "f1-score": 0.9251700680272109,
                "support": 149.0
            },
            "1": {
                "precision": 0.9071428571428571,
                "recall": 0.9338235294117647,
                "f1-score": 0.9202898550724637,
                "support": 136.0
            },
            "accuracy": 0.9228070175438596,
            "macro avg": {
                "precision": 0.9225369458128079,
                "recall": 0.9232876036320569,
                "f1-score": 0.9227299615498373,
                "support": 285.0
            },
            "weighted avg": {
                "precision": 0.9232391323135425,
                "recall": 0.9228070175438596,
                "f1-score": 0.9228412646523139,
                "support": 285.0
            },
            "cross-entropy": 0.2673448933291691,
            "roc-auc": 0.9663689301223846,
            "score": 0.9228070175438596
        },
        "test": {
            "0": {
                "precision": 0.8953846153846153,
                "recall": 0.8871951219512195,
                "f1-score": 0.891271056661562,
                "support": 328.0
            },
            "1": {
                "precision": 0.8918128654970761,
                "recall": 0.8997050147492626,
                "f1-score": 0.895741556534508,
                "support": 339.0
            },
            "accuracy": 0.8935532233883059,
            "macro avg": {
                "precision": 0.8935987404408456,
                "recall": 0.8934500683502411,
                "f1-score": 0.8935063065980351,
                "support": 667.0
            },
            "weighted avg": {
                "precision": 0.8935692882303786,
                "recall": 0.8935532233883059,
                "f1-score": 0.8935431697903906,
                "support": 667.0
            },
            "cross-entropy": 0.32045060334602127,
            "roc-auc": 0.9531396143607453,
            "score": 0.8935532233883059
        }
    },
    "time": "0:00:32.197452",
    "chunk_size": null,
    "eval_batch_size": 32768,
    "heads": [
        0
    ],
    "head_selection_time": "0:00:00.370474"
}