{
    "function": "bin.model.main",
    "gpus": [
        "NVIDIA GeForce RTX 4090"
    ],
    "config": {
        "seed": 3,
        "batch_size": 256,
        "patience": 16,
        "n_epochs": -1,
        "gradient_clipping_norm": 1.0,
        "amp": true,
        "data": {
            "cache": true,
            "path": "data/adult",
            "num_policy": "noisy-quantile",
            "cat_policy": "ordinal"
        },
        "optimizer": {
            "type": "AdamW",
            "lr": 4.735754917598464e-05,
            "weight_decay": 0.0
        },
        "model": {
            "arch_type": "tabrmv3",
            "sample_rate": 0.5847909696773961,
            "k": 8,
            "backbone": {
                "embed_type": "tabr",
                "ensemble_type": "mini-resnet",
                "context_shuffle": false,
                "context_size": 64,
                "encoder_n_blocks": 0,
                "n_blocks": 2,
                "d_block": 512,
                "dropout": 0.45063365984535486
            },
            "num_embeddings": {
                "type": "PeriodicEmbeddings",
                "n_frequencies": 36,
                "d_embedding": 24,
                "frequency_init_scale": 7.282568477315642,
                "lite": false
            }
        }
    },
    "n_parameters": 1727992,
    "prediction_type": "probs",
    "epoch_size": 102,
    "best_step": 1632,
    "metrics": {
        "train": {
            "0": {
                "precision": 0.8940912562046582,
                "recall": 0.947307206068268,
                "f1-score": 0.9199302673901834,
                "support": 19775.0
            },
            "1": {
                "precision": 0.7955259026687598,
                "recall": 0.6462617567352145,
                "f1-score": 0.7131673849942827,
                "support": 6273.0
            },
            "accuracy": 0.8748080466830467,
            "macro avg": {
                "precision": 0.8448085794367091,
                "recall": 0.7967844814017413,
                "f1-score": 0.816548826192233,
                "support": 26048.0
            },
            "weighted avg": {
                "precision": 0.8703542912656729,
                "recall": 0.8748080466830467,
                "f1-score": 0.870136672439727,
                "support": 26048.0
            },
            "cross-entropy": 0.2783695341094281,
            "roc-auc": 0.9316752772049177,
            "score": 0.8748080466830467
        },
        "val": {
            "0": {
                "precision": 0.8871765601217656,
                "recall": 0.9429726996966633,
                "f1-score": 0.9142240956768943,
                "support": 4945.0
            },
            "1": {
                "precision": 0.7756563245823389,
                "recall": 0.6218112244897959,
                "f1-score": 0.6902654867256638,
                "support": 1568.0
            },
            "accuracy": 0.8656533087670812,
            "macro avg": {
                "precision": 0.8314164423520523,
                "recall": 0.7823919620932296,
                "f1-score": 0.8022447912012791,
                "support": 6513.0
            },
            "weighted avg": {
                "precision": 0.8603281447485395,
                "recall": 0.8656533087670812,
                "f1-score": 0.8603062239072752,
                "support": 6513.0
            },
            "cross-entropy": 0.29964592547599905,
            "roc-auc": 0.9180395059945111,
            "score": 0.8656533087670812
        },
        "test": {
            "0": {
                "precision": 0.8873634708737864,
                "recall": 0.9408122235625251,
                "f1-score": 0.913306530309536,
                "support": 12435.0
            },
            "1": {
                "precision": 0.7623506619309008,
                "recall": 0.6138845553822153,
                "f1-score": 0.6801094627682558,
                "support": 3846.0
            },
            "accuracy": 0.8635833179780111,
            "macro avg": {
                "precision": 0.8248570664023436,
                "recall": 0.7773483894723703,
                "f1-score": 0.7967079965388959,
                "support": 16281.0
            },
            "weighted avg": {
                "precision": 0.8578321605614999,
                "recall": 0.8635833179780111,
                "f1-score": 0.8582192554637794,
                "support": 16281.0
            },
            "cross-entropy": 0.3021310716524669,
            "roc-auc": 0.9143618161292596,
            "score": 0.8635833179780111
        }
    },
    "time": "0:01:12.039381",
    "chunk_size": null,
    "eval_batch_size": 32768
}