{
    "function": "bin.model.main",
    "gpus": [
        "NVIDIA GeForce RTX 4090"
    ],
    "config": {
        "seed": 12,
        "batch_size": 256,
        "patience": 16,
        "n_epochs": -1,
        "gradient_clipping_norm": 1.0,
        "amp": true,
        "data": {
            "cache": true,
            "path": "data/regression-cat-medium-0-OnlineNewsPopularity",
            "num_policy": "noisy-quantile"
        },
        "optimizer": {
            "type": "AdamW",
            "lr": 0.0005385543161925761,
            "weight_decay": 0.0
        },
        "model": {
            "arch_type": "taba",
            "k": 128,
            "share_training_batches": false,
            "backbone": {
                "type": "MLP",
                "n_blocks": 2,
                "d_block": 576,
                "dropout": 0.19352240388594963
            },
            "num_embeddings": {
                "type": "PiecewiseLinearEmbeddingsV2",
                "d_embedding": 32
            }
        },
        "bins": {
            "n_bins": 9
        }
    },
    "n_parameters": 1342912,
    "prediction_type": "labels",
    "epoch_size": 40,
    "best_step": 2680,
    "metrics": {
        "train": {
            "rmse": 0.7727356625932759,
            "mae": 0.5723645091056824,
            "r2": 0.31029277271745626,
            "score": -0.7727356625932759
        },
        "val": {
            "rmse": 0.8467493787548668,
            "mae": 0.6266709566116333,
            "r2": 0.1496935757300658,
            "score": -0.8467493787548668
        },
        "test": {
            "rmse": 0.8655959981749147,
            "mae": 0.6385135054588318,
            "r2": 0.14132825290215711,
            "score": -0.8655959981749147
        }
    },
    "time": "0:01:13.642981",
    "chunk_size": null,
    "eval_batch_size": 16384,
    "heads": [
        96
    ],
    "head_selection_time": "0:00:00.146575"
}