{
    "function": "bin.model.main",
    "gpus": [
        "NVIDIA GeForce RTX 4090"
    ],
    "config": {
        "seed": 11,
        "batch_size": 256,
        "patience": 16,
        "n_epochs": -1,
        "amp": true,
        "data": {
            "cache": true,
            "path": "data/regression-cat-medium-0-OnlineNewsPopularity",
            "num_policy": "noisy-quantile"
        },
        "optimizer": {
            "type": "AdamW",
            "lr": 0.0002949644731864823,
            "weight_decay": 0.0
        },
        "model": {
            "aux_loss_weight": 0.07259097233506782,
            "arch_type": "retransformer",
            "k": 1,
            "context_size": 96,
            "d_main": 329,
            "context_dropout": 0.0,
            "d_multiplier": 2.0,
            "encoder_n_blocks": 1,
            "predictor_n_blocks": 2,
            "mixer_normalization": "auto",
            "dropout0": 0.4447250475788832,
            "dropout1": 0.0,
            "normalization": "LayerNorm",
            "activation": "ReLU",
            "num_embeddings": {
                "type": "PeriodicEmbeddings",
                "n_frequencies": 76,
                "frequency_init_scale": 0.05543898299818575,
                "d_embedding": 58,
                "lite": true
            }
        }
    },
    "n_parameters": 3600370,
    "prediction_type": "labels",
    "epoch_size": 40,
    "best_step": 320,
    "metrics": {
        "train": {
            "rmse": 0.8437287716490945,
            "mae": 0.6133328676223755,
            "r2": 0.17774113585376705,
            "score": -0.8437287716490945
        },
        "val": {
            "rmse": 0.8471878093407944,
            "mae": 0.6198537349700928,
            "r2": 0.14881278347602933,
            "score": -0.8471878093407944
        },
        "test": {
            "rmse": 0.8641893607580493,
            "mae": 0.6264892220497131,
            "r2": 0.14411678672957284,
            "score": -0.8641893607580493
        }
    },
    "time": "0:01:32.933226",
    "chunk_size": null,
    "eval_batch_size": 32768
}