{
    "function": "bin.model.main",
    "gpus": [
        "NVIDIA GeForce RTX 4090"
    ],
    "config": {
        "seed": 12,
        "batch_size": 256,
        "patience": 16,
        "n_epochs": -1,
        "gradient_clipping_norm": 1.0,
        "amp": true,
        "data": {
            "cache": true,
            "path": "data/regression-num-medium-1-fifa",
            "num_policy": "noisy-quantile"
        },
        "optimizer": {
            "type": "AdamW",
            "lr": 0.0008708210359192939,
            "weight_decay": 0.0
        },
        "model": {
            "arch_type": "tabrmv2-mini",
            "sample_rate": 0.5571428657022954,
            "k": 48,
            "backbone": {
                "n_blocks": 5,
                "d_block": 64,
                "dropout": 0.0
            },
            "num_embeddings": {
                "type": "PeriodicEmbeddings",
                "n_frequencies": 84,
                "d_embedding": 32,
                "frequency_init_scale": 0.4019346366768229,
                "lite": false
            }
        }
    },
    "n_parameters": 141236,
    "prediction_type": "labels",
    "epoch_size": 40,
    "best_step": 960,
    "metrics": {
        "train": {
            "rmse": 0.7408662781257518,
            "mae": 0.5463411211967468,
            "r2": 0.7084568027743557,
            "score": -0.7408662781257518
        },
        "val": {
            "rmse": 0.7548094956891853,
            "mae": 0.5540885329246521,
            "r2": 0.693030541559066,
            "score": -0.7548094956891853
        },
        "test": {
            "rmse": 0.7866136300735104,
            "mae": 0.578055739402771,
            "r2": 0.6544063638699169,
            "score": -0.7866136300735104
        }
    },
    "time": "0:00:29.589931",
    "chunk_size": null,
    "eval_batch_size": 32768,
    "heads": [
        46,
        15,
        17,
        47,
        43,
        16
    ],
    "head_selection_time": "0:00:00.234981"
}