{
    "function": "bin.model.main",
    "gpus": [
        "NVIDIA GeForce RTX 4090"
    ],
    "config": {
        "seed": 6,
        "batch_size": 128,
        "patience": 16,
        "n_epochs": -1,
        "gradient_clipping_norm": 1.0,
        "amp": true,
        "data": {
            "cache": true,
            "path": "data/regression-num-medium-0-cpu_act",
            "num_policy": "noisy-quantile"
        },
        "optimizer": {
            "type": "AdamW",
            "lr": 0.0020707580208991607,
            "weight_decay": 0.001290713821714286
        },
        "model": {
            "arch_type": "tabm-mini",
            "k": 32,
            "share_training_batches": false,
            "backbone": {
                "type": "MLP",
                "n_blocks": 4,
                "d_block": 976,
                "dropout": 0.05406816583878223
            },
            "num_embeddings": {
                "type": "PiecewiseLinearEmbeddingsV2",
                "d_embedding": 8
            }
        },
        "bins": {
            "n_bins": 39
        }
    },
    "n_parameters": 3068960,
    "prediction_type": "labels",
    "epoch_size": 45,
    "best_step": 2970,
    "metrics": {
        "train": {
            "rmse": 0.5754959279420894,
            "mae": 0.4362892210483551,
            "r2": 0.9990054727769904,
            "score": -0.5754959279420894
        },
        "val": {
            "rmse": 2.1071066633907645,
            "mae": 1.4887129068374634,
            "r2": 0.986885506240471,
            "score": -2.1071066633907645
        },
        "test": {
            "rmse": 2.142924055689648,
            "mae": 1.5142160654067993,
            "r2": 0.9871411059940471,
            "score": -2.142924055689648
        }
    },
    "time": "0:00:44.873014",
    "chunk_size": null,
    "eval_batch_size": 32768,
    "heads": [
        16,
        27,
        8,
        12,
        26,
        22,
        6,
        11,
        17,
        3,
        27,
        18,
        8,
        0,
        12,
        26,
        22
    ],
    "head_selection_time": "0:00:00.344862"
}