{
    "function": "bin.model.main",
    "gpus": [
        "NVIDIA GeForce RTX 4090"
    ],
    "config": {
        "seed": 12,
        "batch_size": 32,
        "patience": 16,
        "n_epochs": -1,
        "gradient_clipping_norm": 1.0,
        "amp": true,
        "data": {
            "cache": true,
            "path": "data/classif-num-medium-4-phoneme",
            "num_policy": "noisy-quantile"
        },
        "optimizer": {
            "type": "AdamW",
            "lr": 0.0013669408945249878,
            "weight_decay": 0.003090463466347582
        },
        "model": {
            "arch_type": "taba-moe",
            "k": 32,
            "share_training_batches": false,
            "backbone": {
                "type": "MLP",
                "n_blocks": 7,
                "d_block": 640,
                "dropout": 0.040725071103558476
            },
            "num_embeddings": {
                "type": "PiecewiseLinearEmbeddingsV2",
                "d_embedding": 20
            }
        },
        "bins": {
            "n_bins": 109
        }
    },
    "n_parameters": 3088824,
    "prediction_type": "probs",
    "epoch_size": 70,
    "best_step": 420,
    "metrics": {
        "train": {
            "0": {
                "precision": 0.9972948602344455,
                "recall": 0.9972948602344455,
                "f1-score": 0.9972948602344455,
                "support": 1109.0
            },
            "1": {
                "precision": 0.9972997299729973,
                "recall": 0.9972997299729973,
                "f1-score": 0.9972997299729973,
                "support": 1111.0
            },
            "accuracy": 0.9972972972972973,
            "macro avg": {
                "precision": 0.9972972951037213,
                "recall": 0.9972972951037213,
                "f1-score": 0.9972972951037213,
                "support": 2220.0
            },
            "weighted avg": {
                "precision": 0.9972972972972973,
                "recall": 0.9972972972972973,
                "f1-score": 0.9972972972972973,
                "support": 2220.0
            },
            "cross-entropy": 0.01187595999383808,
            "roc-auc": 0.9999375050219179,
            "score": 0.9972972972972973
        },
        "val": {
            "0": {
                "precision": 0.9391891891891891,
                "recall": 0.9328859060402684,
                "f1-score": 0.936026936026936,
                "support": 149.0
            },
            "1": {
                "precision": 0.927007299270073,
                "recall": 0.9338235294117647,
                "f1-score": 0.9304029304029303,
                "support": 136.0
            },
            "accuracy": 0.9333333333333333,
            "macro avg": {
                "precision": 0.9330982442296311,
                "recall": 0.9333547177260166,
                "f1-score": 0.9332149332149331,
                "support": 285.0
            },
            "weighted avg": {
                "precision": 0.9333760768067338,
                "recall": 0.9333333333333333,
                "f1-score": 0.9333432000098666,
                "support": 285.0
            },
            "cross-entropy": 0.7191261435984488,
            "roc-auc": 0.9664182787208844,
            "score": 0.9333333333333333
        },
        "test": {
            "0": {
                "precision": 0.8644578313253012,
                "recall": 0.875,
                "f1-score": 0.8696969696969696,
                "support": 328.0
            },
            "1": {
                "precision": 0.8776119402985074,
                "recall": 0.8672566371681416,
                "f1-score": 0.8724035608308605,
                "support": 339.0
            },
            "accuracy": 0.8710644677661169,
            "macro avg": {
                "precision": 0.8710348858119044,
                "recall": 0.8711283185840708,
                "f1-score": 0.871050265263915,
                "support": 667.0
            },
            "weighted avg": {
                "precision": 0.8711433529773505,
                "recall": 0.8710644677661169,
                "f1-score": 0.871072583481661,
                "support": 667.0
            },
            "cross-entropy": 1.1292251511181501,
            "roc-auc": 0.9429500323764299,
            "score": 0.8710644677661169
        }
    },
    "time": "0:00:29.703302",
    "chunk_size": null,
    "eval_batch_size": 32768,
    "heads": [
        8
    ],
    "head_selection_time": "0:00:00.191887"
}