{
    "function": "bin.qtab.main",
    "gpus": [
        "NVIDIA GeForce RTX 4090"
    ],
    "config": {
        "seed": 4,
        "batch_size": 256,
        "patience": 16,
        "n_epochs": -1,
        "amp": true,
        "data": {
            "cache": true,
            "path": "data/classif-num-medium-0-credit",
            "num_policy": "noisy-quantile"
        },
        "optimizer": {
            "type": "AdamW",
            "lr": 0.00016317515974103298,
            "weight_decay": 0.0
        },
        "model": {
            "temperature": 0.15,
            "distance_metric": "cossim",
            "encoder_n_blocks": 1,
            "momentum": 0.999,
            "queue_ratio": 64,
            "d_main": 16,
            "d_multiplier": 2.0,
            "mixer_normalization": "auto",
            "dropout0": 0.5972888922536626,
            "dropout1": 0.0,
            "normalization": "LayerNorm",
            "activation": "ReLU",
            "num_embeddings": {
                "type": "PeriodicEmbeddings",
                "n_frequencies": 46,
                "frequency_init_scale": 0.028110808573636226,
                "d_embedding": 58,
                "lite": true
            }
        }
    },
    "n_parameters": 16254,
    "prediction_type": "probs",
    "epoch_size": 40,
    "best_step": 1320,
    "metrics": {
        "train": {
            "0": {
                "precision": 0.7943886097152428,
                "recall": 0.7539745627980922,
                "f1-score": 0.7736541598694944,
                "support": 5032.0
            },
            "1": {
                "precision": 0.7630168453292496,
                "recall": 0.8023349436392915,
                "f1-score": 0.782182103610675,
                "support": 4968.0
            },
            "accuracy": 0.778,
            "macro avg": {
                "precision": 0.7787027275222462,
                "recall": 0.7781547532186919,
                "f1-score": 0.7779181317400847,
                "support": 10000.0
            },
            "weighted avg": {
                "precision": 0.7788031171682814,
                "recall": 0.778,
                "f1-score": 0.777890842320113,
                "support": 10000.0
            },
            "cross-entropy": 0.48057203437560875,
            "roc-auc": 0.8546854879175851,
            "score": 0.778
        },
        "val": {
            "0": {
                "precision": 0.8006295907660022,
                "recall": 0.7691532258064516,
                "f1-score": 0.7845758354755784,
                "support": 992.0
            },
            "1": {
                "precision": 0.7841658812441094,
                "recall": 0.8140900195694716,
                "f1-score": 0.798847815650504,
                "support": 1022.0
            },
            "accuracy": 0.7919563058589871,
            "macro avg": {
                "precision": 0.7923977360050558,
                "recall": 0.7916216226879615,
                "f1-score": 0.7917118255630412,
                "support": 2014.0
            },
            "weighted avg": {
                "precision": 0.7922751165200368,
                "recall": 0.7919563058589871,
                "f1-score": 0.7918181213438873,
                "support": 2014.0
            },
            "cross-entropy": 0.46969679947489307,
            "roc-auc": 0.8600965256296951,
            "score": 0.7919563058589871
        },
        "test": {
            "0": {
                "precision": 0.7775310834813499,
                "recall": 0.7505357908272611,
                "f1-score": 0.7637949836423118,
                "support": 2333.0
            },
            "1": {
                "precision": 0.7622549019607843,
                "recall": 0.788339670468948,
                "f1-score": 0.7750778816199377,
                "support": 2367.0
            },
            "accuracy": 0.7695744680851064,
            "macro avg": {
                "precision": 0.7698929927210671,
                "recall": 0.7694377306481046,
                "f1-score": 0.7694364326311247,
                "support": 4700.0
            },
            "weighted avg": {
                "precision": 0.769837738447482,
                "recall": 0.7695744680851064,
                "f1-score": 0.7694772431131716,
                "support": 4700.0
            },
            "cross-entropy": 0.4951510014143309,
            "roc-auc": 0.8449982262539407,
            "score": 0.7695744680851064
        }
    },
    "time": "0:00:23.435247",
    "chunk_size": null,
    "eval_batch_size": 32768
}