{
    "function": "bin.qtab.main",
    "gpus": [
        "NVIDIA GeForce RTX 4090"
    ],
    "config": {
        "seed": 1,
        "batch_size": 256,
        "patience": 16,
        "n_epochs": -1,
        "amp": true,
        "data": {
            "cache": true,
            "path": "data/sberbank-housing",
            "num_policy": "noisy-quantile",
            "cat_policy": "ordinal"
        },
        "optimizer": {
            "type": "AdamW",
            "lr": 0.0009277657330477261,
            "weight_decay": 0.0
        },
        "model": {
            "distance_metric": "cossim",
            "encoder_n_blocks": 1,
            "temperature": 0.01,
            "momentum": 0.999,
            "queue_ratio": 64,
            "d_main": 1024,
            "d_multiplier": 2.0,
            "mixer_normalization": "auto",
            "dropout0": 0.08601197244542784,
            "dropout1": 0.0,
            "normalization": "LayerNorm",
            "activation": "ReLU",
            "num_embeddings": {
                "type": "PeriodicEmbeddings",
                "n_frequencies": 92,
                "frequency_init_scale": 1.2229065947034368,
                "d_embedding": 36,
                "lite": true
            }
        }
    },
    "n_parameters": 17895728,
    "prediction_type": "labels",
    "epoch_size": 74,
    "best_step": 518,
    "metrics": {
        "train": {
            "rmse": 0.2430424137006445,
            "mae": 0.13103118538856506,
            "r2": 0.6226207862225817,
            "score": -0.2430424137006445
        },
        "val": {
            "rmse": 0.24444343861023157,
            "mae": 0.13625405728816986,
            "r2": 0.600875792687601,
            "score": -0.24444343861023157
        },
        "test": {
            "rmse": 0.27608200294361385,
            "mae": 0.19691181182861328,
            "r2": 0.4791462558604801,
            "score": -0.27608200294361385
        }
    },
    "time": "0:00:30.628684",
    "chunk_size": null,
    "eval_batch_size": 32768
}