{
    "function": "bin.model.main",
    "gpus": [
        "NVIDIA GeForce RTX 4090"
    ],
    "config": {
        "seed": 14,
        "batch_size": 1024,
        "patience": 16,
        "n_epochs": -1,
        "gradient_clipping_norm": 1.0,
        "amp": true,
        "data": {
            "cache": true,
            "path": "data/ecom-offers",
            "num_policy": "noisy-quantile"
        },
        "optimizer": {
            "type": "AdamW",
            "lr": 0.0002876795084726155,
            "weight_decay": 0.000105962380270913
        },
        "model": {
            "arch_type": "tabm-mini",
            "k": 32,
            "share_training_batches": false,
            "backbone": {
                "type": "MLP",
                "n_blocks": 1,
                "d_block": 1008,
                "dropout": 0.29066836828847537
            },
            "num_embeddings": {
                "type": "PiecewiseLinearEmbeddingsV2",
                "d_embedding": 24
            }
        },
        "bins": {
            "n_bins": 86
        }
    },
    "n_parameters": 2891056,
    "prediction_type": "probs",
    "epoch_size": 107,
    "best_step": 2140,
    "metrics": {
        "train": {
            "0": {
                "precision": 0.7964801444043321,
                "recall": 0.9644923318167239,
                "f1-score": 0.8724713214947747,
                "support": 84179.0
            },
            "1": {
                "precision": 0.5963538149898717,
                "recall": 0.17550274223034734,
                "f1-score": 0.27119476770964474,
                "support": 25162.0
            },
            "accuracy": 0.7829268069617069,
            "macro avg": {
                "precision": 0.6964169796971019,
                "recall": 0.5699975370235356,
                "f1-score": 0.5718330446022097,
                "support": 109341.0
            },
            "weighted avg": {
                "precision": 0.750426251530418,
                "recall": 0.7829268069617069,
                "f1-score": 0.7341030914041276,
                "support": 109341.0
            },
            "cross-entropy": 0.4807859234060553,
            "roc-auc": 0.7192964746144648,
            "score": 0.7192964746144648
        },
        "val": {
            "0": {
                "precision": 0.6864506052323311,
                "recall": 0.9063023585513598,
                "f1-score": 0.7812031328111981,
                "support": 15518.0
            },
            "1": {
                "precision": 0.6146302676914922,
                "recall": 0.2652407640398033,
                "f1-score": 0.3705656759348035,
                "support": 8743.0
            },
            "accuracy": 0.6752813156918511,
            "macro avg": {
                "precision": 0.6505404364619116,
                "recall": 0.5857715612955815,
                "f1-score": 0.5758844043730008,
                "support": 24261.0
            },
            "weighted avg": {
                "precision": 0.6605685224196048,
                "recall": 0.6752813156918511,
                "f1-score": 0.6332206388715288,
                "support": 24261.0
            },
            "cross-entropy": 0.8108588196877934,
            "roc-auc": 0.621998079011144,
            "score": 0.621998079011144
        },
        "test": {
            "0": {
                "precision": 0.6620495219416523,
                "recall": 0.9575109325138873,
                "f1-score": 0.7828292588655908,
                "support": 16922.0
            },
            "1": {
                "precision": 0.6370519939424533,
                "recall": 0.1323822511276618,
                "f1-score": 0.2192113948236929,
                "support": 9533.0
            },
            "accuracy": 0.6601776601776602,
            "macro avg": {
                "precision": 0.6495507579420527,
                "recall": 0.5449465918207745,
                "f1-score": 0.5010203268446418,
                "support": 26455.0
            },
            "weighted avg": {
                "precision": 0.6530417187129106,
                "recall": 0.6601776601776602,
                "f1-score": 0.5797308238661044,
                "support": 26455.0
            },
            "cross-entropy": 0.9678753550522803,
            "roc-auc": 0.5912071582396808,
            "score": 0.5912071582396808
        }
    },
    "time": "0:02:06.127032",
    "chunk_size": null,
    "eval_batch_size": 32768,
    "heads": [
        27
    ],
    "head_selection_time": "0:00:01.317549"
}