{
    "function": "bin.model.main",
    "gpus": [
        "NVIDIA GeForce RTX 4090"
    ],
    "config": {
        "seed": 1,
        "batch_size": 256,
        "patience": 16,
        "n_epochs": -1,
        "gradient_clipping_norm": 1.0,
        "amp": true,
        "data": {
            "cache": true,
            "path": "data/classif-num-medium-1-MagicTelescope",
            "num_policy": "noisy-quantile"
        },
        "optimizer": {
            "type": "AdamW",
            "lr": 7.181066336467548e-05,
            "weight_decay": 0.0
        },
        "model": {
            "arch_type": "tabrmv3",
            "sample_rate": 0.24086611872103608,
            "k": 8,
            "backbone": {
                "embed_type": "tabr",
                "ensemble_type": "mini-resnet",
                "context_shuffle": false,
                "context_size": 192,
                "encoder_n_blocks": 0,
                "n_blocks": 2,
                "d_block": 800,
                "dropout": 0.0
            },
            "num_embeddings": {
                "type": "PeriodicEmbeddings",
                "n_frequencies": 48,
                "d_embedding": 20,
                "frequency_init_scale": 0.19496300733242686,
                "lite": false
            }
        }
    },
    "n_parameters": 4048696,
    "prediction_type": "probs",
    "epoch_size": 37,
    "best_step": 222,
    "metrics": {
        "train": {
            "0": {
                "precision": 0.8087103435329454,
                "recall": 0.9218917183821956,
                "f1-score": 0.8616,
                "support": 4673.0
            },
            "1": {
                "precision": 0.9095639246778989,
                "recall": 0.78272921108742,
                "f1-score": 0.8413935365574147,
                "support": 4690.0
            },
            "accuracy": 0.852184129018477,
            "macro avg": {
                "precision": 0.8591371341054221,
                "recall": 0.8523104647348079,
                "f1-score": 0.8514967682787073,
                "support": 9363.0
            },
            "weighted avg": {
                "precision": 0.8592286918796112,
                "recall": 0.852184129018477,
                "f1-score": 0.8514784242715235,
                "support": 9363.0
            },
            "cross-entropy": 0.33751666862983204,
            "roc-auc": 0.9289952213801829,
            "score": 0.852184129018477
        },
        "val": {
            "0": {
                "precision": 0.8309037900874635,
                "recall": 0.9149277688603531,
                "f1-score": 0.8708938120702827,
                "support": 623.0
            },
            "1": {
                "precision": 0.8974854932301741,
                "recall": 0.8,
                "f1-score": 0.845943482224248,
                "support": 580.0
            },
            "accuracy": 0.8595178719866999,
            "macro avg": {
                "precision": 0.8641946416588189,
                "recall": 0.8574638844301765,
                "f1-score": 0.8584186471472653,
                "support": 1203.0
            },
            "weighted avg": {
                "precision": 0.8630046943457944,
                "recall": 0.8595178719866999,
                "f1-score": 0.8588645591104324,
                "support": 1203.0
            },
            "cross-entropy": 0.34056522790166943,
            "roc-auc": 0.9280926551170643,
            "score": 0.8595178719866999
        },
        "test": {
            "0": {
                "precision": 0.8009888751545118,
                "recall": 0.9310344827586207,
                "f1-score": 0.8611295681063124,
                "support": 1392.0
            },
            "1": {
                "precision": 0.9194630872483222,
                "recall": 0.7729196050775741,
                "f1-score": 0.8398467432950192,
                "support": 1418.0
            },
            "accuracy": 0.8512455516014235,
            "macro avg": {
                "precision": 0.860225981201417,
                "recall": 0.8519770439180974,
                "f1-score": 0.8504881557006658,
                "support": 2810.0
            },
            "weighted avg": {
                "precision": 0.8607740825385058,
                "recall": 0.8512455516014235,
                "f1-score": 0.8503896942335671,
                "support": 2810.0
            },
            "cross-entropy": 0.337542302204759,
            "roc-auc": 0.928433482483018,
            "score": 0.8512455516014235
        }
    },
    "time": "0:00:22.791458",
    "chunk_size": null,
    "eval_batch_size": 32768
}