{
    "function": "bin.ensemble.main",
    "config": {
        "seeds": [
            0,
            1,
            2,
            3,
            4
        ],
        "data": {
            "path": "data/sberbank-housing"
        }
    },
    "single_model_function": "bin.model.main",
    "prediction_type": "labels",
    "metrics": {
        "train": {
            "rmse": 0.24515464010251015,
            "mae": 0.12576572597026825,
            "r2": 0.6160328543584033,
            "score": -0.24515464010251015
        },
        "val": {
            "rmse": 0.241144928027624,
            "mae": 0.1347959190607071,
            "r2": 0.6115747032549514,
            "score": -0.241144928027624
        },
        "test": {
            "rmse": 0.24056545177164138,
            "mae": 0.1516011655330658,
            "r2": 0.6045367641649396,
            "score": -0.24056545177164138
        }
    }
}