{
    "function": "bin.model.main",
    "gpus": [
        "NVIDIA GeForce RTX 4090"
    ],
    "config": {
        "seed": 6,
        "batch_size": 512,
        "patience": 16,
        "n_epochs": -1,
        "gradient_clipping_norm": 1.0,
        "amp": true,
        "data": {
            "cache": true,
            "path": "data/regression-num-large-0-year",
            "num_policy": "noisy-quantile"
        },
        "optimizer": {
            "type": "AdamW",
            "lr": 0.00269425503874533,
            "weight_decay": 0.0
        },
        "model": {
            "arch_type": "tabm-mini",
            "k": 32,
            "share_training_batches": false,
            "backbone": {
                "type": "MLP",
                "n_blocks": 4,
                "d_block": 512,
                "dropout": 0.4990971496493867
            },
            "num_embeddings": {
                "type": "PiecewiseLinearEmbeddingsV2",
                "d_embedding": 8
            }
        },
        "bins": {
            "n_bins": 2
        }
    },
    "n_parameters": 1198736,
    "prediction_type": "labels",
    "epoch_size": 98,
    "best_step": 1470,
    "metrics": {
        "train": {
            "rmse": 8.359122185137306,
            "mae": 5.8761186599731445,
            "r2": 0.4215819840582542,
            "score": -8.359122185137306
        },
        "val": {
            "rmse": 8.805465162945104,
            "mae": 6.1528520584106445,
            "r2": 0.3283160576803781,
            "score": -8.805465162945104
        },
        "test": {
            "rmse": 8.91760771827244,
            "mae": 6.177090644836426,
            "r2": 0.3303816466788476,
            "score": -8.91760771827244
        }
    },
    "time": "0:00:27.467830",
    "chunk_size": null,
    "eval_batch_size": 32768,
    "heads": [
        21,
        7,
        0,
        13,
        8,
        9,
        1,
        30,
        17,
        0,
        7,
        2,
        13,
        8,
        11,
        0
    ],
    "head_selection_time": "0:00:00.668147"
}