{
    "function": "bin.model.main",
    "gpus": [
        "NVIDIA GeForce RTX 4090"
    ],
    "config": {
        "seed": 0,
        "batch_size": 256,
        "patience": 16,
        "n_epochs": -1,
        "gradient_clipping_norm": 1.0,
        "amp": true,
        "data": {
            "cache": true,
            "path": "data/churn",
            "num_policy": "noisy-quantile",
            "cat_policy": "ordinal"
        },
        "optimizer": {
            "type": "AdamW",
            "lr": 3.8062137596534755e-05,
            "weight_decay": 0.0
        },
        "model": {
            "arch_type": "tabrmv3",
            "sample_rate": 0.42995721151708016,
            "k": 4,
            "backbone": {
                "embed_type": "tabr",
                "ensemble_type": "moe",
                "context_shuffle": false,
                "context_size": 256,
                "encoder_n_blocks": 0,
                "num_experts": 8,
                "moe_ratio": 1.0,
                "n_blocks": 1,
                "d_block": 992,
                "dropout": 0.0
            },
            "num_embeddings": {
                "type": "PeriodicEmbeddings",
                "n_frequencies": 64,
                "d_embedding": 20,
                "frequency_init_scale": 0.15339539344177444,
                "lite": false
            }
        }
    },
    "n_parameters": 17915196,
    "prediction_type": "probs",
    "epoch_size": 25,
    "best_step": 625,
    "metrics": {
        "train": {
            "0": {
                "precision": 0.8814562410329986,
                "recall": 0.9644819466248038,
                "f1-score": 0.9211019490254873,
                "support": 5096.0
            },
            "1": {
                "precision": 0.7803398058252428,
                "recall": 0.49309815950920244,
                "f1-score": 0.6043233082706767,
                "support": 1304.0
            },
            "accuracy": 0.8684375,
            "macro avg": {
                "precision": 0.8308980234291207,
                "recall": 0.7287900530670031,
                "f1-score": 0.762712628648082,
                "support": 6400.0
            },
            "weighted avg": {
                "precision": 0.8608537673594183,
                "recall": 0.8684375,
                "f1-score": 0.8565583009716947,
                "support": 6400.0
            },
            "cross-entropy": 0.3252818732874806,
            "roc-auc": 0.8769948281341796,
            "score": 0.8684375
        },
        "val": {
            "0": {
                "precision": 0.8821428571428571,
                "recall": 0.9693877551020408,
                "f1-score": 0.9237097980553479,
                "support": 1274.0
            },
            "1": {
                "precision": 0.805,
                "recall": 0.4938650306748466,
                "f1-score": 0.6121673003802282,
                "support": 326.0
            },
            "accuracy": 0.8725,
            "macro avg": {
                "precision": 0.8435714285714286,
                "recall": 0.7316263928884437,
                "f1-score": 0.767938549217788,
                "support": 1600.0
            },
            "weighted avg": {
                "precision": 0.866425,
                "recall": 0.8725,
                "f1-score": 0.8602330141540423,
                "support": 1600.0
            },
            "cross-entropy": 0.33375548681172584,
            "roc-auc": 0.8659648852462174,
            "score": 0.8725
        },
        "test": {
            "0": {
                "precision": 0.8707674943566591,
                "recall": 0.9686126804770873,
                "f1-score": 0.9170876671619613,
                "support": 1593.0
            },
            "1": {
                "precision": 0.7807017543859649,
                "recall": 0.43734643734643736,
                "f1-score": 0.5606299212598426,
                "support": 407.0
            },
            "accuracy": 0.8605,
            "macro avg": {
                "precision": 0.825734624371312,
                "recall": 0.7029795589117623,
                "f1-score": 0.738858794210902,
                "support": 2000.0
            },
            "weighted avg": {
                "precision": 0.8524391162726229,
                "recall": 0.8605,
                "f1-score": 0.8445485158708801,
                "support": 2000.0
            },
            "cross-entropy": 0.35119407432048316,
            "roc-auc": 0.8462252699540835,
            "score": 0.8605
        }
    },
    "time": "0:00:41.120869",
    "chunk_size": null,
    "eval_batch_size": 32768
}