{
    "function": "bin.model.main",
    "gpus": [
        "NVIDIA GeForce RTX 4090"
    ],
    "config": {
        "seed": 13,
        "batch_size": 32,
        "patience": 16,
        "n_epochs": -1,
        "amp": true,
        "data": {
            "cache": true,
            "path": "data/classif-num-medium-4-phoneme",
            "num_policy": "noisy-quantile"
        },
        "optimizer": {
            "type": "AdamW",
            "lr": 0.00047127486448266865,
            "weight_decay": 0.0
        },
        "model": {
            "arch_type": "tabr",
            "k": 1,
            "context_size": 96,
            "d_main": 172,
            "context_dropout": 0.18807488399446506,
            "d_multiplier": 2.0,
            "encoder_n_blocks": 1,
            "predictor_n_blocks": 1,
            "mixer_normalization": "auto",
            "dropout0": 0.0,
            "dropout1": 0.0,
            "normalization": "LayerNorm",
            "activation": "ReLU",
            "num_embeddings": {
                "type": "PeriodicEmbeddings",
                "n_frequencies": 47,
                "frequency_init_scale": 0.40568009191437476,
                "d_embedding": 62,
                "lite": true
            }
        }
    },
    "n_parameters": 447479,
    "prediction_type": "probs",
    "epoch_size": 70,
    "best_step": 1960,
    "metrics": {
        "train": {
            "0": {
                "precision": 0.9732620320855615,
                "recall": 0.9846708746618575,
                "f1-score": 0.9789332138054684,
                "support": 1109.0
            },
            "1": {
                "precision": 0.9845173041894353,
                "recall": 0.972997299729973,
                "f1-score": 0.9787234042553191,
                "support": 1111.0
            },
            "accuracy": 0.9788288288288288,
            "macro avg": {
                "precision": 0.9788896681374983,
                "recall": 0.9788340871959152,
                "f1-score": 0.9788283090303938,
                "support": 2220.0
            },
            "weighted avg": {
                "precision": 0.9788947380798876,
                "recall": 0.9788288288288288,
                "f1-score": 0.9788282145215874,
                "support": 2220.0
            },
            "cross-entropy": 0.05805299203447162,
            "roc-auc": 0.9984047548127221,
            "score": 0.9788288288288288
        },
        "val": {
            "0": {
                "precision": 0.9324324324324325,
                "recall": 0.9261744966442953,
                "f1-score": 0.9292929292929293,
                "support": 149.0
            },
            "1": {
                "precision": 0.9197080291970803,
                "recall": 0.9264705882352942,
                "f1-score": 0.9230769230769231,
                "support": 136.0
            },
            "accuracy": 0.9263157894736842,
            "macro avg": {
                "precision": 0.9260702308147564,
                "recall": 0.9263225424397947,
                "f1-score": 0.9261849261849262,
                "support": 285.0
            },
            "weighted avg": {
                "precision": 0.9263604365025803,
                "recall": 0.9263157894736842,
                "f1-score": 0.9263266947477472,
                "support": 285.0
            },
            "cross-entropy": 0.2964118380082027,
            "roc-auc": 0.9618535333596526,
            "score": 0.9263157894736842
        },
        "test": {
            "0": {
                "precision": 0.8592814371257484,
                "recall": 0.875,
                "f1-score": 0.8670694864048338,
                "support": 328.0
            },
            "1": {
                "precision": 0.8768768768768769,
                "recall": 0.8613569321533924,
                "f1-score": 0.8690476190476191,
                "support": 339.0
            },
            "accuracy": 0.8680659670164917,
            "macro avg": {
                "precision": 0.8680791570013127,
                "recall": 0.8681784660766962,
                "f1-score": 0.8680585527262265,
                "support": 667.0
            },
            "weighted avg": {
                "precision": 0.8682242468343431,
                "recall": 0.8680659670164917,
                "f1-score": 0.8680748641648102,
                "support": 667.0
            },
            "cross-entropy": 0.4454394922745686,
            "roc-auc": 0.9432423195913375,
            "score": 0.8680659670164917
        }
    },
    "time": "0:00:47.080047",
    "chunk_size": null,
    "eval_batch_size": 32768
}