{
    "function": "bin.qtabformerv2.main",
    "gpus": [
        "NVIDIA GeForce RTX 4090"
    ],
    "config": {
        "seed": 7,
        "batch_size": 512,
        "patience": 16,
        "n_epochs": -1,
        "amp": true,
        "data": {
            "cache": true,
            "path": "data/regression-num-medium-0-medical_charges",
            "num_policy": "noisy-quantile"
        },
        "optimizer": {
            "type": "AdamW",
            "lr": 0.0007218101306691613,
            "weight_decay": 0.0
        },
        "model": {
            "encoder_n_blocks": 1,
            "distance_metric": "cossim",
            "temperature": 0.01,
            "momentum": 0.999,
            "queue_ratio": 64,
            "d_main": 128,
            "d_multiplier": 2.0,
            "mixer_normalization": "auto",
            "dropout0": 0.1247959095072877,
            "dropout1": 0.0,
            "normalization": "LayerNorm",
            "activation": "ReLU",
            "num_embeddings": {
                "type": "PeriodicEmbeddings",
                "n_frequencies": 73,
                "frequency_init_scale": 0.09717495009220337,
                "d_embedding": 54,
                "lite": true
            }
        }
    },
    "n_parameters": 112094,
    "prediction_type": "labels",
    "epoch_size": 20,
    "best_step": 160,
    "metrics": {
        "train": {
            "rmse": 0.0817486943228523,
            "mae": 0.05348222702741623,
            "r2": 0.9786631040783269,
            "score": -0.0817486943228523
        },
        "val": {
            "rmse": 0.08467296873770555,
            "mae": 0.054205603897571564,
            "r2": 0.9776718173920722,
            "score": -0.08467296873770555
        },
        "test": {
            "rmse": 0.08382826812657262,
            "mae": 0.053758252412080765,
            "r2": 0.9781675678454064,
            "score": -0.08382826812657262
        }
    },
    "time": "0:00:06.863275",
    "chunk_size": null,
    "eval_batch_size": 32768
}