{
    "function": "bin.model.main",
    "gpus": [
        "NVIDIA GeForce RTX 4090"
    ],
    "config": {
        "seed": 6,
        "batch_size": 256,
        "patience": 16,
        "n_epochs": -1,
        "gradient_clipping_norm": 1.0,
        "amp": true,
        "data": {
            "cache": true,
            "path": "data/sberbank-housing",
            "num_policy": "noisy-quantile",
            "cat_policy": "ordinal"
        },
        "optimizer": {
            "type": "AdamW",
            "lr": 3.03137955498814e-05,
            "weight_decay": 0.044361224949735344
        },
        "model": {
            "arch_type": "tabrmv3",
            "sample_rate": 0.47909985495762053,
            "k": 4,
            "backbone": {
                "ensemble_type": "mini",
                "context_size": 64,
                "n_blocks": 1,
                "d_block": 544,
                "dropout": 0.0020779615874243606
            },
            "num_embeddings": {
                "type": "PeriodicEmbeddings",
                "n_frequencies": 96,
                "d_embedding": 28,
                "frequency_init_scale": 0.017059077007511598,
                "lite": false
            }
        }
    },
    "n_parameters": 9163280,
    "prediction_type": "labels",
    "epoch_size": 74,
    "best_step": 1184,
    "metrics": {
        "train": {
            "rmse": 0.27104434022066204,
            "mae": 0.14616559445858002,
            "r2": 0.5306525041962593,
            "score": -0.27104434022066204
        },
        "val": {
            "rmse": 0.24936795058600217,
            "mae": 0.14222529530525208,
            "r2": 0.5846324847477256,
            "score": -0.24936795058600217
        },
        "test": {
            "rmse": 0.258463975664186,
            "mae": 0.17195597290992737,
            "r2": 0.5435012163947335,
            "score": -0.258463975664186
        }
    },
    "time": "0:06:43.509232",
    "chunk_size": null,
    "eval_batch_size": 32768,
    "heads": [
        0,
        2
    ],
    "head_selection_time": "0:00:00.009714"
}