{
    "function": "bin.ensemble.main",
    "config": {
        "seeds": [
            5,
            6,
            7,
            8,
            9
        ],
        "data": {
            "path": "data/regression-num-medium-0-fifa"
        }
    },
    "single_model_function": "bin.model.main",
    "prediction_type": "labels",
    "metrics": {
        "train": {
            "rmse": 0.7608420388502581,
            "mae": 0.5617660284042358,
            "r2": 0.6862877254244397,
            "score": -0.7608420388502581
        },
        "val": {
            "rmse": 0.7719371384539594,
            "mae": 0.5728500485420227,
            "r2": 0.682873968918911,
            "score": -0.7719371384539594
        },
        "test": {
            "rmse": 0.8102613198873464,
            "mae": 0.5969271659851074,
            "r2": 0.6445064174447613,
            "score": -0.8102613198873464
        }
    }
}