{
    "function": "bin.model.main",
    "gpus": [
        "NVIDIA GeForce RTX 4090"
    ],
    "config": {
        "seed": 1,
        "batch_size": 64,
        "patience": 16,
        "n_epochs": -1,
        "gradient_clipping_norm": 1.0,
        "amp": true,
        "data": {
            "cache": true,
            "path": "data/classif-cat-medium-1-KDDCup09_upselling",
            "num_policy": "noisy-quantile",
            "cat_policy": "ordinal"
        },
        "optimizer": {
            "type": "AdamW",
            "lr": 5.76329202672881e-05,
            "weight_decay": 0.0
        },
        "model": {
            "arch_type": "tabrmv2",
            "sample_rate": 0.31975234473966185,
            "k": 48,
            "backbone": {
                "n_blocks": 2,
                "d_block": 80,
                "dropout": 0.0
            },
            "num_embeddings": {
                "type": "PiecewiseLinearEmbeddingsV2",
                "d_embedding": 24
            }
        },
        "bins": {
            "n_bins": 49
        }
    },
    "n_parameters": 237776,
    "prediction_type": "probs",
    "epoch_size": 57,
    "best_step": 855,
    "metrics": {
        "train": {
            "0": {
                "precision": 0.9095238095238095,
                "recall": 0.961947397873531,
                "f1-score": 0.9350013598041882,
                "support": 1787.0
            },
            "1": {
                "precision": 0.9599764567392584,
                "recall": 0.9051054384017758,
                "f1-score": 0.9317337903456155,
                "support": 1802.0
            },
            "accuracy": 0.9334076344385622,
            "macro avg": {
                "precision": 0.934750133131534,
                "recall": 0.9335264181376535,
                "f1-score": 0.9333675750749019,
                "support": 3589.0
            },
            "weighted avg": {
                "precision": 0.9348555649660605,
                "recall": 0.9334076344385622,
                "f1-score": 0.9333607467742778,
                "support": 3589.0
            },
            "cross-entropy": 0.1735907209879795,
            "roc-auc": 0.9853461334698064,
            "score": 0.9334076344385622
        },
        "val": {
            "0": {
                "precision": 0.7739463601532567,
                "recall": 0.8559322033898306,
                "f1-score": 0.8128772635814889,
                "support": 236.0
            },
            "1": {
                "precision": 0.83,
                "recall": 0.7377777777777778,
                "f1-score": 0.7811764705882354,
                "support": 225.0
            },
            "accuracy": 0.7982646420824295,
            "macro avg": {
                "precision": 0.8019731800766283,
                "recall": 0.7968549905838042,
                "f1-score": 0.7970268670848621,
                "support": 461.0
            },
            "weighted avg": {
                "precision": 0.8013044273235761,
                "recall": 0.7982646420824295,
                "f1-score": 0.7974050761118967,
                "support": 461.0
            },
            "cross-entropy": 0.5293043534891312,
            "roc-auc": 0.8806967984934087,
            "score": 0.7982646420824295
        },
        "test": {
            "0": {
                "precision": 0.7615780445969125,
                "recall": 0.8207024029574861,
                "f1-score": 0.790035587188612,
                "support": 541.0
            },
            "1": {
                "precision": 0.804040404040404,
                "recall": 0.7411545623836127,
                "f1-score": 0.7713178294573643,
                "support": 537.0
            },
            "accuracy": 0.7810760667903525,
            "macro avg": {
                "precision": 0.7828092243186582,
                "recall": 0.7809284826705494,
                "f1-score": 0.7806767083229882,
                "support": 1078.0
            },
            "weighted avg": {
                "precision": 0.782730444431008,
                "recall": 0.7810760667903525,
                "f1-score": 0.7807114351462372,
                "support": 1078.0
            },
            "cross-entropy": 0.5293933528705597,
            "roc-auc": 0.8754702822898487,
            "score": 0.7810760667903525
        }
    },
    "time": "0:00:52.155653",
    "chunk_size": null,
    "eval_batch_size": 32768
}