{
    "function": "bin.model.main",
    "gpus": [
        "NVIDIA GeForce RTX 4090"
    ],
    "config": {
        "seed": 4,
        "batch_size": 256,
        "patience": 16,
        "n_epochs": -1,
        "gradient_clipping_norm": 1.0,
        "amp": true,
        "data": {
            "cache": true,
            "path": "data/california",
            "num_policy": "noisy-quantile"
        },
        "optimizer": {
            "type": "AdamW",
            "lr": 0.0016401971938339757,
            "weight_decay": 0.0
        },
        "model": {
            "arch_type": "moe-sparse",
            "backbone": {
                "k": 3,
                "n_blocks": 3,
                "d_block": 448,
                "dropout": 0.2978627676545188,
                "moe_ratio": 1.0,
                "num_experts": 4
            }
        }
    },
    "n_parameters": 4826753,
    "prediction_type": "labels",
    "epoch_size": 52,
    "best_step": 2132,
    "metrics": {
        "train": {
            "rmse": 0.41481730202600625,
            "mae": 0.2847559154033661,
            "r2": 0.8722514892104047,
            "score": -0.41481730202600625
        },
        "val": {
            "rmse": 0.4976092940714431,
            "mae": 0.3258762061595917,
            "r2": 0.8100922151389405,
            "score": -0.4976092940714431
        },
        "test": {
            "rmse": 0.5058215801008961,
            "mae": 0.33462783694267273,
            "r2": 0.8037850109036945,
            "score": -0.5058215801008961
        }
    },
    "time": "0:00:42.882657",
    "chunk_size": null,
    "eval_batch_size": 32768
}