{
    "function": "bin.ensemble.main",
    "config": {
        "seeds": [
            5,
            6,
            7,
            8,
            9
        ],
        "data": {
            "path": "data/churn"
        }
    },
    "single_model_function": "bin.qtabformerv3.main",
    "prediction_type": "probs",
    "metrics": {
        "train": {
            "0": {
                "precision": 0.8835762531105581,
                "recall": 0.9754709576138147,
                "f1-score": 0.9272523782876327,
                "support": 5096.0
            },
            "1": {
                "precision": 0.838501291989664,
                "recall": 0.4976993865030675,
                "f1-score": 0.6246390760346487,
                "support": 1304.0
            },
            "accuracy": 0.878125,
            "macro avg": {
                "precision": 0.8610387725501111,
                "recall": 0.7365851720584411,
                "f1-score": 0.7759457271611407,
                "support": 6400.0
            },
            "weighted avg": {
                "precision": 0.8743922297821759,
                "recall": 0.878125,
                "f1-score": 0.8655949179535872,
                "support": 6400.0
            },
            "cross-entropy": 0.2922674818789352,
            "roc-auc": 0.9064897224817252,
            "score": 0.878125
        },
        "val": {
            "0": {
                "precision": 0.8763250883392226,
                "recall": 0.9733124018838305,
                "f1-score": 0.9222759390107846,
                "support": 1274.0
            },
            "1": {
                "precision": 0.8162162162162162,
                "recall": 0.46319018404907975,
                "f1-score": 0.5909980430528377,
                "support": 326.0
            },
            "accuracy": 0.869375,
            "macro avg": {
                "precision": 0.8462706522777195,
                "recall": 0.7182512929664551,
                "f1-score": 0.7566369910318111,
                "support": 1600.0
            },
            "weighted avg": {
                "precision": 0.8640779056441602,
                "recall": 0.869375,
                "f1-score": 0.854778067709353,
                "support": 1600.0
            },
            "cross-entropy": 0.3354225639171248,
            "roc-auc": 0.8647417437952057,
            "score": 0.869375
        },
        "test": {
            "0": {
                "precision": 0.8705683736634777,
                "recall": 0.9711236660389203,
                "f1-score": 0.9181008902077151,
                "support": 1593.0
            },
            "1": {
                "precision": 0.7937219730941704,
                "recall": 0.4348894348894349,
                "f1-score": 0.5619047619047619,
                "support": 407.0
            },
            "accuracy": 0.862,
            "macro avg": {
                "precision": 0.8321451733788241,
                "recall": 0.7030065504641776,
                "f1-score": 0.7400028260562386,
                "support": 2000.0
            },
            "weighted avg": {
                "precision": 0.8549301311476237,
                "recall": 0.862,
                "f1-score": 0.8456149780980641,
                "support": 2000.0
            },
            "cross-entropy": 0.3458629970300136,
            "roc-auc": 0.8534913958642774,
            "score": 0.862
        }
    }
}