{
    "function": "bin.model.main",
    "gpus": [
        "NVIDIA GeForce RTX 4090"
    ],
    "config": {
        "seed": 0,
        "batch_size": 256,
        "patience": 16,
        "n_epochs": -1,
        "gradient_clipping_norm": 1.0,
        "amp": true,
        "data": {
            "cache": true,
            "path": "data/churn",
            "num_policy": "noisy-quantile",
            "cat_policy": "ordinal"
        },
        "optimizer": {
            "type": "AdamW",
            "lr": 0.0004059460229362169,
            "weight_decay": 0.0
        },
        "model": {
            "arch_type": "tabpln-mini",
            "k": 32,
            "share_training_batches": false,
            "backbone": {
                "type": "MLP",
                "n_blocks": 1,
                "d_block": 144,
                "dropout": 0.0
            },
            "num_embeddings": {
                "type": "PiecewiseLinearEmbeddingsV2",
                "d_embedding": 24
            }
        },
        "bins": {
            "n_bins": 109
        }
    },
    "n_parameters": 64720,
    "prediction_type": "probs",
    "epoch_size": 25,
    "best_step": 1775,
    "metrics": {
        "train": {
            "0": {
                "precision": 0.9041070773744041,
                "recall": 0.9676216640502355,
                "f1-score": 0.9347867298578201,
                "support": 5096.0
            },
            "1": {
                "precision": 0.8255813953488372,
                "recall": 0.5989263803680982,
                "f1-score": 0.6942222222222223,
                "support": 1304.0
            },
            "accuracy": 0.8925,
            "macro avg": {
                "precision": 0.8648442363616207,
                "recall": 0.7832740222091669,
                "f1-score": 0.8145044760400212,
                "support": 6400.0
            },
            "weighted avg": {
                "precision": 0.8881074696616948,
                "recall": 0.8925,
                "f1-score": 0.885771711427067,
                "support": 6400.0
            },
            "cross-entropy": 0.26451444090059667,
            "roc-auc": 0.9253465366797969,
            "score": 0.8925
        },
        "val": {
            "0": {
                "precision": 0.8938181818181818,
                "recall": 0.9646781789638933,
                "f1-score": 0.9278973197432995,
                "support": 1274.0
            },
            "1": {
                "precision": 0.8,
                "recall": 0.5521472392638037,
                "f1-score": 0.6533575317604355,
                "support": 326.0
            },
            "accuracy": 0.880625,
            "macro avg": {
                "precision": 0.846909090909091,
                "recall": 0.7584127091138485,
                "f1-score": 0.7906274257518675,
                "support": 1600.0
            },
            "weighted avg": {
                "precision": 0.8747027272727272,
                "recall": 0.880625,
                "f1-score": 0.8719598379417909,
                "support": 1600.0
            },
            "cross-entropy": 0.3437357478879657,
            "roc-auc": 0.8556042992940451,
            "score": 0.880625
        },
        "test": {
            "0": {
                "precision": 0.8831092928112215,
                "recall": 0.9485247959824231,
                "f1-score": 0.9146489104116223,
                "support": 1593.0
            },
            "1": {
                "precision": 0.7162629757785467,
                "recall": 0.5085995085995086,
                "f1-score": 0.5948275862068966,
                "support": 407.0
            },
            "accuracy": 0.859,
            "macro avg": {
                "precision": 0.7996861342948841,
                "recall": 0.7285621522909659,
                "f1-score": 0.7547382483092595,
                "support": 2000.0
            },
            "weighted avg": {
                "precision": 0.8491560672950722,
                "recall": 0.859,
                "f1-score": 0.8495652709359607,
                "support": 2000.0
            },
            "cross-entropy": 0.35669228893652016,
            "roc-auc": 0.8458196254806424,
            "score": 0.859
        }
    },
    "time": "0:00:24.764009",
    "chunk_size": null,
    "eval_batch_size": 32768,
    "heads": [
        28,
        12,
        15,
        19
    ],
    "head_selection_time": "0:00:01.349208"
}