{
    "function": "bin.qtabformerv2.main",
    "gpus": [
        "NVIDIA GeForce RTX 4090"
    ],
    "config": {
        "seed": 2,
        "batch_size": 1024,
        "patience": 16,
        "n_epochs": -1,
        "amp": true,
        "data": {
            "cache": true,
            "path": "data/ecom-offers",
            "num_policy": "noisy-quantile"
        },
        "optimizer": {
            "type": "AdamW",
            "lr": 9.496120043717906e-05,
            "weight_decay": 3.264666268574014e-06
        },
        "model": {
            "temperature": 0.15,
            "encoder_n_blocks": 1,
            "distance_metric": "cossim",
            "momentum": 0.999,
            "queue_ratio": 64,
            "d_main": 256,
            "d_multiplier": 2.0,
            "mixer_normalization": "auto",
            "dropout0": 0.0,
            "dropout1": 0.0,
            "normalization": "LayerNorm",
            "activation": "ReLU",
            "num_embeddings": {
                "type": "PeriodicEmbeddings",
                "n_frequencies": 56,
                "frequency_init_scale": 0.020325727231545278,
                "d_embedding": 42,
                "lite": true
            }
        }
    },
    "n_parameters": 1462348,
    "prediction_type": "probs",
    "epoch_size": 107,
    "best_step": 1498,
    "metrics": {
        "train": {
            "0": {
                "precision": 0.7971239990486007,
                "recall": 0.9554995901590658,
                "f1-score": 0.8691560002809551,
                "support": 84179.0
            },
            "1": {
                "precision": 0.5560033187151832,
                "recall": 0.1864319211509419,
                "f1-score": 0.2792345010268163,
                "support": 25162.0
            },
            "accuracy": 0.7785185794898528,
            "macro avg": {
                "precision": 0.676563658881892,
                "recall": 0.5709657556550038,
                "f1-score": 0.5741952506538857,
                "support": 109341.0
            },
            "weighted avg": {
                "precision": 0.7416363177712257,
                "recall": 0.7785185794898528,
                "f1-score": 0.7334008419759035,
                "support": 109341.0
            },
            "cross-entropy": 0.49280246740065353,
            "roc-auc": 0.7059301570983312,
            "score": 0.7059301570983312
        },
        "val": {
            "0": {
                "precision": 0.7018451727562595,
                "recall": 0.865253254285346,
                "f1-score": 0.77502958238333,
                "support": 15518.0
            },
            "1": {
                "precision": 0.5923976608187135,
                "recall": 0.34759235960196727,
                "f1-score": 0.4381172060837598,
                "support": 8743.0
            },
            "accuracy": 0.6787024442520918,
            "macro avg": {
                "precision": 0.6471214167874865,
                "recall": 0.6064228069436567,
                "f1-score": 0.606573394233545,
                "support": 24261.0
            },
            "weighted avg": {
                "precision": 0.6624032867305406,
                "recall": 0.6787024442520918,
                "f1-score": 0.6536155884841857,
                "support": 24261.0
            },
            "cross-entropy": 0.7363530248069525,
            "roc-auc": 0.6307288056063026,
            "score": 0.6307288056063026
        },
        "test": {
            "0": {
                "precision": 0.6787509923260122,
                "recall": 0.9094669660796596,
                "f1-score": 0.7773512476007677,
                "support": 16922.0
            },
            "1": {
                "precision": 0.5948161861941286,
                "recall": 0.23591733976712473,
                "f1-score": 0.3378398678083221,
                "support": 9533.0
            },
            "accuracy": 0.6667548667548667,
            "macro avg": {
                "precision": 0.6367835892600704,
                "recall": 0.5726921529233922,
                "f1-score": 0.5575955577045448,
                "support": 26455.0
            },
            "weighted avg": {
                "precision": 0.6485052729211646,
                "recall": 0.6667548667548667,
                "f1-score": 0.618974306245206,
                "support": 26455.0
            },
            "cross-entropy": 0.8058816042407949,
            "roc-auc": 0.5892189012487714,
            "score": 0.5892189012487714
        }
    },
    "time": "0:00:59.828454",
    "chunk_size": null,
    "eval_batch_size": 8192
}