{
    "function": "bin.model.main",
    "gpus": [
        "NVIDIA GeForce RTX 4090"
    ],
    "config": {
        "seed": 9,
        "batch_size": 128,
        "patience": 16,
        "n_epochs": -1,
        "amp": true,
        "data": {
            "cache": true,
            "path": "data/regression-num-medium-0-cpu_act",
            "num_policy": "noisy-quantile"
        },
        "optimizer": {
            "type": "AdamW",
            "lr": 0.00018163062035007248,
            "weight_decay": 2.0018309776762446e-05
        },
        "model": {
            "arch_type": "tabr-pln",
            "k": 32,
            "context_size": 96,
            "d_main": 245,
            "context_dropout": 0.0,
            "d_multiplier": 2.0,
            "encoder_n_blocks": 1,
            "predictor_n_blocks": 1,
            "mixer_normalization": "auto",
            "dropout0": 0.3507300700597178,
            "dropout1": 0.0,
            "normalization": "LayerNorm",
            "activation": "ReLU",
            "num_embeddings": {
                "type": "PeriodicEmbeddings",
                "n_frequencies": 89,
                "frequency_init_scale": 0.026156754909120453,
                "d_embedding": 24,
                "lite": true
            }
        }
    },
    "n_parameters": 929816,
    "prediction_type": "labels",
    "epoch_size": 45,
    "best_step": 2025,
    "metrics": {
        "train": {
            "rmse": 2.2789859772167502,
            "mae": 1.6550021171569824,
            "r2": 0.9844039204315447,
            "score": -2.2789859772167502
        },
        "val": {
            "rmse": 2.3273054895140466,
            "mae": 1.6617400646209717,
            "r2": 0.9840012764468906,
            "score": -2.3273054895140466
        },
        "test": {
            "rmse": 2.2885587482975347,
            "mae": 1.6565444469451904,
            "r2": 0.9853339162682212,
            "score": -2.2885587482975347
        }
    },
    "time": "0:00:46.971614",
    "chunk_size": null,
    "eval_batch_size": 32768,
    "heads": [
        17
    ],
    "head_selection_time": "0:00:00.028012"
}