{
    "function": "bin.qtabformerv3.main",
    "gpus": [
        "NVIDIA GeForce RTX 4090"
    ],
    "config": {
        "seed": 7,
        "batch_size": 1024,
        "patience": 16,
        "n_epochs": -1,
        "amp": true,
        "data": {
            "cache": true,
            "path": "data/ecom-offers",
            "num_policy": "noisy-quantile"
        },
        "optimizer": {
            "type": "AdamW",
            "lr": 0.0003382205301031478,
            "weight_decay": 5.559935601164899e-06
        },
        "model": {
            "use_key_as_value": true,
            "encoder_n_blocks": 1,
            "distance_metric": "cossim",
            "temperature": 0.1,
            "momentum": 0.999,
            "queue_ratio": 64,
            "d_main": 256,
            "d_multiplier": 2.0,
            "mixer_normalization": "auto",
            "dropout0": 0.0,
            "dropout1": 0.0,
            "normalization": "LayerNorm",
            "activation": "ReLU",
            "num_embeddings": {
                "type": "PeriodicEmbeddings",
                "n_frequencies": 72,
                "frequency_init_scale": 0.015501876190139546,
                "d_embedding": 46,
                "lite": true
            }
        }
    },
    "n_parameters": 1638224,
    "prediction_type": "probs",
    "epoch_size": 107,
    "best_step": 1177,
    "metrics": {
        "train": {
            "0": {
                "precision": 0.7805303065982198,
                "recall": 0.9843904061583055,
                "f1-score": 0.8706867566090867,
                "support": 84179.0
            },
            "1": {
                "precision": 0.586272040302267,
                "recall": 0.07400047690962562,
                "f1-score": 0.1314136495165502,
                "support": 25162.0
            },
            "accuracy": 0.7748877365306701,
            "macro avg": {
                "precision": 0.6834011734502434,
                "recall": 0.5291954415339656,
                "f1-score": 0.5010502030628184,
                "support": 109341.0
            },
            "weighted avg": {
                "precision": 0.7358267965101578,
                "recall": 0.7748877365306701,
                "f1-score": 0.7005621928986541,
                "support": 109341.0
            },
            "cross-entropy": 0.5106888243562577,
            "roc-auc": 0.6759998870937891,
            "score": 0.6759998870937891
        },
        "val": {
            "0": {
                "precision": 0.7010966452379667,
                "recall": 0.8363191132877948,
                "f1-score": 0.7627611742925152,
                "support": 15518.0
            },
            "1": {
                "precision": 0.5582608695652174,
                "recall": 0.36715086354798127,
                "f1-score": 0.4429724694680191,
                "support": 8743.0
            },
            "accuracy": 0.6672437244961048,
            "macro avg": {
                "precision": 0.6296787574015921,
                "recall": 0.6017349884178881,
                "f1-score": 0.6028668218802672,
                "support": 24261.0
            },
            "weighted avg": {
                "precision": 0.6496225433169063,
                "recall": 0.6672437244961048,
                "f1-score": 0.647518082652411,
                "support": 24261.0
            },
            "cross-entropy": 0.7446310965847933,
            "roc-auc": 0.6354285055647486,
            "score": 0.6354285055647486
        },
        "test": {
            "0": {
                "precision": 0.6747737556561086,
                "recall": 0.9164992317692944,
                "f1-score": 0.7772766000100235,
                "support": 16922.0
            },
            "1": {
                "precision": 0.5929127052722558,
                "recall": 0.21588167418441204,
                "f1-score": 0.3165179944632421,
                "support": 9533.0
            },
            "accuracy": 0.664033264033264,
            "macro avg": {
                "precision": 0.6338432304641822,
                "recall": 0.5661904529768532,
                "f1-score": 0.5468972972366328,
                "support": 26455.0
            },
            "weighted avg": {
                "precision": 0.6452753094905721,
                "recall": 0.664033264033264,
                "f1-score": 0.6112432684402836,
                "support": 26455.0
            },
            "cross-entropy": 0.828789509749906,
            "roc-auc": 0.5922102581775635,
            "score": 0.5922102581775635
        }
    },
    "time": "0:01:02.745483",
    "chunk_size": null,
    "eval_batch_size": 8192
}