{
    "function": "bin.model.main",
    "gpus": [
        "NVIDIA GeForce RTX 4090"
    ],
    "config": {
        "seed": 13,
        "batch_size": 256,
        "patience": 16,
        "n_epochs": -1,
        "gradient_clipping_norm": 1.0,
        "amp": true,
        "data": {
            "cache": true,
            "path": "data/house",
            "num_policy": "noisy-quantile"
        },
        "optimizer": {
            "type": "AdamW",
            "lr": 0.00019832799483991077,
            "weight_decay": 0.0
        },
        "model": {
            "arch_type": "moe-sparse",
            "backbone": {
                "k": 4,
                "n_blocks": 1,
                "d_block": 288,
                "dropout": 0.19206582917184953,
                "moe_ratio": 0.25,
                "num_experts": 4
            },
            "num_embeddings": {
                "type": "PiecewiseLinearEmbeddingsV2",
                "d_embedding": 28
            }
        },
        "bins": {
            "n_bins": 2
        }
    },
    "n_parameters": 297985,
    "prediction_type": "labels",
    "epoch_size": 57,
    "best_step": 5244,
    "metrics": {
        "train": {
            "rmse": 27673.849027556684,
            "mae": 14872.814453125,
            "r2": 0.7179770351144539,
            "score": -27673.849027556684
        },
        "val": {
            "rmse": 30347.271112902392,
            "mae": 15880.904296875,
            "r2": 0.6909520740017369,
            "score": -30347.271112902392
        },
        "test": {
            "rmse": 32358.849917758205,
            "mae": 16342.57421875,
            "r2": 0.6372946117678575,
            "score": -32358.849917758205
        }
    },
    "time": "0:01:09.185913",
    "chunk_size": null,
    "eval_batch_size": 32768
}