{
    "function": "bin.model.main",
    "gpus": [
        "NVIDIA GeForce RTX 4090"
    ],
    "config": {
        "seed": 3,
        "batch_size": 512,
        "patience": 16,
        "n_epochs": -1,
        "amp": true,
        "data": {
            "cache": true,
            "path": "data/regression-num-large-0-year",
            "num_policy": "noisy-quantile"
        },
        "optimizer": {
            "type": "AdamW",
            "lr": 6.615773537655015e-05,
            "weight_decay": 6.02346992551852e-05
        },
        "model": {
            "arch_type": "tabr",
            "k": 1,
            "context_size": 96,
            "d_main": 120,
            "context_dropout": 0.0,
            "d_multiplier": 2.0,
            "encoder_n_blocks": 1,
            "predictor_n_blocks": 1,
            "mixer_normalization": "auto",
            "dropout0": 0.3189171546036519,
            "dropout1": 0.0,
            "normalization": "LayerNorm",
            "activation": "ReLU",
            "num_embeddings": {
                "type": "PeriodicEmbeddings",
                "n_frequencies": 46,
                "frequency_init_scale": 0.040876477566318556,
                "d_embedding": 29,
                "lite": true
            }
        }
    },
    "n_parameters": 509518,
    "prediction_type": "labels",
    "epoch_size": 98,
    "best_step": 2156,
    "metrics": {
        "train": {
            "rmse": 8.628438955064208,
            "mae": 5.876361846923828,
            "r2": 0.38371035042760726,
            "score": -8.628438955064208
        },
        "val": {
            "rmse": 8.862210366664053,
            "mae": 6.073298454284668,
            "r2": 0.31963109414670177,
            "score": -8.862210366664053
        },
        "test": {
            "rmse": 8.942619084820253,
            "mae": 6.0812859535217285,
            "r2": 0.3266200852574388,
            "score": -8.942619084820253
        }
    },
    "time": "0:01:49.467721",
    "chunk_size": null,
    "eval_batch_size": 32768
}