{
    "function": "bin.model.main",
    "gpus": [
        "NVIDIA GeForce RTX 4090"
    ],
    "config": {
        "seed": 8,
        "batch_size": 32,
        "patience": 16,
        "n_epochs": -1,
        "amp": true,
        "data": {
            "cache": true,
            "path": "data/classif-num-medium-4-phoneme",
            "num_policy": "noisy-quantile"
        },
        "optimizer": {
            "type": "AdamW",
            "lr": 0.00021671466122389157,
            "weight_decay": 9.017429485229767e-06
        },
        "model": {
            "aux_loss_weight": 0.6900571386925769,
            "arch_type": "retransformer",
            "k": 1,
            "context_size": 96,
            "d_main": 105,
            "context_dropout": 0.0,
            "d_multiplier": 2.0,
            "encoder_n_blocks": 1,
            "predictor_n_blocks": 1,
            "mixer_normalization": "auto",
            "dropout0": 0.43392844489120386,
            "dropout1": 0.0,
            "normalization": "LayerNorm",
            "activation": "ReLU",
            "num_embeddings": {
                "type": "PeriodicEmbeddings",
                "n_frequencies": 44,
                "frequency_init_scale": 0.3537958508916443,
                "d_embedding": 37,
                "lite": true
            }
        }
    },
    "n_parameters": 213727,
    "prediction_type": "probs",
    "epoch_size": 70,
    "best_step": 1820,
    "metrics": {
        "train": {
            "0": {
                "precision": 0.9520795660036167,
                "recall": 0.9495040577096483,
                "f1-score": 0.9507900677200902,
                "support": 1109.0
            },
            "1": {
                "precision": 0.9497307001795332,
                "recall": 0.9522952295229523,
                "f1-score": 0.9510112359550561,
                "support": 1111.0
            },
            "accuracy": 0.9509009009009008,
            "macro avg": {
                "precision": 0.950905133091575,
                "recall": 0.9508996436163003,
                "f1-score": 0.9509006518375731,
                "support": 2220.0
            },
            "weighted avg": {
                "precision": 0.9509040750439064,
                "recall": 0.9509009009009008,
                "f1-score": 0.9509007514629043,
                "support": 2220.0
            },
            "cross-entropy": 0.11894614681662631,
            "roc-auc": 0.991630542675548,
            "score": 0.9509009009009008
        },
        "val": {
            "0": {
                "precision": 0.9565217391304348,
                "recall": 0.8859060402684564,
                "f1-score": 0.9198606271777003,
                "support": 149.0
            },
            "1": {
                "precision": 0.8843537414965986,
                "recall": 0.9558823529411765,
                "f1-score": 0.9187279151943463,
                "support": 136.0
            },
            "accuracy": 0.9192982456140351,
            "macro avg": {
                "precision": 0.9204377403135167,
                "recall": 0.9208941966048165,
                "f1-score": 0.9192942711860232,
                "support": 285.0
            },
            "weighted avg": {
                "precision": 0.922083677101657,
                "recall": 0.9192982456140351,
                "f1-score": 0.9193201049680997,
                "support": 285.0
            },
            "cross-entropy": 0.30569899740345546,
            "roc-auc": 0.9575848795894197,
            "score": 0.9192982456140351
        },
        "test": {
            "0": {
                "precision": 0.8730650154798761,
                "recall": 0.8597560975609756,
                "f1-score": 0.8663594470046082,
                "support": 328.0
            },
            "1": {
                "precision": 0.8662790697674418,
                "recall": 0.8790560471976401,
                "f1-score": 0.8726207906295753,
                "support": 339.0
            },
            "accuracy": 0.8695652173913043,
            "macro avg": {
                "precision": 0.869672042623659,
                "recall": 0.8694060723793078,
                "f1-score": 0.8694901188170918,
                "support": 667.0
            },
            "weighted avg": {
                "precision": 0.8696160865495685,
                "recall": 0.8695652173913043,
                "f1-score": 0.8695417490868628,
                "support": 667.0
            },
            "cross-entropy": 0.40224519582535573,
            "roc-auc": 0.9444249586301172,
            "score": 0.8695652173913043
        }
    },
    "time": "0:00:58.468356",
    "chunk_size": null,
    "eval_batch_size": 32768
}