{
    "function": "bin.ensemble.main",
    "config": {
        "seeds": [
            10,
            11,
            12,
            13,
            14
        ],
        "data": {
            "path": "data/sberbank-housing"
        }
    },
    "single_model_function": "bin.qreformer.main",
    "prediction_type": "labels",
    "metrics": {
        "train": {
            "rmse": 0.25046922934730814,
            "mae": 0.12816014885902405,
            "r2": 0.5992047249701739,
            "score": -0.25046922934730814
        },
        "val": {
            "rmse": 0.24259350953636258,
            "mae": 0.1337006539106369,
            "r2": 0.6068940708469838,
            "score": -0.24259350953636258
        },
        "test": {
            "rmse": 0.244885909255189,
            "mae": 0.15528373420238495,
            "r2": 0.5902044707282463,
            "score": -0.244885909255189
        }
    }
}