{
    "function": "bin.ensemble.main",
    "config": {
        "seeds": [
            0,
            1,
            2,
            3,
            4
        ],
        "data": {
            "path": "data/churn"
        }
    },
    "single_model_function": "bin.qtabformer.main",
    "prediction_type": "probs",
    "metrics": {
        "train": {
            "0": {
                "precision": 0.8925426774483378,
                "recall": 0.9746860282574569,
                "f1-score": 0.9318075227464591,
                "support": 5096.0
            },
            "1": {
                "precision": 0.8455089820359282,
                "recall": 0.5414110429447853,
                "f1-score": 0.6601215521271622,
                "support": 1304.0
            },
            "accuracy": 0.88640625,
            "macro avg": {
                "precision": 0.8690258297421329,
                "recall": 0.7580485356011211,
                "f1-score": 0.7959645374368106,
                "support": 6400.0
            },
            "weighted avg": {
                "precision": 0.8829595620080594,
                "recall": 0.88640625,
                "f1-score": 0.8764515062327773,
                "support": 6400.0
            },
            "cross-entropy": 0.27739932480516105,
            "roc-auc": 0.914991669154684,
            "score": 0.88640625
        },
        "val": {
            "0": {
                "precision": 0.8790896159317212,
                "recall": 0.9701726844583988,
                "f1-score": 0.9223880597014926,
                "support": 1274.0
            },
            "1": {
                "precision": 0.8041237113402062,
                "recall": 0.4785276073619632,
                "f1-score": 0.6,
                "support": 326.0
            },
            "accuracy": 0.87,
            "macro avg": {
                "precision": 0.8416066636359637,
                "recall": 0.724350145910181,
                "f1-score": 0.7611940298507462,
                "support": 1600.0
            },
            "weighted avg": {
                "precision": 0.8638153128712,
                "recall": 0.87,
                "f1-score": 0.8567014925373134,
                "support": 1600.0
            },
            "cross-entropy": 0.33405663473241304,
            "roc-auc": 0.8642505610077914,
            "score": 0.87
        },
        "test": {
            "0": {
                "precision": 0.8762769580022701,
                "recall": 0.9692404268675455,
                "f1-score": 0.9204172876304024,
                "support": 1593.0
            },
            "1": {
                "precision": 0.7941176470588235,
                "recall": 0.4643734643734644,
                "f1-score": 0.586046511627907,
                "support": 407.0
            },
            "accuracy": 0.8665,
            "macro avg": {
                "precision": 0.8351973025305468,
                "recall": 0.716806945620505,
                "f1-score": 0.7532318996291547,
                "support": 2000.0
            },
            "weighted avg": {
                "precision": 0.8595575382252788,
                "recall": 0.8665,
                "f1-score": 0.8523728347138946,
                "support": 2000.0
            },
            "cross-entropy": 0.34681539784595683,
            "roc-auc": 0.85317829385626,
            "score": 0.8665
        }
    }
}