{
    "function": "bin.ensemble.main",
    "config": {
        "seeds": [
            0,
            1,
            2,
            3,
            4
        ],
        "data": {
            "path": "data/regression-cat-medium-1-Brazilian_houses"
        }
    },
    "single_model_function": "bin.model.main",
    "prediction_type": "labels",
    "metrics": {
        "train": {
            "rmse": 0.09897261336675303,
            "mae": 0.0477505661547184,
            "r2": 0.98485093122666,
            "score": -0.09897261336675303
        },
        "val": {
            "rmse": 0.13259836071690898,
            "mae": 0.050019726157188416,
            "r2": 0.9716165467401536,
            "score": -0.13259836071690898
        },
        "test": {
            "rmse": 0.07239057075231682,
            "mae": 0.046324167400598526,
            "r2": 0.9914615142046157,
            "score": -0.07239057075231682
        }
    }
}