{
    "function": "bin.model.main",
    "gpus": [
        "NVIDIA GeForce RTX 4090"
    ],
    "config": {
        "seed": 0,
        "batch_size": 32,
        "patience": 16,
        "n_epochs": -1,
        "gradient_clipping_norm": 1.0,
        "amp": true,
        "data": {
            "cache": true,
            "path": "data/classif-num-medium-4-wine",
            "num_policy": "noisy-quantile"
        },
        "optimizer": {
            "type": "AdamW",
            "lr": 0.0002041738285230053,
            "weight_decay": 0.008861937758934662
        },
        "model": {
            "arch_type": "taba-moe",
            "k": 32,
            "share_training_batches": false,
            "backbone": {
                "type": "MLP",
                "n_blocks": 2,
                "d_block": 1024,
                "dropout": 0.0
            },
            "num_embeddings": {
                "type": "PiecewiseLinearEmbeddingsV2",
                "d_embedding": 12
            }
        },
        "bins": {
            "n_bins": 6
        }
    },
    "n_parameters": 1418332,
    "prediction_type": "probs",
    "epoch_size": 56,
    "best_step": 1120,
    "metrics": {
        "train": {
            "0": {
                "precision": 0.8691099476439791,
                "recall": 0.9232480533926585,
                "f1-score": 0.895361380798274,
                "support": 899.0
            },
            "1": {
                "precision": 0.9170673076923077,
                "recall": 0.8592342342342343,
                "f1-score": 0.8872093023255814,
                "support": 888.0
            },
            "accuracy": 0.8914381645215445,
            "macro avg": {
                "precision": 0.8930886276681433,
                "recall": 0.8912411438134464,
                "f1-score": 0.8912853415619277,
                "support": 1787.0
            },
            "weighted avg": {
                "precision": 0.8929410252729192,
                "recall": 0.8914381645215445,
                "f1-score": 0.8913104318985812,
                "support": 1787.0
            },
            "cross-entropy": 0.2363785623610548,
            "roc-auc": 0.9697555592299753,
            "score": 0.8914381645215445
        },
        "val": {
            "0": {
                "precision": 0.8429752066115702,
                "recall": 0.8429752066115702,
                "f1-score": 0.8429752066115702,
                "support": 121.0
            },
            "1": {
                "precision": 0.8256880733944955,
                "recall": 0.8256880733944955,
                "f1-score": 0.8256880733944955,
                "support": 109.0
            },
            "accuracy": 0.8347826086956521,
            "macro avg": {
                "precision": 0.8343316400030328,
                "recall": 0.8343316400030328,
                "f1-score": 0.8343316400030328,
                "support": 230.0
            },
            "weighted avg": {
                "precision": 0.8347826086956521,
                "recall": 0.8347826086956521,
                "f1-score": 0.8347826086956521,
                "support": 230.0
            },
            "cross-entropy": 0.5690882278115061,
            "roc-auc": 0.8640912881947077,
            "score": 0.8347826086956521
        },
        "test": {
            "0": {
                "precision": 0.7660377358490567,
                "recall": 0.7898832684824902,
                "f1-score": 0.7777777777777779,
                "support": 257.0
            },
            "1": {
                "precision": 0.8014705882352942,
                "recall": 0.7785714285714286,
                "f1-score": 0.7898550724637681,
                "support": 280.0
            },
            "accuracy": 0.7839851024208566,
            "macro avg": {
                "precision": 0.7837541620421754,
                "recall": 0.7842273485269594,
                "f1-score": 0.783816425120773,
                "support": 537.0
            },
            "weighted avg": {
                "precision": 0.7845129661435567,
                "recall": 0.7839851024208566,
                "f1-score": 0.784075063647568,
                "support": 537.0
            },
            "cross-entropy": 0.5390443639428131,
            "roc-auc": 0.8608463035019455,
            "score": 0.7839851024208566
        }
    },
    "time": "0:00:17.314834",
    "chunk_size": null,
    "eval_batch_size": 32768,
    "heads": [
        20
    ],
    "head_selection_time": "0:00:00.184016"
}