{
    "function": "bin.model.main",
    "gpus": [
        "NVIDIA GeForce RTX 4090"
    ],
    "config": {
        "seed": 6,
        "batch_size": 256,
        "patience": 16,
        "n_epochs": -1,
        "gradient_clipping_norm": 1.0,
        "amp": true,
        "data": {
            "cache": true,
            "path": "data/regression-num-medium-2-Ailerons",
            "num_policy": "noisy-quantile"
        },
        "optimizer": {
            "type": "AdamW",
            "lr": 7.982224979115409e-05,
            "weight_decay": 0.0
        },
        "model": {
            "arch_type": "tabrmv2",
            "sample_rate": 0.4648950841281867,
            "k": 80,
            "backbone": {
                "n_blocks": 2,
                "d_block": 448,
                "dropout": 0.0
            },
            "num_embeddings": {
                "type": "PeriodicEmbeddings",
                "n_frequencies": 56,
                "d_embedding": 20,
                "frequency_init_scale": 0.09250741418918576,
                "lite": false
            }
        }
    },
    "n_parameters": 2884124,
    "prediction_type": "labels",
    "epoch_size": 38,
    "best_step": 1102,
    "metrics": {
        "train": {
            "rmse": 0.00016247226893566693,
            "mae": 0.00011959685070905834,
            "r2": 0.8426275153384999,
            "score": -0.00016247226893566693
        },
        "val": {
            "rmse": 0.00016103772527454186,
            "mae": 0.00011999376147286966,
            "r2": 0.8175394072122755,
            "score": -0.00016103772527454186
        },
        "test": {
            "rmse": 0.00016403398042150915,
            "mae": 0.00012118098675273359,
            "r2": 0.8433797565790209,
            "score": -0.00016403398042150915
        }
    },
    "time": "0:00:33.813078",
    "chunk_size": null,
    "eval_batch_size": 32768,
    "heads": [
        30,
        64,
        75,
        66,
        69,
        22
    ],
    "head_selection_time": "0:00:00.318853"
}