{
    "function": "bin.model.main",
    "gpus": [
        "NVIDIA GeForce RTX 4090"
    ],
    "config": {
        "seed": 12,
        "batch_size": 256,
        "patience": 16,
        "n_epochs": -1,
        "gradient_clipping_norm": 1.0,
        "amp": true,
        "data": {
            "cache": true,
            "path": "data/sberbank-housing",
            "num_policy": "noisy-quantile",
            "cat_policy": "ordinal"
        },
        "optimizer": {
            "type": "AdamW",
            "lr": 4.0007863200687915e-05,
            "weight_decay": 0.0
        },
        "model": {
            "arch_type": "tabrmv3",
            "sample_rate": 0.41476163626332785,
            "k": 32,
            "backbone": {
                "ensemble_type": "mini",
                "context_size": 32,
                "n_blocks": 1,
                "d_block": 720,
                "dropout": 0.09047343813523749
            },
            "num_embeddings": {
                "type": "PeriodicEmbeddings",
                "n_frequencies": 24,
                "d_embedding": 16,
                "frequency_init_scale": 2.639461865974056,
                "lite": false
            }
        }
    },
    "n_parameters": 7286152,
    "prediction_type": "labels",
    "epoch_size": 74,
    "best_step": 3700,
    "metrics": {
        "train": {
            "rmse": 0.269240346740836,
            "mae": 0.1460416465997696,
            "r2": 0.5368793780868865,
            "score": -0.269240346740836
        },
        "val": {
            "rmse": 0.2500981346879499,
            "mae": 0.1448880285024643,
            "r2": 0.5821964272160535,
            "score": -0.2500981346879499
        },
        "test": {
            "rmse": 0.27816341059902594,
            "mae": 0.1975414752960205,
            "r2": 0.4712631124713935,
            "score": -0.27816341059902594
        }
    },
    "time": "0:07:59.608096",
    "chunk_size": null,
    "eval_batch_size": 32768,
    "heads": [
        0
    ],
    "head_selection_time": "0:00:00.019773"
}