{
    "function": "bin.model.main",
    "gpus": [
        "NVIDIA GeForce RTX 4090"
    ],
    "config": {
        "seed": 10,
        "batch_size": 32,
        "patience": 16,
        "n_epochs": -1,
        "amp": true,
        "data": {
            "cache": true,
            "path": "data/classif-num-medium-3-phoneme",
            "num_policy": "noisy-quantile"
        },
        "optimizer": {
            "type": "AdamW",
            "lr": 0.00023164913230846828,
            "weight_decay": 0.0
        },
        "model": {
            "arch_type": "tabr-pln",
            "k": 32,
            "context_size": 96,
            "d_main": 148,
            "context_dropout": 0.5624631919776238,
            "d_multiplier": 2.0,
            "encoder_n_blocks": 1,
            "predictor_n_blocks": 1,
            "mixer_normalization": "auto",
            "dropout0": 0.0,
            "dropout1": 0.0,
            "normalization": "LayerNorm",
            "activation": "ReLU",
            "num_embeddings": {
                "type": "PeriodicEmbeddings",
                "n_frequencies": 49,
                "frequency_init_scale": 0.4364104553251908,
                "d_embedding": 17,
                "lite": true
            }
        }
    },
    "n_parameters": 311398,
    "prediction_type": "probs",
    "epoch_size": 70,
    "best_step": 350,
    "metrics": {
        "train": {
            "0": {
                "precision": 0.9041218637992832,
                "recall": 0.881993006993007,
                "f1-score": 0.8929203539823007,
                "support": 1144.0
            },
            "1": {
                "precision": 0.8777173913043478,
                "recall": 0.9005576208178439,
                "f1-score": 0.8889908256880734,
                "support": 1076.0
            },
            "accuracy": 0.890990990990991,
            "macro avg": {
                "precision": 0.8909196275518154,
                "recall": 0.8912753139054255,
                "f1-score": 0.8909555898351871,
                "support": 2220.0
            },
            "weighted avg": {
                "precision": 0.89132402037381,
                "recall": 0.890990990990991,
                "f1-score": 0.8910157718000536,
                "support": 2220.0
            },
            "cross-entropy": 0.2784422767457371,
            "roc-auc": 0.9564594327605479,
            "score": 0.890990990990991
        },
        "val": {
            "0": {
                "precision": 0.8880597014925373,
                "recall": 0.9015151515151515,
                "f1-score": 0.894736842105263,
                "support": 132.0
            },
            "1": {
                "precision": 0.9139072847682119,
                "recall": 0.9019607843137255,
                "f1-score": 0.9078947368421052,
                "support": 153.0
            },
            "accuracy": 0.9017543859649123,
            "macro avg": {
                "precision": 0.9009834931303746,
                "recall": 0.9017379679144385,
                "f1-score": 0.9013157894736841,
                "support": 285.0
            },
            "weighted avg": {
                "precision": 0.9019357725142152,
                "recall": 0.9017543859649123,
                "f1-score": 0.9018005540166204,
                "support": 285.0
            },
            "cross-entropy": 0.30009670825763546,
            "roc-auc": 0.951574569221628,
            "score": 0.9017543859649123
        },
        "test": {
            "0": {
                "precision": 0.8636363636363636,
                "recall": 0.8580645161290322,
                "f1-score": 0.8608414239482202,
                "support": 310.0
            },
            "1": {
                "precision": 0.8774373259052924,
                "recall": 0.8823529411764706,
                "f1-score": 0.8798882681564245,
                "support": 357.0
            },
            "accuracy": 0.8710644677661169,
            "macro avg": {
                "precision": 0.870536844770828,
                "recall": 0.8702087286527513,
                "f1-score": 0.8703648460523223,
                "support": 667.0
            },
            "weighted avg": {
                "precision": 0.871023085570408,
                "recall": 0.8710644677661169,
                "f1-score": 0.8710359117777989,
                "support": 667.0
            },
            "cross-entropy": 0.34025784168143,
            "roc-auc": 0.9277401283093883,
            "score": 0.8710644677661169
        }
    },
    "time": "0:00:23.231141",
    "chunk_size": null,
    "eval_batch_size": 32768
}