{
    "function": "bin.model.main",
    "gpus": [
        "NVIDIA GeForce RTX 4090"
    ],
    "config": {
        "seed": 13,
        "batch_size": 256,
        "patience": 16,
        "n_epochs": -1,
        "gradient_clipping_norm": 1.0,
        "amp": true,
        "data": {
            "cache": true,
            "path": "data/house",
            "num_policy": "noisy-quantile"
        },
        "optimizer": {
            "type": "AdamW",
            "lr": 0.0010395786306883709,
            "weight_decay": 0.0012063414870778929
        },
        "model": {
            "arch_type": "tabrmv2",
            "sample_rate": 0.06098117078400163,
            "k": 128,
            "backbone": {
                "n_blocks": 2,
                "d_block": 240,
                "dropout": 0.29986210295290955
            },
            "num_embeddings": {
                "type": "PeriodicEmbeddings",
                "n_frequencies": 20,
                "d_embedding": 20,
                "frequency_init_scale": 0.01848889817640868,
                "lite": false
            }
        }
    },
    "n_parameters": 1098128,
    "prediction_type": "labels",
    "epoch_size": 57,
    "best_step": 3021,
    "metrics": {
        "train": {
            "rmse": 23947.566723990978,
            "mae": 13635.43359375,
            "r2": 0.78881252091603,
            "score": -23947.566723990978
        },
        "val": {
            "rmse": 28361.24228590842,
            "mae": 15218.7724609375,
            "r2": 0.7300787831251481,
            "score": -28361.24228590842
        },
        "test": {
            "rmse": 31892.816495254854,
            "mae": 15908.5751953125,
            "r2": 0.6476667793267736,
            "score": -31892.816495254854
        }
    },
    "time": "0:01:10.339490",
    "chunk_size": null,
    "eval_batch_size": 32768,
    "heads": [
        1
    ],
    "head_selection_time": "0:00:00.191797"
}