{
    "function": "bin.model.main",
    "gpus": [
        "NVIDIA GeForce RTX 4090"
    ],
    "config": {
        "seed": 10,
        "batch_size": 32,
        "patience": 16,
        "n_epochs": -1,
        "amp": true,
        "data": {
            "cache": true,
            "path": "data/classif-num-medium-4-wine",
            "num_policy": "noisy-quantile"
        },
        "optimizer": {
            "type": "AdamW",
            "lr": 0.000402990738781719,
            "weight_decay": 8.602266687452145e-05
        },
        "model": {
            "arch_type": "tabr-pln",
            "k": 32,
            "context_size": 96,
            "d_main": 75,
            "context_dropout": 0.0,
            "d_multiplier": 2.0,
            "encoder_n_blocks": 1,
            "predictor_n_blocks": 1,
            "mixer_normalization": "auto",
            "dropout0": 0.2833453892250124,
            "dropout1": 0.0,
            "normalization": "LayerNorm",
            "activation": "ReLU",
            "num_embeddings": {
                "type": "PeriodicEmbeddings",
                "n_frequencies": 63,
                "frequency_init_scale": 0.012578786068056732,
                "d_embedding": 41,
                "lite": true
            }
        }
    },
    "n_parameters": 119002,
    "prediction_type": "probs",
    "epoch_size": 56,
    "best_step": 1960,
    "metrics": {
        "train": {
            "0": {
                "precision": 0.8504672897196262,
                "recall": 0.8097886540600667,
                "f1-score": 0.8296296296296296,
                "support": 899.0
            },
            "1": {
                "precision": 0.8163265306122449,
                "recall": 0.8558558558558559,
                "f1-score": 0.8356239692138537,
                "support": 888.0
            },
            "accuracy": 0.8326804700615557,
            "macro avg": {
                "precision": 0.8333969101659355,
                "recall": 0.8328222549579614,
                "f1-score": 0.8326267994217417,
                "support": 1787.0
            },
            "weighted avg": {
                "precision": 0.8335019880479112,
                "recall": 0.8326804700615557,
                "f1-score": 0.8326083501393056,
                "support": 1787.0
            },
            "cross-entropy": 0.34526835420291596,
            "roc-auc": 0.9249441321187705,
            "score": 0.8326804700615557
        },
        "val": {
            "0": {
                "precision": 0.8558558558558559,
                "recall": 0.7851239669421488,
                "f1-score": 0.8189655172413794,
                "support": 121.0
            },
            "1": {
                "precision": 0.7815126050420168,
                "recall": 0.8532110091743119,
                "f1-score": 0.8157894736842106,
                "support": 109.0
            },
            "accuracy": 0.8173913043478261,
            "macro avg": {
                "precision": 0.8186842304489363,
                "recall": 0.8191674880582304,
                "f1-score": 0.817377495462795,
                "support": 230.0
            },
            "weighted avg": {
                "precision": 0.8206236196006017,
                "recall": 0.8173913043478261,
                "f1-score": 0.8174603487729821,
                "support": 230.0
            },
            "cross-entropy": 0.40825406634854927,
            "roc-auc": 0.895898096898931,
            "score": 0.8173913043478261
        },
        "test": {
            "0": {
                "precision": 0.788,
                "recall": 0.7665369649805448,
                "f1-score": 0.777120315581854,
                "support": 257.0
            },
            "1": {
                "precision": 0.7909407665505227,
                "recall": 0.8107142857142857,
                "f1-score": 0.800705467372134,
                "support": 280.0
            },
            "accuracy": 0.7895716945996276,
            "macro avg": {
                "precision": 0.7894703832752614,
                "recall": 0.7886256253474153,
                "f1-score": 0.7889128914769941,
                "support": 537.0
            },
            "weighted avg": {
                "precision": 0.7895333605850025,
                "recall": 0.7895716945996276,
                "f1-score": 0.789417973871013,
                "support": 537.0
            },
            "cross-entropy": 0.45159939974325414,
            "roc-auc": 0.8720400222345748,
            "score": 0.7895716945996276
        }
    },
    "time": "0:00:46.149378",
    "chunk_size": null,
    "eval_batch_size": 32768,
    "heads": [
        1
    ],
    "head_selection_time": "0:00:00.188957"
}