{
    "function": "bin.qtab.main",
    "gpus": [
        "NVIDIA GeForce RTX 4090"
    ],
    "config": {
        "seed": 10,
        "batch_size": 256,
        "patience": 16,
        "n_epochs": -1,
        "amp": true,
        "data": {
            "cache": true,
            "path": "data/churn",
            "num_policy": "noisy-quantile",
            "cat_policy": "ordinal"
        },
        "optimizer": {
            "type": "AdamW",
            "lr": 0.0001992523738045563,
            "weight_decay": 5.4619015533826185e-06
        },
        "model": {
            "encoder_n_blocks": 1,
            "temperature": 0.01,
            "momentum": 0.999,
            "queue_ratio": 64,
            "d_main": 128,
            "d_multiplier": 2.0,
            "mixer_normalization": "auto",
            "dropout0": 0.17362026020825974,
            "dropout1": 0.0,
            "normalization": "LayerNorm",
            "activation": "ReLU",
            "num_embeddings": {
                "type": "PeriodicEmbeddings",
                "n_frequencies": 70,
                "frequency_init_scale": 0.08067435629251486,
                "d_embedding": 39,
                "lite": true
            }
        }
    },
    "n_parameters": 108389,
    "prediction_type": "probs",
    "epoch_size": 25,
    "best_step": 575,
    "metrics": {
        "train": {
            "0": {
                "precision": 0.8732267911653798,
                "recall": 0.9542778649921507,
                "f1-score": 0.9119549929676513,
                "support": 5096.0
            },
            "1": {
                "precision": 0.7196149217809867,
                "recall": 0.45858895705521474,
                "f1-score": 0.5601873536299765,
                "support": 1304.0
            },
            "accuracy": 0.85328125,
            "macro avg": {
                "precision": 0.7964208564731833,
                "recall": 0.7064334110236827,
                "f1-score": 0.7360711732988139,
                "support": 6400.0
            },
            "weighted avg": {
                "precision": 0.8419283727783096,
                "recall": 0.85328125,
                "f1-score": 0.8402823364526,
                "support": 6400.0
            },
            "cross-entropy": 2.2852910850156136,
            "roc-auc": 0.7165725584122277,
            "score": 0.85328125
        },
        "val": {
            "0": {
                "precision": 0.8650568181818182,
                "recall": 0.9560439560439561,
                "f1-score": 0.9082774049217003,
                "support": 1274.0
            },
            "1": {
                "precision": 0.7083333333333334,
                "recall": 0.4171779141104294,
                "f1-score": 0.5250965250965252,
                "support": 326.0
            },
            "accuracy": 0.84625,
            "macro avg": {
                "precision": 0.7866950757575758,
                "recall": 0.6866109350771927,
                "f1-score": 0.7166869650091128,
                "support": 1600.0
            },
            "weighted avg": {
                "precision": 0.8331244081439395,
                "recall": 0.84625,
                "f1-score": 0.8302043006573209,
                "support": 1600.0
            },
            "cross-entropy": 2.4329223744061625,
            "roc-auc": 0.6910195413701111,
            "score": 0.84625
        },
        "test": {
            "0": {
                "precision": 0.8605442176870748,
                "recall": 0.9529190207156308,
                "f1-score": 0.90437890974084,
                "support": 1593.0
            },
            "1": {
                "precision": 0.6822033898305084,
                "recall": 0.3955773955773956,
                "f1-score": 0.5007776049766719,
                "support": 407.0
            },
            "accuracy": 0.8395,
            "macro avg": {
                "precision": 0.7713738037587916,
                "recall": 0.6742482081465132,
                "f1-score": 0.702578257358756,
                "support": 2000.0
            },
            "weighted avg": {
                "precision": 0.8242518592182635,
                "recall": 0.8395,
                "f1-score": 0.8222460442213317,
                "support": 2000.0
            },
            "cross-entropy": 2.4339752440291114,
            "roc-auc": 0.6908001992747755,
            "score": 0.8395
        }
    },
    "time": "0:00:12.472562",
    "chunk_size": null,
    "eval_batch_size": 32768
}