{
    "function": "bin.reformer.main",
    "gpus": [
        "NVIDIA GeForce RTX 4090"
    ],
    "config": {
        "seed": 4,
        "batch_size": 1024,
        "patience": 16,
        "n_epochs": -1,
        "amp": true,
        "data": {
            "cache": true,
            "path": "data/ecom-offers",
            "num_policy": "noisy-quantile"
        },
        "optimizer": {
            "type": "AdamW",
            "lr": 0.00031153463513382485,
            "weight_decay": 3.7915098265376816e-06
        },
        "model": {
            "predictor_n_blocks": 3,
            "k": 32,
            "context_size": 32,
            "encoder_n_blocks": 1,
            "predictor_type": "mqa",
            "use_adapter": true,
            "num_heads": 4,
            "momentum": 0.999,
            "use_aux_loss": false,
            "multi_output_head": false,
            "queue_ratio": 64,
            "arch_type": "retransformer",
            "d_main": 128,
            "d_multiplier": 2.0,
            "mixer_normalization": "auto",
            "dropout0": 0.0,
            "dropout1": 0.0,
            "normalization": "LayerNorm",
            "activation": "ReLU",
            "num_embeddings": {
                "type": "PeriodicEmbeddings",
                "n_frequencies": 83,
                "frequency_init_scale": 0.010441957103804479,
                "d_embedding": 49,
                "lite": true
            }
        }
    },
    "n_parameters": 1064625,
    "prediction_type": "probs",
    "epoch_size": 107,
    "best_step": 321,
    "metrics": {
        "train": {
            "0": {
                "precision": 0.7807560658784264,
                "recall": 0.978201214079521,
                "f1-score": 0.8683969079231832,
                "support": 84179.0
            },
            "1": {
                "precision": 0.5263293753226639,
                "recall": 0.0810348938876083,
                "f1-score": 0.1404463424714148,
                "support": 25162.0
            },
            "accuracy": 0.7717416156793884,
            "macro avg": {
                "precision": 0.6535427206005451,
                "recall": 0.5296180539835647,
                "f1-score": 0.504421625197299,
                "support": 109341.0
            },
            "weighted avg": {
                "precision": 0.7222063508788921,
                "recall": 0.7717416156793884,
                "f1-score": 0.7008779339985127,
                "support": 109341.0
            },
            "cross-entropy": 0.5069646542985606,
            "roc-auc": 0.6754245173771968,
            "score": 0.6754245173771968
        },
        "val": {
            "0": {
                "precision": 0.6723110693007213,
                "recall": 0.9671349400695965,
                "f1-score": 0.7932137099970931,
                "support": 15518.0
            },
            "1": {
                "precision": 0.7368421052631579,
                "recall": 0.1633306645316253,
                "f1-score": 0.26739069375526636,
                "support": 8743.0
            },
            "accuracy": 0.6774658917604386,
            "macro avg": {
                "precision": 0.7045765872819396,
                "recall": 0.5652328023006109,
                "f1-score": 0.5303022018761797,
                "support": 24261.0
            },
            "weighted avg": {
                "precision": 0.6955662874458753,
                "recall": 0.6774658917604386,
                "f1-score": 0.6037214948780836,
                "support": 24261.0
            },
            "cross-entropy": 0.7059620437461502,
            "roc-auc": 0.6113276827342603,
            "score": 0.6113276827342603
        },
        "test": {
            "0": {
                "precision": 0.6564864438839849,
                "recall": 0.9844581018792105,
                "f1-score": 0.7876968178164453,
                "support": 16922.0
            },
            "1": {
                "precision": 0.7562557924003707,
                "recall": 0.08559739851043743,
                "f1-score": 0.15378816434225406,
                "support": 9533.0
            },
            "accuracy": 0.6605556605556605,
            "macro avg": {
                "precision": 0.7063711181421778,
                "recall": 0.535027750194824,
                "f1-score": 0.4707424910793497,
                "support": 26455.0
            },
            "weighted avg": {
                "precision": 0.6924381051732197,
                "recall": 0.6605556605556605,
                "f1-score": 0.559269254271956,
                "support": 26455.0
            },
            "cross-entropy": 0.784421201969829,
            "roc-auc": 0.57712924020992,
            "score": 0.57712924020992
        }
    },
    "time": "0:01:07.825617",
    "chunk_size": null,
    "eval_batch_size": 32768,
    "heads": [
        10,
        16,
        26,
        8,
        20
    ],
    "head_selection_time": "0:00:08.044629"
}