{
    "function": "bin.model.main",
    "gpus": [
        "NVIDIA GeForce RTX 4090"
    ],
    "config": {
        "seed": 12,
        "batch_size": 64,
        "patience": 16,
        "n_epochs": -1,
        "gradient_clipping_norm": 1.0,
        "amp": true,
        "data": {
            "cache": true,
            "path": "data/classif-num-medium-0-kdd_ipums_la_97-small",
            "num_policy": "noisy-quantile"
        },
        "optimizer": {
            "type": "AdamW",
            "lr": 0.0008423829208901981,
            "weight_decay": 0.04064459946321458
        },
        "model": {
            "arch_type": "tabrmv2",
            "sample_rate": 0.34732729857014055,
            "k": 96,
            "backbone": {
                "n_blocks": 5,
                "d_block": 272,
                "dropout": 0.0
            },
            "num_embeddings": {
                "type": "PeriodicEmbeddings",
                "n_frequencies": 32,
                "d_embedding": 24,
                "frequency_init_scale": 0.0627303840105741,
                "lite": false
            }
        }
    },
    "n_parameters": 2679952,
    "prediction_type": "probs",
    "epoch_size": 57,
    "best_step": 57,
    "metrics": {
        "train": {
            "0": {
                "precision": 0.9482543640897756,
                "recall": 0.8311475409836065,
                "f1-score": 0.8858474082702389,
                "support": 1830.0
            },
            "1": {
                "precision": 0.8475579674395659,
                "recall": 0.9539144919489173,
                "f1-score": 0.8975966562173459,
                "support": 1801.0
            },
            "accuracy": 0.8920407601211787,
            "macro avg": {
                "precision": 0.8979061657646707,
                "recall": 0.8925310164662619,
                "f1-score": 0.8917220322437924,
                "support": 3631.0
            },
            "weighted avg": {
                "precision": 0.8983082857733262,
                "recall": 0.8920407601211787,
                "f1-score": 0.8916751129115882,
                "support": 3631.0
            },
            "cross-entropy": 0.26175656977024647,
            "roc-auc": 0.9502893049702199,
            "score": 0.8920407601211787
        },
        "val": {
            "0": {
                "precision": 0.9497716894977168,
                "recall": 0.859504132231405,
                "f1-score": 0.9023861171366594,
                "support": 242.0
            },
            "1": {
                "precision": 0.8629032258064516,
                "recall": 0.9511111111111111,
                "f1-score": 0.904862579281184,
                "support": 225.0
            },
            "accuracy": 0.9036402569593148,
            "macro avg": {
                "precision": 0.9063374576520842,
                "recall": 0.9053076216712581,
                "f1-score": 0.9036243482089217,
                "support": 467.0
            },
            "weighted avg": {
                "precision": 0.9079185752995698,
                "recall": 0.9036402569593148,
                "f1-score": 0.9035792734161413,
                "support": 467.0
            },
            "cross-entropy": 0.2543955051918104,
            "roc-auc": 0.9543434343434344,
            "score": 0.9036402569593148
        },
        "test": {
            "0": {
                "precision": 0.9042553191489362,
                "recall": 0.814176245210728,
                "f1-score": 0.8568548387096774,
                "support": 522.0
            },
            "1": {
                "precision": 0.8435483870967742,
                "recall": 0.920774647887324,
                "f1-score": 0.8804713804713804,
                "support": 568.0
            },
            "accuracy": 0.8697247706422019,
            "macro avg": {
                "precision": 0.8739018531228552,
                "recall": 0.867475446549026,
                "f1-score": 0.8686631095905288,
                "support": 1090.0
            },
            "weighted avg": {
                "precision": 0.8726208811621216,
                "recall": 0.8697247706422019,
                "f1-score": 0.8691614402882528,
                "support": 1090.0
            },
            "cross-entropy": 0.2842624637305868,
            "roc-auc": 0.9440397172305867,
            "score": 0.8697247706422019
        }
    },
    "time": "0:00:19.332368",
    "chunk_size": null,
    "eval_batch_size": 32768
}