{
    "function": "bin.model.main",
    "gpus": [
        "NVIDIA GeForce RTX 4090"
    ],
    "config": {
        "seed": 9,
        "batch_size": 256,
        "patience": 16,
        "n_epochs": -1,
        "gradient_clipping_norm": 1.0,
        "amp": true,
        "data": {
            "cache": true,
            "path": "data/churn",
            "num_policy": "noisy-quantile",
            "cat_policy": "ordinal"
        },
        "optimizer": {
            "type": "AdamW",
            "lr": 0.0001977798388993038,
            "weight_decay": 0.0
        },
        "model": {
            "arch_type": "tabrmv3",
            "sample_rate": 0.4894851963403368,
            "k": 4,
            "backbone": {
                "ensemble_type": "shared-mlp",
                "context_shuffle": true,
                "context_size": 64,
                "num_experts": 12,
                "moe_ratio": 1.0,
                "n_blocks": 3,
                "d_block": 208,
                "dropout": 0.0
            },
            "num_embeddings": {
                "type": "PeriodicEmbeddings",
                "n_frequencies": 84,
                "d_embedding": 32,
                "frequency_init_scale": 0.06777644845260324,
                "lite": false
            }
        }
    },
    "n_parameters": 524548,
    "prediction_type": "probs",
    "epoch_size": 25,
    "best_step": 400,
    "metrics": {
        "train": {
            "0": {
                "precision": 0.8454015099519561,
                "recall": 0.9668367346938775,
                "f1-score": 0.9020505309410473,
                "support": 5096.0
            },
            "1": {
                "precision": 0.7045454545454546,
                "recall": 0.3090490797546012,
                "f1-score": 0.429637526652452,
                "support": 1304.0
            },
            "accuracy": 0.8328125,
            "macro avg": {
                "precision": 0.7749734822487053,
                "recall": 0.6379429072242394,
                "f1-score": 0.6658440287967496,
                "support": 6400.0
            },
            "weighted avg": {
                "precision": 0.8167020886628813,
                "recall": 0.8328125,
                "f1-score": 0.805796381317246,
                "support": 6400.0
            },
            "cross-entropy": 0.3909544217841645,
            "roc-auc": 0.814907457791989,
            "score": 0.8328125
        },
        "val": {
            "0": {
                "precision": 0.852233676975945,
                "recall": 0.9733124018838305,
                "f1-score": 0.9087577867350678,
                "support": 1274.0
            },
            "1": {
                "precision": 0.7655172413793103,
                "recall": 0.34049079754601225,
                "f1-score": 0.47133757961783435,
                "support": 326.0
            },
            "accuracy": 0.844375,
            "macro avg": {
                "precision": 0.8088754591776277,
                "recall": 0.6569015997149213,
                "f1-score": 0.690047683176451,
                "support": 1600.0
            },
            "weighted avg": {
                "precision": 0.8345652032231307,
                "recall": 0.844375,
                "f1-score": 0.8196334195349314,
                "support": 1600.0
            },
            "cross-entropy": 0.38911074981728005,
            "roc-auc": 0.8105527251013666,
            "score": 0.844375
        },
        "test": {
            "0": {
                "precision": 0.8457300275482094,
                "recall": 0.9635907093534212,
                "f1-score": 0.9008215962441315,
                "support": 1593.0
            },
            "1": {
                "precision": 0.6864864864864865,
                "recall": 0.31203931203931207,
                "f1-score": 0.4290540540540541,
                "support": 407.0
            },
            "accuracy": 0.831,
            "macro avg": {
                "precision": 0.7661082570173479,
                "recall": 0.6378150106963666,
                "f1-score": 0.6649378251490928,
                "support": 2000.0
            },
            "weighted avg": {
                "precision": 0.8133239669421487,
                "recall": 0.831,
                "f1-score": 0.8048169014084506,
                "support": 2000.0
            },
            "cross-entropy": 0.39550532457034115,
            "roc-auc": 0.8084039355225795,
            "score": 0.831
        }
    },
    "time": "0:00:20.162587",
    "chunk_size": null,
    "eval_batch_size": 32768,
    "heads": [
        0,
        3
    ],
    "head_selection_time": "0:00:00.121576"
}