{
    "function": "bin.model.main",
    "gpus": [
        "NVIDIA GeForce RTX 4090"
    ],
    "config": {
        "seed": 10,
        "batch_size": 256,
        "patience": 16,
        "n_epochs": -1,
        "gradient_clipping_norm": 1.0,
        "amp": true,
        "data": {
            "cache": true,
            "path": "data/adult",
            "num_policy": "noisy-quantile",
            "cat_policy": "ordinal"
        },
        "optimizer": {
            "type": "AdamW",
            "lr": 0.0017863752378139426,
            "weight_decay": 0.00036283198239000586
        },
        "model": {
            "arch_type": "tabm-mini",
            "k": 32,
            "share_training_batches": false,
            "backbone": {
                "type": "MLP",
                "n_blocks": 3,
                "d_block": 752,
                "dropout": 0.3667708294272814
            },
            "num_embeddings": {
                "type": "PiecewiseLinearEmbeddingsV2",
                "d_embedding": 32
            }
        },
        "bins": {
            "n_bins": 109
        }
    },
    "n_parameters": 1433072,
    "prediction_type": "probs",
    "epoch_size": 102,
    "best_step": 1734,
    "metrics": {
        "train": {
            "0": {
                "precision": 0.911104690359241,
                "recall": 0.956763590391909,
                "f1-score": 0.9333760884043314,
                "support": 19775.0
            },
            "1": {
                "precision": 0.8381294964028777,
                "recall": 0.705722939582337,
                "f1-score": 0.766248377325833,
                "support": 6273.0
            },
            "accuracy": 0.8963068181818182,
            "macro avg": {
                "precision": 0.8746170933810593,
                "recall": 0.831243264987123,
                "f1-score": 0.8498122328650821,
                "support": 26048.0
            },
            "weighted avg": {
                "precision": 0.8935304661697344,
                "recall": 0.8963068181818182,
                "f1-score": 0.8931276189788314,
                "support": 26048.0
            },
            "cross-entropy": 0.23248250542280569,
            "roc-auc": 0.9543475328112396,
            "score": 0.8963068181818182
        },
        "val": {
            "0": {
                "precision": 0.8956054500095951,
                "recall": 0.9437815975733064,
                "f1-score": 0.9190626230799528,
                "support": 4945.0
            },
            "1": {
                "precision": 0.7864823348694316,
                "recall": 0.6530612244897959,
                "f1-score": 0.713588850174216,
                "support": 1568.0
            },
            "accuracy": 0.8737908797789037,
            "macro avg": {
                "precision": 0.8410438924395134,
                "recall": 0.7984214110315511,
                "f1-score": 0.8163257366270844,
                "support": 6513.0
            },
            "weighted avg": {
                "precision": 0.8693341396242464,
                "recall": 0.8737908797789037,
                "f1-score": 0.8695949621070993,
                "support": 6513.0
            },
            "cross-entropy": 0.280209287542597,
            "roc-auc": 0.9273049462454344,
            "score": 0.8737908797789037
        },
        "test": {
            "0": {
                "precision": 0.8951310861423221,
                "recall": 0.9417772416566144,
                "f1-score": 0.9178619014029312,
                "support": 12435.0
            },
            "1": {
                "precision": 0.7736085053158224,
                "recall": 0.6432657306292252,
                "f1-score": 0.7024417944349802,
                "support": 3846.0
            },
            "accuracy": 0.8712609790553406,
            "macro avg": {
                "precision": 0.8343697957290722,
                "recall": 0.7925214861429197,
                "f1-score": 0.8101518479189558,
                "support": 16281.0
            },
            "weighted avg": {
                "precision": 0.866424259420455,
                "recall": 0.8712609790553406,
                "f1-score": 0.8669740117524958,
                "support": 16281.0
            },
            "cross-entropy": 0.2844391239112703,
            "roc-auc": 0.9230312131664999,
            "score": 0.8712609790553406
        }
    },
    "time": "0:00:36.543365",
    "chunk_size": null,
    "eval_batch_size": 32768,
    "heads": [
        17,
        1,
        3,
        12,
        20,
        15,
        11,
        10,
        3,
        14,
        13,
        11
    ],
    "head_selection_time": "0:00:06.139533"
}