{
    "function": "bin.qtabformerv2.main",
    "gpus": [
        "NVIDIA GeForce RTX 4090"
    ],
    "config": {
        "seed": 13,
        "batch_size": 1024,
        "patience": 16,
        "n_epochs": -1,
        "amp": true,
        "data": {
            "cache": true,
            "path": "data/ecom-offers",
            "num_policy": "noisy-quantile"
        },
        "optimizer": {
            "type": "AdamW",
            "lr": 0.000413983125535675,
            "weight_decay": 4.18950611782639e-06
        },
        "model": {
            "use_mlp_head": true,
            "encoder_n_blocks": 1,
            "distance_metric": "cossim",
            "temperature": 0.1,
            "momentum": 0.999,
            "queue_ratio": 64,
            "d_main": 128,
            "d_multiplier": 2.0,
            "mixer_normalization": "auto",
            "dropout0": 0.0,
            "dropout1": 0.0,
            "normalization": "LayerNorm",
            "activation": "ReLU",
            "num_embeddings": {
                "type": "PeriodicEmbeddings",
                "n_frequencies": 88,
                "frequency_init_scale": 0.010402799736092884,
                "d_embedding": 58,
                "lite": true
            }
        }
    },
    "n_parameters": 892892,
    "prediction_type": "probs",
    "epoch_size": 107,
    "best_step": 963,
    "metrics": {
        "train": {
            "0": {
                "precision": 0.7702027595798412,
                "recall": 0.9999762411052637,
                "f1-score": 0.8701769257408086,
                "support": 84179.0
            },
            "1": {
                "precision": 0.9591836734693877,
                "recall": 0.0018678960337016135,
                "f1-score": 0.0037285311966998532,
                "support": 25162.0
            },
            "accuracy": 0.7702874493556854,
            "macro avg": {
                "precision": 0.8646932165246144,
                "recall": 0.5009220685694826,
                "f1-score": 0.4369527284687542,
                "support": 109341.0
            },
            "weighted avg": {
                "precision": 0.8136918236572575,
                "recall": 0.7702874493556854,
                "f1-score": 0.6707862625539083,
                "support": 109341.0
            },
            "cross-entropy": 0.599145200370626,
            "roc-auc": 0.6398514378747219,
            "score": 0.6398514378747219
        },
        "val": {
            "0": {
                "precision": 0.6433973240255962,
                "recall": 0.9978089960046398,
                "f1-score": 0.782336297493937,
                "support": 15518.0
            },
            "1": {
                "precision": 0.8256410256410256,
                "recall": 0.018414731785428344,
                "f1-score": 0.03602595658984113,
                "support": 8743.0
            },
            "accuracy": 0.6448621243971807,
            "macro avg": {
                "precision": 0.7345191748333109,
                "recall": 0.508111863895034,
                "f1-score": 0.409181127041889,
                "support": 24261.0
            },
            "weighted avg": {
                "precision": 0.7090729632500181,
                "recall": 0.6448621243971807,
                "f1-score": 0.5133864887257695,
                "support": 24261.0
            },
            "cross-entropy": 0.8296964737308014,
            "roc-auc": 0.6405226403426795,
            "score": 0.6405226403426795
        },
        "test": {
            "0": {
                "precision": 0.6402619029596548,
                "recall": 0.9997045266516961,
                "f1-score": 0.7805924695459578,
                "support": 16922.0
            },
            "1": {
                "precision": 0.8484848484848485,
                "recall": 0.0029371656351620686,
                "f1-score": 0.00585406648546937,
                "support": 9533.0
            },
            "accuracy": 0.6405216405216405,
            "macro avg": {
                "precision": 0.7443733757222517,
                "recall": 0.5013208461434291,
                "f1-score": 0.3932232680157136,
                "support": 26455.0
            },
            "weighted avg": {
                "precision": 0.7152945750326721,
                "recall": 0.6405216405216405,
                "f1-score": 0.5014172211477104,
                "support": 26455.0
            },
            "cross-entropy": 0.9290569698012101,
            "roc-auc": 0.6002336877108366,
            "score": 0.6002336877108366
        }
    },
    "time": "0:00:51.312417",
    "chunk_size": null,
    "eval_batch_size": 8192
}