{
    "function": "bin.ensemble.main",
    "config": {
        "seeds": [
            5,
            6,
            7,
            8,
            9
        ],
        "data": {
            "path": "data/classif-num-medium-0-MagicTelescope"
        }
    },
    "single_model_function": "bin.model.main",
    "prediction_type": "probs",
    "metrics": {
        "train": {
            "0": {
                "precision": 0.8603788322593243,
                "recall": 0.9346627068307171,
                "f1-score": 0.8959837315709201,
                "support": 4714.0
            },
            "1": {
                "precision": 0.9273927392739274,
                "recall": 0.8462034846203484,
                "f1-score": 0.8849398267911371,
                "support": 4649.0
            },
            "accuracy": 0.8907401473886575,
            "macro avg": {
                "precision": 0.8938857857666258,
                "recall": 0.8904330957255328,
                "f1-score": 0.8904617791810286,
                "support": 9363.0
            },
            "weighted avg": {
                "precision": 0.8936531731448194,
                "recall": 0.8907401473886575,
                "f1-score": 0.8905001137858928,
                "support": 9363.0
            },
            "cross-entropy": 0.2577873866583619,
            "roc-auc": 0.9579630721539651,
            "score": 0.8907401473886575
        },
        "val": {
            "0": {
                "precision": 0.848966613672496,
                "recall": 0.919104991394148,
                "f1-score": 0.8826446280991735,
                "support": 581.0
            },
            "1": {
                "precision": 0.9181184668989547,
                "recall": 0.8472668810289389,
                "f1-score": 0.8812709030100334,
                "support": 622.0
            },
            "accuracy": 0.8819617622610141,
            "macro avg": {
                "precision": 0.8835425402857253,
                "recall": 0.8831859362115435,
                "f1-score": 0.8819577655546035,
                "support": 1203.0
            },
            "weighted avg": {
                "precision": 0.884720938449601,
                "recall": 0.8819617622610141,
                "f1-score": 0.8819343562741984,
                "support": 1203.0
            },
            "cross-entropy": 0.2926843430536869,
            "roc-auc": 0.9445240770154574,
            "score": 0.8819617622610141
        },
        "test": {
            "0": {
                "precision": 0.8287581699346406,
                "recall": 0.9102656137832017,
                "f1-score": 0.8676017789941841,
                "support": 1393.0
            },
            "1": {
                "precision": 0.90234375,
                "recall": 0.8151023288637967,
                "f1-score": 0.8565072302558399,
                "support": 1417.0
            },
            "accuracy": 0.8622775800711744,
            "macro avg": {
                "precision": 0.8655509599673203,
                "recall": 0.8626839713234993,
                "f1-score": 0.862054504625012,
                "support": 2810.0
            },
            "weighted avg": {
                "precision": 0.8658652044373503,
                "recall": 0.8622775800711744,
                "f1-score": 0.8620071257691898,
                "support": 2810.0
            },
            "cross-entropy": 0.3284329829236625,
            "roc-auc": 0.9324690799496017,
            "score": 0.8622775800711744
        }
    }
}