{
    "function": "bin.ensemble.main",
    "config": {
        "seeds": [
            0,
            1,
            2,
            3,
            4
        ],
        "data": {
            "path": "data/sberbank-housing"
        }
    },
    "single_model_function": "bin.qreformer.main",
    "prediction_type": "labels",
    "metrics": {
        "train": {
            "rmse": 0.2536416362177597,
            "mae": 0.12691830098628998,
            "r2": 0.588987622169231,
            "score": -0.2536416362177597
        },
        "val": {
            "rmse": 0.24260416643599406,
            "mae": 0.13274507224559784,
            "r2": 0.6068595200239981,
            "score": -0.24260416643599406
        },
        "test": {
            "rmse": 0.24493525314906606,
            "mae": 0.15394945442676544,
            "r2": 0.5900393548226794,
            "score": -0.24493525314906606
        }
    }
}